[0.172s] Invoking command in '/workspace/build/rplidar_ros': CMAKE_PREFIX_PATH=/opt/ros/humble /usr/bin/cmake /workspace/modubot_ws/src/rplidar_ros -DAMENT_CMAKE_SYMLINK_INSTALL=1 -DCMAKE_INSTALL_PREFIX=/workspace/install/rplidar_ros
[0.391s] -- The C compiler identification is GNU 11.4.0
[0.605s] -- The CXX compiler identification is GNU 11.4.0
[0.629s] -- Detecting C compiler ABI info
[0.872s] -- Detecting C compiler ABI info - done
[0.907s] -- Check for working C compiler: /usr/bin/cc - skipped
[0.907s] -- Detecting C compile features
[0.908s] -- Detecting C compile features - done
[0.919s] -- Detecting CXX compiler ABI info
[1.198s] -- Detecting CXX compiler ABI info - done
[1.236s] -- Check for working CXX compiler: /usr/bin/c++ - skipped
[1.241s] -- Detecting CXX compile features
[1.242s] -- Detecting CXX compile features - done
[1.388s] -- Found ament_cmake: 1.3.12 (/opt/ros/humble/share/ament_cmake/cmake)
[1.945s] -- Found Python3: /usr/bin/python3 (found version "3.10.12") found components: Interpreter 
[2.239s] -- Override CMake install command with custom implementation using symlinks instead of copying resources
[2.389s] -- Found rclcpp: 16.0.17 (/opt/ros/humble/share/rclcpp/cmake)
[2.684s] -- Found rosidl_generator_c: 3.1.8 (/opt/ros/humble/share/rosidl_generator_c/cmake)
[2.718s] -- Found rosidl_adapter: 3.1.8 (/opt/ros/humble/share/rosidl_adapter/cmake)
[2.778s] -- Found rosidl_generator_cpp: 3.1.8 (/opt/ros/humble/share/rosidl_generator_cpp/cmake)
[2.861s] -- Using all available rosidl_typesupport_c: rosidl_typesupport_fastrtps_c;rosidl_typesupport_introspection_c
[2.963s] -- Using all available rosidl_typesupport_cpp: rosidl_typesupport_fastrtps_cpp;rosidl_typesupport_introspection_cpp
[3.260s] -- Found rmw_implementation_cmake: 6.1.2 (/opt/ros/humble/share/rmw_implementation_cmake/cmake)
[3.278s] -- Found rmw_fastrtps_cpp: 6.2.9 (/opt/ros/humble/share/rmw_fastrtps_cpp/cmake)
[3.721s] -- Found OpenSSL: /usr/lib/aarch64-linux-gnu/libcrypto.so (found version "3.0.2")  
[3.848s] -- Found FastRTPS: /opt/ros/humble/include  
[4.048s] -- Using RMW implementation 'rmw_fastrtps_cpp' as default
[4.102s] -- Looking for pthread.h
[4.382s] -- Looking for pthread.h - found
[4.383s] -- Performing Test CMAKE_HAVE_LIBC_PTHREAD
[4.625s] -- Performing Test CMAKE_HAVE_LIBC_PTHREAD - Success
[4.630s] -- Found Threads: TRUE  
[4.983s] -- Found sensor_msgs: 4.9.0 (/opt/ros/humble/share/sensor_msgs/cmake)
[5.169s] -- Found std_srvs: 4.9.0 (/opt/ros/humble/share/std_srvs/cmake)
[5.531s] -- Configuring done
[5.615s] -- Generating done
[5.643s] -- Build files have been written to: /workspace/build/rplidar_ros
[5.677s] Invoked command in '/workspace/build/rplidar_ros' returned '0': CMAKE_PREFIX_PATH=/opt/ros/humble /usr/bin/cmake /workspace/modubot_ws/src/rplidar_ros -DAMENT_CMAKE_SYMLINK_INSTALL=1 -DCMAKE_INSTALL_PREFIX=/workspace/install/rplidar_ros
[5.681s] Invoking command in '/workspace/build/rplidar_ros': CMAKE_PREFIX_PATH=/opt/ros/humble /usr/bin/cmake --build /workspace/build/rplidar_ros -- -j4 -l4
[5.836s] [  7%] [32mBuilding CXX object CMakeFiles/rplidar_node.dir/sdk/src/arch/linux/net_serial.cpp.o[0m
[5.839s] [  7%] [32mBuilding CXX object CMakeFiles/rplidar_node.dir/src/rplidar_node.cpp.o[0m
[5.839s] [  7%] [32mBuilding CXX object CMakeFiles/rplidar_client.dir/src/rplidar_client.cpp.o[0m
[5.840s] [ 10%] [32mBuilding CXX object CMakeFiles/rplidar_composition.dir/src/rplidar_node.cpp.o[0m
[8.755s] [01m[K/workspace/modubot_ws/src/rplidar_ros/sdk/src/arch/linux/net_serial.cpp:[m[K In member function ‘[01m[Kbool rp::arch::net::raw_serial::open(const char*, uint32_t, uint32_t)[m[K’:
[8.756s] [01m[K/workspace/modubot_ws/src/rplidar_ros/sdk/src/arch/linux/net_serial.cpp:97:74:[m[K [01;35m[Kwarning: [m[Kunused parameter ‘[01m[Kflags[m[K’ [[01;35m[K-Wunused-parameter[m[K]
[8.757s]    97 | bool raw_serial::open(const char * portname, uint32_t baudrate, [01;35m[Kuint32_t flags[m[K)
[8.757s]       |                                                                 [01;35m[K~~~~~~~~~^~~~~[m[K
[8.760s] [01m[K/workspace/modubot_ws/src/rplidar_ros/sdk/src/arch/linux/net_serial.cpp:[m[K In member function ‘[01m[Kvirtual void rp::arch::net::raw_serial::flush(_u32)[m[K’:
[8.760s] [01m[K/workspace/modubot_ws/src/rplidar_ros/sdk/src/arch/linux/net_serial.cpp:281:30:[m[K [01;35m[Kwarning: [m[Kunused parameter ‘[01m[Kflags[m[K’ [[01;35m[K-Wunused-parameter[m[K]
[8.760s]   281 | void raw_serial::flush( [01;35m[K_u32 flags[m[K)
[8.761s]       |                         [01;35m[K~~~~~^~~~~[m[K
[8.762s] [01m[K/workspace/modubot_ws/src/rplidar_ros/sdk/src/arch/linux/net_serial.cpp:[m[K In member function ‘[01m[Kvirtual int rp::arch::net::raw_serial::waitforsent(_u32, size_t*)[m[K’:
[8.762s] [01m[K/workspace/modubot_ws/src/rplidar_ros/sdk/src/arch/linux/net_serial.cpp:286:34:[m[K [01;35m[Kwarning: [m[Kunused parameter ‘[01m[Ktimeout[m[K’ [[01;35m[K-Wunused-parameter[m[K]
[8.763s]   286 | int raw_serial::waitforsent([01;35m[K_u32 timeout[m[K, size_t * returned_size)
[8.763s]       |                             [01;35m[K~~~~~^~~~~~~[m[K
[8.764s] [01m[K/workspace/modubot_ws/src/rplidar_ros/sdk/src/arch/linux/net_serial.cpp:[m[K In member function ‘[01m[Kvirtual int rp::arch::net::raw_serial::waitforrecv(_u32, size_t*)[m[K’:
[8.764s] [01m[K/workspace/modubot_ws/src/rplidar_ros/sdk/src/arch/linux/net_serial.cpp:292:34:[m[K [01;35m[Kwarning: [m[Kunused parameter ‘[01m[Ktimeout[m[K’ [[01;35m[K-Wunused-parameter[m[K]
[8.765s]   292 | int raw_serial::waitforrecv([01;35m[K_u32 timeout[m[K, size_t * returned_size)
[8.765s]       |                             [01;35m[K~~~~~^~~~~~~[m[K
[8.766s] [01m[K/workspace/modubot_ws/src/rplidar_ros/sdk/src/arch/linux/net_serial.cpp:[m[K In member function ‘[01m[Kvirtual void rp::arch::net::raw_serial::cancelOperation()[m[K’:
[8.767s] [01m[K/workspace/modubot_ws/src/rplidar_ros/sdk/src/arch/linux/net_serial.cpp:427:5:[m[K [01;35m[Kwarning: [m[Kvalue computed is not used [[01;35m[K-Wunused-value[m[K]
[8.767s]   427 |     [01;35m[K(int)::write(_selfpipe[1], "x", 1)[m[K;
[8.768s]       |     [01;35m[K^~~~~~~~~~~~~~~~~~~~~~~~~~~~~~~~~~[m[K
[9.671s] [ 13%] [32mBuilding CXX object CMakeFiles/rplidar_node.dir/sdk/src/arch/linux/net_socket.cpp.o[0m
[12.211s] In file included from [01m[K/workspace/modubot_ws/src/rplidar_ros/sdk/include/rplidar_protocol.h:36[m[K,
[12.212s]                  from [01m[K/workspace/modubot_ws/src/rplidar_ros/sdk/include/rplidar.h:39[m[K,
[12.213s]                  from [01m[K/workspace/modubot_ws/src/rplidar_ros/sdk/src/sdkcommon.h:49[m[K,
[12.214s]                  from [01m[K/workspace/modubot_ws/src/rplidar_ros/sdk/src/arch/linux/net_socket.cpp:10[m[K:
[12.214s] [01m[K/workspace/modubot_ws/src/rplidar_ros/sdk/include/sl_lidar_protocol.h:66:16:[m[K [01;35m[Kwarning: [m[KISO C++ forbids zero-size array ‘[01m[Kdata[m[K’ [[01;35m[K-Wpedantic[m[K]
[12.215s]    66 |     sl_u8 data[[01;35m[K0[m[K];
[12.216s]       |                [01;35m[K^[m[K
[12.220s] In file included from [01m[K/workspace/modubot_ws/src/rplidar_ros/sdk/include/rplidar_cmd.h:36[m[K,
[12.221s]                  from [01m[K/workspace/modubot_ws/src/rplidar_ros/sdk/include/rplidar.h:40[m[K,
[12.222s]                  from [01m[K/workspace/modubot_ws/src/rplidar_ros/sdk/src/sdkcommon.h:49[m[K,
[12.223s]                  from [01m[K/workspace/modubot_ws/src/rplidar_ros/sdk/src/arch/linux/net_socket.cpp:10[m[K:
[12.224s] [01m[K/workspace/modubot_ws/src/rplidar_ros/sdk/include/sl_lidar_cmd.h:324:20:[m[K [01;35m[Kwarning: [m[KISO C++ forbids zero-size array ‘[01m[Kpayload[m[K’ [[01;35m[K-Wpedantic[m[K]
[12.224s]   324 |     sl_u8  payload[[01;35m[K0[m[K];
[12.225s]       |                    [01;35m[K^[m[K
[12.511s] In file included from [01m[K/workspace/modubot_ws/src/rplidar_ros/sdk/src/arch/linux/arch_linux.h:42[m[K,
[12.512s]                  from [01m[K/workspace/modubot_ws/src/rplidar_ros/sdk/src/sdkcommon.h:41[m[K,
[12.512s]                  from [01m[K/workspace/modubot_ws/src/rplidar_ros/sdk/src/arch/linux/net_socket.cpp:10[m[K:
[12.513s] [01m[K/workspace/modubot_ws/src/rplidar_ros/sdk/src/arch/linux/net_socket.cpp:[m[K In member function ‘[01m[Kvirtual u_result rp::arch::net::DGramSocketImpl::sendTo(const rp::net::SocketAddress*, const void*, size_t)[m[K’:
[12.513s] [01m[K/workspace/modubot_ws/src/rplidar_ros/sdk/src/arch/linux/net_socket.cpp:733:24:[m[K [01;35m[Kwarning: [m[Kcomparison of integer expressions of different signedness: ‘[01m[Kint[m[K’ and ‘[01m[Ksize_t[m[K’ {aka ‘[01m[Klong unsigned int[m[K’} [[01;35m[K-Wsign-compare[m[K]
[12.514s]   733 |             assert([01;35m[Kans == len[m[K);
[12.514s]       |                    [01;35m[K~~~~^~~~~~[m[K
[13.587s] [ 15%] [32mBuilding CXX object CMakeFiles/rplidar_node.dir/sdk/src/arch/linux/timer.cpp.o[0m
[15.731s] [ 18%] [32mBuilding CXX object CMakeFiles/rplidar_node.dir/sdk/src/dataunpacker/dataunpacker.cpp.o[0m
[18.336s] In file included from [01m[K/workspace/modubot_ws/src/rplidar_ros/sdk/include/rplidar_protocol.h:36[m[K,
[18.341s]                  from [01m[K/workspace/modubot_ws/src/rplidar_ros/sdk/include/rplidar.h:39[m[K,
[18.342s]                  from [01m[K/workspace/modubot_ws/src/rplidar_ros/sdk/src/sdkcommon.h:49[m[K,
[18.342s]                  from [01m[K/workspace/modubot_ws/src/rplidar_ros/sdk/src/dataunpacker/dataunnpacker_commondef.h:41[m[K,
[18.343s]                  from [01m[K/workspace/modubot_ws/src/rplidar_ros/sdk/src/dataunpacker/dataunpacker.cpp:39[m[K:
[18.343s] [01m[K/workspace/modubot_ws/src/rplidar_ros/sdk/include/sl_lidar_protocol.h:66:16:[m[K [01;35m[Kwarning: [m[KISO C++ forbids zero-size array ‘[01m[Kdata[m[K’ [[01;35m[K-Wpedantic[m[K]
[18.344s]    66 |     sl_u8 data[[01;35m[K0[m[K];
[18.345s]       |                [01;35m[K^[m[K
[18.345s] In file included from [01m[K/workspace/modubot_ws/src/rplidar_ros/sdk/include/rplidar_cmd.h:36[m[K,
[18.346s]                  from [01m[K/workspace/modubot_ws/src/rplidar_ros/sdk/include/rplidar.h:40[m[K,
[18.346s]                  from [01m[K/workspace/modubot_ws/src/rplidar_ros/sdk/src/sdkcommon.h:49[m[K,
[18.346s]                  from [01m[K/workspace/modubot_ws/src/rplidar_ros/sdk/src/dataunpacker/dataunnpacker_commondef.h:41[m[K,
[18.347s]                  from [01m[K/workspace/modubot_ws/src/rplidar_ros/sdk/src/dataunpacker/dataunpacker.cpp:39[m[K:
[18.348s] [01m[K/workspace/modubot_ws/src/rplidar_ros/sdk/include/sl_lidar_cmd.h:324:20:[m[K [01;35m[Kwarning: [m[KISO C++ forbids zero-size array ‘[01m[Kpayload[m[K’ [[01;35m[K-Wpedantic[m[K]
[18.349s]   324 |     sl_u8  payload[[01;35m[K0[m[K];
[18.350s]       |                    [01;35m[K^[m[K
[19.470s] In file included from [01m[K/workspace/modubot_ws/src/rplidar_ros/sdk/src/dataunpacker/dataunpacker.cpp:40[m[K:
[19.471s] [01m[K/workspace/modubot_ws/src/rplidar_ros/sdk/src/dataunpacker/dataunpacker.h:[m[K In member function ‘[01m[Kvirtual void sl::internal::LIDARSampleDataListener::onCustomSampleDataDecoded(_u8, _u32, const void*, size_t)[m[K’:
[19.472s] [01m[K/workspace/modubot_ws/src/rplidar_ros/sdk/src/dataunpacker/dataunpacker.h:54:52:[m[K [01;35m[Kwarning: [m[Kunused parameter ‘[01m[KansType[m[K’ [[01;35m[K-Wunused-parameter[m[K]
[19.472s]    54 |         virtual void onCustomSampleDataDecoded([01;35m[K_u8 ansType[m[K, _u32 customCode, const void* data, size_t size) {}
[19.473s]       |                                                [01;35m[K~~~~^~~~~~~[m[K
[19.474s] [01m[K/workspace/modubot_ws/src/rplidar_ros/sdk/src/dataunpacker/dataunpacker.h:54:66:[m[K [01;35m[Kwarning: [m[Kunused parameter ‘[01m[KcustomCode[m[K’ [[01;35m[K-Wunused-parameter[m[K]
[19.475s]    54 |         virtual void onCustomSampleDataDecoded(_u8 ansType, [01;35m[K_u32 customCode[m[K, const void* data, size_t size) {}
[19.476s]       |                                                             [01;35m[K~~~~~^~~~~~~~~~[m[K
[19.477s] [01m[K/workspace/modubot_ws/src/rplidar_ros/sdk/src/dataunpacker/dataunpacker.h:54:90:[m[K [01;35m[Kwarning: [m[Kunused parameter ‘[01m[Kdata[m[K’ [[01;35m[K-Wunused-parameter[m[K]
[19.478s]    54 |         virtual void onCustomSampleDataDecoded(_u8 ansType, _u32 customCode, [01;35m[Kconst void* data[m[K, size_t size) {}
[19.478s]       |                                                                              [01;35m[K~~~~~~~~~~~~^~~~[m[K
[19.479s] [01m[K/workspace/modubot_ws/src/rplidar_ros/sdk/src/dataunpacker/dataunpacker.h:54:103:[m[K [01;35m[Kwarning: [m[Kunused parameter ‘[01m[Ksize[m[K’ [[01;35m[K-Wunused-parameter[m[K]
[19.480s]    54 |         virtual void onCustomSampleDataDecoded(_u8 ansType, _u32 customCode, const void* data, [01;35m[Ksize_t size[m[K) {}
[19.481s]       |                                                                                                [01;35m[K~~~~~~~^~~~[m[K
[19.482s] [01m[K/workspace/modubot_ws/src/rplidar_ros/sdk/src/dataunpacker/dataunpacker.h:[m[K In member function ‘[01m[Kvirtual void sl::internal::LIDARSampleDataListener::onDecodingError(int, _u8, const void*, size_t)[m[K’:
[19.483s] [01m[K/workspace/modubot_ws/src/rplidar_ros/sdk/src/dataunpacker/dataunpacker.h:56:42:[m[K [01;35m[Kwarning: [m[Kunused parameter ‘[01m[KerrMsg[m[K’ [[01;35m[K-Wunused-parameter[m[K]
[19.483s]    56 |         virtual void onDecodingError([01;35m[Kint errMsg[m[K, _u8 ansType, const void* payload, size_t size) {}
[19.484s]       |                                      [01;35m[K~~~~^~~~~~[m[K
[19.487s] [01m[K/workspace/modubot_ws/src/rplidar_ros/sdk/src/dataunpacker/dataunpacker.h:56:54:[m[K [01;35m[Kwarning: [m[Kunused parameter ‘[01m[KansType[m[K’ [[01;35m[K-Wunused-parameter[m[K]
[19.487s]    56 |         virtual void onDecodingError(int errMsg, [01;35m[K_u8 ansType[m[K, const void* payload, size_t size) {}
[19.488s]       |                                                  [01;35m[K~~~~^~~~~~~[m[K
[19.488s] [01m[K/workspace/modubot_ws/src/rplidar_ros/sdk/src/dataunpacker/dataunpacker.h:56:75:[m[K [01;35m[Kwarning: [m[Kunused parameter ‘[01m[Kpayload[m[K’ [[01;35m[K-Wunused-parameter[m[K]
[19.489s]    56 |         virtual void onDecodingError(int errMsg, _u8 ansType, [01;35m[Kconst void* payload[m[K, size_t size) {}
[19.489s]       |                                                               [01;35m[K~~~~~~~~~~~~^~~~~~~[m[K
[19.490s] [01m[K/workspace/modubot_ws/src/rplidar_ros/sdk/src/dataunpacker/dataunpacker.h:56:91:[m[K [01;35m[Kwarning: [m[Kunused parameter ‘[01m[Ksize[m[K’ [[01;35m[K-Wunused-parameter[m[K]
[19.490s]    56 |         virtual void onDecodingError(int errMsg, _u8 ansType, const void* payload, [01;35m[Ksize_t size[m[K) {}
[19.491s]       |                                                                                    [01;35m[K~~~~~~~^~~~[m[K
[19.529s] In file included from [01m[K/workspace/modubot_ws/src/rplidar_ros/sdk/include/sl_lidar_cmd.h:41[m[K,
[19.530s]                  from [01m[K/workspace/modubot_ws/src/rplidar_ros/sdk/include/sl_lidar_driver.h:54[m[K,
[19.530s]                  from [01m[K/workspace/modubot_ws/src/rplidar_ros/sdk/include/sl_lidar.h:36[m[K,
[19.531s]                  from [01m[K/workspace/modubot_ws/src/rplidar_ros/src/rplidar_node.cpp:38[m[K:
[19.531s] [01m[K/workspace/modubot_ws/src/rplidar_ros/sdk/include/sl_lidar_protocol.h:66:16:[m[K [01;35m[Kwarning: [m[KISO C++ forbids zero-size array ‘[01m[Kdata[m[K’ [[01;35m[K-Wpedantic[m[K]
[19.532s]    66 |     sl_u8 data[[01;35m[K0[m[K];
[19.532s]       |                [01;35m[K^[m[K
[19.532s] In file included from [01m[K/workspace/modubot_ws/src/rplidar_ros/sdk/include/sl_lidar_driver.h:54[m[K,
[19.533s]                  from [01m[K/workspace/modubot_ws/src/rplidar_ros/sdk/include/sl_lidar.h:36[m[K,
[19.533s]                  from [01m[K/workspace/modubot_ws/src/rplidar_ros/src/rplidar_node.cpp:38[m[K:
[19.534s] [01m[K/workspace/modubot_ws/src/rplidar_ros/sdk/include/sl_lidar_cmd.h:324:20:[m[K [01;35m[Kwarning: [m[KISO C++ forbids zero-size array ‘[01m[Kpayload[m[K’ [[01;35m[K-Wpedantic[m[K]
[19.535s]   324 |     sl_u8  payload[[01;35m[K0[m[K];
[19.535s]       |                    [01;35m[K^[m[K
[19.924s] In file included from [01m[K/workspace/modubot_ws/src/rplidar_ros/sdk/include/sl_lidar_cmd.h:41[m[K,
[19.924s]                  from [01m[K/workspace/modubot_ws/src/rplidar_ros/sdk/include/sl_lidar_driver.h:54[m[K,
[19.925s]                  from [01m[K/workspace/modubot_ws/src/rplidar_ros/sdk/include/sl_lidar.h:36[m[K,
[19.926s]                  from [01m[K/workspace/modubot_ws/src/rplidar_ros/src/rplidar_node.cpp:38[m[K:
[19.927s] [01m[K/workspace/modubot_ws/src/rplidar_ros/sdk/include/sl_lidar_protocol.h:66:16:[m[K [01;35m[Kwarning: [m[KISO C++ forbids zero-size array ‘[01m[Kdata[m[K’ [[01;35m[K-Wpedantic[m[K]
[19.927s]    66 |     sl_u8 data[[01;35m[K0[m[K];
[19.928s]       |                [01;35m[K^[m[K
[19.932s] In file included from [01m[K/workspace/modubot_ws/src/rplidar_ros/sdk/include/sl_lidar_driver.h:54[m[K,
[19.933s]                  from [01m[K/workspace/modubot_ws/src/rplidar_ros/sdk/include/sl_lidar.h:36[m[K,
[19.934s]                  from [01m[K/workspace/modubot_ws/src/rplidar_ros/src/rplidar_node.cpp:38[m[K:
[19.935s] [01m[K/workspace/modubot_ws/src/rplidar_ros/sdk/include/sl_lidar_cmd.h:324:20:[m[K [01;35m[Kwarning: [m[KISO C++ forbids zero-size array ‘[01m[Kpayload[m[K’ [[01;35m[K-Wpedantic[m[K]
[19.935s]   324 |     sl_u8  payload[[01;35m[K0[m[K];
[19.936s]       |                    [01;35m[K^[m[K
[21.036s] [ 21%] [32mBuilding CXX object CMakeFiles/rplidar_node.dir/sdk/src/dataunpacker/unpacker/handler_capsules.cpp.o[0m
[23.607s] In file included from [01m[K/workspace/modubot_ws/src/rplidar_ros/sdk/include/rplidar_protocol.h:36[m[K,
[23.608s]                  from [01m[K/workspace/modubot_ws/src/rplidar_ros/sdk/include/rplidar.h:39[m[K,
[23.609s]                  from [01m[K/workspace/modubot_ws/src/rplidar_ros/sdk/src/sdkcommon.h:49[m[K,
[23.610s]                  from [01m[K/workspace/modubot_ws/src/rplidar_ros/sdk/src/dataunpacker/unpacker/../dataunnpacker_commondef.h:41[m[K,
[23.610s]                  from [01m[K/workspace/modubot_ws/src/rplidar_ros/sdk/src/dataunpacker/unpacker/handler_capsules.cpp:39[m[K:
[23.611s] [01m[K/workspace/modubot_ws/src/rplidar_ros/sdk/include/sl_lidar_protocol.h:66:16:[m[K [01;35m[Kwarning: [m[KISO C++ forbids zero-size array ‘[01m[Kdata[m[K’ [[01;35m[K-Wpedantic[m[K]
[23.612s]    66 |     sl_u8 data[[01;35m[K0[m[K];
[23.612s]       |                [01;35m[K^[m[K
[23.629s] In file included from [01m[K/workspace/modubot_ws/src/rplidar_ros/sdk/include/rplidar_cmd.h:36[m[K,
[23.630s]                  from [01m[K/workspace/modubot_ws/src/rplidar_ros/sdk/include/rplidar.h:40[m[K,
[23.630s]                  from [01m[K/workspace/modubot_ws/src/rplidar_ros/sdk/src/sdkcommon.h:49[m[K,
[23.631s]                  from [01m[K/workspace/modubot_ws/src/rplidar_ros/sdk/src/dataunpacker/unpacker/../dataunnpacker_commondef.h:41[m[K,
[23.631s]                  from [01m[K/workspace/modubot_ws/src/rplidar_ros/sdk/src/dataunpacker/unpacker/handler_capsules.cpp:39[m[K:
[23.632s] [01m[K/workspace/modubot_ws/src/rplidar_ros/sdk/include/sl_lidar_cmd.h:324:20:[m[K [01;35m[Kwarning: [m[KISO C++ forbids zero-size array ‘[01m[Kpayload[m[K’ [[01;35m[K-Wpedantic[m[K]
[23.632s]   324 |     sl_u8  payload[[01;35m[K0[m[K];
[23.632s]       |                    [01;35m[K^[m[K
[24.971s] In file included from [01m[K/workspace/modubot_ws/src/rplidar_ros/sdk/src/dataunpacker/unpacker/handler_capsules.cpp:40[m[K:
[24.972s] [01m[K/workspace/modubot_ws/src/rplidar_ros/sdk/src/dataunpacker/unpacker/../dataunpacker.h:[m[K In member function ‘[01m[Kvirtual void sl::internal::LIDARSampleDataListener::onCustomSampleDataDecoded(_u8, _u32, const void*, size_t)[m[K’:
[24.972s] [01m[K/workspace/modubot_ws/src/rplidar_ros/sdk/src/dataunpacker/unpacker/../dataunpacker.h:54:52:[m[K [01;35m[Kwarning: [m[Kunused parameter ‘[01m[KansType[m[K’ [[01;35m[K-Wunused-parameter[m[K]
[24.996s]    54 |         virtual void onCustomSampleDataDecoded([01;35m[K_u8 ansType[m[K, _u32 customCode, const void* data, size_t size) {}
[24.998s]       |                                                [01;35m[K~~~~^~~~~~~[m[K
[24.999s] [01m[K/workspace/modubot_ws/src/rplidar_ros/sdk/src/dataunpacker/unpacker/../dataunpacker.h:54:66:[m[K [01;35m[Kwarning: [m[Kunused parameter ‘[01m[KcustomCode[m[K’ [[01;35m[K-Wunused-parameter[m[K]
[24.999s]    54 |         virtual void onCustomSampleDataDecoded(_u8 ansType, [01;35m[K_u32 customCode[m[K, const void* data, size_t size) {}
[25.004s]       |                                                             [01;35m[K~~~~~^~~~~~~~~~[m[K
[25.007s] [01m[K/workspace/modubot_ws/src/rplidar_ros/sdk/src/dataunpacker/unpacker/../dataunpacker.h:54:90:[m[K [01;35m[Kwarning: [m[Kunused parameter ‘[01m[Kdata[m[K’ [[01;35m[K-Wunused-parameter[m[K]
[25.007s]    54 |         virtual void onCustomSampleDataDecoded(_u8 ansType, _u32 customCode, [01;35m[Kconst void* data[m[K, size_t size) {}
[25.008s]       |                                                                              [01;35m[K~~~~~~~~~~~~^~~~[m[K
[25.008s] [01m[K/workspace/modubot_ws/src/rplidar_ros/sdk/src/dataunpacker/unpacker/../dataunpacker.h:54:103:[m[K [01;35m[Kwarning: [m[Kunused parameter ‘[01m[Ksize[m[K’ [[01;35m[K-Wunused-parameter[m[K]
[25.009s]    54 |         virtual void onCustomSampleDataDecoded(_u8 ansType, _u32 customCode, const void* data, [01;35m[Ksize_t size[m[K) {}
[25.010s]       |                                                                                                [01;35m[K~~~~~~~^~~~[m[K
[25.010s] [01m[K/workspace/modubot_ws/src/rplidar_ros/sdk/src/dataunpacker/unpacker/../dataunpacker.h:[m[K In member function ‘[01m[Kvirtual void sl::internal::LIDARSampleDataListener::onDecodingError(int, _u8, const void*, size_t)[m[K’:
[25.012s] [01m[K/workspace/modubot_ws/src/rplidar_ros/sdk/src/dataunpacker/unpacker/../dataunpacker.h:56:42:[m[K [01;35m[Kwarning: [m[Kunused parameter ‘[01m[KerrMsg[m[K’ [[01;35m[K-Wunused-parameter[m[K]
[25.012s]    56 |         virtual void onDecodingError([01;35m[Kint errMsg[m[K, _u8 ansType, const void* payload, size_t size) {}
[25.013s]       |                                      [01;35m[K~~~~^~~~~~[m[K
[25.014s] [01m[K/workspace/modubot_ws/src/rplidar_ros/sdk/src/dataunpacker/unpacker/../dataunpacker.h:56:54:[m[K [01;35m[Kwarning: [m[Kunused parameter ‘[01m[KansType[m[K’ [[01;35m[K-Wunused-parameter[m[K]
[25.015s]    56 |         virtual void onDecodingError(int errMsg, [01;35m[K_u8 ansType[m[K, const void* payload, size_t size) {}
[25.015s]       |                                                  [01;35m[K~~~~^~~~~~~[m[K
[25.016s] [01m[K/workspace/modubot_ws/src/rplidar_ros/sdk/src/dataunpacker/unpacker/../dataunpacker.h:56:75:[m[K [01;35m[Kwarning: [m[Kunused parameter ‘[01m[Kpayload[m[K’ [[01;35m[K-Wunused-parameter[m[K]
[25.016s]    56 |         virtual void onDecodingError(int errMsg, _u8 ansType, [01;35m[Kconst void* payload[m[K, size_t size) {}
[25.017s]       |                                                               [01;35m[K~~~~~~~~~~~~^~~~~~~[m[K
[25.018s] [01m[K/workspace/modubot_ws/src/rplidar_ros/sdk/src/dataunpacker/unpacker/../dataunpacker.h:56:91:[m[K [01;35m[Kwarning: [m[Kunused parameter ‘[01m[Ksize[m[K’ [[01;35m[K-Wunused-parameter[m[K]
[25.018s]    56 |         virtual void onDecodingError(int errMsg, _u8 ansType, const void* payload, [01;35m[Ksize_t size[m[K) {}
[25.019s]       |                                                                                    [01;35m[K~~~~~~~^~~~[m[K
[25.155s] [01m[K/workspace/modubot_ws/src/rplidar_ros/sdk/src/dataunpacker/unpacker/handler_capsules.cpp:[m[K In member function ‘[01m[Kvoid sl::internal::unpacker::UnpackerHandler_DenseCapsuleNode::_onScanNodeDenseCapsuleData(rplidar_response_dense_capsule_measurement_nodes_t&, sl::internal::LIDARSampleDataUnpackerInner*)[m[K’:
[25.156s] [01m[K/workspace/modubot_ws/src/rplidar_ros/sdk/src/dataunpacker/unpacker/handler_capsules.cpp:763:30:[m[K [01;35m[Kwarning: [m[Ktype qualifiers ignored on cast result type [[01;35m[K-Wignored-qualifiers[m[K]
[25.157s]   763 |             const int dist = [01;35m[Kstatic_cast<const int>(_cached_previous_dense_capsuledata.cabins[pos].distance)[m[K;
[25.159s]       |                              [01;35m[K^~~~~~~~~~~~~~~~~~~~~~~~~~~~~~~~~~~~~~~~~~~~~~~~~~~~~~~~~~~~~~~~~~~~~~~~~~~~~~~[m[K
[27.273s] [ 23%] [32mBuilding CXX object CMakeFiles/rplidar_node.dir/sdk/src/dataunpacker/unpacker/handler_hqnode.cpp.o[0m
[33.507s] In file included from [01m[K/workspace/modubot_ws/src/rplidar_ros/sdk/include/rplidar_protocol.h:36[m[K,
[33.508s]                  from [01m[K/workspace/modubot_ws/src/rplidar_ros/sdk/include/rplidar.h:39[m[K,
[33.508s]                  from [01m[K/workspace/modubot_ws/src/rplidar_ros/sdk/src/sdkcommon.h:49[m[K,
[33.509s]                  from [01m[K/workspace/modubot_ws/src/rplidar_ros/sdk/src/dataunpacker/unpacker/../dataunnpacker_commondef.h:41[m[K,
[33.509s]                  from [01m[K/workspace/modubot_ws/src/rplidar_ros/sdk/src/dataunpacker/unpacker/handler_hqnode.cpp:39[m[K:
[33.510s] [01m[K/workspace/modubot_ws/src/rplidar_ros/sdk/include/sl_lidar_protocol.h:66:16:[m[K [01;35m[Kwarning: [m[KISO C++ forbids zero-size array ‘[01m[Kdata[m[K’ [[01;35m[K-Wpedantic[m[K]
[33.510s]    66 |     sl_u8 data[[01;35m[K0[m[K];
[33.511s]       |                [01;35m[K^[m[K
[33.511s] In file included from [01m[K/workspace/modubot_ws/src/rplidar_ros/sdk/include/rplidar_cmd.h:36[m[K,
[33.512s]                  from [01m[K/workspace/modubot_ws/src/rplidar_ros/sdk/include/rplidar.h:40[m[K,
[33.512s]                  from [01m[K/workspace/modubot_ws/src/rplidar_ros/sdk/src/sdkcommon.h:49[m[K,
[33.513s]                  from [01m[K/workspace/modubot_ws/src/rplidar_ros/sdk/src/dataunpacker/unpacker/../dataunnpacker_commondef.h:41[m[K,
[33.513s]                  from [01m[K/workspace/modubot_ws/src/rplidar_ros/sdk/src/dataunpacker/unpacker/handler_hqnode.cpp:39[m[K:
[33.514s] [01m[K/workspace/modubot_ws/src/rplidar_ros/sdk/include/sl_lidar_cmd.h:324:20:[m[K [01;35m[Kwarning: [m[KISO C++ forbids zero-size array ‘[01m[Kpayload[m[K’ [[01;35m[K-Wpedantic[m[K]
[33.522s]   324 |     sl_u8  payload[[01;35m[K0[m[K];
[33.523s]       |                    [01;35m[K^[m[K
[35.396s] In file included from [01m[K/workspace/modubot_ws/src/rplidar_ros/sdk/src/dataunpacker/unpacker/handler_hqnode.cpp:40[m[K:
[35.396s] [01m[K/workspace/modubot_ws/src/rplidar_ros/sdk/src/dataunpacker/unpacker/../dataunpacker.h:[m[K In member function ‘[01m[Kvirtual void sl::internal::LIDARSampleDataListener::onCustomSampleDataDecoded(_u8, _u32, const void*, size_t)[m[K’:
[35.397s] [01m[K/workspace/modubot_ws/src/rplidar_ros/sdk/src/dataunpacker/unpacker/../dataunpacker.h:54:52:[m[K [01;35m[Kwarning: [m[Kunused parameter ‘[01m[KansType[m[K’ [[01;35m[K-Wunused-parameter[m[K]
[35.397s]    54 |         virtual void onCustomSampleDataDecoded([01;35m[K_u8 ansType[m[K, _u32 customCode, const void* data, size_t size) {}
[35.398s]       |                                                [01;35m[K~~~~^~~~~~~[m[K
[35.398s] [01m[K/workspace/modubot_ws/src/rplidar_ros/sdk/src/dataunpacker/unpacker/../dataunpacker.h:54:66:[m[K [01;35m[Kwarning: [m[Kunused parameter ‘[01m[KcustomCode[m[K’ [[01;35m[K-Wunused-parameter[m[K]
[35.399s]    54 |         virtual void onCustomSampleDataDecoded(_u8 ansType, [01;35m[K_u32 customCode[m[K, const void* data, size_t size) {}
[35.399s]       |                                                             [01;35m[K~~~~~^~~~~~~~~~[m[K
[35.400s] [01m[K/workspace/modubot_ws/src/rplidar_ros/sdk/src/dataunpacker/unpacker/../dataunpacker.h:54:90:[m[K [01;35m[Kwarning: [m[Kunused parameter ‘[01m[Kdata[m[K’ [[01;35m[K-Wunused-parameter[m[K]
[35.400s]    54 |         virtual void onCustomSampleDataDecoded(_u8 ansType, _u32 customCode, [01;35m[Kconst void* data[m[K, size_t size) {}
[35.401s]       |                                                                              [01;35m[K~~~~~~~~~~~~^~~~[m[K
[35.401s] [01m[K/workspace/modubot_ws/src/rplidar_ros/sdk/src/dataunpacker/unpacker/../dataunpacker.h:54:103:[m[K [01;35m[Kwarning: [m[Kunused parameter ‘[01m[Ksize[m[K’ [[01;35m[K-Wunused-parameter[m[K]
[35.402s]    54 |         virtual void onCustomSampleDataDecoded(_u8 ansType, _u32 customCode, const void* data, [01;35m[Ksize_t size[m[K) {}
[35.402s]       |                                                                                                [01;35m[K~~~~~~~^~~~[m[K
[35.415s] [01m[K/workspace/modubot_ws/src/rplidar_ros/sdk/src/dataunpacker/unpacker/../dataunpacker.h:[m[K In member function ‘[01m[Kvirtual void sl::internal::LIDARSampleDataListener::onDecodingError(int, _u8, const void*, size_t)[m[K’:
[35.415s] [01m[K/workspace/modubot_ws/src/rplidar_ros/sdk/src/dataunpacker/unpacker/../dataunpacker.h:56:42:[m[K [01;35m[Kwarning: [m[Kunused parameter ‘[01m[KerrMsg[m[K’ [[01;35m[K-Wunused-parameter[m[K]
[35.416s]    56 |         virtual void onDecodingError([01;35m[Kint errMsg[m[K, _u8 ansType, const void* payload, size_t size) {}
[35.416s]       |                                      [01;35m[K~~~~^~~~~~[m[K
[35.417s] [01m[K/workspace/modubot_ws/src/rplidar_ros/sdk/src/dataunpacker/unpacker/../dataunpacker.h:56:54:[m[K [01;35m[Kwarning: [m[Kunused parameter ‘[01m[KansType[m[K’ [[01;35m[K-Wunused-parameter[m[K]
[35.417s]    56 |         virtual void onDecodingError(int errMsg, [01;35m[K_u8 ansType[m[K, const void* payload, size_t size) {}
[35.418s]       |                                                  [01;35m[K~~~~^~~~~~~[m[K
[35.418s] [01m[K/workspace/modubot_ws/src/rplidar_ros/sdk/src/dataunpacker/unpacker/../dataunpacker.h:56:75:[m[K [01;35m[Kwarning: [m[Kunused parameter ‘[01m[Kpayload[m[K’ [[01;35m[K-Wunused-parameter[m[K]
[35.418s]    56 |         virtual void onDecodingError(int errMsg, _u8 ansType, [01;35m[Kconst void* payload[m[K, size_t size) {}
[35.434s]       |                                                               [01;35m[K~~~~~~~~~~~~^~~~~~~[m[K
[35.435s] [01m[K/workspace/modubot_ws/src/rplidar_ros/sdk/src/dataunpacker/unpacker/../dataunpacker.h:56:91:[m[K [01;35m[Kwarning: [m[Kunused parameter ‘[01m[Ksize[m[K’ [[01;35m[K-Wunused-parameter[m[K]
[35.435s]    56 |         virtual void onDecodingError(int errMsg, _u8 ansType, const void* payload, [01;35m[Ksize_t size[m[K) {}
[35.436s]       |                                                                                    [01;35m[K~~~~~~~^~~~[m[K
[37.238s] [ 26%] [32mBuilding CXX object CMakeFiles/rplidar_node.dir/sdk/src/dataunpacker/unpacker/handler_normalnode.cpp.o[0m
[38.324s] [ 28%] [32mBuilding CXX object CMakeFiles/rplidar_composition.dir/sdk/src/arch/linux/net_serial.cpp.o[0m
[38.459s] [ 31%] [32mBuilding CXX object CMakeFiles/rplidar_node.dir/sdk/src/hal/thread.cpp.o[0m
[39.721s] In file included from [01m[K/workspace/modubot_ws/src/rplidar_ros/sdk/include/rplidar_protocol.h:36[m[K,
[39.722s]                  from [01m[K/workspace/modubot_ws/src/rplidar_ros/sdk/include/rplidar.h:39[m[K,
[39.722s]                  from [01m[K/workspace/modubot_ws/src/rplidar_ros/sdk/src/sdkcommon.h:49[m[K,
[39.723s]                  from [01m[K/workspace/modubot_ws/src/rplidar_ros/sdk/src/dataunpacker/unpacker/../dataunnpacker_commondef.h:41[m[K,
[39.723s]                  from [01m[K/workspace/modubot_ws/src/rplidar_ros/sdk/src/dataunpacker/unpacker/handler_normalnode.cpp:39[m[K:
[39.724s] [01m[K/workspace/modubot_ws/src/rplidar_ros/sdk/include/sl_lidar_protocol.h:66:16:[m[K [01;35m[Kwarning: [m[KISO C++ forbids zero-size array ‘[01m[Kdata[m[K’ [[01;35m[K-Wpedantic[m[K]
[39.724s]    66 |     sl_u8 data[[01;35m[K0[m[K];
[39.725s]       |                [01;35m[K^[m[K
[39.726s] In file included from [01m[K/workspace/modubot_ws/src/rplidar_ros/sdk/include/rplidar_cmd.h:36[m[K,
[39.726s]                  from [01m[K/workspace/modubot_ws/src/rplidar_ros/sdk/include/rplidar.h:40[m[K,
[39.727s]                  from [01m[K/workspace/modubot_ws/src/rplidar_ros/sdk/src/sdkcommon.h:49[m[K,
[39.727s]                  from [01m[K/workspace/modubot_ws/src/rplidar_ros/sdk/src/dataunpacker/unpacker/../dataunnpacker_commondef.h:41[m[K,
[39.728s]                  from [01m[K/workspace/modubot_ws/src/rplidar_ros/sdk/src/dataunpacker/unpacker/handler_normalnode.cpp:39[m[K:
[39.728s] [01m[K/workspace/modubot_ws/src/rplidar_ros/sdk/include/sl_lidar_cmd.h:324:20:[m[K [01;35m[Kwarning: [m[KISO C++ forbids zero-size array ‘[01m[Kpayload[m[K’ [[01;35m[K-Wpedantic[m[K]
[39.728s]   324 |     sl_u8  payload[[01;35m[K0[m[K];
[39.729s]       |                    [01;35m[K^[m[K
[40.404s] In file included from [01m[K/workspace/modubot_ws/src/rplidar_ros/sdk/include/rplidar_protocol.h:36[m[K,
[40.405s]                  from [01m[K/workspace/modubot_ws/src/rplidar_ros/sdk/include/rplidar.h:39[m[K,
[40.405s]                  from [01m[K/workspace/modubot_ws/src/rplidar_ros/sdk/src/sdkcommon.h:49[m[K,
[40.406s]                  from [01m[K/workspace/modubot_ws/src/rplidar_ros/sdk/src/hal/thread.cpp:35[m[K:
[40.407s] [01m[K/workspace/modubot_ws/src/rplidar_ros/sdk/include/sl_lidar_protocol.h:66:16:[m[K [01;35m[Kwarning: [m[KISO C++ forbids zero-size array ‘[01m[Kdata[m[K’ [[01;35m[K-Wpedantic[m[K]
[40.408s]    66 |     sl_u8 data[[01;35m[K0[m[K];
[40.408s]       |                [01;35m[K^[m[K
[40.412s] In file included from [01m[K/workspace/modubot_ws/src/rplidar_ros/sdk/include/rplidar_cmd.h:36[m[K,
[40.412s]                  from [01m[K/workspace/modubot_ws/src/rplidar_ros/sdk/include/rplidar.h:40[m[K,
[40.413s]                  from [01m[K/workspace/modubot_ws/src/rplidar_ros/sdk/src/sdkcommon.h:49[m[K,
[40.414s]                  from [01m[K/workspace/modubot_ws/src/rplidar_ros/sdk/src/hal/thread.cpp:35[m[K:
[40.415s] [01m[K/workspace/modubot_ws/src/rplidar_ros/sdk/include/sl_lidar_cmd.h:324:20:[m[K [01;35m[Kwarning: [m[KISO C++ forbids zero-size array ‘[01m[Kpayload[m[K’ [[01;35m[K-Wpedantic[m[K]
[40.416s]   324 |     sl_u8  payload[[01;35m[K0[m[K];
[40.417s]       |                    [01;35m[K^[m[K
[40.645s] In file included from [01m[K/workspace/modubot_ws/src/rplidar_ros/sdk/src/dataunpacker/unpacker/handler_normalnode.cpp:40[m[K:
[40.646s] [01m[K/workspace/modubot_ws/src/rplidar_ros/sdk/src/dataunpacker/unpacker/../dataunpacker.h:[m[K In member function ‘[01m[Kvirtual void sl::internal::LIDARSampleDataListener::onCustomSampleDataDecoded(_u8, _u32, const void*, size_t)[m[K’:
[40.646s] [01m[K/workspace/modubot_ws/src/rplidar_ros/sdk/src/dataunpacker/unpacker/../dataunpacker.h:54:52:[m[K [01;35m[Kwarning: [m[Kunused parameter ‘[01m[KansType[m[K’ [[01;35m[K-Wunused-parameter[m[K]
[40.647s]    54 |         virtual void onCustomSampleDataDecoded([01;35m[K_u8 ansType[m[K, _u32 customCode, const void* data, size_t size) {}
[40.647s]       |                                                [01;35m[K~~~~^~~~~~~[m[K
[40.648s] [01m[K/workspace/modubot_ws/src/rplidar_ros/sdk/src/dataunpacker/unpacker/../dataunpacker.h:54:66:[m[K [01;35m[Kwarning: [m[Kunused parameter ‘[01m[KcustomCode[m[K’ [[01;35m[K-Wunused-parameter[m[K]
[40.648s]    54 |         virtual void onCustomSampleDataDecoded(_u8 ansType, [01;35m[K_u32 customCode[m[K, const void* data, size_t size) {}
[40.648s]       |                                                             [01;35m[K~~~~~^~~~~~~~~~[m[K
[40.649s] [01m[K/workspace/modubot_ws/src/rplidar_ros/sdk/src/dataunpacker/unpacker/../dataunpacker.h:54:90:[m[K [01;35m[Kwarning: [m[Kunused parameter ‘[01m[Kdata[m[K’ [[01;35m[K-Wunused-parameter[m[K]
[40.649s]    54 |         virtual void onCustomSampleDataDecoded(_u8 ansType, _u32 customCode, [01;35m[Kconst void* data[m[K, size_t size) {}
[40.650s]       |                                                                              [01;35m[K~~~~~~~~~~~~^~~~[m[K
[40.652s] [01m[K/workspace/modubot_ws/src/rplidar_ros/sdk/src/dataunpacker/unpacker/../dataunpacker.h:54:103:[m[K [01;35m[Kwarning: [m[Kunused parameter ‘[01m[Ksize[m[K’ [[01;35m[K-Wunused-parameter[m[K]
[40.653s]    54 |         virtual void onCustomSampleDataDecoded(_u8 ansType, _u32 customCode, const void* data, [01;35m[Ksize_t size[m[K) {}
[40.653s]       |                                                                                                [01;35m[K~~~~~~~^~~~[m[K
[40.654s] [01m[K/workspace/modubot_ws/src/rplidar_ros/sdk/src/dataunpacker/unpacker/../dataunpacker.h:[m[K In member function ‘[01m[Kvirtual void sl::internal::LIDARSampleDataListener::onDecodingError(int, _u8, const void*, size_t)[m[K’:
[40.655s] [01m[K/workspace/modubot_ws/src/rplidar_ros/sdk/src/dataunpacker/unpacker/../dataunpacker.h:56:42:[m[K [01;35m[Kwarning: [m[Kunused parameter ‘[01m[KerrMsg[m[K’ [[01;35m[K-Wunused-parameter[m[K]
[40.655s]    56 |         virtual void onDecodingError([01;35m[Kint errMsg[m[K, _u8 ansType, const void* payload, size_t size) {}
[40.656s]       |                                      [01;35m[K~~~~^~~~~~[m[K
[40.656s] [01m[K/workspace/modubot_ws/src/rplidar_ros/sdk/src/dataunpacker/unpacker/../dataunpacker.h:56:54:[m[K [01;35m[Kwarning: [m[Kunused parameter ‘[01m[KansType[m[K’ [[01;35m[K-Wunused-parameter[m[K]
[40.657s]    56 |         virtual void onDecodingError(int errMsg, [01;35m[K_u8 ansType[m[K, const void* payload, size_t size) {}
[40.662s]       |                                                  [01;35m[K~~~~^~~~~~~[m[K
[40.663s] [01m[K/workspace/modubot_ws/src/rplidar_ros/sdk/src/dataunpacker/unpacker/../dataunpacker.h:56:75:[m[K [01;35m[Kwarning: [m[Kunused parameter ‘[01m[Kpayload[m[K’ [[01;35m[K-Wunused-parameter[m[K]
[40.664s]    56 |         virtual void onDecodingError(int errMsg, _u8 ansType, [01;35m[Kconst void* payload[m[K, size_t size) {}
[40.664s]       |                                                               [01;35m[K~~~~~~~~~~~~^~~~~~~[m[K
[40.664s] [01m[K/workspace/modubot_ws/src/rplidar_ros/sdk/src/dataunpacker/unpacker/../dataunpacker.h:56:91:[m[K [01;35m[Kwarning: [m[Kunused parameter ‘[01m[Ksize[m[K’ [[01;35m[K-Wunused-parameter[m[K]
[40.665s]    56 |         virtual void onDecodingError(int errMsg, _u8 ansType, const void* payload, [01;35m[Ksize_t size[m[K) {}
[40.665s]       |                                                                                    [01;35m[K~~~~~~~^~~~[m[K
[40.671s] In file included from [01m[K/workspace/modubot_ws/src/rplidar_ros/sdk/src/hal/thread.cpp:43[m[K:
[40.672s] [01m[K/workspace/modubot_ws/src/rplidar_ros/sdk/src/arch/linux/thread.hpp:[m[K In static member function ‘[01m[Kstatic rp::hal::Thread rp::hal::Thread::create(thread_proc_t, void*)[m[K’:
[40.672s] [01m[K/workspace/modubot_ws/src/rplidar_ros/sdk/src/arch/linux/thread.hpp:52:57:[m[K [01;35m[Kwarning: [m[Kcast between incompatible function types from ‘[01m[Kthread_proc_t[m[K’ {aka ‘[01m[Klong unsigned int (*)(void*)[m[K’} to ‘[01m[Kvoid* (*)(void*)[m[K’ [[01;35m[K-Wcast-function-type[m[K]
[40.673s]    52 |     pthread_create((pthread_t *)&newborn._handle, NULL, [01;35m[K(void * (*)(void *))proc[m[K, data);
[40.673s]       |                                                         [01;35m[K^~~~~~~~~~~~~~~~~~~~~~~~[m[K
[40.678s] [01m[K/workspace/modubot_ws/src/rplidar_ros/sdk/src/arch/linux/thread.hpp:[m[K In member function ‘[01m[Ku_result rp::hal::Thread::join(long unsigned int)[m[K’:
[40.678s] [01m[K/workspace/modubot_ws/src/rplidar_ros/sdk/src/arch/linux/thread.hpp:176:37:[m[K [01;35m[Kwarning: [m[Kunused parameter ‘[01m[Ktimeout[m[K’ [[01;35m[K-Wunused-parameter[m[K]
[40.679s]   176 | u_result Thread::join([01;35m[Kunsigned long timeout[m[K)
[40.679s]       |                       [01;35m[K~~~~~~~~~~~~~~^~~~~~~[m[K
[40.922s] [01m[K/workspace/modubot_ws/src/rplidar_ros/sdk/src/arch/linux/net_serial.cpp:[m[K In member function ‘[01m[Kbool rp::arch::net::raw_serial::open(const char*, uint32_t, uint32_t)[m[K’:
[40.923s] [01m[K/workspace/modubot_ws/src/rplidar_ros/sdk/src/arch/linux/net_serial.cpp:97:74:[m[K [01;35m[Kwarning: [m[Kunused parameter ‘[01m[Kflags[m[K’ [[01;35m[K-Wunused-parameter[m[K]
[40.923s]    97 | bool raw_serial::open(const char * portname, uint32_t baudrate, [01;35m[Kuint32_t flags[m[K)
[40.926s]       |                                                                 [01;35m[K~~~~~~~~~^~~~~[m[K
[40.929s] [01m[K/workspace/modubot_ws/src/rplidar_ros/sdk/src/arch/linux/net_serial.cpp:[m[K In member function ‘[01m[Kvirtual void rp::arch::net::raw_serial::flush(_u32)[m[K’:
[40.930s] [01m[K/workspace/modubot_ws/src/rplidar_ros/sdk/src/arch/linux/net_serial.cpp:281:30:[m[K [01;35m[Kwarning: [m[Kunused parameter ‘[01m[Kflags[m[K’ [[01;35m[K-Wunused-parameter[m[K]
[40.931s]   281 | void raw_serial::flush( [01;35m[K_u32 flags[m[K)
[40.932s]       |                         [01;35m[K~~~~~^~~~~[m[K
[40.933s] [01m[K/workspace/modubot_ws/src/rplidar_ros/sdk/src/arch/linux/net_serial.cpp:[m[K In member function ‘[01m[Kvirtual int rp::arch::net::raw_serial::waitforsent(_u32, size_t*)[m[K’:
[40.934s] [01m[K/workspace/modubot_ws/src/rplidar_ros/sdk/src/arch/linux/net_serial.cpp:286:34:[m[K [01;35m[Kwarning: [m[Kunused parameter ‘[01m[Ktimeout[m[K’ [[01;35m[K-Wunused-parameter[m[K]
[40.935s]   286 | int raw_serial::waitforsent([01;35m[K_u32 timeout[m[K, size_t * returned_size)
[40.936s]       |                             [01;35m[K~~~~~^~~~~~~[m[K
[40.938s] [01m[K/workspace/modubot_ws/src/rplidar_ros/sdk/src/arch/linux/net_serial.cpp:[m[K In member function ‘[01m[Kvirtual int rp::arch::net::raw_serial::waitforrecv(_u32, size_t*)[m[K’:
[40.939s] [01m[K/workspace/modubot_ws/src/rplidar_ros/sdk/src/arch/linux/net_serial.cpp:292:34:[m[K [01;35m[Kwarning: [m[Kunused parameter ‘[01m[Ktimeout[m[K’ [[01;35m[K-Wunused-parameter[m[K]
[40.940s]   292 | int raw_serial::waitforrecv([01;35m[K_u32 timeout[m[K, size_t * returned_size)
[40.941s]       |                             [01;35m[K~~~~~^~~~~~~[m[K
[40.948s] [01m[K/workspace/modubot_ws/src/rplidar_ros/sdk/src/arch/linux/net_serial.cpp:[m[K In member function ‘[01m[Kvirtual void rp::arch::net::raw_serial::cancelOperation()[m[K’:
[40.949s] [01m[K/workspace/modubot_ws/src/rplidar_ros/sdk/src/arch/linux/net_serial.cpp:427:5:[m[K [01;35m[Kwarning: [m[Kvalue computed is not used [[01;35m[K-Wunused-value[m[K]
[40.949s]   427 |     [01;35m[K(int)::write(_selfpipe[1], "x", 1)[m[K;
[40.950s]       |     [01;35m[K^~~~~~~~~~~~~~~~~~~~~~~~~~~~~~~~~~[m[K
[41.081s] [ 34%] [32mBuilding CXX object CMakeFiles/rplidar_node.dir/sdk/src/rplidar_driver.cpp.o[0m
[41.214s] [ 36%] [32mBuilding CXX object CMakeFiles/rplidar_node.dir/sdk/src/sl_async_transceiver.cpp.o[0m
[41.447s] [ 39%] [32mBuilding CXX object CMakeFiles/rplidar_composition.dir/sdk/src/arch/linux/net_socket.cpp.o[0m
[42.955s] In file included from [01m[K/workspace/modubot_ws/src/rplidar_ros/sdk/include/rplidar_protocol.h:36[m[K,
[42.955s]                  from [01m[K/workspace/modubot_ws/src/rplidar_ros/sdk/include/rplidar.h:39[m[K,
[42.956s]                  from [01m[K/workspace/modubot_ws/src/rplidar_ros/sdk/src/sdkcommon.h:49[m[K,
[42.956s]                  from [01m[K/workspace/modubot_ws/src/rplidar_ros/sdk/src/rplidar_driver.cpp:33[m[K:
[42.957s] [01m[K/workspace/modubot_ws/src/rplidar_ros/sdk/include/sl_lidar_protocol.h:66:16:[m[K [01;35m[Kwarning: [m[KISO C++ forbids zero-size array ‘[01m[Kdata[m[K’ [[01;35m[K-Wpedantic[m[K]
[42.957s]    66 |     sl_u8 data[[01;35m[K0[m[K];
[42.959s]       |                [01;35m[K^[m[K
[42.961s] In file included from [01m[K/workspace/modubot_ws/src/rplidar_ros/sdk/include/rplidar_cmd.h:36[m[K,
[42.962s]                  from [01m[K/workspace/modubot_ws/src/rplidar_ros/sdk/include/rplidar.h:40[m[K,
[42.963s]                  from [01m[K/workspace/modubot_ws/src/rplidar_ros/sdk/src/sdkcommon.h:49[m[K,
[42.963s]                  from [01m[K/workspace/modubot_ws/src/rplidar_ros/sdk/src/rplidar_driver.cpp:33[m[K:
[42.964s] [01m[K/workspace/modubot_ws/src/rplidar_ros/sdk/include/sl_lidar_cmd.h:324:20:[m[K [01;35m[Kwarning: [m[KISO C++ forbids zero-size array ‘[01m[Kpayload[m[K’ [[01;35m[K-Wpedantic[m[K]
[42.964s]   324 |     sl_u8  payload[[01;35m[K0[m[K];
[42.964s]       |                    [01;35m[K^[m[K
[43.340s] In file included from [01m[K/workspace/modubot_ws/src/rplidar_ros/sdk/include/rplidar_protocol.h:36[m[K,
[43.341s]                  from [01m[K/workspace/modubot_ws/src/rplidar_ros/sdk/include/rplidar.h:39[m[K,
[43.341s]                  from [01m[K/workspace/modubot_ws/src/rplidar_ros/sdk/src/sdkcommon.h:49[m[K,
[43.342s]                  from [01m[K/workspace/modubot_ws/src/rplidar_ros/sdk/src/sl_async_transceiver.cpp:35[m[K:
[43.343s] [01m[K/workspace/modubot_ws/src/rplidar_ros/sdk/include/sl_lidar_protocol.h:66:16:[m[K [01;35m[Kwarning: [m[KISO C++ forbids zero-size array ‘[01m[Kdata[m[K’ [[01;35m[K-Wpedantic[m[K]
[43.343s]    66 |     sl_u8 data[[01;35m[K0[m[K];
[43.344s]       |                [01;35m[K^[m[K
[43.347s] In file included from [01m[K/workspace/modubot_ws/src/rplidar_ros/sdk/include/rplidar_cmd.h:36[m[K,
[43.347s]                  from [01m[K/workspace/modubot_ws/src/rplidar_ros/sdk/include/rplidar.h:40[m[K,
[43.348s]                  from [01m[K/workspace/modubot_ws/src/rplidar_ros/sdk/src/sdkcommon.h:49[m[K,
[43.349s]                  from [01m[K/workspace/modubot_ws/src/rplidar_ros/sdk/src/sl_async_transceiver.cpp:35[m[K:
[43.349s] [01m[K/workspace/modubot_ws/src/rplidar_ros/sdk/include/sl_lidar_cmd.h:324:20:[m[K [01;35m[Kwarning: [m[KISO C++ forbids zero-size array ‘[01m[Kpayload[m[K’ [[01;35m[K-Wpedantic[m[K]
[43.350s]   324 |     sl_u8  payload[[01;35m[K0[m[K];
[43.351s]       |                    [01;35m[K^[m[K
[43.651s] In file included from [01m[K/workspace/modubot_ws/src/rplidar_ros/sdk/include/rplidar_protocol.h:36[m[K,
[43.652s]                  from [01m[K/workspace/modubot_ws/src/rplidar_ros/sdk/include/rplidar.h:39[m[K,
[43.652s]                  from [01m[K/workspace/modubot_ws/src/rplidar_ros/sdk/src/sdkcommon.h:49[m[K,
[43.653s]                  from [01m[K/workspace/modubot_ws/src/rplidar_ros/sdk/src/arch/linux/net_socket.cpp:10[m[K:
[43.653s] [01m[K/workspace/modubot_ws/src/rplidar_ros/sdk/include/sl_lidar_protocol.h:66:16:[m[K [01;35m[Kwarning: [m[KISO C++ forbids zero-size array ‘[01m[Kdata[m[K’ [[01;35m[K-Wpedantic[m[K]
[43.654s]    66 |     sl_u8 data[[01;35m[K0[m[K];
[43.654s]       |                [01;35m[K^[m[K
[43.655s] In file included from [01m[K/workspace/modubot_ws/src/rplidar_ros/sdk/include/rplidar_cmd.h:36[m[K,
[43.655s]                  from [01m[K/workspace/modubot_ws/src/rplidar_ros/sdk/include/rplidar.h:40[m[K,
[43.656s]                  from [01m[K/workspace/modubot_ws/src/rplidar_ros/sdk/src/sdkcommon.h:49[m[K,
[43.656s]                  from [01m[K/workspace/modubot_ws/src/rplidar_ros/sdk/src/arch/linux/net_socket.cpp:10[m[K:
[43.657s] [01m[K/workspace/modubot_ws/src/rplidar_ros/sdk/include/sl_lidar_cmd.h:324:20:[m[K [01;35m[Kwarning: [m[KISO C++ forbids zero-size array ‘[01m[Kpayload[m[K’ [[01;35m[K-Wpedantic[m[K]
[43.657s]   324 |     sl_u8  payload[[01;35m[K0[m[K];
[43.658s]       |                    [01;35m[K^[m[K
[43.916s] In file included from [01m[K/workspace/modubot_ws/src/rplidar_ros/sdk/src/sl_async_transceiver.cpp:44[m[K:
[43.917s] [01m[K/workspace/modubot_ws/src/rplidar_ros/sdk/src/sl_async_transceiver.h:[m[K In member function ‘[01m[Kvirtual void sl::internal::IAsyncProtocolCodec::onChannelError(u_result)[m[K’:
[43.917s] [01m[K/workspace/modubot_ws/src/rplidar_ros/sdk/src/sl_async_transceiver.h:90:48:[m[K [01;35m[Kwarning: [m[Kunused parameter ‘[01m[KerrCode[m[K’ [[01;35m[K-Wunused-parameter[m[K]
[43.918s]    90 |         virtual void   onChannelError([01;35m[Ku_result errCode[m[K) {}
[43.918s]       |                                       [01;35m[K~~~~~~~~~^~~~~~~[m[K
[43.991s] [01m[K/workspace/modubot_ws/src/rplidar_ros/sdk/src/rplidar_driver.cpp:[m[K In member function ‘[01m[Ku_result rp::standalone::rplidar::RPlidarDriver::connect(const char*, _u32, _u32)[m[K’:
[43.992s] [01m[K/workspace/modubot_ws/src/rplidar_ros/sdk/src/rplidar_driver.cpp:67:77:[m[K [01;35m[Kwarning: [m[Kunused parameter ‘[01m[Kflag[m[K’ [[01;35m[K-Wunused-parameter[m[K]
[43.992s]    67 | lt RPlidarDriver::connect(const char *path, _u32 portOrBaud, [01;35m[K_u32 flag[m[K)
[43.992s]       |                                                              [01;35m[K~~~~~^~~~[m[K
[43.993s] 
[43.993s] [01m[K/workspace/modubot_ws/src/rplidar_ros/sdk/src/rplidar_driver.cpp:[m[K In member function ‘[01m[Ku_result rp::standalone::rplidar::RPlidarDriver::reset(_u32)[m[K’:
[43.994s] [01m[K/workspace/modubot_ws/src/rplidar_ros/sdk/src/rplidar_driver.cpp:101:40:[m[K [01;35m[Kwarning: [m[Kunused parameter ‘[01m[Ktimeout[m[K’ [[01;35m[K-Wunused-parameter[m[K]
[43.994s]   101 |     u_result RPlidarDriver::reset([01;35m[K_u32 timeout[m[K)
[43.994s]       |                                   [01;35m[K~~~~~^~~~~~~[m[K
[43.995s] [01m[K/workspace/modubot_ws/src/rplidar_ros/sdk/src/rplidar_driver.cpp:[m[K In member function ‘[01m[Ku_result rp::standalone::rplidar::RPlidarDriver::getScanDataWithInterval(rplidar_response_measurement_node_t*, size_t&)[m[K’:
[43.996s] [01m[K/workspace/modubot_ws/src/rplidar_ros/sdk/src/rplidar_driver.cpp:180:91:[m[K [01;35m[Kwarning: [m[Kunused parameter ‘[01m[Knodebuffer[m[K’ [[01;35m[K-Wunused-parameter[m[K]
[43.997s]   180 | tScanDataWithInterval([01;35m[Krplidar_response_measurement_node_t * nodebuffer[m[K, size_t & count)
[43.997s]       |                       [01;35m[K~~~~~~~~~~~~~~~~~~~~~~~~~~~~~~~~~~~~~~^~~~~~~~~~[m[K
[43.998s] 
[43.999s] [01m[K/workspace/modubot_ws/src/rplidar_ros/sdk/src/rplidar_driver.cpp:180:112:[m[K [01;35m[Kwarning: [m[Kunused parameter ‘[01m[Kcount[m[K’ [[01;35m[K-Wunused-parameter[m[K]
[44.000s]   180 | erval(rplidar_response_measurement_node_t * nodebuffer, [01;35m[Ksize_t & count[m[K)
[44.000s]       |                                                         [01;35m[K~~~~~~~~~^~~~~[m[K
[44.001s] 
[44.073s] In file included from [01m[K/workspace/modubot_ws/src/rplidar_ros/sdk/src/arch/linux/arch_linux.h:42[m[K,
[44.073s]                  from [01m[K/workspace/modubot_ws/src/rplidar_ros/sdk/src/sdkcommon.h:41[m[K,
[44.074s]                  from [01m[K/workspace/modubot_ws/src/rplidar_ros/sdk/src/arch/linux/net_socket.cpp:10[m[K:
[44.074s] [01m[K/workspace/modubot_ws/src/rplidar_ros/sdk/src/arch/linux/net_socket.cpp:[m[K In member function ‘[01m[Kvirtual u_result rp::arch::net::DGramSocketImpl::sendTo(const rp::net::SocketAddress*, const void*, size_t)[m[K’:
[44.074s] [01m[K/workspace/modubot_ws/src/rplidar_ros/sdk/src/arch/linux/net_socket.cpp:733:24:[m[K [01;35m[Kwarning: [m[Kcomparison of integer expressions of different signedness: ‘[01m[Kint[m[K’ and ‘[01m[Ksize_t[m[K’ {aka ‘[01m[Klong unsigned int[m[K’} [[01;35m[K-Wsign-compare[m[K]
[44.075s]   733 |             assert([01;35m[Kans == len[m[K);
[44.075s]       |                    [01;35m[K~~~~^~~~~~[m[K
[44.554s] [ 42%] [32mBuilding CXX object CMakeFiles/rplidar_node.dir/sdk/src/sl_crc.cpp.o[0m
[44.730s] In file included from [01m[K/workspace/modubot_ws/src/rplidar_ros/sdk/include/sl_lidar_cmd.h:41[m[K,
[44.730s]                  from [01m[K/workspace/modubot_ws/src/rplidar_ros/sdk/include/sl_crc.h:36[m[K,
[44.731s]                  from [01m[K/workspace/modubot_ws/src/rplidar_ros/sdk/src/sl_crc.cpp:33[m[K:
[44.731s] [01m[K/workspace/modubot_ws/src/rplidar_ros/sdk/include/sl_lidar_protocol.h:66:16:[m[K [01;35m[Kwarning: [m[KISO C++ forbids zero-size array ‘[01m[Kdata[m[K’ [[01;35m[K-Wpedantic[m[K]
[44.732s]    66 |     sl_u8 data[[01;35m[K0[m[K];
[44.732s]       |                [01;35m[K^[m[K
[44.733s] In file included from [01m[K/workspace/modubot_ws/src/rplidar_ros/sdk/include/sl_crc.h:36[m[K,
[44.733s]                  from [01m[K/workspace/modubot_ws/src/rplidar_ros/sdk/src/sl_crc.cpp:33[m[K:
[44.733s] [01m[K/workspace/modubot_ws/src/rplidar_ros/sdk/include/sl_lidar_cmd.h:324:20:[m[K [01;35m[Kwarning: [m[KISO C++ forbids zero-size array ‘[01m[Kpayload[m[K’ [[01;35m[K-Wpedantic[m[K]
[44.734s]   324 |     sl_u8  payload[[01;35m[K0[m[K];
[44.734s]       |                    [01;35m[K^[m[K
[44.874s] [ 44%] [32mBuilding CXX object CMakeFiles/rplidar_node.dir/sdk/src/sl_lidar_driver.cpp.o[0m
[44.907s] [ 47%] [32mBuilding CXX object CMakeFiles/rplidar_composition.dir/sdk/src/arch/linux/timer.cpp.o[0m
[45.040s] [ 50%] [32mBuilding CXX object CMakeFiles/rplidar_node.dir/sdk/src/sl_lidarprotocol_codec.cpp.o[0m
[47.076s] In file included from [01m[K/workspace/modubot_ws/src/rplidar_ros/sdk/include/rplidar_protocol.h:36[m[K,
[47.077s]                  from [01m[K/workspace/modubot_ws/src/rplidar_ros/sdk/include/rplidar.h:39[m[K,
[47.078s]                  from [01m[K/workspace/modubot_ws/src/rplidar_ros/sdk/src/sdkcommon.h:49[m[K,
[47.079s]                  from [01m[K/workspace/modubot_ws/src/rplidar_ros/sdk/src/sl_lidar_driver.cpp:33[m[K:
[47.083s] [01m[K/workspace/modubot_ws/src/rplidar_ros/sdk/include/sl_lidar_protocol.h:66:16:[m[K [01;35m[Kwarning: [m[KISO C++ forbids zero-size array ‘[01m[Kdata[m[K’ [[01;35m[K-Wpedantic[m[K]
[47.083s]    66 |     sl_u8 data[[01;35m[K0[m[K];
[47.084s]       |                [01;35m[K^[m[K
[47.085s] In file included from [01m[K/workspace/modubot_ws/src/rplidar_ros/sdk/include/rplidar_cmd.h:36[m[K,
[47.087s]                  from [01m[K/workspace/modubot_ws/src/rplidar_ros/sdk/include/rplidar.h:40[m[K,
[47.088s]                  from [01m[K/workspace/modubot_ws/src/rplidar_ros/sdk/src/sdkcommon.h:49[m[K,
[47.088s]                  from [01m[K/workspace/modubot_ws/src/rplidar_ros/sdk/src/sl_lidar_driver.cpp:33[m[K:
[47.088s] [01m[K/workspace/modubot_ws/src/rplidar_ros/sdk/include/sl_lidar_cmd.h:324:20:[m[K [01;35m[Kwarning: [m[KISO C++ forbids zero-size array ‘[01m[Kpayload[m[K’ [[01;35m[K-Wpedantic[m[K]
[47.089s]   324 |     sl_u8  payload[[01;35m[K0[m[K];
[47.089s]       |                    [01;35m[K^[m[K
[47.324s] [ 52%] [32mBuilding CXX object CMakeFiles/rplidar_composition.dir/sdk/src/dataunpacker/dataunpacker.cpp.o[0m
[47.432s] In file included from [01m[K/workspace/modubot_ws/src/rplidar_ros/sdk/include/rplidar_protocol.h:36[m[K,
[47.433s]                  from [01m[K/workspace/modubot_ws/src/rplidar_ros/sdk/include/rplidar.h:39[m[K,
[47.434s]                  from [01m[K/workspace/modubot_ws/src/rplidar_ros/sdk/src/sdkcommon.h:49[m[K,
[47.435s]                  from [01m[K/workspace/modubot_ws/src/rplidar_ros/sdk/src/sl_lidarprotocol_codec.cpp:35[m[K:
[47.435s] [01m[K/workspace/modubot_ws/src/rplidar_ros/sdk/include/sl_lidar_protocol.h:66:16:[m[K [01;35m[Kwarning: [m[KISO C++ forbids zero-size array ‘[01m[Kdata[m[K’ [[01;35m[K-Wpedantic[m[K]
[47.436s]    66 |     sl_u8 data[[01;35m[K0[m[K];
[47.437s]       |                [01;35m[K^[m[K
[47.445s] In file included from [01m[K/workspace/modubot_ws/src/rplidar_ros/sdk/include/rplidar_cmd.h:36[m[K,
[47.445s]                  from [01m[K/workspace/modubot_ws/src/rplidar_ros/sdk/include/rplidar.h:40[m[K,
[47.446s]                  from [01m[K/workspace/modubot_ws/src/rplidar_ros/sdk/src/sdkcommon.h:49[m[K,
[47.446s]                  from [01m[K/workspace/modubot_ws/src/rplidar_ros/sdk/src/sl_lidarprotocol_codec.cpp:35[m[K:
[47.447s] [01m[K/workspace/modubot_ws/src/rplidar_ros/sdk/include/sl_lidar_cmd.h:324:20:[m[K [01;35m[Kwarning: [m[KISO C++ forbids zero-size array ‘[01m[Kpayload[m[K’ [[01;35m[K-Wpedantic[m[K]
[47.447s]   324 |     sl_u8  payload[[01;35m[K0[m[K];
[47.448s]       |                    [01;35m[K^[m[K
[48.149s] In file included from [01m[K/workspace/modubot_ws/src/rplidar_ros/sdk/src/sl_lidar_driver.cpp:50[m[K:
[48.150s] [01m[K/workspace/modubot_ws/src/rplidar_ros/sdk/src/dataunpacker/dataunpacker.h:[m[K In member function ‘[01m[Kvirtual void sl::internal::LIDARSampleDataListener::onCustomSampleDataDecoded(_u8, _u32, const void*, size_t)[m[K’:
[48.150s] [01m[K/workspace/modubot_ws/src/rplidar_ros/sdk/src/dataunpacker/dataunpacker.h:54:52:[m[K [01;35m[Kwarning: [m[Kunused parameter ‘[01m[KansType[m[K’ [[01;35m[K-Wunused-parameter[m[K]
[48.151s]    54 |         virtual void onCustomSampleDataDecoded([01;35m[K_u8 ansType[m[K, _u32 customCode, const void* data, size_t size) {}
[48.151s]       |                                                [01;35m[K~~~~^~~~~~~[m[K
[48.152s] [01m[K/workspace/modubot_ws/src/rplidar_ros/sdk/src/dataunpacker/dataunpacker.h:54:66:[m[K [01;35m[Kwarning: [m[Kunused parameter ‘[01m[KcustomCode[m[K’ [[01;35m[K-Wunused-parameter[m[K]
[48.152s]    54 |    virtual void onCustomSampleDataDecoded(_u8 ansType, [01;35m[K_u32 customCode[m[K, const void* data, size_t size) {}
[48.153s]       |                                                        [01;35m[K~~~~~^~~~~~~~~~[m[K
[48.153s] 
[48.154s] [01m[K/workspace/modubot_ws/src/rplidar_ros/sdk/src/dataunpacker/dataunpacker.h:54:90:[m[K [01;35m[Kwarning: [m[Kunused parameter ‘[01m[Kdata[m[K’ [[01;35m[K-Wunused-parameter[m[K]
[48.154s]    54 | SampleDataDecoded(_u8 ansType, _u32 customCode, [01;35m[Kconst void* data[m[K, size_t size) {}
[48.155s]       |                                                 [01;35m[K~~~~~~~~~~~~^~~~[m[K
[48.155s] 
[48.156s] [01m[K/workspace/modubot_ws/src/rplidar_ros/sdk/src/dataunpacker/dataunpacker.h:54:103:[m[K [01;35m[Kwarning: [m[Kunused parameter ‘[01m[Ksize[m[K’ [[01;35m[K-Wunused-parameter[m[K]
[48.156s]    54 | Decoded(_u8 ansType, _u32 customCode, const void* data, [01;35m[Ksize_t size[m[K) {}
[48.157s]       |                                                         [01;35m[K~~~~~~~^~~~[m[K
[48.157s] 
[48.158s] [01m[K/workspace/modubot_ws/src/rplidar_ros/sdk/src/dataunpacker/dataunpacker.h:[m[K In member function ‘[01m[Kvirtual void sl::internal::LIDARSampleDataListener::onDecodingError(int, _u8, const void*, size_t)[m[K’:
[48.158s] [01m[K/workspace/modubot_ws/src/rplidar_ros/sdk/src/dataunpacker/dataunpacker.h:56:42:[m[K [01;35m[Kwarning: [m[Kunused parameter ‘[01m[KerrMsg[m[K’ [[01;35m[K-Wunused-parameter[m[K]
[48.159s]    56 |         virtual void onDecodingError([01;35m[Kint errMsg[m[K, _u8 ansType, const void* payload, size_t size) {}
[48.159s]       |                                      [01;35m[K~~~~^~~~~~[m[K
[48.160s] [01m[K/workspace/modubot_ws/src/rplidar_ros/sdk/src/dataunpacker/dataunpacker.h:56:54:[m[K [01;35m[Kwarning: [m[Kunused parameter ‘[01m[KansType[m[K’ [[01;35m[K-Wunused-parameter[m[K]
[48.160s]    56 |         virtual void onDecodingError(int errMsg, [01;35m[K_u8 ansType[m[K, const void* payload, size_t size) {}
[48.161s]       |                                                  [01;35m[K~~~~^~~~~~~[m[K
[48.161s] [01m[K/workspace/modubot_ws/src/rplidar_ros/sdk/src/dataunpacker/dataunpacker.h:56:75:[m[K [01;35m[Kwarning: [m[Kunused parameter ‘[01m[Kpayload[m[K’ [[01;35m[K-Wunused-parameter[m[K]
[48.162s]    56 | l void onDecodingError(int errMsg, _u8 ansType, [01;35m[Kconst void* payload[m[K, size_t size) {}
[48.162s]       |                                                 [01;35m[K~~~~~~~~~~~~^~~~~~~[m[K
[48.163s] 
[48.163s] [01m[K/workspace/modubot_ws/src/rplidar_ros/sdk/src/dataunpacker/dataunpacker.h:56:91:[m[K [01;35m[Kwarning: [m[Kunused parameter ‘[01m[Ksize[m[K’ [[01;35m[K-Wunused-parameter[m[K]
[48.164s]    56 | dingError(int errMsg, _u8 ansType, const void* payload, [01;35m[Ksize_t size[m[K) {}
[48.164s]       |                                                         [01;35m[K~~~~~~~^~~~[m[K
[48.164s] 
[48.194s] In file included from [01m[K/workspace/modubot_ws/src/rplidar_ros/sdk/src/sl_lidar_driver.cpp:51[m[K:
[48.194s] [01m[K/workspace/modubot_ws/src/rplidar_ros/sdk/src/sl_async_transceiver.h:[m[K In member function ‘[01m[Kvirtual void sl::internal::IAsyncProtocolCodec::onChannelError(u_result)[m[K’:
[48.195s] [01m[K/workspace/modubot_ws/src/rplidar_ros/sdk/src/sl_async_transceiver.h:90:48:[m[K [01;35m[Kwarning: [m[Kunused parameter ‘[01m[KerrCode[m[K’ [[01;35m[K-Wunused-parameter[m[K]
[48.195s]    90 |         virtual void   onChannelError([01;35m[Ku_result errCode[m[K) {}
[48.196s]       |                                       [01;35m[K~~~~~~~~~^~~~~~~[m[K
[48.306s] [01m[K/workspace/modubot_ws/src/rplidar_ros/sdk/src/sl_lidar_driver.cpp:[m[K In member function ‘[01m[Kvirtual sl_result sl::SlamtecLidarDriver::reset(sl_u32)[m[K’:
[48.306s] [01m[K/workspace/modubot_ws/src/rplidar_ros/sdk/src/sl_lidar_driver.cpp:511:32:[m[K [01;35m[Kwarning: [m[Kunused parameter ‘[01m[KtimeoutInMs[m[K’ [[01;35m[K-Wunused-parameter[m[K]
[48.307s]   511 |         sl_result reset([01;35m[Ksl_u32 timeoutInMs = DEFAULT_TIMEOUT[m[K)
[48.307s]       |                         [01;35m[K~~~~~~~^~~~~~~~~~~~~~~~~~~~~~~~~~~~~[m[K
[48.327s] [01m[K/workspace/modubot_ws/src/rplidar_ros/sdk/src/sl_lidar_driver.cpp:[m[K In member function ‘[01m[Kvirtual sl_result sl::SlamtecLidarDriver::startScan(bool, bool, sl_u32, sl::LidarScanMode*)[m[K’:
[48.327s] [01m[K/workspace/modubot_ws/src/rplidar_ros/sdk/src/sl_lidar_driver.cpp:586:69:[m[K [01;35m[Kwarning: [m[Kunused parameter ‘[01m[Koptions[m[K’ [[01;35m[K-Wunused-parameter[m[K]
[48.327s]   586 | sl_result startScan(bool force, bool useTypicalScan, [01;35m[Ksl_u32 options = 0[m[K, LidarScanMode* outUsedScanMode = nullptr)
[48.328s]       |                                                      [01;35m[K~~~~~~~^~~~~~~~~~~[m[K
[48.328s] 
[48.336s] [01m[K/workspace/modubot_ws/src/rplidar_ros/sdk/src/sl_lidar_driver.cpp:[m[K In member function ‘[01m[Kvirtual sl_result sl::SlamtecLidarDriver::stop(sl_u32)[m[K’:
[48.337s] [01m[K/workspace/modubot_ws/src/rplidar_ros/sdk/src/sl_lidar_driver.cpp:763:31:[m[K [01;35m[Kwarning: [m[Kunused parameter ‘[01m[Ktimeout[m[K’ [[01;35m[K-Wunused-parameter[m[K]
[48.338s]   763 |         sl_result stop([01;35m[Ksl_u32 timeout = DEFAULT_TIMEOUT[m[K)
[48.338s]       |                        [01;35m[K~~~~~~~^~~~~~~~~~~~~~~~~~~~~~~~~[m[K
[48.345s] [01m[K/workspace/modubot_ws/src/rplidar_ros/sdk/src/sl_lidar_driver.cpp:[m[K In member function ‘[01m[Kvirtual sl_result sl::SlamtecLidarDriver::getFrequency(const sl::LidarScanMode&, const sl_lidar_response_measurement_node_hq_t*, size_t, float&)[m[K’:
[48.346s] [01m[K/workspace/modubot_ws/src/rplidar_ros/sdk/src/sl_lidar_driver.cpp:880:110:[m[K [01;35m[Kwarning: [m[Kunused parameter ‘[01m[Knodes[m[K’ [[01;35m[K-Wunused-parameter[m[K]
[48.346s]   880 | e& scanMode, [01;35m[Kconst sl_lidar_response_measurement_node_hq_t* nodes[m[K, size_t count, float& frequency)
[48.347s]       |              [01;35m[K~~~~~~~~~~~~~~~~~~~~~~~~~~~~~~~~~~~~~~~~~~~~~~~^~~~~[m[K
[48.347s] 
[48.359s] [01m[K/workspace/modubot_ws/src/rplidar_ros/sdk/src/sl_lidar_driver.cpp:[m[K In member function ‘[01m[Kvirtual sl_result sl::SlamtecLidarDriver::getMotorInfo(sl::LidarMotorInfo&, sl_u32)[m[K’:
[48.360s] [01m[K/workspace/modubot_ws/src/rplidar_ros/sdk/src/sl_lidar_driver.cpp:1023:66:[m[K [01;35m[Kwarning: [m[Kunused parameter ‘[01m[KtimeoutInMs[m[K’ [[01;35m[K-Wunused-parameter[m[K]
[48.360s]  1023 |    sl_result getMotorInfo(LidarMotorInfo &motorInfo, [01;35m[Ksl_u32 timeoutInMs[m[K)
[48.361s]       |                                                      [01;35m[K~~~~~~~^~~~~~~~~~~[m[K
[48.361s] 
[48.366s] [01m[K/workspace/modubot_ws/src/rplidar_ros/sdk/src/sl_lidar_driver.cpp:[m[K In member function ‘[01m[Ku_result sl::SlamtecLidarDriver::getScanModeCount(sl_u16&, sl_u32)[m[K’:
[48.367s] [01m[K/workspace/modubot_ws/src/rplidar_ros/sdk/src/sl_lidar_driver.cpp:1199:61:[m[K [01;35m[Kwarning: [m[Kunused parameter ‘[01m[KtimeoutInMs[m[K’ [[01;35m[K-Wunused-parameter[m[K]
[48.367s]  1199 |         u_result getScanModeCount(sl_u16& modeCount, [01;35m[Ksl_u32 timeoutInMs = DEFAULT_TIMEOUT[m[K)
[48.368s]       |                                                      [01;35m[K~~~~~~~^~~~~~~~~~~~~~~~~~~~~~~~~~~~~[m[K
[48.379s] In file included from [01m[K/workspace/modubot_ws/src/rplidar_ros/sdk/src/sl_lidarprotocol_codec.cpp:49[m[K:
[48.380s] [01m[K/workspace/modubot_ws/src/rplidar_ros/sdk/src/sl_async_transceiver.h:[m[K In member function ‘[01m[Kvirtual void sl::internal::IAsyncProtocolCodec::onChannelError(u_result)[m[K’:
[48.380s] [01m[K/workspace/modubot_ws/src/rplidar_ros/sdk/src/sl_async_transceiver.h:90:48:[m[K [01;35m[Kwarning: [m[Kunused parameter ‘[01m[KerrCode[m[K’ [[01;35m[K-Wunused-parameter[m[K]
[48.381s]    90 |         virtual void   onChannelError([01;35m[Ku_result errCode[m[K) {}
[48.381s]       |                                       [01;35m[K~~~~~~~~~^~~~~~~[m[K
[48.571s] /workspace/modubot_ws/src/rplidar_ros/sdk/src/sl_lidar_driver.cpp: In instantiation of ‘[01m[Kvoid sl::RawSampleNodeHolder<T>::pushNode(_u64, const T*) [with T = sl_lidar_response_measurement_node_hq_t; _u64 = long unsigned int][m[K’:
[48.572s] [01m[K/workspace/modubot_ws/src/rplidar_ros/sdk/src/sl_lidar_driver.cpp:1648:42:[m[K   required from here
[48.572s] [01m[K/workspace/modubot_ws/src/rplidar_ros/sdk/src/sl_lidar_driver.cpp:202:28:[m[K [01;35m[Kwarning: [m[Kunused parameter ‘[01m[Ktimestamp_uS[m[K’ [[01;35m[K-Wunused-parameter[m[K]
[48.573s]   202 |         void pushNode([01;35m[K_u64 timestamp_uS[m[K, const T* node)
[48.573s]       |                       [01;35m[K~~~~~^~~~~~~~~~~~[m[K
[48.890s] [ 55%] [32mBuilding CXX object CMakeFiles/rplidar_node.dir/sdk/src/sl_serial_channel.cpp.o[0m
[49.133s] [01m[K/workspace/modubot_ws/src/rplidar_ros/sdk/src/sl_lidar_driver.cpp:[m[K At global scope:
[49.134s] [01m[K/workspace/modubot_ws/src/rplidar_ros/sdk/src/sl_lidar_driver.cpp:83:17:[m[K [01;35m[Kwarning: [m[K‘[01m[Kvoid sl::convert(const sl_lidar_response_measurement_node_hq_t&, sl_lidar_response_measurement_node_t&)[m[K’ defined but not used [[01;35m[K-Wunused-function[m[K]
[49.134s]    83 |     static void [01;35m[Kconvert[m[K(const sl_lidar_response_measurement_node_hq_t& from, sl_lidar_response_measurement_node_t& to)
[49.135s]       |                 [01;35m[K^~~~~~~[m[K
[49.136s] [01m[K/workspace/modubot_ws/src/rplidar_ros/sdk/src/sl_lidar_driver.cpp:75:17:[m[K [01;35m[Kwarning: [m[K‘[01m[Kvoid sl::convert(const sl_lidar_response_measurement_node_t&, sl_lidar_response_measurement_node_hq_t&)[m[K’ defined but not used [[01;35m[K-Wunused-function[m[K]
[49.136s]    75 |     static void [01;35m[Kconvert[m[K(const sl_lidar_response_measurement_node_t& from, sl_lidar_response_measurement_node_hq_t& to)
[49.136s]       |                 [01;35m[K^~~~~~~[m[K
[49.137s] [01m[K/workspace/modubot_ws/src/rplidar_ros/sdk/src/sl_lidar_driver.cpp:70:17:[m[K [01;35m[Kwarning: [m[K‘[01m[Kvoid sl::printDeprecationWarn(const char*, const char*)[m[K’ defined but not used [[01;35m[K-Wunused-function[m[K]
[49.137s]    70 |     static void [01;35m[KprintDeprecationWarn[m[K(const char* fn, const char* replacement)
[49.138s]       |                 [01;35m[K^~~~~~~~~~~~~~~~~~~~[m[K
[49.317s] In file included from [01m[K/workspace/modubot_ws/src/rplidar_ros/sdk/include/rplidar_protocol.h:36[m[K,
[49.318s]                  from [01m[K/workspace/modubot_ws/src/rplidar_ros/sdk/include/rplidar.h:39[m[K,
[49.319s]                  from [01m[K/workspace/modubot_ws/src/rplidar_ros/sdk/src/sdkcommon.h:49[m[K,
[49.320s]                  from [01m[K/workspace/modubot_ws/src/rplidar_ros/sdk/src/dataunpacker/dataunnpacker_commondef.h:41[m[K,
[49.321s]                  from [01m[K/workspace/modubot_ws/src/rplidar_ros/sdk/src/dataunpacker/dataunpacker.cpp:39[m[K:
[49.321s] [01m[K/workspace/modubot_ws/src/rplidar_ros/sdk/include/sl_lidar_protocol.h:66:16:[m[K [01;35m[Kwarning: [m[KISO C++ forbids zero-size array ‘[01m[Kdata[m[K’ [[01;35m[K-Wpedantic[m[K]
[49.322s]    66 |     sl_u8 data[[01;35m[K0[m[K];
[49.323s]       |                [01;35m[K^[m[K
[49.326s] In file included from [01m[K/workspace/modubot_ws/src/rplidar_ros/sdk/include/rplidar_cmd.h:36[m[K,
[49.327s]                  from [01m[K/workspace/modubot_ws/src/rplidar_ros/sdk/include/rplidar.h:40[m[K,
[49.328s]                  from [01m[K/workspace/modubot_ws/src/rplidar_ros/sdk/src/sdkcommon.h:49[m[K,
[49.328s]                  from [01m[K/workspace/modubot_ws/src/rplidar_ros/sdk/src/dataunpacker/dataunnpacker_commondef.h:41[m[K,
[49.329s]                  from [01m[K/workspace/modubot_ws/src/rplidar_ros/sdk/src/dataunpacker/dataunpacker.cpp:39[m[K:
[49.329s] [01m[K/workspace/modubot_ws/src/rplidar_ros/sdk/include/sl_lidar_cmd.h:324:20:[m[K [01;35m[Kwarning: [m[KISO C++ forbids zero-size array ‘[01m[Kpayload[m[K’ [[01;35m[K-Wpedantic[m[K]
[49.329s]   324 |     sl_u8  payload[[01;35m[K0[m[K];
[49.330s]       |                    [01;35m[K^[m[K
[50.140s] In file included from [01m[K/workspace/modubot_ws/src/rplidar_ros/sdk/include/sl_lidar_cmd.h:41[m[K,
[50.141s]                  from [01m[K/workspace/modubot_ws/src/rplidar_ros/sdk/include/sl_lidar_driver.h:54[m[K,
[50.142s]                  from [01m[K/workspace/modubot_ws/src/rplidar_ros/sdk/src/sl_serial_channel.cpp:33[m[K:
[50.143s] [01m[K/workspace/modubot_ws/src/rplidar_ros/sdk/include/sl_lidar_protocol.h:66:16:[m[K [01;35m[Kwarning: [m[KISO C++ forbids zero-size array ‘[01m[Kdata[m[K’ [[01;35m[K-Wpedantic[m[K]
[50.144s]    66 |     sl_u8 data[[01;35m[K0[m[K];
[50.145s]       |                [01;35m[K^[m[K
[50.150s] In file included from [01m[K/workspace/modubot_ws/src/rplidar_ros/sdk/include/sl_lidar_driver.h:54[m[K,
[50.151s]                  from [01m[K/workspace/modubot_ws/src/rplidar_ros/sdk/src/sl_serial_channel.cpp:33[m[K:
[50.152s] [01m[K/workspace/modubot_ws/src/rplidar_ros/sdk/include/sl_lidar_cmd.h:324:20:[m[K [01;35m[Kwarning: [m[KISO C++ forbids zero-size array ‘[01m[Kpayload[m[K’ [[01;35m[K-Wpedantic[m[K]
[50.152s]   324 |     sl_u8  payload[[01;35m[K0[m[K];
[50.153s]       |                    [01;35m[K^[m[K
[50.302s] In file included from [01m[K/workspace/modubot_ws/src/rplidar_ros/sdk/src/dataunpacker/dataunpacker.cpp:40[m[K:
[50.303s] [01m[K/workspace/modubot_ws/src/rplidar_ros/sdk/src/dataunpacker/dataunpacker.h:[m[K In member function ‘[01m[Kvirtual void sl::internal::LIDARSampleDataListener::onCustomSampleDataDecoded(_u8, _u32, const void*, size_t)[m[K’:
[50.303s] [01m[K/workspace/modubot_ws/src/rplidar_ros/sdk/src/dataunpacker/dataunpacker.h:54:52:[m[K [01;35m[Kwarning: [m[Kunused parameter ‘[01m[KansType[m[K’ [[01;35m[K-Wunused-parameter[m[K]
[50.304s]    54 |         virtual void onCustomSampleDataDecoded([01;35m[K_u8 ansType[m[K, _u32 customCode, const void* data, size_t size) {}
[50.304s]       |                                                [01;35m[K~~~~^~~~~~~[m[K
[50.305s] [01m[K/workspace/modubot_ws/src/rplidar_ros/sdk/src/dataunpacker/dataunpacker.h:54:66:[m[K [01;35m[Kwarning: [m[Kunused parameter ‘[01m[KcustomCode[m[K’ [[01;35m[K-Wunused-parameter[m[K]
[50.305s]    54 |         virtual void onCustomSampleDataDecoded(_u8 ansType, [01;35m[K_u32 customCode[m[K, const void* data, size_t size) {}
[50.306s]       |                                                             [01;35m[K~~~~~^~~~~~~~~~[m[K
[50.306s] [01m[K/workspace/modubot_ws/src/rplidar_ros/sdk/src/dataunpacker/dataunpacker.h:54:90:[m[K [01;35m[Kwarning: [m[Kunused parameter ‘[01m[Kdata[m[K’ [[01;35m[K-Wunused-parameter[m[K]
[50.306s]    54 |         virtual void onCustomSampleDataDecoded(_u8 ansType, _u32 customCode, [01;35m[Kconst void* data[m[K, size_t size) {}
[50.307s]       |                                                                              [01;35m[K~~~~~~~~~~~~^~~~[m[K
[50.308s] [01m[K/workspace/modubot_ws/src/rplidar_ros/sdk/src/dataunpacker/dataunpacker.h:54:103:[m[K [01;35m[Kwarning: [m[Kunused parameter ‘[01m[Ksize[m[K’ [[01;35m[K-Wunused-parameter[m[K]
[50.308s]    54 |         virtual void onCustomSampleDataDecoded(_u8 ansType, _u32 customCode, const void* data, [01;35m[Ksize_t size[m[K) {}
[50.309s]       |                                                                                                [01;35m[K~~~~~~~^~~~[m[K
[50.309s] [01m[K/workspace/modubot_ws/src/rplidar_ros/sdk/src/dataunpacker/dataunpacker.h:[m[K In member function ‘[01m[Kvirtual void sl::internal::LIDARSampleDataListener::onDecodingError(int, _u8, const void*, size_t)[m[K’:
[50.310s] [01m[K/workspace/modubot_ws/src/rplidar_ros/sdk/src/dataunpacker/dataunpacker.h:56:42:[m[K [01;35m[Kwarning: [m[Kunused parameter ‘[01m[KerrMsg[m[K’ [[01;35m[K-Wunused-parameter[m[K]
[50.310s]    56 |         virtual void onDecodingError([01;35m[Kint errMsg[m[K, _u8 ansType, const void* payload, size_t size) {}
[50.310s]       |                                      [01;35m[K~~~~^~~~~~[m[K
[50.311s] [01m[K/workspace/modubot_ws/src/rplidar_ros/sdk/src/dataunpacker/dataunpacker.h:56:54:[m[K [01;35m[Kwarning: [m[Kunused parameter ‘[01m[KansType[m[K’ [[01;35m[K-Wunused-parameter[m[K]
[50.311s]    56 |         virtual void onDecodingError(int errMsg, [01;35m[K_u8 ansType[m[K, const void* payload, size_t size) {}
[50.312s]       |                                                  [01;35m[K~~~~^~~~~~~[m[K
[50.312s] [01m[K/workspace/modubot_ws/src/rplidar_ros/sdk/src/dataunpacker/dataunpacker.h:56:75:[m[K [01;35m[Kwarning: [m[Kunused parameter ‘[01m[Kpayload[m[K’ [[01;35m[K-Wunused-parameter[m[K]
[50.313s]    56 |         virtual void onDecodingError(int errMsg, _u8 ansType, [01;35m[Kconst void* payload[m[K, size_t size) {}
[50.319s]       |                                                               [01;35m[K~~~~~~~~~~~~^~~~~~~[m[K
[50.319s] [01m[K/workspace/modubot_ws/src/rplidar_ros/sdk/src/dataunpacker/dataunpacker.h:56:91:[m[K [01;35m[Kwarning: [m[Kunused parameter ‘[01m[Ksize[m[K’ [[01;35m[K-Wunused-parameter[m[K]
[50.320s]    56 |         virtual void onDecodingError(int errMsg, _u8 ansType, const void* payload, [01;35m[Ksize_t size[m[K) {}
[50.320s]       |                                                                                    [01;35m[K~~~~~~~^~~~[m[K
[50.586s] [ 57%] [32mBuilding CXX object CMakeFiles/rplidar_node.dir/sdk/src/sl_tcp_channel.cpp.o[0m
[50.997s] [ 60%] [32mBuilding CXX object CMakeFiles/rplidar_node.dir/sdk/src/sl_udp_channel.cpp.o[0m
[51.310s] [ 63%] [32mBuilding CXX object CMakeFiles/rplidar_composition.dir/sdk/src/dataunpacker/unpacker/handler_capsules.cpp.o[0m
[51.734s] In file included from [01m[K/workspace/modubot_ws/src/rplidar_ros/sdk/include/sl_lidar_cmd.h:41[m[K,
[51.735s]                  from [01m[K/workspace/modubot_ws/src/rplidar_ros/sdk/include/sl_lidar_driver.h:54[m[K,
[51.735s]                  from [01m[K/workspace/modubot_ws/src/rplidar_ros/sdk/src/sl_tcp_channel.cpp:33[m[K:
[51.736s] [01m[K/workspace/modubot_ws/src/rplidar_ros/sdk/include/sl_lidar_protocol.h:66:16:[m[K [01;35m[Kwarning: [m[KISO C++ forbids zero-size array ‘[01m[Kdata[m[K’ [[01;35m[K-Wpedantic[m[K]
[51.736s]    66 |     sl_u8 data[[01;35m[K0[m[K];
[51.736s]       |                [01;35m[K^[m[K
[51.737s] In file included from [01m[K/workspace/modubot_ws/src/rplidar_ros/sdk/include/sl_lidar_driver.h:54[m[K,
[51.737s]                  from [01m[K/workspace/modubot_ws/src/rplidar_ros/sdk/src/sl_tcp_channel.cpp:33[m[K:
[51.738s] [01m[K/workspace/modubot_ws/src/rplidar_ros/sdk/include/sl_lidar_cmd.h:324:20:[m[K [01;35m[Kwarning: [m[KISO C++ forbids zero-size array ‘[01m[Kpayload[m[K’ [[01;35m[K-Wpedantic[m[K]
[51.738s]   324 |     sl_u8  payload[[01;35m[K0[m[K];
[51.739s]       |                    [01;35m[K^[m[K
[51.755s] [01m[K/workspace/modubot_ws/src/rplidar_ros/sdk/src/sl_tcp_channel.cpp:[m[K In member function ‘[01m[Kvoid sl::TcpChannel::setStatus(_u32)[m[K’:
[51.755s] [01m[K/workspace/modubot_ws/src/rplidar_ros/sdk/src/sl_tcp_channel.cpp:109:29:[m[K [01;35m[Kwarning: [m[Kunused parameter ‘[01m[Kflag[m[K’ [[01;35m[K-Wunused-parameter[m[K]
[51.756s]   109 |         void setStatus([01;35m[K_u32 flag[m[K){}
[51.758s]       |                        [01;35m[K~~~~~^~~~[m[K
[51.997s] [ 65%] [32mBuilding CXX object CMakeFiles/rplidar_composition.dir/sdk/src/dataunpacker/unpacker/handler_hqnode.cpp.o[0m
[52.162s] In file included from [01m[K/workspace/modubot_ws/src/rplidar_ros/sdk/include/sl_lidar_cmd.h:41[m[K,
[52.162s]                  from [01m[K/workspace/modubot_ws/src/rplidar_ros/sdk/include/sl_lidar_driver.h:54[m[K,
[52.163s]                  from [01m[K/workspace/modubot_ws/src/rplidar_ros/sdk/src/sl_udp_channel.cpp:33[m[K:
[52.163s] [01m[K/workspace/modubot_ws/src/rplidar_ros/sdk/include/sl_lidar_protocol.h:66:16:[m[K [01;35m[Kwarning: [m[KISO C++ forbids zero-size array ‘[01m[Kdata[m[K’ [[01;35m[K-Wpedantic[m[K]
[52.164s]    66 |     sl_u8 data[[01;35m[K0[m[K];
[52.164s]       |                [01;35m[K^[m[K
[52.165s] In file included from [01m[K/workspace/modubot_ws/src/rplidar_ros/sdk/include/sl_lidar_driver.h:54[m[K,
[52.165s]                  from [01m[K/workspace/modubot_ws/src/rplidar_ros/sdk/src/sl_udp_channel.cpp:33[m[K:
[52.165s] [01m[K/workspace/modubot_ws/src/rplidar_ros/sdk/include/sl_lidar_cmd.h:324:20:[m[K [01;35m[Kwarning: [m[KISO C++ forbids zero-size array ‘[01m[Kpayload[m[K’ [[01;35m[K-Wpedantic[m[K]
[52.166s]   324 |     sl_u8  payload[[01;35m[K0[m[K];
[52.166s]       |                    [01;35m[K^[m[K
[52.173s] [01m[K/workspace/modubot_ws/src/rplidar_ros/sdk/src/sl_udp_channel.cpp:[m[K In member function ‘[01m[Kvoid sl::UdpChannel::setStatus(_u32)[m[K’:
[52.174s] [01m[K/workspace/modubot_ws/src/rplidar_ros/sdk/src/sl_udp_channel.cpp:112:29:[m[K [01;35m[Kwarning: [m[Kunused parameter ‘[01m[Kflag[m[K’ [[01;35m[K-Wunused-parameter[m[K]
[52.174s]   112 |         void setStatus([01;35m[K_u32 flag[m[K){}
[52.175s]       |                        [01;35m[K~~~~~^~~~[m[K
[52.406s] [ 68%] [32m[1mLinking CXX executable rplidar_node[0m
[53.334s] In file included from [01m[K/workspace/modubot_ws/src/rplidar_ros/sdk/include/rplidar_protocol.h:36[m[K,
[53.334s]                  from [01m[K/workspace/modubot_ws/src/rplidar_ros/sdk/include/rplidar.h:39[m[K,
[53.335s]                  from [01m[K/workspace/modubot_ws/src/rplidar_ros/sdk/src/sdkcommon.h:49[m[K,
[53.335s]                  from [01m[K/workspace/modubot_ws/src/rplidar_ros/sdk/src/dataunpacker/unpacker/../dataunnpacker_commondef.h:41[m[K,
[53.336s]                  from [01m[K/workspace/modubot_ws/src/rplidar_ros/sdk/src/dataunpacker/unpacker/handler_capsules.cpp:39[m[K:
[53.336s] [01m[K/workspace/modubot_ws/src/rplidar_ros/sdk/include/sl_lidar_protocol.h:66:16:[m[K [01;35m[Kwarning: [m[KISO C++ forbids zero-size array ‘[01m[Kdata[m[K’ [[01;35m[K-Wpedantic[m[K]
[53.337s]    66 |     sl_u8 data[[01;35m[K0[m[K];
[53.337s]       |                [01;35m[K^[m[K
[53.338s] In file included from [01m[K/workspace/modubot_ws/src/rplidar_ros/sdk/include/rplidar_cmd.h:36[m[K,
[53.339s]                  from [01m[K/workspace/modubot_ws/src/rplidar_ros/sdk/include/rplidar.h:40[m[K,
[53.339s]                  from [01m[K/workspace/modubot_ws/src/rplidar_ros/sdk/src/sdkcommon.h:49[m[K,
[53.340s]                  from [01m[K/workspace/modubot_ws/src/rplidar_ros/sdk/src/dataunpacker/unpacker/../dataunnpacker_commondef.h:41[m[K,
[53.340s]                  from [01m[K/workspace/modubot_ws/src/rplidar_ros/sdk/src/dataunpacker/unpacker/handler_capsules.cpp:39[m[K:
[53.341s] [01m[K/workspace/modubot_ws/src/rplidar_ros/sdk/include/sl_lidar_cmd.h:324:20:[m[K [01;35m[Kwarning: [m[KISO C++ forbids zero-size array ‘[01m[Kpayload[m[K’ [[01;35m[K-Wpedantic[m[K]
[53.341s]   324 |     sl_u8  payload[[01;35m[K0[m[K];
[53.342s]       |                    [01;35m[K^[m[K
[53.776s] [ 71%] [32m[1mLinking CXX executable rplidar_client[0m
[54.086s] In file included from [01m[K/workspace/modubot_ws/src/rplidar_ros/sdk/include/rplidar_protocol.h:36[m[K,
[54.088s]                  from [01m[K/workspace/modubot_ws/src/rplidar_ros/sdk/include/rplidar.h:39[m[K,
[54.089s]                  from [01m[K/workspace/modubot_ws/src/rplidar_ros/sdk/src/sdkcommon.h:49[m[K,
[54.091s]                  from [01m[K/workspace/modubot_ws/src/rplidar_ros/sdk/src/dataunpacker/unpacker/../dataunnpacker_commondef.h:41[m[K,
[54.092s]                  from [01m[K/workspace/modubot_ws/src/rplidar_ros/sdk/src/dataunpacker/unpacker/handler_hqnode.cpp:39[m[K:
[54.092s] [01m[K/workspace/modubot_ws/src/rplidar_ros/sdk/include/sl_lidar_protocol.h:66:16:[m[K [01;35m[Kwarning: [m[KISO C++ forbids zero-size array ‘[01m[Kdata[m[K’ [[01;35m[K-Wpedantic[m[K]
[54.093s]    66 |     sl_u8 data[[01;35m[K0[m[K];
[54.094s]       |                [01;35m[K^[m[K
[54.098s] In file included from [01m[K/workspace/modubot_ws/src/rplidar_ros/sdk/include/rplidar_cmd.h:36[m[K,
[54.099s]                  from [01m[K/workspace/modubot_ws/src/rplidar_ros/sdk/include/rplidar.h:40[m[K,
[54.100s]                  from [01m[K/workspace/modubot_ws/src/rplidar_ros/sdk/src/sdkcommon.h:49[m[K,
[54.101s]                  from [01m[K/workspace/modubot_ws/src/rplidar_ros/sdk/src/dataunpacker/unpacker/../dataunnpacker_commondef.h:41[m[K,
[54.102s]                  from [01m[K/workspace/modubot_ws/src/rplidar_ros/sdk/src/dataunpacker/unpacker/handler_hqnode.cpp:39[m[K:
[54.103s] [01m[K/workspace/modubot_ws/src/rplidar_ros/sdk/include/sl_lidar_cmd.h:324:20:[m[K [01;35m[Kwarning: [m[KISO C++ forbids zero-size array ‘[01m[Kpayload[m[K’ [[01;35m[K-Wpedantic[m[K]
[54.103s]   324 |     sl_u8  payload[[01;35m[K0[m[K];
[54.104s]       |                    [01;35m[K^[m[K
[54.304s] In file included from [01m[K/workspace/modubot_ws/src/rplidar_ros/sdk/src/dataunpacker/unpacker/handler_capsules.cpp:40[m[K:
[54.305s] [01m[K/workspace/modubot_ws/src/rplidar_ros/sdk/src/dataunpacker/unpacker/../dataunpacker.h:[m[K In member function ‘[01m[Kvirtual void sl::internal::LIDARSampleDataListener::onCustomSampleDataDecoded(_u8, _u32, const void*, size_t)[m[K’:
[54.305s] [01m[K/workspace/modubot_ws/src/rplidar_ros/sdk/src/dataunpacker/unpacker/../dataunpacker.h:54:52:[m[K [01;35m[Kwarning: [m[Kunused parameter ‘[01m[KansType[m[K’ [[01;35m[K-Wunused-parameter[m[K]
[54.306s]    54 |         virtual void onCustomSampleDataDecoded([01;35m[K_u8 ansType[m[K, _u32 customCode, const void* data, size_t size) {}
[54.306s]       |                                                [01;35m[K~~~~^~~~~~~[m[K
[54.308s] [01m[K/workspace/modubot_ws/src/rplidar_ros/sdk/src/dataunpacker/unpacker/../dataunpacker.h:54:66:[m[K [01;35m[Kwarning: [m[Kunused parameter ‘[01m[KcustomCode[m[K’ [[01;35m[K-Wunused-parameter[m[K]
[54.308s]    54 |         virtual void onCustomSampleDataDecoded(_u8 ansType, [01;35m[K_u32 customCode[m[K, const void* data, size_t size) {}
[54.309s]       |                                                             [01;35m[K~~~~~^~~~~~~~~~[m[K
[54.309s] [01m[K/workspace/modubot_ws/src/rplidar_ros/sdk/src/dataunpacker/unpacker/../dataunpacker.h:54:90:[m[K [01;35m[Kwarning: [m[Kunused parameter ‘[01m[Kdata[m[K’ [[01;35m[K-Wunused-parameter[m[K]
[54.310s]    54 |         virtual void onCustomSampleDataDecoded(_u8 ansType, _u32 customCode, [01;35m[Kconst void* data[m[K, size_t size) {}
[54.311s]       |                                                                              [01;35m[K~~~~~~~~~~~~^~~~[m[K
[54.311s] [01m[K/workspace/modubot_ws/src/rplidar_ros/sdk/src/dataunpacker/unpacker/../dataunpacker.h:54:103:[m[K [01;35m[Kwarning: [m[Kunused parameter ‘[01m[Ksize[m[K’ [[01;35m[K-Wunused-parameter[m[K]
[54.312s]    54 |         virtual void onCustomSampleDataDecoded(_u8 ansType, _u32 customCode, const void* data, [01;35m[Ksize_t size[m[K) {}
[54.312s]       |                                                                                                [01;35m[K~~~~~~~^~~~[m[K
[54.313s] [01m[K/workspace/modubot_ws/src/rplidar_ros/sdk/src/dataunpacker/unpacker/../dataunpacker.h:[m[K In member function ‘[01m[Kvirtual void sl::internal::LIDARSampleDataListener::onDecodingError(int, _u8, const void*, size_t)[m[K’:
[54.313s] [01m[K/workspace/modubot_ws/src/rplidar_ros/sdk/src/dataunpacker/unpacker/../dataunpacker.h:56:42:[m[K [01;35m[Kwarning: [m[Kunused parameter ‘[01m[KerrMsg[m[K’ [[01;35m[K-Wunused-parameter[m[K]
[54.314s]    56 |         virtual void onDecodingError([01;35m[Kint errMsg[m[K, _u8 ansType, const void* payload, size_t size) {}
[54.314s]       |                                      [01;35m[K~~~~^~~~~~[m[K
[54.315s] [01m[K/workspace/modubot_ws/src/rplidar_ros/sdk/src/dataunpacker/unpacker/../dataunpacker.h:56:54:[m[K [01;35m[Kwarning: [m[Kunused parameter ‘[01m[KansType[m[K’ [[01;35m[K-Wunused-parameter[m[K]
[54.316s]    56 |         virtual void onDecodingError(int errMsg, [01;35m[K_u8 ansType[m[K, const void* payload, size_t size) {}
[54.316s]       |                                                  [01;35m[K~~~~^~~~~~~[m[K
[54.317s] [01m[K/workspace/modubot_ws/src/rplidar_ros/sdk/src/dataunpacker/unpacker/../dataunpacker.h:56:75:[m[K [01;35m[Kwarning: [m[Kunused parameter ‘[01m[Kpayload[m[K’ [[01;35m[K-Wunused-parameter[m[K]
[54.317s]    56 |         virtual void onDecodingError(int errMsg, _u8 ansType, [01;35m[Kconst void* payload[m[K, size_t size) {}
[54.318s]       |                                                               [01;35m[K~~~~~~~~~~~~^~~~~~~[m[K
[54.327s] [01m[K/workspace/modubot_ws/src/rplidar_ros/sdk/src/dataunpacker/unpacker/../dataunpacker.h:56:91:[m[K [01;35m[Kwarning: [m[Kunused parameter ‘[01m[Ksize[m[K’ [[01;35m[K-Wunused-parameter[m[K]
[54.327s]    56 |         virtual void onDecodingError(int errMsg, _u8 ansType, const void* payload, [01;35m[Ksize_t size[m[K) {}
[54.328s]       |                                                                                    [01;35m[K~~~~~~~^~~~[m[K
[54.328s] [ 71%] Built target rplidar_node
[54.343s] [ 73%] [32mBuilding CXX object CMakeFiles/rplidar_composition.dir/sdk/src/dataunpacker/unpacker/handler_normalnode.cpp.o[0m
[54.377s] [01m[K/workspace/modubot_ws/src/rplidar_ros/sdk/src/dataunpacker/unpacker/handler_capsules.cpp:[m[K In member function ‘[01m[Kvoid sl::internal::unpacker::UnpackerHandler_DenseCapsuleNode::_onScanNodeDenseCapsuleData(rplidar_response_dense_capsule_measurement_nodes_t&, sl::internal::LIDARSampleDataUnpackerInner*)[m[K’:
[54.378s] [01m[K/workspace/modubot_ws/src/rplidar_ros/sdk/src/dataunpacker/unpacker/handler_capsules.cpp:763:30:[m[K [01;35m[Kwarning: [m[Ktype qualifiers ignored on cast result type [[01;35m[K-Wignored-qualifiers[m[K]
[54.379s]   763 |             const int dist = [01;35m[Kstatic_cast<const int>(_cached_previous_dense_capsuledata.cabins[pos].distance)[m[K;
[54.379s]       |                              [01;35m[K^~~~~~~~~~~~~~~~~~~~~~~~~~~~~~~~~~~~~~~~~~~~~~~~~~~~~~~~~~~~~~~~~~~~~~~~~~~~~~~[m[K
[55.124s] In file included from [01m[K/workspace/modubot_ws/src/rplidar_ros/sdk/src/dataunpacker/unpacker/handler_hqnode.cpp:40[m[K:
[55.124s] [01m[K/workspace/modubot_ws/src/rplidar_ros/sdk/src/dataunpacker/unpacker/../dataunpacker.h:[m[K In member function ‘[01m[Kvirtual void sl::internal::LIDARSampleDataListener::onCustomSampleDataDecoded(_u8, _u32, const void*, size_t)[m[K’:
[55.125s] [01m[K/workspace/modubot_ws/src/rplidar_ros/sdk/src/dataunpacker/unpacker/../dataunpacker.h:54:52:[m[K [01;35m[Kwarning: [m[Kunused parameter ‘[01m[KansType[m[K’ [[01;35m[K-Wunused-parameter[m[K]
[55.125s]    54 |         virtual void onCustomSampleDataDecoded([01;35m[K_u8 ansType[m[K, _u32 customCode, const void* data, size_t size) {}
[55.126s]       |                                                [01;35m[K~~~~^~~~~~~[m[K
[55.127s] [01m[K/workspace/modubot_ws/src/rplidar_ros/sdk/src/dataunpacker/unpacker/../dataunpacker.h:54:66:[m[K [01;35m[Kwarning: [m[Kunused parameter ‘[01m[KcustomCode[m[K’ [[01;35m[K-Wunused-parameter[m[K]
[55.127s]    54 |         virtual void onCustomSampleDataDecoded(_u8 ansType, [01;35m[K_u32 customCode[m[K, const void* data, size_t size) {}
[55.128s]       |                                                             [01;35m[K~~~~~^~~~~~~~~~[m[K
[55.129s] [01m[K/workspace/modubot_ws/src/rplidar_ros/sdk/src/dataunpacker/unpacker/../dataunpacker.h:54:90:[m[K [01;35m[Kwarning: [m[Kunused parameter ‘[01m[Kdata[m[K’ [[01;35m[K-Wunused-parameter[m[K]
[55.129s]    54 |         virtual void onCustomSampleDataDecoded(_u8 ansType, _u32 customCode, [01;35m[Kconst void* data[m[K, size_t size) {}
[55.130s]       |                                                                              [01;35m[K~~~~~~~~~~~~^~~~[m[K
[55.131s] [01m[K/workspace/modubot_ws/src/rplidar_ros/sdk/src/dataunpacker/unpacker/../dataunpacker.h:54:103:[m[K [01;35m[Kwarning: [m[Kunused parameter ‘[01m[Ksize[m[K’ [[01;35m[K-Wunused-parameter[m[K]
[55.131s]    54 |         virtual void onCustomSampleDataDecoded(_u8 ansType, _u32 customCode, const void* data, [01;35m[Ksize_t size[m[K) {}
[55.132s]       |                                                                                                [01;35m[K~~~~~~~^~~~[m[K
[55.133s] [01m[K/workspace/modubot_ws/src/rplidar_ros/sdk/src/dataunpacker/unpacker/../dataunpacker.h:[m[K In member function ‘[01m[Kvirtual void sl::internal::LIDARSampleDataListener::onDecodingError(int, _u8, const void*, size_t)[m[K’:
[55.133s] [01m[K/workspace/modubot_ws/src/rplidar_ros/sdk/src/dataunpacker/unpacker/../dataunpacker.h:56:42:[m[K [01;35m[Kwarning: [m[Kunused parameter ‘[01m[KerrMsg[m[K’ [[01;35m[K-Wunused-parameter[m[K]
[55.134s]    56 |         virtual void onDecodingError([01;35m[Kint errMsg[m[K, _u8 ansType, const void* payload, size_t size) {}
[55.134s]       |                                      [01;35m[K~~~~^~~~~~[m[K
[55.135s] [01m[K/workspace/modubot_ws/src/rplidar_ros/sdk/src/dataunpacker/unpacker/../dataunpacker.h:56:54:[m[K [01;35m[Kwarning: [m[Kunused parameter ‘[01m[KansType[m[K’ [[01;35m[K-Wunused-parameter[m[K]
[55.136s]    56 |         virtual void onDecodingError(int errMsg, [01;35m[K_u8 ansType[m[K, const void* payload, size_t size) {}
[55.136s]       |                                                  [01;35m[K~~~~^~~~~~~[m[K
[55.137s] [01m[K/workspace/modubot_ws/src/rplidar_ros/sdk/src/dataunpacker/unpacker/../dataunpacker.h:56:75:[m[K [01;35m[Kwarning: [m[Kunused parameter ‘[01m[Kpayload[m[K’ [[01;35m[K-Wunused-parameter[m[K]
[55.138s]    56 |         virtual void onDecodingError(int errMsg, _u8 ansType, [01;35m[Kconst void* payload[m[K, size_t size) {}
[55.139s]       |                                                               [01;35m[K~~~~~~~~~~~~^~~~~~~[m[K
[55.141s] [01m[K/workspace/modubot_ws/src/rplidar_ros/sdk/src/dataunpacker/unpacker/../dataunpacker.h:56:91:[m[K [01;35m[Kwarning: [m[Kunused parameter ‘[01m[Ksize[m[K’ [[01;35m[K-Wunused-parameter[m[K]
[55.142s]    56 |         virtual void onDecodingError(int errMsg, _u8 ansType, const void* payload, [01;35m[Ksize_t size[m[K) {}
[55.142s]       |                                                                                    [01;35m[K~~~~~~~^~~~[m[K
[55.800s] [ 73%] Built target rplidar_client
[56.140s] In file included from [01m[K/workspace/modubot_ws/src/rplidar_ros/sdk/include/rplidar_protocol.h:36[m[K,
[56.141s]                  from [01m[K/workspace/modubot_ws/src/rplidar_ros/sdk/include/rplidar.h:39[m[K,
[56.141s]                  from [01m[K/workspace/modubot_ws/src/rplidar_ros/sdk/src/sdkcommon.h:49[m[K,
[56.141s]                  from [01m[K/workspace/modubot_ws/src/rplidar_ros/sdk/src/dataunpacker/unpacker/../dataunnpacker_commondef.h:41[m[K,
[56.142s]                  from [01m[K/workspace/modubot_ws/src/rplidar_ros/sdk/src/dataunpacker/unpacker/handler_normalnode.cpp:39[m[K:
[56.143s] [01m[K/workspace/modubot_ws/src/rplidar_ros/sdk/include/sl_lidar_protocol.h:66:16:[m[K [01;35m[Kwarning: [m[KISO C++ forbids zero-size array ‘[01m[Kdata[m[K’ [[01;35m[K-Wpedantic[m[K]
[56.143s]    66 |     sl_u8 data[[01;35m[K0[m[K];
[56.144s]       |                [01;35m[K^[m[K
[56.144s] In file included from [01m[K/workspace/modubot_ws/src/rplidar_ros/sdk/include/rplidar_cmd.h:36[m[K,
[56.145s]                  from [01m[K/workspace/modubot_ws/src/rplidar_ros/sdk/include/rplidar.h:40[m[K,
[56.145s]                  from [01m[K/workspace/modubot_ws/src/rplidar_ros/sdk/src/sdkcommon.h:49[m[K,
[56.145s]                  from [01m[K/workspace/modubot_ws/src/rplidar_ros/sdk/src/dataunpacker/unpacker/../dataunnpacker_commondef.h:41[m[K,
[56.146s]                  from [01m[K/workspace/modubot_ws/src/rplidar_ros/sdk/src/dataunpacker/unpacker/handler_normalnode.cpp:39[m[K:
[56.146s] [01m[K/workspace/modubot_ws/src/rplidar_ros/sdk/include/sl_lidar_cmd.h:324:20:[m[K [01;35m[Kwarning: [m[KISO C++ forbids zero-size array ‘[01m[Kpayload[m[K’ [[01;35m[K-Wpedantic[m[K]
[56.147s]   324 |     sl_u8  payload[[01;35m[K0[m[K];
[56.147s]       |                    [01;35m[K^[m[K
[56.820s] In file included from [01m[K/workspace/modubot_ws/src/rplidar_ros/sdk/src/dataunpacker/unpacker/handler_normalnode.cpp:40[m[K:
[56.821s] [01m[K/workspace/modubot_ws/src/rplidar_ros/sdk/src/dataunpacker/unpacker/../dataunpacker.h:[m[K In member function ‘[01m[Kvirtual void sl::internal::LIDARSampleDataListener::onCustomSampleDataDecoded(_u8, _u32, const void*, size_t)[m[K’:
[56.821s] [01m[K/workspace/modubot_ws/src/rplidar_ros/sdk/src/dataunpacker/unpacker/../dataunpacker.h:54:52:[m[K [01;35m[Kwarning: [m[Kunused parameter ‘[01m[KansType[m[K’ [[01;35m[K-Wunused-parameter[m[K]
[56.822s]    54 |         virtual void onCustomSampleDataDecoded([01;35m[K_u8 ansType[m[K, _u32 customCode, const void* data, size_t size) {}
[56.822s]       |                                                [01;35m[K~~~~^~~~~~~[m[K
[56.822s] [01m[K/workspace/modubot_ws/src/rplidar_ros/sdk/src/dataunpacker/unpacker/../dataunpacker.h:54:66:[m[K [01;35m[Kwarning: [m[Kunused parameter ‘[01m[KcustomCode[m[K’ [[01;35m[K-Wunused-parameter[m[K]
[56.823s]    54 |         virtual void onCustomSampleDataDecoded(_u8 ansType, [01;35m[K_u32 customCode[m[K, const void* data, size_t size) {}
[56.823s]       |                                                             [01;35m[K~~~~~^~~~~~~~~~[m[K
[56.823s] [01m[K/workspace/modubot_ws/src/rplidar_ros/sdk/src/dataunpacker/unpacker/../dataunpacker.h:54:90:[m[K [01;35m[Kwarning: [m[Kunused parameter ‘[01m[Kdata[m[K’ [[01;35m[K-Wunused-parameter[m[K]
[56.824s]    54 |         virtual void onCustomSampleDataDecoded(_u8 ansType, _u32 customCode, [01;35m[Kconst void* data[m[K, size_t size) {}
[56.824s]       |                                                                              [01;35m[K~~~~~~~~~~~~^~~~[m[K
[56.824s] [01m[K/workspace/modubot_ws/src/rplidar_ros/sdk/src/dataunpacker/unpacker/../dataunpacker.h:54:103:[m[K [01;35m[Kwarning: [m[Kunused parameter ‘[01m[Ksize[m[K’ [[01;35m[K-Wunused-parameter[m[K]
[56.825s]    54 |         virtual void onCustomSampleDataDecoded(_u8 ansType, _u32 customCode, const void* data, [01;35m[Ksize_t size[m[K) {}
[56.825s]       |                                                                                                [01;35m[K~~~~~~~^~~~[m[K
[56.825s] [01m[K/workspace/modubot_ws/src/rplidar_ros/sdk/src/dataunpacker/unpacker/../dataunpacker.h:[m[K In member function ‘[01m[Kvirtual void sl::internal::LIDARSampleDataListener::onDecodingError(int, _u8, const void*, size_t)[m[K’:
[56.826s] [01m[K/workspace/modubot_ws/src/rplidar_ros/sdk/src/dataunpacker/unpacker/../dataunpacker.h:56:42:[m[K [01;35m[Kwarning: [m[Kunused parameter ‘[01m[KerrMsg[m[K’ [[01;35m[K-Wunused-parameter[m[K]
[56.826s]    56 |         virtual void onDecodingError([01;35m[Kint errMsg[m[K, _u8 ansType, const void* payload, size_t size) {}
[56.826s]       |                                      [01;35m[K~~~~^~~~~~[m[K
[56.827s] [01m[K/workspace/modubot_ws/src/rplidar_ros/sdk/src/dataunpacker/unpacker/../dataunpacker.h:56:54:[m[K [01;35m[Kwarning: [m[Kunused parameter ‘[01m[KansType[m[K’ [[01;35m[K-Wunused-parameter[m[K]
[56.827s]    56 |         virtual void onDecodingError(int errMsg, [01;35m[K_u8 ansType[m[K, const void* payload, size_t size) {}
[56.827s]       |                                                  [01;35m[K~~~~^~~~~~~[m[K
[56.827s] [01m[K/workspace/modubot_ws/src/rplidar_ros/sdk/src/dataunpacker/unpacker/../dataunpacker.h:56:75:[m[K [01;35m[Kwarning: [m[Kunused parameter ‘[01m[Kpayload[m[K’ [[01;35m[K-Wunused-parameter[m[K]
[56.828s]    56 |         virtual void onDecodingError(int errMsg, _u8 ansType, [01;35m[Kconst void* payload[m[K, size_t size) {}
[56.828s]       |                                                               [01;35m[K~~~~~~~~~~~~^~~~~~~[m[K
[56.828s] [01m[K/workspace/modubot_ws/src/rplidar_ros/sdk/src/dataunpacker/unpacker/../dataunpacker.h:56:91:[m[K [01;35m[Kwarning: [m[Kunused parameter ‘[01m[Ksize[m[K’ [[01;35m[K-Wunused-parameter[m[K]
[56.829s]    56 |         virtual void onDecodingError(int errMsg, _u8 ansType, const void* payload, [01;35m[Ksize_t size[m[K) {}
[56.829s]       |                                                                                    [01;35m[K~~~~~~~^~~~[m[K
[57.289s] [ 76%] [32mBuilding CXX object CMakeFiles/rplidar_composition.dir/sdk/src/sl_async_transceiver.cpp.o[0m
[58.812s] In file included from [01m[K/workspace/modubot_ws/src/rplidar_ros/sdk/include/rplidar_protocol.h:36[m[K,
[58.812s]                  from [01m[K/workspace/modubot_ws/src/rplidar_ros/sdk/include/rplidar.h:39[m[K,
[58.813s]                  from [01m[K/workspace/modubot_ws/src/rplidar_ros/sdk/src/sdkcommon.h:49[m[K,
[58.813s]                  from [01m[K/workspace/modubot_ws/src/rplidar_ros/sdk/src/sl_async_transceiver.cpp:35[m[K:
[58.814s] [01m[K/workspace/modubot_ws/src/rplidar_ros/sdk/include/sl_lidar_protocol.h:66:16:[m[K [01;35m[Kwarning: [m[KISO C++ forbids zero-size array ‘[01m[Kdata[m[K’ [[01;35m[K-Wpedantic[m[K]
[58.814s]    66 |     sl_u8 data[[01;35m[K0[m[K];
[58.814s]       |                [01;35m[K^[m[K
[58.815s] In file included from [01m[K/workspace/modubot_ws/src/rplidar_ros/sdk/include/rplidar_cmd.h:36[m[K,
[58.815s]                  from [01m[K/workspace/modubot_ws/src/rplidar_ros/sdk/include/rplidar.h:40[m[K,
[58.815s]                  from [01m[K/workspace/modubot_ws/src/rplidar_ros/sdk/src/sdkcommon.h:49[m[K,
[58.816s]                  from [01m[K/workspace/modubot_ws/src/rplidar_ros/sdk/src/sl_async_transceiver.cpp:35[m[K:
[58.816s] [01m[K/workspace/modubot_ws/src/rplidar_ros/sdk/include/sl_lidar_cmd.h:324:20:[m[K [01;35m[Kwarning: [m[KISO C++ forbids zero-size array ‘[01m[Kpayload[m[K’ [[01;35m[K-Wpedantic[m[K]
[58.816s]   324 |     sl_u8  payload[[01;35m[K0[m[K];
[58.817s]       |                    [01;35m[K^[m[K
[59.190s] In file included from [01m[K/workspace/modubot_ws/src/rplidar_ros/sdk/src/sl_async_transceiver.cpp:44[m[K:
[59.191s] [01m[K/workspace/modubot_ws/src/rplidar_ros/sdk/src/sl_async_transceiver.h:[m[K In member function ‘[01m[Kvirtual void sl::internal::IAsyncProtocolCodec::onChannelError(u_result)[m[K’:
[59.191s] [01m[K/workspace/modubot_ws/src/rplidar_ros/sdk/src/sl_async_transceiver.h:90:48:[m[K [01;35m[Kwarning: [m[Kunused parameter ‘[01m[KerrCode[m[K’ [[01;35m[K-Wunused-parameter[m[K]
[59.191s]    90 |         virtual void   onChannelError([01;35m[Ku_result errCode[m[K) {}
[59.192s]       |                                       [01;35m[K~~~~~~~~~^~~~~~~[m[K
[59.761s] [ 78%] [32mBuilding CXX object CMakeFiles/rplidar_composition.dir/sdk/src/sl_crc.cpp.o[0m
[59.834s] In file included from [01m[K/workspace/modubot_ws/src/rplidar_ros/sdk/include/sl_lidar_cmd.h:41[m[K,
[59.836s]                  from [01m[K/workspace/modubot_ws/src/rplidar_ros/sdk/include/sl_crc.h:36[m[K,
[59.836s]                  from [01m[K/workspace/modubot_ws/src/rplidar_ros/sdk/src/sl_crc.cpp:33[m[K:
[59.837s] [01m[K/workspace/modubot_ws/src/rplidar_ros/sdk/include/sl_lidar_protocol.h:66:16:[m[K [01;35m[Kwarning: [m[KISO C++ forbids zero-size array ‘[01m[Kdata[m[K’ [[01;35m[K-Wpedantic[m[K]
[59.837s]    66 |     sl_u8 data[[01;35m[K0[m[K];
[59.838s]       |                [01;35m[K^[m[K
[59.839s] In file included from [01m[K/workspace/modubot_ws/src/rplidar_ros/sdk/include/sl_crc.h:36[m[K,
[59.839s]                  from [01m[K/workspace/modubot_ws/src/rplidar_ros/sdk/src/sl_crc.cpp:33[m[K:
[59.839s] [01m[K/workspace/modubot_ws/src/rplidar_ros/sdk/include/sl_lidar_cmd.h:324:20:[m[K [01;35m[Kwarning: [m[KISO C++ forbids zero-size array ‘[01m[Kpayload[m[K’ [[01;35m[K-Wpedantic[m[K]
[59.840s]   324 |     sl_u8  payload[[01;35m[K0[m[K];
[59.840s]       |                    [01;35m[K^[m[K
[59.898s] [ 81%] [32mBuilding CXX object CMakeFiles/rplidar_composition.dir/sdk/src/sl_lidar_driver.cpp.o[0m
[60.926s] [ 84%] [32mBuilding CXX object CMakeFiles/rplidar_composition.dir/sdk/src/sl_lidarprotocol_codec.cpp.o[0m
[61.496s] In file included from [01m[K/workspace/modubot_ws/src/rplidar_ros/sdk/include/rplidar_protocol.h:36[m[K,
[61.496s]                  from [01m[K/workspace/modubot_ws/src/rplidar_ros/sdk/include/rplidar.h:39[m[K,
[61.497s]                  from [01m[K/workspace/modubot_ws/src/rplidar_ros/sdk/src/sdkcommon.h:49[m[K,
[61.497s]                  from [01m[K/workspace/modubot_ws/src/rplidar_ros/sdk/src/sl_lidar_driver.cpp:33[m[K:
[61.498s] [01m[K/workspace/modubot_ws/src/rplidar_ros/sdk/include/sl_lidar_protocol.h:66:16:[m[K [01;35m[Kwarning: [m[KISO C++ forbids zero-size array ‘[01m[Kdata[m[K’ [[01;35m[K-Wpedantic[m[K]
[61.498s]    66 |     sl_u8 data[[01;35m[K0[m[K];
[61.498s]       |                [01;35m[K^[m[K
[61.499s] In file included from [01m[K/workspace/modubot_ws/src/rplidar_ros/sdk/include/rplidar_cmd.h:36[m[K,
[61.499s]                  from [01m[K/workspace/modubot_ws/src/rplidar_ros/sdk/include/rplidar.h:40[m[K,
[61.500s]                  from [01m[K/workspace/modubot_ws/src/rplidar_ros/sdk/src/sdkcommon.h:49[m[K,
[61.500s]                  from [01m[K/workspace/modubot_ws/src/rplidar_ros/sdk/src/sl_lidar_driver.cpp:33[m[K:
[61.500s] [01m[K/workspace/modubot_ws/src/rplidar_ros/sdk/include/sl_lidar_cmd.h:324:20:[m[K [01;35m[Kwarning: [m[KISO C++ forbids zero-size array ‘[01m[Kpayload[m[K’ [[01;35m[K-Wpedantic[m[K]
[61.501s]   324 |     sl_u8  payload[[01;35m[K0[m[K];
[61.501s]       |                    [01;35m[K^[m[K
[61.955s] [ 86%] [32mBuilding CXX object CMakeFiles/rplidar_composition.dir/sdk/src/rplidar_driver.cpp.o[0m
[62.368s] In file included from [01m[K/workspace/modubot_ws/src/rplidar_ros/sdk/src/sl_lidar_driver.cpp:50[m[K:
[62.368s] [01m[K/workspace/modubot_ws/src/rplidar_ros/sdk/src/dataunpacker/dataunpacker.h:[m[K In member function ‘[01m[Kvirtual void sl::internal::LIDARSampleDataListener::onCustomSampleDataDecoded(_u8, _u32, const void*, size_t)[m[K’:
[62.369s] [01m[K/workspace/modubot_ws/src/rplidar_ros/sdk/src/dataunpacker/dataunpacker.h:54:52:[m[K [01;35m[Kwarning: [m[Kunused parameter ‘[01m[KansType[m[K’ [[01;35m[K-Wunused-parameter[m[K]
[62.369s]    54 |         virtual void onCustomSampleDataDecoded([01;35m[K_u8 ansType[m[K, _u32 customCode, const void* data, size_t size) {}
[62.369s]       |                                                [01;35m[K~~~~^~~~~~~[m[K
[62.370s] [01m[K/workspace/modubot_ws/src/rplidar_ros/sdk/src/dataunpacker/dataunpacker.h:54:66:[m[K [01;35m[Kwarning: [m[Kunused parameter ‘[01m[KcustomCode[m[K’ [[01;35m[K-Wunused-parameter[m[K]
[62.370s]    54 |         virtual void onCustomSampleDataDecoded(_u8 ansType, [01;35m[K_u32 customCode[m[K, const void* data, size_t size) {}
[62.371s]       |                                                             [01;35m[K~~~~~^~~~~~~~~~[m[K
[62.371s] [01m[K/workspace/modubot_ws/src/rplidar_ros/sdk/src/dataunpacker/dataunpacker.h:54:90:[m[K [01;35m[Kwarning: [m[Kunused parameter ‘[01m[Kdata[m[K’ [[01;35m[K-Wunused-parameter[m[K]
[62.372s]    54 |         virtual void onCustomSampleDataDecoded(_u8 ansType, _u32 customCode, [01;35m[Kconst void* data[m[K, size_t size) {}
[62.372s]       |                                                                              [01;35m[K~~~~~~~~~~~~^~~~[m[K
[62.372s] [01m[K/workspace/modubot_ws/src/rplidar_ros/sdk/src/dataunpacker/dataunpacker.h:54:103:[m[K [01;35m[Kwarning: [m[Kunused parameter ‘[01m[Ksize[m[K’ [[01;35m[K-Wunused-parameter[m[K]
[62.373s]    54 |         virtual void onCustomSampleDataDecoded(_u8 ansType, _u32 customCode, const void* data, [01;35m[Ksize_t size[m[K) {}
[62.373s]       |                                                                                                [01;35m[K~~~~~~~^~~~[m[K
[62.373s] [01m[K/workspace/modubot_ws/src/rplidar_ros/sdk/src/dataunpacker/dataunpacker.h:[m[K In member function ‘[01m[Kvirtual void sl::internal::LIDARSampleDataListener::onDecodingError(int, _u8, const void*, size_t)[m[K’:
[62.374s] [01m[K/workspace/modubot_ws/src/rplidar_ros/sdk/src/dataunpacker/dataunpacker.h:56:42:[m[K [01;35m[Kwarning: [m[Kunused parameter ‘[01m[KerrMsg[m[K’ [[01;35m[K-Wunused-parameter[m[K]
[62.374s]    56 |         virtual void onDecodingError([01;35m[Kint errMsg[m[K, _u8 ansType, const void* payload, size_t size) {}
[62.375s]       |                                      [01;35m[K~~~~^~~~~~[m[K
[62.376s] [01m[K/workspace/modubot_ws/src/rplidar_ros/sdk/src/dataunpacker/dataunpacker.h:56:54:[m[K [01;35m[Kwarning: [m[Kunused parameter ‘[01m[KansType[m[K’ [[01;35m[K-Wunused-parameter[m[K]
[62.377s]    56 |         virtual void onDecodingError(int errMsg, [01;35m[K_u8 ansType[m[K, const void* payload, size_t size) {}
[62.377s]       |                                                  [01;35m[K~~~~^~~~~~~[m[K
[62.378s] [01m[K/workspace/modubot_ws/src/rplidar_ros/sdk/src/dataunpacker/dataunpacker.h:56:75:[m[K [01;35m[Kwarning: [m[Kunused parameter ‘[01m[Kpayload[m[K’ [[01;35m[K-Wunused-parameter[m[K]
[62.378s]    56 |         virtual void onDecodingError(int errMsg, _u8 ansType, [01;35m[Kconst void* payload[m[K, size_t size) {}
[62.379s]       |                                                               [01;35m[K~~~~~~~~~~~~^~~~~~~[m[K
[62.379s] [01m[K/workspace/modubot_ws/src/rplidar_ros/sdk/src/dataunpacker/dataunpacker.h:56:91:[m[K [01;35m[Kwarning: [m[Kunused parameter ‘[01m[Ksize[m[K’ [[01;35m[K-Wunused-parameter[m[K]
[62.379s]    56 |         virtual void onDecodingError(int errMsg, _u8 ansType, const void* payload, [01;35m[Ksize_t size[m[K) {}
[62.380s]       |                                                                                    [01;35m[K~~~~~~~^~~~[m[K
[62.407s] In file included from [01m[K/workspace/modubot_ws/src/rplidar_ros/sdk/src/sl_lidar_driver.cpp:51[m[K:
[62.408s] [01m[K/workspace/modubot_ws/src/rplidar_ros/sdk/src/sl_async_transceiver.h:[m[K In member function ‘[01m[Kvirtual void sl::internal::IAsyncProtocolCodec::onChannelError(u_result)[m[K’:
[62.408s] [01m[K/workspace/modubot_ws/src/rplidar_ros/sdk/src/sl_async_transceiver.h:90:48:[m[K [01;35m[Kwarning: [m[Kunused parameter ‘[01m[KerrCode[m[K’ [[01;35m[K-Wunused-parameter[m[K]
[62.409s]    90 |         virtual void   onChannelError([01;35m[Ku_result errCode[m[K) {}
[62.409s]       |                                       [01;35m[K~~~~~~~~~^~~~~~~[m[K
[62.502s] [01m[K/workspace/modubot_ws/src/rplidar_ros/sdk/src/sl_lidar_driver.cpp:[m[K In member function ‘[01m[Kvirtual sl_result sl::SlamtecLidarDriver::reset(sl_u32)[m[K’:
[62.502s] [01m[K/workspace/modubot_ws/src/rplidar_ros/sdk/src/sl_lidar_driver.cpp:511:32:[m[K [01;35m[Kwarning: [m[Kunused parameter ‘[01m[KtimeoutInMs[m[K’ [[01;35m[K-Wunused-parameter[m[K]
[62.503s]   511 |         sl_result reset([01;35m[Ksl_u32 timeoutInMs = DEFAULT_TIMEOUT[m[K)
[62.503s]       |                         [01;35m[K~~~~~~~^~~~~~~~~~~~~~~~~~~~~~~~~~~~~[m[K
[62.518s] [01m[K/workspace/modubot_ws/src/rplidar_ros/sdk/src/sl_lidar_driver.cpp:[m[K In member function ‘[01m[Kvirtual sl_result sl::SlamtecLidarDriver::startScan(bool, bool, sl_u32, sl::LidarScanMode*)[m[K’:
[62.518s] [01m[K/workspace/modubot_ws/src/rplidar_ros/sdk/src/sl_lidar_driver.cpp:586:69:[m[K [01;35m[Kwarning: [m[Kunused parameter ‘[01m[Koptions[m[K’ [[01;35m[K-Wunused-parameter[m[K]
[62.519s]   586 |         sl_result startScan(bool force, bool useTypicalScan, [01;35m[Ksl_u32 options = 0[m[K, LidarScanMode* outUsedScanMode = nullptr)
[62.519s]       |                                                              [01;35m[K~~~~~~~^~~~~~~~~~~[m[K
[62.527s] [01m[K/workspace/modubot_ws/src/rplidar_ros/sdk/src/sl_lidar_driver.cpp:[m[K In member function ‘[01m[Kvirtual sl_result sl::SlamtecLidarDriver::stop(sl_u32)[m[K’:
[62.527s] [01m[K/workspace/modubot_ws/src/rplidar_ros/sdk/src/sl_lidar_driver.cpp:763:31:[m[K [01;35m[Kwarning: [m[Kunused parameter ‘[01m[Ktimeout[m[K’ [[01;35m[K-Wunused-parameter[m[K]
[62.528s]   763 |         sl_result stop([01;35m[Ksl_u32 timeout = DEFAULT_TIMEOUT[m[K)
[62.528s]       |                        [01;35m[K~~~~~~~^~~~~~~~~~~~~~~~~~~~~~~~~[m[K
[62.534s] [01m[K/workspace/modubot_ws/src/rplidar_ros/sdk/src/sl_lidar_driver.cpp:[m[K In member function ‘[01m[Kvirtual sl_result sl::SlamtecLidarDriver::getFrequency(const sl::LidarScanMode&, const sl_lidar_response_measurement_node_hq_t*, size_t, float&)[m[K’:
[62.534s] [01m[K/workspace/modubot_ws/src/rplidar_ros/sdk/src/sl_lidar_driver.cpp:880:110:[m[K [01;35m[Kwarning: [m[Kunused parameter ‘[01m[Knodes[m[K’ [[01;35m[K-Wunused-parameter[m[K]
[62.535s]   880 |         sl_result getFrequency(const LidarScanMode& scanMode, [01;35m[Kconst sl_lidar_response_measurement_node_hq_t* nodes[m[K, size_t count, float& frequency)
[62.535s]       |                                                               [01;35m[K~~~~~~~~~~~~~~~~~~~~~~~~~~~~~~~~~~~~~~~~~~~~~~~^~~~~[m[K
[62.545s] [01m[K/workspace/modubot_ws/src/rplidar_ros/sdk/src/sl_lidar_driver.cpp:[m[K In member function ‘[01m[Kvirtual sl_result sl::SlamtecLidarDriver::getMotorInfo(sl::LidarMotorInfo&, sl_u32)[m[K’:
[62.545s] [01m[K/workspace/modubot_ws/src/rplidar_ros/sdk/src/sl_lidar_driver.cpp:1023:66:[m[K [01;35m[Kwarning: [m[Kunused parameter ‘[01m[KtimeoutInMs[m[K’ [[01;35m[K-Wunused-parameter[m[K]
[62.546s]  1023 |         sl_result getMotorInfo(LidarMotorInfo &motorInfo, [01;35m[Ksl_u32 timeoutInMs[m[K)
[62.546s]       |                                                           [01;35m[K~~~~~~~^~~~~~~~~~~[m[K
[62.551s] [01m[K/workspace/modubot_ws/src/rplidar_ros/sdk/src/sl_lidar_driver.cpp:[m[K In member function ‘[01m[Ku_result sl::SlamtecLidarDriver::getScanModeCount(sl_u16&, sl_u32)[m[K’:
[62.551s] [01m[K/workspace/modubot_ws/src/rplidar_ros/sdk/src/sl_lidar_driver.cpp:1199:61:[m[K [01;35m[Kwarning: [m[Kunused parameter ‘[01m[KtimeoutInMs[m[K’ [[01;35m[K-Wunused-parameter[m[K]
[62.551s]  1199 |         u_result getScanModeCount(sl_u16& modeCount, [01;35m[Ksl_u32 timeoutInMs = DEFAULT_TIMEOUT[m[K)
[62.552s]       |                                                      [01;35m[K~~~~~~~^~~~~~~~~~~~~~~~~~~~~~~~~~~~~[m[K
[62.617s] In file included from [01m[K/workspace/modubot_ws/src/rplidar_ros/sdk/include/rplidar_protocol.h:36[m[K,
[62.618s]                  from [01m[K/workspace/modubot_ws/src/rplidar_ros/sdk/include/rplidar.h:39[m[K,
[62.618s]                  from [01m[K/workspace/modubot_ws/src/rplidar_ros/sdk/src/sdkcommon.h:49[m[K,
[62.619s]                  from [01m[K/workspace/modubot_ws/src/rplidar_ros/sdk/src/sl_lidarprotocol_codec.cpp:35[m[K:
[62.620s] [01m[K/workspace/modubot_ws/src/rplidar_ros/sdk/include/sl_lidar_protocol.h:66:16:[m[K [01;35m[Kwarning: [m[KISO C++ forbids zero-size array ‘[01m[Kdata[m[K’ [[01;35m[K-Wpedantic[m[K]
[62.620s]    66 |     sl_u8 data[[01;35m[K0[m[K];
[62.620s]       |                [01;35m[K^[m[K
[62.621s] In file included from [01m[K/workspace/modubot_ws/src/rplidar_ros/sdk/include/rplidar_cmd.h:36[m[K,
[62.621s]                  from [01m[K/workspace/modubot_ws/src/rplidar_ros/sdk/include/rplidar.h:40[m[K,
[62.622s]                  from [01m[K/workspace/modubot_ws/src/rplidar_ros/sdk/src/sdkcommon.h:49[m[K,
[62.622s]                  from [01m[K/workspace/modubot_ws/src/rplidar_ros/sdk/src/sl_lidarprotocol_codec.cpp:35[m[K:
[62.623s] [01m[K/workspace/modubot_ws/src/rplidar_ros/sdk/include/sl_lidar_cmd.h:324:20:[m[K [01;35m[Kwarning: [m[KISO C++ forbids zero-size array ‘[01m[Kpayload[m[K’ [[01;35m[K-Wpedantic[m[K]
[62.623s]   324 |     sl_u8  payload[[01;35m[K0[m[K];
[62.623s]       |                    [01;35m[K^[m[K
[62.736s] /workspace/modubot_ws/src/rplidar_ros/sdk/src/sl_lidar_driver.cpp: In instantiation of ‘[01m[Kvoid sl::RawSampleNodeHolder<T>::pushNode(_u64, const T*) [with T = sl_lidar_response_measurement_node_hq_t; _u64 = long unsigned int][m[K’:
[62.737s] [01m[K/workspace/modubot_ws/src/rplidar_ros/sdk/src/sl_lidar_driver.cpp:1648:42:[m[K   required from here
[62.737s] [01m[K/workspace/modubot_ws/src/rplidar_ros/sdk/src/sl_lidar_driver.cpp:202:28:[m[K [01;35m[Kwarning: [m[Kunused parameter ‘[01m[Ktimestamp_uS[m[K’ [[01;35m[K-Wunused-parameter[m[K]
[62.738s]   202 |         void pushNode([01;35m[K_u64 timestamp_uS[m[K, const T* node)
[62.738s]       |                       [01;35m[K~~~~~^~~~~~~~~~~~[m[K
[62.991s] [ 89%] [32mBuilding CXX object CMakeFiles/rplidar_composition.dir/sdk/src/hal/thread.cpp.o[0m
[63.262s] [01m[K/workspace/modubot_ws/src/rplidar_ros/sdk/src/sl_lidar_driver.cpp:[m[K At global scope:
[63.263s] [01m[K/workspace/modubot_ws/src/rplidar_ros/sdk/src/sl_lidar_driver.cpp:83:17:[m[K [01;35m[Kwarning: [m[K‘[01m[Kvoid sl::convert(const sl_lidar_response_measurement_node_hq_t&, sl_lidar_response_measurement_node_t&)[m[K’ defined but not used [[01;35m[K-Wunused-function[m[K]
[63.264s]    83 |     static void [01;35m[Kconvert[m[K(const sl_lidar_response_measurement_node_hq_t& from, sl_lidar_response_measurement_node_t& to)
[63.265s]       |                 [01;35m[K^~~~~~~[m[K
[63.266s] [01m[K/workspace/modubot_ws/src/rplidar_ros/sdk/src/sl_lidar_driver.cpp:75:17:[m[K [01;35m[Kwarning: [m[K‘[01m[Kvoid sl::convert(const sl_lidar_response_measurement_node_t&, sl_lidar_response_measurement_node_hq_t&)[m[K’ defined but not used [[01;35m[K-Wunused-function[m[K]
[63.266s]    75 |     static void [01;35m[Kconvert[m[K(const sl_lidar_response_measurement_node_t& from, sl_lidar_response_measurement_node_hq_t& to)
[63.267s]       |                 [01;35m[K^~~~~~~[m[K
[63.270s] [01m[K/workspace/modubot_ws/src/rplidar_ros/sdk/src/sl_lidar_driver.cpp:70:17:[m[K [01;35m[Kwarning: [m[K‘[01m[Kvoid sl::printDeprecationWarn(const char*, const char*)[m[K’ defined but not used [[01;35m[K-Wunused-function[m[K]
[63.271s]    70 |     static void [01;35m[KprintDeprecationWarn[m[K(const char* fn, const char* replacement)
[63.271s]       |                 [01;35m[K^~~~~~~~~~~~~~~~~~~~[m[K
[63.500s] In file included from [01m[K/workspace/modubot_ws/src/rplidar_ros/sdk/src/sl_lidarprotocol_codec.cpp:49[m[K:
[63.501s] [01m[K/workspace/modubot_ws/src/rplidar_ros/sdk/src/sl_async_transceiver.h:[m[K In member function ‘[01m[Kvirtual void sl::internal::IAsyncProtocolCodec::onChannelError(u_result)[m[K’:
[63.502s] [01m[K/workspace/modubot_ws/src/rplidar_ros/sdk/src/sl_async_transceiver.h:90:48:[m[K [01;35m[Kwarning: [m[Kunused parameter ‘[01m[KerrCode[m[K’ [[01;35m[K-Wunused-parameter[m[K]
[63.503s]    90 |         virtual void   onChannelError([01;35m[Ku_result errCode[m[K) {}
[63.503s]       |                                       [01;35m[K~~~~~~~~~^~~~~~~[m[K
[63.722s] In file included from [01m[K/workspace/modubot_ws/src/rplidar_ros/sdk/include/rplidar_protocol.h:36[m[K,
[63.722s]                  from [01m[K/workspace/modubot_ws/src/rplidar_ros/sdk/include/rplidar.h:39[m[K,
[63.723s]                  from [01m[K/workspace/modubot_ws/src/rplidar_ros/sdk/src/sdkcommon.h:49[m[K,
[63.724s]                  from [01m[K/workspace/modubot_ws/src/rplidar_ros/sdk/src/rplidar_driver.cpp:33[m[K:
[63.725s] [01m[K/workspace/modubot_ws/src/rplidar_ros/sdk/include/sl_lidar_protocol.h:66:16:[m[K [01;35m[Kwarning: [m[KISO C++ forbids zero-size array ‘[01m[Kdata[m[K’ [[01;35m[K-Wpedantic[m[K]
[63.725s]    66 |     sl_u8 data[[01;35m[K0[m[K];
[63.726s]       |                [01;35m[K^[m[K
[63.729s] In file included from [01m[K/workspace/modubot_ws/src/rplidar_ros/sdk/include/rplidar_cmd.h:36[m[K,
[63.730s]                  from [01m[K/workspace/modubot_ws/src/rplidar_ros/sdk/include/rplidar.h:40[m[K,
[63.730s]                  from [01m[K/workspace/modubot_ws/src/rplidar_ros/sdk/src/sdkcommon.h:49[m[K,
[63.731s]                  from [01m[K/workspace/modubot_ws/src/rplidar_ros/sdk/src/rplidar_driver.cpp:33[m[K:
[63.732s] [01m[K/workspace/modubot_ws/src/rplidar_ros/sdk/include/sl_lidar_cmd.h:324:20:[m[K [01;35m[Kwarning: [m[KISO C++ forbids zero-size array ‘[01m[Kpayload[m[K’ [[01;35m[K-Wpedantic[m[K]
[63.733s]   324 |     sl_u8  payload[[01;35m[K0[m[K];
[63.733s]       |                    [01;35m[K^[m[K
[64.033s] [ 92%] [32mBuilding CXX object CMakeFiles/rplidar_composition.dir/sdk/src/sl_serial_channel.cpp.o[0m
[64.426s] [01m[K/workspace/modubot_ws/src/rplidar_ros/sdk/src/rplidar_driver.cpp:[m[K In member function ‘[01m[Ku_result rp::standalone::rplidar::RPlidarDriver::connect(const char*, _u32, _u32)[m[K’:
[64.427s] [01m[K/workspace/modubot_ws/src/rplidar_ros/sdk/src/rplidar_driver.cpp:67:77:[m[K [01;35m[Kwarning: [m[Kunused parameter ‘[01m[Kflag[m[K’ [[01;35m[K-Wunused-parameter[m[K]
[64.427s]    67 |     u_result RPlidarDriver::connect(const char *path, _u32 portOrBaud, [01;35m[K_u32 flag[m[K)
[64.428s]       |                                                                        [01;35m[K~~~~~^~~~[m[K
[64.430s] [01m[K/workspace/modubot_ws/src/rplidar_ros/sdk/src/rplidar_driver.cpp:[m[K In member function ‘[01m[Ku_result rp::standalone::rplidar::RPlidarDriver::reset(_u32)[m[K’:
[64.430s] [01m[K/workspace/modubot_ws/src/rplidar_ros/sdk/src/rplidar_driver.cpp:101:40:[m[K [01;35m[Kwarning: [m[Kunused parameter ‘[01m[Ktimeout[m[K’ [[01;35m[K-Wunused-parameter[m[K]
[64.431s]   101 |     u_result RPlidarDriver::reset([01;35m[K_u32 timeout[m[K)
[64.431s]       |                                   [01;35m[K~~~~~^~~~~~~[m[K
[64.434s] [01m[K/workspace/modubot_ws/src/rplidar_ros/sdk/src/rplidar_driver.cpp:[m[K In member function ‘[01m[Ku_result rp::standalone::rplidar::RPlidarDriver::getScanDataWithInterval(rplidar_response_measurement_node_t*, size_t&)[m[K’:
[64.435s] [01m[K/workspace/modubot_ws/src/rplidar_ros/sdk/src/rplidar_driver.cpp:180:91:[m[K [01;35m[Kwarning: [m[Kunused parameter ‘[01m[Knodebuffer[m[K’ [[01;35m[K-Wunused-parameter[m[K]
[64.436s]   180 |     u_result RPlidarDriver::getScanDataWithInterval([01;35m[Krplidar_response_measurement_node_t * nodebuffer[m[K, size_t & count)
[64.436s]       |                                                     [01;35m[K~~~~~~~~~~~~~~~~~~~~~~~~~~~~~~~~~~~~~~^~~~~~~~~~[m[K
[64.436s] [01m[K/workspace/modubot_ws/src/rplidar_ros/sdk/src/rplidar_driver.cpp:180:112:[m[K [01;35m[Kwarning: [m[Kunused parameter ‘[01m[Kcount[m[K’ [[01;35m[K-Wunused-parameter[m[K]
[64.437s]   180 |     u_result RPlidarDriver::getScanDataWithInterval(rplidar_response_measurement_node_t * nodebuffer, [01;35m[Ksize_t & count[m[K)
[64.437s]       |                                                                                                       [01;35m[K~~~~~~~~~^~~~~[m[K
[64.842s] In file included from [01m[K/workspace/modubot_ws/src/rplidar_ros/sdk/include/rplidar_protocol.h:36[m[K,
[64.843s]                  from [01m[K/workspace/modubot_ws/src/rplidar_ros/sdk/include/rplidar.h:39[m[K,
[64.844s]                  from [01m[K/workspace/modubot_ws/src/rplidar_ros/sdk/src/sdkcommon.h:49[m[K,
[64.845s]                  from [01m[K/workspace/modubot_ws/src/rplidar_ros/sdk/src/hal/thread.cpp:35[m[K:
[64.846s] [01m[K/workspace/modubot_ws/src/rplidar_ros/sdk/include/sl_lidar_protocol.h:66:16:[m[K [01;35m[Kwarning: [m[KISO C++ forbids zero-size array ‘[01m[Kdata[m[K’ [[01;35m[K-Wpedantic[m[K]
[64.846s]    66 |     sl_u8 data[[01;35m[K0[m[K];
[64.847s]       |                [01;35m[K^[m[K
[64.850s] In file included from [01m[K/workspace/modubot_ws/src/rplidar_ros/sdk/include/rplidar_cmd.h:36[m[K,
[64.851s]                  from [01m[K/workspace/modubot_ws/src/rplidar_ros/sdk/include/rplidar.h:40[m[K,
[64.852s]                  from [01m[K/workspace/modubot_ws/src/rplidar_ros/sdk/src/sdkcommon.h:49[m[K,
[64.852s]                  from [01m[K/workspace/modubot_ws/src/rplidar_ros/sdk/src/hal/thread.cpp:35[m[K:
[64.853s] [01m[K/workspace/modubot_ws/src/rplidar_ros/sdk/include/sl_lidar_cmd.h:324:20:[m[K [01;35m[Kwarning: [m[KISO C++ forbids zero-size array ‘[01m[Kpayload[m[K’ [[01;35m[K-Wpedantic[m[K]
[64.853s]   324 |     sl_u8  payload[[01;35m[K0[m[K];
[64.853s]       |                    [01;35m[K^[m[K
[64.927s] [ 94%] [32mBuilding CXX object CMakeFiles/rplidar_composition.dir/sdk/src/sl_tcp_channel.cpp.o[0m
[65.069s] In file included from [01m[K/workspace/modubot_ws/src/rplidar_ros/sdk/src/hal/thread.cpp:43[m[K:
[65.069s] [01m[K/workspace/modubot_ws/src/rplidar_ros/sdk/src/arch/linux/thread.hpp:[m[K In static member function ‘[01m[Kstatic rp::hal::Thread rp::hal::Thread::create(thread_proc_t, void*)[m[K’:
[65.069s] [01m[K/workspace/modubot_ws/src/rplidar_ros/sdk/src/arch/linux/thread.hpp:52:57:[m[K [01;35m[Kwarning: [m[Kcast between incompatible function types from ‘[01m[Kthread_proc_t[m[K’ {aka ‘[01m[Klong unsigned int (*)(void*)[m[K’} to ‘[01m[Kvoid* (*)(void*)[m[K’ [[01;35m[K-Wcast-function-type[m[K]
[65.070s]    52 |     pthread_create((pthread_t *)&newborn._handle, NULL, [01;35m[K(void * (*)(void *))proc[m[K, data);
[65.070s]       |                                                         [01;35m[K^~~~~~~~~~~~~~~~~~~~~~~~[m[K
[65.072s] [01m[K/workspace/modubot_ws/src/rplidar_ros/sdk/src/arch/linux/thread.hpp:[m[K In member function ‘[01m[Ku_result rp::hal::Thread::join(long unsigned int)[m[K’:
[65.073s] [01m[K/workspace/modubot_ws/src/rplidar_ros/sdk/src/arch/linux/thread.hpp:176:37:[m[K [01;35m[Kwarning: [m[Kunused parameter ‘[01m[Ktimeout[m[K’ [[01;35m[K-Wunused-parameter[m[K]
[65.073s]   176 | u_result Thread::join([01;35m[Kunsigned long timeout[m[K)
[65.074s]       |                       [01;35m[K~~~~~~~~~~~~~~^~~~~~~[m[K
[65.133s] [ 97%] [32mBuilding CXX object CMakeFiles/rplidar_composition.dir/sdk/src/sl_udp_channel.cpp.o[0m
[65.248s] In file included from [01m[K/workspace/modubot_ws/src/rplidar_ros/sdk/include/sl_lidar_cmd.h:41[m[K,
[65.248s]                  from [01m[K/workspace/modubot_ws/src/rplidar_ros/sdk/include/sl_lidar_driver.h:54[m[K,
[65.248s]                  from [01m[K/workspace/modubot_ws/src/rplidar_ros/sdk/src/sl_serial_channel.cpp:33[m[K:
[65.249s] [01m[K/workspace/modubot_ws/src/rplidar_ros/sdk/include/sl_lidar_protocol.h:66:16:[m[K [01;35m[Kwarning: [m[KISO C++ forbids zero-size array ‘[01m[Kdata[m[K’ [[01;35m[K-Wpedantic[m[K]
[65.249s]    66 |     sl_u8 data[[01;35m[K0[m[K];
[65.249s]       |                [01;35m[K^[m[K
[65.250s] In file included from [01m[K/workspace/modubot_ws/src/rplidar_ros/sdk/include/sl_lidar_driver.h:54[m[K,
[65.250s]                  from [01m[K/workspace/modubot_ws/src/rplidar_ros/sdk/src/sl_serial_channel.cpp:33[m[K:
[65.251s] [01m[K/workspace/modubot_ws/src/rplidar_ros/sdk/include/sl_lidar_cmd.h:324:20:[m[K [01;35m[Kwarning: [m[KISO C++ forbids zero-size array ‘[01m[Kpayload[m[K’ [[01;35m[K-Wpedantic[m[K]
[65.251s]   324 |     sl_u8  payload[[01;35m[K0[m[K];
[65.252s]       |                    [01;35m[K^[m[K
[66.003s] In file included from [01m[K/workspace/modubot_ws/src/rplidar_ros/sdk/include/sl_lidar_cmd.h:41[m[K,
[66.004s]                  from [01m[K/workspace/modubot_ws/src/rplidar_ros/sdk/include/sl_lidar_driver.h:54[m[K,
[66.004s]                  from [01m[K/workspace/modubot_ws/src/rplidar_ros/sdk/src/sl_tcp_channel.cpp:33[m[K:
[66.005s] [01m[K/workspace/modubot_ws/src/rplidar_ros/sdk/include/sl_lidar_protocol.h:66:16:[m[K [01;35m[Kwarning: [m[KISO C++ forbids zero-size array ‘[01m[Kdata[m[K’ [[01;35m[K-Wpedantic[m[K]
[66.005s]    66 |     sl_u8 data[[01;35m[K0[m[K];
[66.006s]       |                [01;35m[K^[m[K
[66.006s] In file included from [01m[K/workspace/modubot_ws/src/rplidar_ros/sdk/include/sl_lidar_driver.h:54[m[K,
[66.006s]                  from [01m[K/workspace/modubot_ws/src/rplidar_ros/sdk/src/sl_tcp_channel.cpp:33[m[K:
[66.007s] [01m[K/workspace/modubot_ws/src/rplidar_ros/sdk/include/sl_lidar_cmd.h:324:20:[m[K [01;35m[Kwarning: [m[KISO C++ forbids zero-size array ‘[01m[Kpayload[m[K’ [[01;35m[K-Wpedantic[m[K]
[66.007s]   324 |     sl_u8  payload[[01;35m[K0[m[K];
[66.008s]       |                    [01;35m[K^[m[K
[66.023s] [01m[K/workspace/modubot_ws/src/rplidar_ros/sdk/src/sl_tcp_channel.cpp:[m[K In member function ‘[01m[Kvoid sl::TcpChannel::setStatus(_u32)[m[K’:
[66.023s] [01m[K/workspace/modubot_ws/src/rplidar_ros/sdk/src/sl_tcp_channel.cpp:109:29:[m[K [01;35m[Kwarning: [m[Kunused parameter ‘[01m[Kflag[m[K’ [[01;35m[K-Wunused-parameter[m[K]
[66.024s]   109 |         void setStatus([01;35m[K_u32 flag[m[K){}
[66.024s]       |                        [01;35m[K~~~~~^~~~[m[K
[66.217s] In file included from [01m[K/workspace/modubot_ws/src/rplidar_ros/sdk/include/sl_lidar_cmd.h:41[m[K,
[66.217s]                  from [01m[K/workspace/modubot_ws/src/rplidar_ros/sdk/include/sl_lidar_driver.h:54[m[K,
[66.218s]                  from [01m[K/workspace/modubot_ws/src/rplidar_ros/sdk/src/sl_udp_channel.cpp:33[m[K:
[66.218s] [01m[K/workspace/modubot_ws/src/rplidar_ros/sdk/include/sl_lidar_protocol.h:66:16:[m[K [01;35m[Kwarning: [m[KISO C++ forbids zero-size array ‘[01m[Kdata[m[K’ [[01;35m[K-Wpedantic[m[K]
[66.218s]    66 |     sl_u8 data[[01;35m[K0[m[K];
[66.219s]       |                [01;35m[K^[m[K
[66.219s] In file included from [01m[K/workspace/modubot_ws/src/rplidar_ros/sdk/include/sl_lidar_driver.h:54[m[K,
[66.219s]                  from [01m[K/workspace/modubot_ws/src/rplidar_ros/sdk/src/sl_udp_channel.cpp:33[m[K:
[66.220s] [01m[K/workspace/modubot_ws/src/rplidar_ros/sdk/include/sl_lidar_cmd.h:324:20:[m[K [01;35m[Kwarning: [m[KISO C++ forbids zero-size array ‘[01m[Kpayload[m[K’ [[01;35m[K-Wpedantic[m[K]
[66.220s]   324 |     sl_u8  payload[[01;35m[K0[m[K];
[66.220s]       |                    [01;35m[K^[m[K
[66.236s] [01m[K/workspace/modubot_ws/src/rplidar_ros/sdk/src/sl_udp_channel.cpp:[m[K In member function ‘[01m[Kvoid sl::UdpChannel::setStatus(_u32)[m[K’:
[66.237s] [01m[K/workspace/modubot_ws/src/rplidar_ros/sdk/src/sl_udp_channel.cpp:112:29:[m[K [01;35m[Kwarning: [m[Kunused parameter ‘[01m[Kflag[m[K’ [[01;35m[K-Wunused-parameter[m[K]
[66.237s]   112 |         void setStatus([01;35m[K_u32 flag[m[K){}
[66.237s]       |                        [01;35m[K~~~~~^~~~[m[K
[66.433s] [100%] [32m[1mLinking CXX executable rplidar_composition[0m
[67.691s] [100%] Built target rplidar_composition
[67.742s] Invoked command in '/workspace/build/rplidar_ros' returned '0': CMAKE_PREFIX_PATH=/opt/ros/humble /usr/bin/cmake --build /workspace/build/rplidar_ros -- -j4 -l4
[67.753s] Invoking command in '/workspace/build/rplidar_ros': CMAKE_PREFIX_PATH=/opt/ros/humble /usr/bin/cmake --install /workspace/build/rplidar_ros
[67.776s] -- Install configuration: ""
[67.779s] -- Execute custom install script
[67.788s] -- Symlinking: /workspace/install/rplidar_ros/share/rplidar_ros/launch/rplidar_a1_launch.py
[67.812s] -- Symlinking: /workspace/install/rplidar_ros/share/rplidar_ros/launch/rplidar_a2m12_launch.py
[67.837s] -- Symlinking: /workspace/install/rplidar_ros/share/rplidar_ros/launch/rplidar_a2m7_launch.py
[67.861s] -- Symlinking: /workspace/install/rplidar_ros/share/rplidar_ros/launch/rplidar_a2m8_launch.py
[67.885s] -- Symlinking: /workspace/install/rplidar_ros/share/rplidar_ros/launch/rplidar_a3_launch.py
[67.912s] -- Symlinking: /workspace/install/rplidar_ros/share/rplidar_ros/launch/rplidar_c1_launch.py
[67.937s] -- Symlinking: /workspace/install/rplidar_ros/share/rplidar_ros/launch/rplidar_s1_launch.py
[67.962s] -- Symlinking: /workspace/install/rplidar_ros/share/rplidar_ros/launch/rplidar_s1_tcp_launch.py
[67.986s] -- Symlinking: /workspace/install/rplidar_ros/share/rplidar_ros/launch/rplidar_s2_launch.py
[68.011s] -- Symlinking: /workspace/install/rplidar_ros/share/rplidar_ros/launch/rplidar_s2e_launch.py
[68.035s] -- Symlinking: /workspace/install/rplidar_ros/share/rplidar_ros/launch/rplidar_s3_launch.py
[68.060s] -- Symlinking: /workspace/install/rplidar_ros/share/rplidar_ros/launch/rplidar_t1_launch.py
[68.085s] -- Symlinking: /workspace/install/rplidar_ros/share/rplidar_ros/launch/view_rplidar_a1_launch.py
[68.110s] -- Symlinking: /workspace/install/rplidar_ros/share/rplidar_ros/launch/view_rplidar_a2m12_launch.py
[68.137s] -- Symlinking: /workspace/install/rplidar_ros/share/rplidar_ros/launch/view_rplidar_a2m7_launch.py
[68.162s] -- Symlinking: /workspace/install/rplidar_ros/share/rplidar_ros/launch/view_rplidar_a2m8_launch.py
[68.187s] -- Symlinking: /workspace/install/rplidar_ros/share/rplidar_ros/launch/view_rplidar_a3_launch.py
[68.211s] -- Symlinking: /workspace/install/rplidar_ros/share/rplidar_ros/launch/view_rplidar_c1_launch.py
[68.236s] -- Symlinking: /workspace/install/rplidar_ros/share/rplidar_ros/launch/view_rplidar_s1_launch.py
[68.261s] -- Symlinking: /workspace/install/rplidar_ros/share/rplidar_ros/launch/view_rplidar_s1_tcp_launch.py
[68.285s] -- Symlinking: /workspace/install/rplidar_ros/share/rplidar_ros/launch/view_rplidar_s2_launch.py
[68.311s] -- Symlinking: /workspace/install/rplidar_ros/share/rplidar_ros/launch/view_rplidar_s2e_launch.py
[68.335s] -- Symlinking: /workspace/install/rplidar_ros/share/rplidar_ros/launch/view_rplidar_s3_launch.py
[68.360s] -- Symlinking: /workspace/install/rplidar_ros/share/rplidar_ros/launch/view_rplidar_t1_launch.py
[68.386s] -- Symlinking: /workspace/install/rplidar_ros/share/rplidar_ros/rviz/rplidar_ros.rviz
[68.413s] -- Symlinking: /workspace/install/rplidar_ros/lib/rplidar_ros/rplidar_node
[68.437s] -- Symlinking: /workspace/install/rplidar_ros/lib/rplidar_ros/rplidar_composition
[68.463s] -- Symlinking: /workspace/install/rplidar_ros/lib/rplidar_ros/rplidar_client
[68.491s] -- Symlinking: /workspace/install/rplidar_ros/share/ament_index/resource_index/package_run_dependencies/rplidar_ros
[68.518s] -- Symlinking: /workspace/install/rplidar_ros/share/ament_index/resource_index/parent_prefix_path/rplidar_ros
[68.559s] -- Symlinking: /workspace/install/rplidar_ros/share/rplidar_ros/environment/ament_prefix_path.sh
[68.588s] -- Symlinking: /workspace/install/rplidar_ros/share/rplidar_ros/environment/ament_prefix_path.dsv
[68.615s] -- Symlinking: /workspace/install/rplidar_ros/share/rplidar_ros/environment/path.sh
[68.641s] -- Symlinking: /workspace/install/rplidar_ros/share/rplidar_ros/environment/path.dsv
[68.666s] -- Symlinking: /workspace/install/rplidar_ros/share/rplidar_ros/local_setup.bash
[68.690s] -- Symlinking: /workspace/install/rplidar_ros/share/rplidar_ros/local_setup.sh
[68.715s] -- Symlinking: /workspace/install/rplidar_ros/share/rplidar_ros/local_setup.zsh
[68.740s] -- Symlinking: /workspace/install/rplidar_ros/share/rplidar_ros/local_setup.dsv
[68.765s] -- Symlinking: /workspace/install/rplidar_ros/share/rplidar_ros/package.dsv
[68.814s] -- Symlinking: /workspace/install/rplidar_ros/share/ament_index/resource_index/packages/rplidar_ros
[68.847s] -- Symlinking: /workspace/install/rplidar_ros/share/rplidar_ros/cmake/ament_cmake_export_dependencies-extras.cmake
[68.872s] -- Symlinking: /workspace/install/rplidar_ros/share/rplidar_ros/cmake/ament_cmake_export_include_directories-extras.cmake
[68.898s] -- Symlinking: /workspace/install/rplidar_ros/share/rplidar_ros/cmake/rplidar_rosConfig.cmake
[68.922s] -- Symlinking: /workspace/install/rplidar_ros/share/rplidar_ros/cmake/rplidar_rosConfig-version.cmake
[68.947s] -- Symlinking: /workspace/install/rplidar_ros/share/rplidar_ros/package.xml
[68.980s] Invoked command in '/workspace/build/rplidar_ros' returned '0': CMAKE_PREFIX_PATH=/opt/ros/humble /usr/bin/cmake --install /workspace/build/rplidar_ros
