t_ms,spL,vL,uL,dacL,spR,vR,uR,dacR
3901065,0.000,0.000,0.0,0,0.000,0.000,0.0,0
3901505,0.000,0.000,0.0,0,0.000,0.000,0.0,0
3901545,0.000,0.000,0.0,0,0.000,0.000,0.0,0
3901585,0.000,0.000,0.0,0,0.000,0.000,0.0,0
3901625,0.000,0.000,0.0,0,0.000,0.000,0.0,0
3901665,0.000,0.000,0.0,0,0.000,0.000,0.0,0
3901705,0.000,0.000,0.0,0,0.000,0.000,0.0,0
3901745,0.000,0.000,0.0,0,0.000,0.000,0.0,0
3901785,0.000,0.000,0.0,0,0.000,0.000,0.0,0
3901825,0.000,0.000,0.0,0,0.000,0.000,0.0,0
3901865,0.000,0.000,0.0,0,0.000,0.000,0.0,0
3901905,0.000,0.000,0.0,0,0.000,0.000,0.0,0
3901945,0.000,0.000,0.0,0,0.000,0.000,0.0,0
3901985,0.000,0.000,0.0,0,0.000,0.000,0.0,0
3902025,0.000,0.000,0.0,0,0.000,0.000,0.0,0
3902065,0.000,0.000,0.0,0,0.000,0.000,0.0,0
3902105,0.000,0.000,0.0,0,0.000,0.000,0.0,0
3902145,0.000,0.000,0.0,0,0.000,0.000,0.0,0
3902185,0.000,0.000,0.0,0,0.000,0.000,0.0,0
3902225,0.000,0.000,0.0,0,0.000,0.000,0.0,0
3902265,0.000,0.000,0.0,0,0.000,0.000,0.0,0
3902305,0.000,0.000,0.0,0,0.000,0.000,0.0,0
3902345,0.000,0.000,0.0,0,0.000,0.000,0.0,0
3902385,0.000,0.000,0.0,0,0.000,0.000,0.0,0
3902425,0.000,0.000,0.0,0,0.000,0.000,0.0,0
3902465,0.000,0.000,0.0,0,0.000,0.000,0.0,0
3902505,0.000,0.000,0.0,0,0.000,0.000,0.0,0
3902545,0.000,0.000,0.0,0,0.000,0.000,0.0,0
3902585,0.000,0.000,0.0,0,0.000,0.000,0.0,0
3902625,0.000,0.000,0.0,0,0.000,0.000,0.0,0
3902665,0.000,0.000,0.0,0,0.000,0.000,0.0,0
3902705,0.000,0.000,0.0,0,0.000,0.000,0.0,0
3902745,0.000,0.000,0.0,0,0.000,0.000,0.0,0
3902785,0.000,0.000,0.0,0,0.000,0.000,0.0,0
3902825,0.000,0.000,0.0,0,0.000,0.000,0.0,0
3902865,0.000,0.000,0.0,0,0.000,0.000,0.0,0
3902905,0.000,0.000,0.0,0,0.000,0.000,0.0,0
3902945,0.000,0.000,0.0,0,0.000,0.000,0.0,0
3902985,0.000,0.000,0.0,0,0.000,0.000,0.0,0
3903025,0.000,0.000,0.0,0,0.000,0.000,0.0,0
3903065,0.000,0.000,0.0,0,0.000,0.000,0.0,0
3903105,0.000,0.000,0.0,0,0.000,0.000,0.0,0
3903145,0.000,0.000,0.0,0,0.000,0.000,0.0,0
3903185,0.000,0.000,0.0,0,0.000,0.000,0.0,0
3903225,0.000,0.000,0.0,0,0.000,0.000,0.0,0
3903265,0.000,0.000,0.0,0,0.000,0.000,0.0,0
3903305,0.000,0.000,0.0,0,0.000,0.000,0.0,0
3903345,0.000,0.000,0.0,0,0.000,0.000,0.0,0
3903385,0.000,0.000,0.0,0,0.000,0.000,0.0,0
3903425,0.000,0.000,0.0,0,0.000,0.000,0.0,0
3903465,0.000,0.000,0.0,0,0.000,0.000,0.0,0
3903505,0.000,0.000,0.0,0,0.000,0.000,0.0,0
3903545,0.000,0.000,0.0,0,0.000,0.000,0.0,0
3903585,0.000,0.000,0.0,0,0.000,0.000,0.0,0
3903625,0.000,0.000,0.0,0,0.000,0.000,0.0,0
3903665,0.000,0.000,0.0,0,0.000,0.000,0.0,0
3903705,0.000,0.000,0.0,0,0.000,0.000,0.0,0
3903745,0.000,0.000,0.0,0,0.000,0.000,0.0,0
3903785,0.000,0.000,0.0,0,0.000,0.000,0.0,0
3903825,0.000,0.000,0.0,0,0.000,0.000,0.0,0
3903865,0.000,0.000,0.0,0,0.000,0.000,0.0,0
3903905,0.000,0.000,0.0,0,0.000,0.000,0.0,0
3903945,0.000,0.000,0.0,0,0.000,0.000,0.0,0
3903985,0.000,0.000,0.0,0,0.000,0.000,0.0,0
3904025,0.000,0.000,0.0,0,0.000,0.000,0.0,0
3904065,0.000,0.000,0.0,0,0.000,0.000,0.0,0
3904105,0.000,0.000,0.0,0,0.000,0.000,0.0,0
3904145,0.000,0.000,0.0,0,0.000,0.000,0.0,0
3904185,0.000,0.000,0.0,0,0.000,0.000,0.0,0
3904225,0.000,0.000,0.0,0,0.000,0.000,0.0,0
3904265,0.000,0.000,0.0,0,0.000,0.000,0.0,0
3904305,0.000,0.000,0.0,0,0.000,0.000,0.0,0
3904345,0.000,0.000,0.0,0,0.000,0.000,0.0,0
3904385,0.000,0.000,0.0,0,0.000,0.000,0.0,0
3904425,0.000,0.000,0.0,0,0.000,0.000,0.0,0
3904465,0.000,0.000,0.0,0,0.000,0.000,0.0,0
3904505,0.000,0.000,0.0,0,0.000,0.000,0.0,0
3904545,0.000,0.000,0.0,0,0.000,0.000,0.0,0
3904585,0.000,0.000,0.0,0,0.000,0.000,0.0,0
3904625,0.000,0.000,0.0,0,0.000,0.000,0.0,0
3904665,0.000,0.000,0.0,0,0.000,0.000,0.0,0
3904705,0.000,0.000,0.0,0,0.000,0.000,0.0,0
3904745,0.000,0.000,0.0,0,0.000,0.000,0.0,0
3904785,0.000,0.000,0.0,0,0.000,0.000,0.0,0
3904825,0.000,0.000,0.0,0,0.000,0.000,0.0,0
3904865,0.000,0.000,0.0,0,0.000,0.000,0.0,0
3904905,0.000,0.000,0.0,0,0.000,0.000,0.0,0
3904945,0.000,0.000,0.0,0,0.000,0.000,0.0,0
3904985,0.000,0.000,0.0,0,0.000,0.000,0.0,0
3905025,0.000,0.000,0.0,0,0.000,0.000,0.0,0
3905065,0.000,0.000,0.0,0,0.000,0.000,0.0,0
3905105,0.000,0.000,0.0,0,0.000,0.000,0.0,0
3905145,0.000,0.000,0.0,0,0.000,0.000,0.0,0
3905185,0.000,0.000,0.0,0,0.000,0.000,0.0,0
3905225,0.000,0.000,0.0,0,0.000,0.000,0.0,0
3905265,0.000,0.000,0.0,0,0.000,0.000,0.0,0
3905305,0.000,0.000,0.0,0,0.000,0.000,0.0,0
3905345,0.000,0.000,0.0,0,0.000,0.000,0.0,0
3905385,0.000,0.000,0.0,0,0.000,0.000,0.0,0
3905425,0.000,0.000,0.0,0,0.000,0.000,0.0,0
3905465,0.000,0.000,0.0,0,0.000,0.000,0.0,0
3905505,0.000,0.000,0.0,0,0.000,0.000,0.0,0
3905545,0.000,0.000,0.0,0,0.000,0.000,0.0,0
3905585,0.000,0.000,0.0,0,0.000,0.000,0.0,0
3905625,0.000,0.000,0.0,0,0.000,0.000,0.0,0
3905665,0.000,0.000,0.0,0,0.000,0.000,0.0,0
3905705,0.000,0.000,0.0,0,0.000,0.000,0.0,0
3905745,0.000,0.000,0.0,0,0.000,0.000,0.0,0
3905785,0.000,0.000,0.0,0,0.000,0.000,0.0,0
3905825,0.000,0.000,0.0,0,0.000,0.000,0.0,0
3905865,0.000,0.000,0.0,0,0.000,0.000,0.0,0
3905905,0.000,0.000,0.0,0,0.000,0.000,0.0,0
3905945,0.000,0.000,0.0,0,0.000,0.000,0.0,0
3905985,0.000,0.000,0.0,0,0.000,0.000,0.0,0
3906025,0.000,0.000,0.0,0,0.000,0.000,0.0,0
3906065,0.000,0.000,0.0,0,0.000,0.000,0.0,0
3906105,0.000,0.000,0.0,0,0.000,0.000,0.0,0
3906145,0.000,0.000,0.0,0,0.000,0.000,0.0,0
3906185,0.000,0.000,0.0,0,0.000,0.000,0.0,0
3906225,0.000,0.000,0.0,0,0.000,0.000,0.0,0
3906265,0.000,0.000,0.0,0,0.000,0.000,0.0,0
3906305,0.000,0.000,0.0,0,0.000,0.000,0.0,0
3906345,0.000,0.000,0.0,0,0.000,0.000,0.0,0
3906385,0.000,0.000,0.0,0,0.000,0.000,0.0,0
3906425,0.000,0.000,0.0,0,0.000,0.000,0.0,0
3906465,0.000,0.000,0.0,0,0.000,0.000,0.0,0
3906505,0.000,0.000,0.0,0,0.000,0.000,0.0,0
3906545,0.000,0.000,0.0,0,0.000,0.000,0.0,0
3906585,0.000,0.000,0.0,0,0.000,0.000,0.0,0
3906625,0.000,0.000,0.0,0,0.000,0.000,0.0,0
3906665,0.000,0.000,0.0,0,0.000,0.000,0.0,0
3906705,0.000,0.000,0.0,0,0.000,0.000,0.0,0
3906745,0.000,0.000,0.0,0,0.000,0.000,0.0,0
3906785,0.000,0.000,0.0,0,0.000,0.000,0.0,0
3906825,0.000,0.000,0.0,0,0.000,0.000,0.0,0
3906865,0.000,0.000,0.0,0,0.000,0.000,0.0,0
3906905,0.000,0.000,0.0,0,0.000,0.000,0.0,0
3906945,0.000,0.000,0.0,0,0.000,0.000,0.0,0
3906985,0.000,0.000,0.0,0,0.000,0.000,0.0,0
3907025,0.000,0.000,0.0,0,0.000,0.000,0.0,0
3907065,0.000,0.000,0.0,0,0.000,0.000,0.0,0
3907105,0.000,0.000,0.0,0,0.000,0.000,0.0,0
3907145,0.000,0.000,0.0,0,0.000,0.000,0.0,0
3907185,0.000,0.000,0.0,0,0.000,0.000,0.0,0
3907225,0.000,0.000,0.0,0,0.000,0.000,0.0,0
3907265,0.000,0.000,0.0,0,0.000,0.000,0.0,0
3907305,0.000,0.000,0.0,0,0.000,0.000,0.0,0
3907345,0.000,0.000,0.0,0,0.000,0.000,0.0,0
3907385,0.000,0.000,0.0,0,0.000,0.000,0.0,0
3907425,0.000,0.000,0.0,0,0.000,0.000,0.0,0
3907465,0.000,0.000,0.0,0,0.000,0.000,0.0,0
3907505,0.000,0.000,0.0,0,0.000,0.000,0.0,0
3907545,0.000,0.000,0.0,0,0.000,0.000,0.0,0
3907585,0.000,0.000,0.0,0,0.000,0.000,0.0,0
3907625,0.000,0.000,0.0,0,0.000,0.000,0.0,0
3907665,0.000,0.000,0.0,0,0.000,0.000,0.0,0
3907705,0.000,0.000,0.0,0,0.000,0.000,0.0,0
3907745,0.000,0.000,0.0,0,0.000,0.000,0.0,0
3907785,0.000,0.000,0.0,0,0.000,0.000,0.0,0
3907825,0.000,0.000,0.0,0,0.000,0.000,0.0,0
3907865,0.000,0.000,0.0,0,0.000,0.000,0.0,0
3907905,0.000,0.000,0.0,0,0.000,0.000,0.0,0
3907945,0.000,0.000,0.0,0,0.000,0.000,0.0,0
3907985,0.000,0.000,0.0,0,0.000,0.000,0.0,0
3908025,0.000,0.000,0.0,0,0.000,0.000,0.0,0
3908065,0.000,0.000,0.0,0,0.000,0.000,0.0,0
3908105,0.000,0.000,0.0,0,0.000,0.000,0.0,0
3908145,0.000,0.000,0.0,0,0.000,0.000,0.0,0
3908185,0.000,0.000,0.0,0,0.000,0.000,0.0,0
3908225,0.000,0.000,0.0,0,0.000,0.000,0.0,0
3908265,0.000,0.000,0.0,0,0.000,0.000,0.0,0
3908305,0.000,0.000,0.0,0,0.000,0.000,0.0,0
3908345,0.000,0.000,0.0,0,0.000,0.000,0.0,0
3908385,0.000,0.000,0.0,0,0.000,0.000,0.0,0
3908425,0.000,0.000,0.0,0,0.000,0.000,0.0,0
3908465,0.000,0.000,0.0,0,0.000,0.000,0.0,0
3908505,0.000,0.000,0.0,0,0.000,0.000,0.0,0
3908545,0.000,0.000,0.0,0,0.000,0.000,0.0,0
3908585,0.000,0.000,0.0,0,0.000,0.000,0.0,0
3908625,0.000,0.000,0.0,0,0.000,0.000,0.0,0
3908665,0.000,0.000,0.0,0,0.000,0.000,0.0,0
3908705,0.000,0.000,0.0,0,0.000,0.000,0.0,0
3908745,0.000,0.000,0.0,0,0.000,0.000,0.0,0
3908785,0.000,0.000,0.0,0,0.000,0.000,0.0,0
3908825,0.000,0.000,0.0,0,0.000,0.000,0.0,0
3908865,0.000,0.000,0.0,0,0.000,0.000,0.0,0
3908905,0.000,0.000,0.0,0,0.000,0.000,0.0,0
3908945,0.000,0.000,0.0,0,0.000,0.000,0.0,0
3908985,0.000,0.000,0.0,0,0.000,0.000,0.0,0
3909025,0.000,0.000,0.0,0,0.000,0.000,0.0,0
3909065,0.000,0.000,0.0,0,0.000,0.000,0.0,0
3909105,0.000,0.000,0.0,0,0.000,0.000,0.0,0
3909145,0.000,0.000,0.0,0,0.000,0.000,0.0,0
3909185,0.000,0.000,0.0,0,0.000,0.000,0.0,0
3909225,0.000,0.000,0.0,0,0.000,0.000,0.0,0
3909265,0.000,0.000,0.0,0,0.000,0.000,0.0,0
3909305,0.000,0.000,0.0,0,0.000,0.000,0.0,0
3909345,0.000,0.000,0.0,0,0.000,0.000,0.0,0
3909385,0.000,0.000,0.0,0,0.000,0.000,0.0,0
3909425,0.000,0.000,0.0,0,0.000,0.000,0.0,0
3909465,0.000,0.000,0.0,0,0.000,0.000,0.0,0
3909505,0.000,0.000,0.0,0,0.000,0.000,0.0,0
3909545,0.000,0.000,0.0,0,0.000,0.000,0.0,0
3909585,0.000,0.000,0.0,0,0.000,0.000,0.0,0
3909625,0.000,0.000,0.0,0,0.000,0.000,0.0,0
3909665,0.000,0.000,0.0,0,0.000,0.000,0.0,0
3909705,0.000,0.000,0.0,0,0.000,0.000,0.0,0
3909745,0.000,0.000,0.0,0,0.000,0.000,0.0,0
3909785,0.000,0.000,0.0,0,0.000,0.000,0.0,0
3909825,0.000,0.000,0.0,0,0.000,0.000,0.0,0
3909865,0.000,0.000,0.0,0,0.000,0.000,0.0,0
3909905,0.000,0.000,0.0,0,0.000,0.000,0.0,0
3909945,0.000,0.000,0.0,0,0.000,0.000,0.0,0
3909985,0.000,0.000,0.0,0,0.000,0.000,0.0,0
3910025,0.000,0.000,0.0,0,0.000,0.000,0.0,0
3910065,0.000,0.000,0.0,0,0.000,0.000,0.0,0
3910105,0.000,0.000,0.0,0,0.000,0.000,0.0,0
3910145,0.000,0.000,0.0,0,0.000,0.000,0.0,0
3910185,0.000,0.000,0.0,0,0.000,0.000,0.0,0
3910225,0.000,0.000,0.0,0,0.000,0.000,0.0,0
3910265,0.000,0.000,0.0,0,0.000,0.000,0.0,0
3910305,0.000,0.000,0.0,0,0.000,0.000,0.0,0
3910345,0.000,0.000,0.0,0,0.000,0.000,0.0,0
3910385,0.000,0.000,0.0,0,0.000,0.000,0.0,0
3910425,0.000,0.000,0.0,0,0.000,0.000,0.0,0
3910465,0.000,0.000,0.0,0,0.000,0.000,0.0,0
3910505,0.000,0.000,0.0,0,0.000,0.000,0.0,0
3910545,0.000,0.000,0.0,0,0.000,0.000,0.0,0
3910585,0.000,0.000,0.0,0,0.000,0.000,0.0,0
3910625,0.000,0.000,0.0,0,0.000,0.000,0.0,0
3910665,0.000,0.000,0.0,0,0.000,0.000,0.0,0
3910705,0.000,0.000,0.0,0,0.000,0.000,0.0,0
3910745,0.000,0.000,0.0,0,0.000,0.000,0.0,0
3910785,0.000,0.000,0.0,0,0.000,0.000,0.0,0
3910825,0.000,0.000,0.0,0,0.000,0.000,0.0,0
3910865,0.000,0.000,0.0,0,0.000,0.000,0.0,0
3910905,0.000,0.000,0.0,0,0.000,0.000,0.0,0
3910945,0.000,0.000,0.0,0,0.000,0.000,0.0,0
3910985,0.000,0.000,0.0,0,0.000,0.000,0.0,0
3911025,0.000,0.000,0.0,0,0.000,0.000,0.0,0
3911065,0.000,0.000,0.0,0,0.000,0.000,0.0,0
3911105,0.000,0.000,0.0,0,0.000,0.000,0.0,0
3911145,0.000,0.000,0.0,0,0.000,0.000,0.0,0
3911185,0.000,0.000,0.0,0,0.000,0.000,0.0,0
3911225,0.000,0.000,0.0,0,0.000,0.000,0.0,0
3911265,0.000,0.000,0.0,0,0.000,0.000,0.0,0
3911305,0.000,0.000,0.0,0,0.000,0.000,0.0,0
3911345,0.000,0.000,0.0,0,0.000,0.000,0.0,0
3911385,0.000,0.000,0.0,0,0.000,0.000,0.0,0
3911425,0.000,0.000,0.0,0,0.000,0.000,0.0,0
3911465,0.000,0.000,0.0,0,0.000,0.000,0.0,0
3911505,0.000,0.000,0.0,0,0.000,0.000,0.0,0
3911545,0.000,0.000,0.0,0,0.000,0.000,0.0,0
3911585,0.000,0.000,0.0,0,0.000,0.000,0.0,0
3911625,0.000,0.000,0.0,0,0.000,0.000,0.0,0
3911665,0.000,0.000,0.0,0,0.000,0.000,0.0,0
3911705,0.000,0.000,0.0,0,0.000,0.000,0.0,0
3911745,0.000,0.000,0.0,0,0.000,0.000,0.0,0
3911785,0.000,0.000,0.0,0,0.000,0.000,0.0,0
3911825,0.000,0.000,0.0,0,0.000,0.000,0.0,0
3911865,0.000,0.000,0.0,0,0.000,0.000,0.0,0
3911905,0.000,0.000,0.0,0,0.000,0.000,0.0,0
3911945,0.000,0.000,0.0,0,0.000,0.000,0.0,0
3911985,0.000,0.000,0.0,0,0.000,0.000,0.0,0
3912025,0.000,0.000,0.0,0,0.000,0.000,0.0,0
3912065,0.000,0.000,0.0,0,0.000,0.000,0.0,0
3912105,0.000,0.000,0.0,0,0.000,0.000,0.0,0
3912145,0.000,0.000,0.0,0,0.000,0.000,0.0,0
3912185,0.000,0.000,0.0,0,0.000,0.000,0.0,0
3912225,0.000,0.000,0.0,0,0.000,0.000,0.0,0
3912265,0.000,0.000,0.0,0,0.000,0.000,0.0,0
3912305,0.000,0.000,0.0,0,0.000,0.000,0.0,0
3912345,0.000,0.000,0.0,0,0.000,0.000,0.0,0
3912385,0.000,0.000,0.0,0,0.000,0.000,0.0,0
3912425,0.000,0.000,0.0,0,0.000,0.000,0.0,0
3912465,0.000,0.000,0.0,0,0.000,0.000,0.0,0
3912505,0.000,0.000,0.0,0,0.000,0.000,0.0,0
3912545,0.000,0.000,0.0,0,0.000,0.000,0.0,0
3912585,0.000,0.000,0.0,0,0.000,0.000,0.0,0
3912625,0.000,0.000,0.0,0,0.000,0.000,0.0,0
3912665,0.000,0.000,0.0,0,0.000,0.000,0.0,0
3912705,0.000,0.000,0.0,0,0.000,0.000,0.0,0
3912745,0.000,0.000,0.0,0,0.000,0.000,0.0,0
3912785,0.000,0.000,0.0,0,0.000,0.000,0.0,0
3912825,0.000,0.000,0.0,0,0.000,0.000,0.0,0
3912865,0.000,0.000,0.0,0,0.000,0.000,0.0,0
3912905,0.000,0.000,0.0,0,0.000,0.000,0.0,0
3912945,0.000,0.000,0.0,0,0.000,0.000,0.0,0
3912985,0.000,0.000,0.0,0,0.000,0.000,0.0,0
3913025,0.000,0.000,0.0,0,0.000,0.000,0.0,0
3913065,0.000,0.000,0.0,0,0.000,0.000,0.0,0
3913105,0.000,0.000,0.0,0,0.000,0.000,0.0,0
3913145,0.000,0.000,0.0,0,0.000,0.000,0.0,0
3913185,0.000,0.000,0.0,0,0.000,0.000,0.0,0
3913225,0.000,0.000,0.0,0,0.000,0.000,0.0,0
3913265,0.000,0.000,0.0,0,0.000,0.000,0.0,0
3913305,0.000,0.000,0.0,0,0.000,0.000,0.0,0
3913345,0.000,0.000,0.0,0,0.000,0.000,0.0,0
3913385,0.000,0.000,0.0,0,0.000,0.000,0.0,0
3913425,0.000,0.000,0.0,0,0.000,0.000,0.0,0
3913465,0.000,0.000,0.0,0,0.000,0.000,0.0,0
3913505,0.000,0.000,0.0,0,0.000,0.000,0.0,0
3913545,0.000,0.000,0.0,0,0.000,0.000,0.0,0
3913585,0.000,0.000,0.0,0,0.000,0.000,0.0,0
3913625,0.000,0.000,0.0,0,0.000,0.000,0.0,0
3913665,0.000,0.000,0.0,0,0.000,0.000,0.0,0
3913705,0.000,0.000,0.0,0,0.000,0.000,0.0,0
3913745,0.000,0.000,0.0,0,0.000,0.000,0.0,0
3913785,0.000,0.000,0.0,0,0.000,0.000,0.0,0
3913825,0.000,0.000,0.0,0,0.000,0.000,0.0,0
3913865,0.000,0.000,0.0,0,0.000,0.000,0.0,0
3913905,0.000,0.000,0.0,0,0.000,0.000,0.0,0
3913945,0.000,0.000,0.0,0,0.000,0.000,0.0,0
3913985,0.000,0.000,0.0,0,0.000,0.000,0.0,0
3914025,0.000,0.000,0.0,0,0.000,0.000,0.0,0
3914065,0.000,0.000,0.0,0,0.000,0.000,0.0,0
3914105,0.000,0.000,0.0,0,0.000,0.000,0.0,0
3914145,0.000,0.000,0.0,0,0.000,0.000,0.0,0
3914185,0.000,0.000,0.0,0,0.000,0.000,0.0,0
3914225,0.000,0.000,0.0,0,0.000,0.000,0.0,0
3914265,0.000,0.000,0.0,0,0.000,0.000,0.0,0
3914305,0.000,0.000,0.0,0,0.000,0.000,0.0,0
3914345,0.000,0.000,0.0,0,0.000,0.000,0.0,0
3914385,0.000,0.000,0.0,0,0.000,0.000,0.0,0
3914425,0.000,0.000,0.0,0,0.000,0.000,0.0,0
3914465,0.000,0.000,0.0,0,0.000,0.000,0.0,0
3914505,0.000,0.000,0.0,0,0.000,0.000,0.0,0
3914545,0.000,0.000,0.0,0,0.000,0.000,0.0,0
3914585,0.000,0.000,0.0,0,0.000,0.000,0.0,0
3914625,0.000,0.000,0.0,0,0.000,0.000,0.0,0
3914665,0.000,0.000,0.0,0,0.000,0.000,0.0,0
3914705,0.000,0.000,0.0,0,0.000,0.000,0.0,0
3914745,0.000,0.000,0.0,0,0.000,0.000,0.0,0
3914785,0.000,0.000,0.0,0,0.000,0.000,0.0,0
3914825,0.000,0.000,0.0,0,0.000,0.000,0.0,0
3914865,0.000,0.000,0.0,0,0.000,0.000,0.0,0
3914905,0.000,0.000,0.0,0,0.000,0.000,0.0,0
3914945,0.000,0.000,0.0,0,0.000,0.000,0.0,0
3914985,0.000,0.000,0.0,0,0.000,0.000,0.0,0
3915025,0.000,0.000,0.0,0,0.000,0.000,0.0,0
3915065,0.000,0.000,0.0,0,0.000,0.000,0.0,0
3915105,0.000,0.000,0.0,0,0.000,0.000,0.0,0
3915145,0.000,0.000,0.0,0,0.000,0.000,0.0,0
3915185,0.000,0.000,0.0,0,0.000,0.000,0.0,0
3915225,0.000,0.000,0.0,0,0.000,0.000,0.0,0
3915265,0.000,0.000,0.0,0,0.000,0.000,0.0,0
3915305,0.000,0.000,0.0,0,0.000,0.000,0.0,0
3915345,0.000,0.000,0.0,0,0.000,0.000,0.0,0
3915385,0.000,0.000,0.0,0,0.000,0.000,0.0,0
3915425,0.000,0.000,0.0,0,0.000,0.000,0.0,0
3915465,0.000,0.000,0.0,0,0.000,0.000,0.0,0
3915505,0.000,0.000,0.0,0,0.000,0.000,0.0,0
3915545,0.000,0.000,0.0,0,0.000,0.000,0.0,0
3915585,0.000,0.000,0.0,0,0.000,0.000,0.0,0
3915625,0.000,0.000,0.0,0,0.000,0.000,0.0,0
3915665,0.000,0.000,0.0,0,0.000,0.000,0.0,0
3915705,0.000,0.000,0.0,0,0.000,0.000,0.0,0
3915745,0.000,0.000,0.0,0,0.000,0.000,0.0,0
3915785,0.000,0.000,0.0,0,0.000,0.000,0.0,0
3915825,0.000,0.000,0.0,0,0.000,0.000,0.0,0
3915865,0.000,0.000,0.0,0,0.000,0.000,0.0,0
3915905,0.000,0.000,0.0,0,0.000,0.000,0.0,0
3915945,0.000,0.000,0.0,0,0.000,0.000,0.0,0
3915985,0.000,0.000,0.0,0,0.000,0.000,0.0,0
3916025,0.000,0.000,0.0,0,0.000,0.000,0.0,0
3916065,0.000,0.000,0.0,0,0.000,0.000,0.0,0
3916105,0.000,0.000,0.0,0,0.000,0.000,0.0,0
3916145,0.000,0.000,0.0,0,0.000,0.000,0.0,0
3916185,0.000,0.000,0.0,0,0.000,0.000,0.0,0
3916225,0.000,0.000,0.0,0,0.000,0.000,0.0,0
3916265,0.000,0.000,0.0,0,0.000,0.000,0.0,0
3916305,0.000,0.000,0.0,0,0.000,0.000,0.0,0
3916345,0.000,0.000,0.0,0,0.000,0.000,0.0,0
3916385,0.000,0.000,0.0,0,0.000,0.000,0.0,0
3916425,0.000,0.000,0.0,0,0.000,0.000,0.0,0
3916465,0.000,0.000,0.0,0,0.000,0.000,0.0,0
3916505,0.000,0.000,0.0,0,0.000,0.000,0.0,0
3916545,0.000,0.000,0.0,0,0.000,0.000,0.0,0
3916585,0.000,0.000,0.0,0,0.000,0.000,0.0,0
3916625,0.000,0.000,0.0,0,0.000,0.000,0.0,0
3916665,0.000,0.000,0.0,0,0.000,0.000,0.0,0
3916705,0.000,0.000,0.0,0,0.000,0.000,0.0,0
3916745,0.000,0.000,0.0,0,0.000,0.000,0.0,0
3916785,0.000,0.000,0.0,0,0.000,0.000,0.0,0
3916825,0.000,0.000,0.0,0,0.000,0.000,0.0,0
3916865,0.000,0.000,0.0,0,0.000,0.000,0.0,0
3916905,0.000,0.000,0.0,0,0.000,0.000,0.0,0
3916945,0.000,0.000,0.0,0,0.000,0.000,0.0,0
3916985,0.000,0.000,0.0,0,0.000,0.000,0.0,0
3917025,0.000,0.000,0.0,0,0.000,0.000,0.0,0
3917065,0.000,0.000,0.0,0,0.000,0.000,0.0,0
3917105,0.000,0.000,0.0,0,0.000,0.000,0.0,0
3917145,0.000,0.000,0.0,0,0.000,0.000,0.0,0
3917185,0.000,0.000,0.0,0,0.000,0.000,0.0,0
3917225,0.000,0.000,0.0,0,0.000,0.000,0.0,0
3917265,0.000,0.000,0.0,0,0.000,0.000,0.0,0
3917305,0.000,0.000,0.0,0,0.000,0.000,0.0,0
3917345,0.000,0.000,0.0,0,0.000,0.000,0.0,0
3917385,0.000,0.000,0.0,0,0.000,0.000,0.0,0
3917425,0.000,0.000,0.0,0,0.000,0.000,0.0,0
3917465,0.000,0.000,0.0,0,0.000,0.000,0.0,0
3917505,0.000,0.000,0.0,0,0.000,0.000,0.0,0
3917545,0.000,0.000,0.0,0,0.000,0.000,0.0,0
3917585,0.000,0.000,0.0,0,0.000,0.000,0.0,0
3917625,0.000,0.000,0.0,0,0.000,0.000,0.0,0
3917665,0.000,0.000,0.0,0,0.000,0.000,0.0,0
3917705,0.000,0.000,0.0,0,0.000,0.000,0.0,0
3917745,0.000,0.000,0.0,0,0.000,0.000,0.0,0
3917785,0.000,0.000,0.0,0,0.000,0.000,0.0,0
3917825,0.000,0.000,0.0,0,0.000,0.000,0.0,0
3917865,0.000,0.000,0.0,0,0.000,0.000,0.0,0
3917905,0.000,0.000,0.0,0,0.000,0.000,0.0,0
3917945,0.000,0.000,0.0,0,0.000,0.000,0.0,0
3917985,0.000,0.000,0.0,0,0.000,0.000,0.0,0
3918025,0.000,0.000,0.0,0,0.000,0.000,0.0,0
3918065,0.000,0.000,0.0,0,0.000,0.000,0.0,0
3918105,0.000,0.000,0.0,0,0.000,0.000,0.0,0
3918145,0.000,0.000,0.0,0,0.000,0.000,0.0,0
3918185,0.000,0.000,0.0,0,0.000,0.000,0.0,0
3918225,0.000,0.000,0.0,0,0.000,0.000,0.0,0
3918265,0.000,0.000,0.0,0,0.000,0.000,0.0,0
3918305,0.000,0.000,0.0,0,0.000,0.000,0.0,0
3918345,0.000,0.000,0.0,0,0.000,0.000,0.0,0
3918385,0.000,0.000,0.0,0,0.000,0.000,0.0,0
3918425,0.000,0.000,0.0,0,0.000,0.000,0.0,0
3918465,0.000,0.000,0.0,0,0.000,0.000,0.0,0
3918505,0.000,0.000,0.0,0,0.000,0.000,0.0,0
3918545,0.000,0.000,0.0,0,0.000,0.000,0.0,0
3918585,0.000,0.000,0.0,0,0.000,0.000,0.0,0
3918625,0.000,0.000,0.0,0,0.000,0.000,0.0,0
3918665,0.000,0.000,0.0,0,0.000,0.000,0.0,0
3918705,0.000,0.000,0.0,0,0.000,0.000,0.0,0
3918745,0.000,0.000,0.0,0,0.000,0.000,0.0,0
3918785,0.000,0.000,0.0,0,0.000,0.000,0.0,0
3918825,0.000,0.000,0.0,0,0.000,0.000,0.0,0
3918865,0.000,0.000,0.0,0,0.000,0.000,0.0,0
3918905,0.000,0.000,0.0,0,0.000,0.000,0.0,0
3918945,0.000,0.000,0.0,0,0.000,0.000,0.0,0
3918985,0.000,0.000,0.0,0,0.000,0.000,0.0,0
3919025,0.000,0.000,0.0,0,0.000,0.000,0.0,0
3919065,0.000,0.000,0.0,0,0.000,0.000,0.0,0
3919105,0.000,0.000,0.0,0,0.000,0.000,0.0,0
3919145,0.000,0.000,0.0,0,0.000,0.000,0.0,0
3919185,0.000,0.000,0.0,0,0.000,0.000,0.0,0
3919225,0.000,0.000,0.0,0,0.000,0.000,0.0,0
3919265,0.000,0.000,0.0,0,0.000,0.000,0.0,0
3919305,0.000,0.000,0.0,0,0.000,0.000,0.0,0
3919345,0.000,0.000,0.0,0,0.000,0.000,0.0,0
3919385,0.000,0.000,0.0,0,0.000,0.000,0.0,0
3919425,0.000,0.000,0.0,0,0.000,0.000,0.0,0
3919465,0.000,0.000,0.0,0,0.000,0.000,0.0,0
3919505,0.000,0.000,0.0,0,0.000,0.000,0.0,0
3919545,0.000,0.000,0.0,0,0.000,0.000,0.0,0
3919585,0.000,0.000,0.0,0,0.000,0.000,0.0,0
3919625,0.000,0.000,0.0,0,0.000,0.000,0.0,0
3919665,0.000,0.000,0.0,0,0.000,0.000,0.0,0
3919705,0.000,0.000,0.0,0,0.000,0.000,0.0,0
3919745,0.000,0.000,0.0,0,0.000,0.000,0.0,0
3919785,0.000,0.000,0.0,0,0.000,0.000,0.0,0
3919825,0.000,0.000,0.0,0,0.000,0.000,0.0,0
3919865,0.000,0.000,0.0,0,0.000,0.000,0.0,0
3919905,0.000,0.000,0.0,0,0.000,0.000,0.0,0
3919945,0.000,0.000,0.0,0,0.000,0.000,0.0,0
3919985,0.000,0.000,0.0,0,0.000,0.000,0.0,0
3920025,0.000,0.000,0.0,0,0.000,0.000,0.0,0
3920065,0.000,0.000,0.0,0,0.000,0.000,0.0,0
3920105,0.000,0.000,0.0,0,0.000,0.000,0.0,0
3920145,0.000,0.000,0.0,0,0.000,0.000,0.0,0
3920185,0.000,0.000,0.0,0,0.000,0.000,0.0,0
3920225,0.000,0.000,0.0,0,0.000,0.000,0.0,0
3920265,0.000,0.000,0.0,0,0.000,0.000,0.0,0
3920305,0.000,0.000,0.0,0,0.000,0.000,0.0,0
3920345,0.000,0.000,0.0,0,0.000,0.000,0.0,0
3920385,0.000,0.000,0.0,0,0.000,0.000,0.0,0
3920425,0.000,0.000,0.0,0,0.000,0.000,0.0,0
3920465,0.000,0.000,0.0,0,0.000,0.000,0.0,0
3920505,0.000,0.000,0.0,0,0.000,0.000,0.0,0
3920545,0.000,0.000,0.0,0,0.000,0.000,0.0,0
3920585,0.000,0.000,0.0,0,0.000,0.000,0.0,0
3920625,0.000,0.000,0.0,0,0.000,0.000,0.0,0
3920665,0.000,0.000,0.0,0,0.000,0.000,0.0,0
3920705,0.000,0.000,0.0,0,0.000,0.000,0.0,0
3920745,0.000,0.000,0.0,0,0.000,0.000,0.0,0
3920785,0.000,0.000,0.0,0,0.000,0.000,0.0,0
3920825,0.000,0.000,0.0,0,0.000,0.000,0.0,0
3920865,0.000,0.000,0.0,0,0.000,0.000,0.0,0
3920905,0.000,0.000,0.0,0,0.000,0.000,0.0,0
3920945,0.000,0.000,0.0,0,0.000,0.000,0.0,0
3920985,0.000,0.000,0.0,0,0.000,0.000,0.0,0
3921025,0.000,0.000,0.0,0,0.000,0.000,0.0,0
3921065,0.000,0.000,0.0,0,0.000,0.000,0.0,0
3921105,0.000,0.000,0.0,0,0.000,0.000,0.0,0
3921145,0.000,0.000,0.0,0,0.000,0.000,0.0,0
3921185,0.000,0.000,0.0,0,0.000,0.000,0.0,0
3921225,0.000,0.000,0.0,0,0.000,0.000,0.0,0
3921265,0.000,0.000,0.0,0,0.000,0.000,0.0,0
3921305,0.000,0.000,0.0,0,0.000,0.000,0.0,0
3921345,0.000,0.000,0.0,0,0.000,0.000,0.0,0
3921385,0.000,0.000,0.0,0,0.000,0.000,0.0,0
3921425,0.000,0.000,0.0,0,0.000,0.000,0.0,0
3921465,0.000,0.000,0.0,0,0.000,0.000,0.0,0
3921505,0.000,0.000,0.0,0,0.000,0.000,0.0,0
3921545,0.000,0.000,0.0,0,0.000,0.000,0.0,0
3921585,0.000,0.000,0.0,0,0.000,0.000,0.0,0
3921625,0.000,0.000,0.0,0,0.000,0.000,0.0,0
3921665,0.000,0.000,0.0,0,0.000,0.000,0.0,0
3921705,0.000,0.000,0.0,0,0.000,0.000,0.0,0
3921745,0.000,0.000,0.0,0,0.000,0.000,0.0,0
3921785,0.000,0.000,0.0,0,0.000,0.000,0.0,0
3921825,0.000,0.000,0.0,0,0.000,0.000,0.0,0
3921865,0.000,0.000,0.0,0,0.000,0.000,0.0,0
3921905,0.000,0.000,0.0,0,0.000,0.000,0.0,0
3921945,0.000,0.000,0.0,0,0.000,0.000,0.0,0
3921985,0.000,0.000,0.0,0,0.000,0.000,0.0,0
3922025,0.000,0.000,0.0,0,0.000,0.000,0.0,0
3922065,0.000,0.000,0.0,0,0.000,0.000,0.0,0
3922105,0.000,0.000,0.0,0,0.000,0.000,0.0,0
3922145,0.000,0.000,0.0,0,0.000,0.000,0.0,0
3922185,0.000,0.000,0.0,0,0.000,0.000,0.0,0
3922225,0.000,0.000,0.0,0,0.000,0.000,0.0,0
3922265,0.000,0.000,0.0,0,0.000,0.000,0.0,0
3922305,0.000,0.000,0.0,0,0.000,0.000,0.0,0
3922345,0.000,0.000,0.0,0,0.000,0.000,0.0,0
3922385,0.000,0.000,0.0,0,0.000,0.000,0.0,0
3922425,0.000,0.000,0.0,0,0.000,0.000,0.0,0
3922465,0.000,0.000,0.0,0,0.000,0.000,0.0,0
3922505,0.000,0.000,0.0,0,0.000,0.000,0.0,0
3922545,0.000,0.000,0.0,0,0.000,0.000,0.0,0
3922585,0.000,0.000,0.0,0,0.000,0.000,0.0,0
3922625,0.000,0.000,0.0,0,0.000,0.000,0.0,0
3922665,0.000,0.000,0.0,0,0.000,0.000,0.0,0
3922705,0.000,0.000,0.0,0,0.000,0.000,0.0,0
3922745,0.000,0.000,0.0,0,0.000,0.000,0.0,0
3922785,0.000,0.000,0.0,0,0.000,0.000,0.0,0
3922825,0.000,0.000,0.0,0,0.000,0.000,0.0,0
3922865,0.000,0.000,0.0,0,0.000,0.000,0.0,0
3922905,0.000,0.000,0.0,0,0.000,0.000,0.0,0
3922945,0.000,0.000,0.0,0,0.000,0.000,0.0,0
3922985,0.000,0.000,0.0,0,0.000,0.000,0.0,0
3923025,0.000,0.000,0.0,0,0.000,0.000,0.0,0
3923065,0.000,0.000,0.0,0,0.000,0.000,0.0,0
3923105,0.000,0.000,0.0,0,0.000,0.000,0.0,0
3923145,0.000,0.000,0.0,0,0.000,0.000,0.0,0
3923185,0.000,0.000,0.0,0,0.000,0.000,0.0,0
3923225,0.000,0.000,0.0,0,0.000,0.000,0.0,0
3923265,0.000,0.000,0.0,0,0.000,0.000,0.0,0
3923305,0.000,0.000,0.0,0,0.000,0.000,0.0,0
3923345,0.000,0.000,0.0,0,0.000,0.000,0.0,0
3923385,0.000,0.000,0.0,0,0.000,0.000,0.0,0
3923425,0.000,0.000,0.0,0,0.000,0.000,0.0,0
3923465,0.000,0.000,0.0,0,0.000,0.000,0.0,0
3923505,0.000,0.000,0.0,0,0.000,0.000,0.0,0
3923545,0.000,0.000,0.0,0,0.000,0.000,0.0,0
3923585,0.000,0.000,0.0,0,0.000,0.000,0.0,0
3923625,0.000,0.000,0.0,0,0.000,0.000,0.0,0
3923665,0.000,0.000,0.0,0,0.000,0.000,0.0,0
3923705,0.000,0.000,0.0,0,0.000,0.000,0.0,0
3923745,0.000,0.000,0.0,0,0.000,0.000,0.0,0
3923785,0.000,0.000,0.0,0,0.000,0.000,0.0,0
3923825,0.000,0.000,0.0,0,0.000,0.000,0.0,0
3923865,0.000,0.000,0.0,0,0.000,0.000,0.0,0
3923905,0.000,0.000,0.0,0,0.000,0.000,0.0,0
3923945,0.000,0.000,0.0,0,0.000,0.000,0.0,0
3923985,0.000,0.000,0.0,0,0.000,0.000,0.0,0
3924025,0.000,0.000,0.0,0,0.000,0.000,0.0,0
3924065,0.000,0.000,0.0,0,0.000,0.000,0.0,0
3924105,0.000,0.000,0.0,0,0.000,0.000,0.0,0
3924145,0.000,0.000,0.0,0,0.000,0.000,0.0,0
3924185,0.000,0.000,0.0,0,0.000,0.000,0.0,0
3924225,0.000,0.000,0.0,0,0.000,0.000,0.0,0
3924265,0.000,0.000,0.0,0,0.000,0.000,0.0,0
3924305,0.000,0.000,0.0,0,0.000,0.000,0.0,0
3924345,0.000,0.000,0.0,0,0.000,0.000,0.0,0
3924385,0.000,0.000,0.0,0,0.000,0.000,0.0,0
3924425,0.000,0.000,0.0,0,0.000,0.000,0.0,0
3924465,0.000,0.000,0.0,0,0.000,0.000,0.0,0
3924505,0.000,0.000,0.0,0,0.000,0.000,0.0,0
3924545,0.000,0.000,0.0,0,0.000,0.000,0.0,0
3924585,0.000,0.000,0.0,0,0.000,0.000,0.0,0
3924625,0.000,0.000,0.0,0,0.000,0.000,0.0,0
3924665,0.000,0.000,0.0,0,0.000,0.000,0.0,0
3924705,0.000,0.000,0.0,0,0.000,0.000,0.0,0
3924745,0.000,0.000,0.0,0,0.000,0.000,0.0,0
3924785,0.000,0.000,0.0,0,0.000,0.000,0.0,0
3924825,0.000,0.000,0.0,0,0.000,0.000,0.0,0
3924865,0.000,0.000,0.0,0,0.000,0.000,0.0,0
3924905,0.000,0.000,0.0,0,0.000,0.000,0.0,0
3924945,0.000,0.000,0.0,0,0.000,0.000,0.0,0
3924985,0.000,0.000,0.0,0,0.000,0.000,0.0,0
3925025,0.000,0.000,0.0,0,0.000,0.000,0.0,0
3925065,0.000,0.000,0.0,0,0.000,0.000,0.0,0
3925105,0.000,0.000,0.0,0,0.000,0.000,0.0,0
3925145,0.000,0.000,0.0,0,0.000,0.000,0.0,0
3925185,0.000,0.000,0.0,0,0.000,0.000,0.0,0
3925225,0.000,0.000,0.0,0,0.000,0.000,0.0,0
3925265,0.000,0.000,0.0,0,0.000,0.000,0.0,0
3925305,0.000,0.000,0.0,0,0.000,0.000,0.0,0
3925345,0.000,0.000,0.0,0,0.000,0.000,0.0,0
3925385,0.000,0.000,0.0,0,0.000,0.000,0.0,0
3925425,0.000,0.000,0.0,0,0.000,0.000,0.0,0
3925465,0.000,0.000,0.0,0,0.000,0.000,0.0,0
3925505,0.000,0.000,0.0,0,0.000,0.000,0.0,0
3925545,0.000,0.000,0.0,0,0.000,0.000,0.0,0
3925585,0.000,0.000,0.0,0,0.000,0.000,0.0,0
3925625,0.000,0.000,0.0,0,0.000,0.000,0.0,0
3925665,0.000,0.000,0.0,0,0.000,0.000,0.0,0
3925705,0.000,0.000,0.0,0,0.000,0.000,0.0,0
3925745,0.000,0.000,0.0,0,0.000,0.000,0.0,0
3925785,0.000,0.000,0.0,0,0.000,0.000,0.0,0
3925825,0.000,0.000,0.0,0,0.000,0.000,0.0,0
3925865,0.000,0.000,0.0,0,0.000,0.000,0.0,0
3925905,0.000,0.000,0.0,0,0.000,0.000,0.0,0
3925945,0.000,0.000,0.0,0,0.000,0.000,0.0,0
3925985,0.000,0.000,0.0,0,0.000,0.000,0.0,0
3926025,0.000,0.000,0.0,0,0.000,0.000,0.0,0
3926065,0.000,0.000,0.0,0,0.000,0.000,0.0,0
3926105,0.000,0.000,0.0,0,0.000,0.000,0.0,0
3926145,0.000,0.000,0.0,0,0.000,0.000,0.0,0
3926185,0.000,0.000,0.0,0,0.000,0.000,0.0,0
3926225,0.000,0.000,0.0,0,0.000,0.000,0.0,0
3926265,0.000,0.000,0.0,0,0.000,0.000,0.0,0
3926305,0.000,0.000,0.0,0,0.000,0.000,0.0,0
3926345,0.000,0.000,0.0,0,0.000,0.000,0.0,0
3926385,0.000,0.000,0.0,0,0.000,0.000,0.0,0
3926425,0.000,0.000,0.0,0,0.000,0.000,0.0,0
3926465,0.000,0.000,0.0,0,0.000,0.000,0.0,0
3926505,0.000,0.000,0.0,0,0.000,0.000,0.0,0
3926545,0.000,0.000,0.0,0,0.000,0.000,0.0,0
3926585,0.000,0.000,0.0,0,0.000,0.000,0.0,0
3926625,0.000,0.000,0.0,0,0.000,0.000,0.0,0
3926665,0.000,0.000,0.0,0,0.000,0.000,0.0,0
3926705,0.000,0.000,0.0,0,0.000,0.000,0.0,0
3926745,0.000,0.000,0.0,0,0.000,0.000,0.0,0
3926785,0.000,0.000,0.0,0,0.000,0.000,0.0,0
3926825,0.000,0.000,0.0,0,0.000,0.000,0.0,0
3926865,0.000,0.000,0.0,0,0.000,0.000,0.0,0
3926905,0.000,0.000,0.0,0,0.000,0.000,0.0,0
3926945,0.000,0.000,0.0,0,0.000,0.000,0.0,0
3926985,0.000,0.000,0.0,0,0.000,0.000,0.0,0
3927025,0.000,0.000,0.0,0,0.000,0.000,0.0,0
3927065,0.000,0.000,0.0,0,0.000,0.000,0.0,0
3927105,0.000,0.000,0.0,0,0.000,0.000,0.0,0
3927145,0.000,0.000,0.0,0,0.000,0.000,0.0,0
3927185,0.000,0.000,0.0,0,0.000,0.000,0.0,0
3927225,0.000,0.000,0.0,0,0.000,0.000,0.0,0
3927265,0.000,0.000,0.0,0,0.000,0.000,0.0,0
3927305,0.000,0.000,0.0,0,0.000,0.000,0.0,0
3927345,0.000,0.000,0.0,0,0.000,0.000,0.0,0
3927385,0.000,0.000,0.0,0,0.000,0.000,0.0,0
3927425,0.000,0.000,0.0,0,0.000,0.000,0.0,0
3927465,0.000,0.000,0.0,0,0.000,0.000,0.0,0
3927505,0.000,0.000,0.0,0,0.000,0.000,0.0,0
3927545,0.000,0.000,0.0,0,0.000,0.000,0.0,0
3927585,0.000,0.000,0.0,0,0.000,0.000,0.0,0
3927625,0.000,0.000,0.0,0,0.000,0.000,0.0,0
3927665,0.000,0.000,0.0,0,0.000,0.000,0.0,0
3927705,0.000,0.000,0.0,0,0.000,0.000,0.0,0
3927745,0.000,0.000,0.0,0,0.000,0.000,0.0,0
3927785,0.000,0.000,0.0,0,0.000,0.000,0.0,0
3927825,0.000,0.000,0.0,0,0.000,0.000,0.0,0
3927865,0.000,0.000,0.0,0,0.000,0.000,0.0,0
3927905,0.000,0.000,0.0,0,0.000,0.000,0.0,0
3927945,0.000,0.000,0.0,0,0.000,0.000,0.0,0
3927985,0.000,0.000,0.0,0,0.000,0.000,0.0,0
3928025,0.000,0.000,0.0,0,0.000,0.000,0.0,0
3928065,0.000,0.000,0.0,0,0.000,0.000,0.0,0
3928105,0.000,0.000,0.0,0,0.000,0.000,0.0,0
3928145,0.000,0.000,0.0,0,0.000,0.000,0.0,0
3928185,0.000,0.000,0.0,0,0.000,0.000,0.0,0
3928225,0.000,0.000,0.0,0,0.000,0.000,0.0,0
3928265,0.000,0.000,0.0,0,0.000,0.000,0.0,0
3928305,0.000,0.000,0.0,0,0.000,0.000,0.0,0
3928345,0.000,0.000,0.0,0,0.000,0.000,0.0,0
3928385,0.000,0.000,0.0,0,0.000,0.000,0.0,0
3928425,0.000,0.000,0.0,0,0.000,0.000,0.0,0
3928465,0.000,0.000,0.0,0,0.000,0.000,0.0,0
3928505,0.000,0.000,0.0,0,0.000,0.000,0.0,0
3928545,0.000,0.000,0.0,0,0.000,0.000,0.0,0
3928585,0.000,0.000,0.0,0,0.000,0.000,0.0,0
3928625,0.000,0.000,0.0,0,0.000,0.000,0.0,0
3928665,0.000,0.000,0.0,0,0.000,0.000,0.0,0
3928705,0.000,0.000,0.0,0,0.000,0.000,0.0,0
3928745,0.000,0.000,0.0,0,0.000,0.000,0.0,0
3928785,0.000,0.000,0.0,0,0.000,0.000,0.0,0
3928825,0.000,0.000,0.0,0,0.000,0.000,0.0,0
3928865,0.000,0.000,0.0,0,0.000,0.000,0.0,0
3928905,0.000,0.000,0.0,0,0.000,0.000,0.0,0
3928945,0.000,0.000,0.0,0,0.000,0.000,0.0,0
3928985,0.000,0.000,0.0,0,0.000,0.000,0.0,0
3929025,0.000,0.000,0.0,0,0.000,0.000,0.0,0
3929065,0.000,0.000,0.0,0,0.000,0.000,0.0,0
3929105,0.000,0.000,0.0,0,0.000,0.000,0.0,0
3929145,0.000,0.000,0.0,0,0.000,0.000,0.0,0
3929185,0.000,0.000,0.0,0,0.000,0.000,0.0,0
3929225,0.000,0.000,0.0,0,0.000,0.000,0.0,0
3929265,0.000,0.000,0.0,0,0.000,0.000,0.0,0
3929305,0.000,0.000,0.0,0,0.000,0.000,0.0,0
3929345,0.000,0.000,0.0,0,0.000,0.000,0.0,0
3929385,0.000,0.000,0.0,0,0.000,0.000,0.0,0
3929425,0.000,0.000,0.0,0,0.000,0.000,0.0,0
3929465,0.000,0.000,0.0,0,0.000,0.000,0.0,0
3929505,0.000,0.000,0.0,0,0.000,0.000,0.0,0
3929545,0.000,0.000,0.0,0,0.000,0.000,0.0,0
3929585,0.000,0.000,0.0,0,0.000,0.000,0.0,0
3929625,0.000,0.000,0.0,0,0.000,0.000,0.0,0
3929665,0.000,0.000,0.0,0,0.000,0.000,0.0,0
3929705,0.000,0.000,0.0,0,0.000,0.000,0.0,0
3929745,0.000,0.000,0.0,0,0.000,0.000,0.0,0
3929785,0.000,0.000,0.0,0,0.000,0.000,0.0,0
3929825,0.000,0.000,0.0,0,0.000,0.000,0.0,0
3929865,0.000,0.000,0.0,0,0.000,0.000,0.0,0
3929905,0.000,0.000,0.0,0,0.000,0.000,0.0,0
3929945,0.000,0.000,0.0,0,0.000,0.000,0.0,0
3929985,0.000,0.000,0.0,0,0.000,0.000,0.0,0
3930025,0.000,0.000,0.0,0,0.000,0.000,0.0,0
3930065,0.000,0.000,0.0,0,0.000,0.000,0.0,0
3930105,0.000,0.000,0.0,0,0.000,0.000,0.0,0
3930145,0.000,0.000,0.0,0,0.000,0.000,0.0,0
3930185,0.000,0.000,0.0,0,0.000,0.000,0.0,0
3930225,0.000,0.000,0.0,0,0.000,0.000,0.0,0
3930265,0.000,0.000,0.0,0,0.000,0.000,0.0,0
3930305,0.000,0.000,0.0,0,0.000,0.000,0.0,0
3930345,0.000,0.000,0.0,0,0.000,0.000,0.0,0
3930385,0.000,0.000,0.0,0,0.000,0.000,0.0,0
3930425,0.000,0.000,0.0,0,0.000,0.000,0.0,0
3930465,0.000,0.000,0.0,0,0.000,0.000,0.0,0
3930505,0.000,0.000,0.0,0,0.000,0.000,0.0,0
3930545,0.000,0.000,0.0,0,0.000,0.000,0.0,0
3930585,0.000,0.000,0.0,0,0.000,0.000,0.0,0
3930625,0.000,0.000,0.0,0,0.000,0.000,0.0,0
3930665,0.000,0.000,0.0,0,0.000,0.000,0.0,0
3930705,0.000,0.000,0.0,0,0.000,0.000,0.0,0
3930745,0.000,0.000,0.0,0,0.000,0.000,0.0,0
3930785,0.000,0.000,0.0,0,0.000,0.000,0.0,0
3930825,0.000,0.000,0.0,0,0.000,0.000,0.0,0
3930865,0.000,0.000,0.0,0,0.000,0.000,0.0,0
3930905,0.000,0.000,0.0,0,0.000,0.000,0.0,0
3930945,0.000,0.000,0.0,0,0.000,0.000,0.0,0
3930985,0.000,0.000,0.0,0,0.000,0.000,0.0,0
3931025,0.000,0.000,0.0,0,0.000,0.000,0.0,0
3931065,0.000,0.000,0.0,0,0.000,0.000,0.0,0
3931105,0.000,0.000,0.0,0,0.000,0.000,0.0,0
3931145,0.000,0.000,0.0,0,0.000,0.000,0.0,0
3931185,0.000,0.000,0.0,0,0.000,0.000,0.0,0
3931225,0.000,0.000,0.0,0,0.000,0.000,0.0,0
3931265,0.000,0.000,0.0,0,0.000,0.000,0.0,0
3931305,0.000,0.000,0.0,0,0.000,0.000,0.0,0
3931345,0.000,0.000,0.0,0,0.000,0.000,0.0,0
3931385,0.000,0.000,0.0,0,0.000,0.000,0.0,0
3931425,0.000,0.000,0.0,0,0.000,0.000,0.0,0
3931465,0.000,0.000,0.0,0,0.000,0.000,0.0,0
3931505,0.000,0.000,0.0,0,0.000,0.000,0.0,0
3931545,0.000,0.000,0.0,0,0.000,0.000,0.0,0
3931585,0.000,0.000,0.0,0,0.000,0.000,0.0,0
3931625,0.000,0.000,0.0,0,0.000,0.000,0.0,0
3931665,0.000,0.000,0.0,0,0.000,0.000,0.0,0
3931705,0.000,0.000,0.0,0,0.000,0.000,0.0,0
3931745,0.000,0.000,0.0,0,0.000,0.000,0.0,0
3931785,0.000,0.000,0.0,0,0.000,0.000,0.0,0
3931825,0.000,0.000,0.0,0,0.000,0.000,0.0,0
3931865,0.000,0.000,0.0,0,0.000,0.000,0.0,0
3931905,0.000,0.000,0.0,0,0.000,0.000,0.0,0
3931945,0.000,0.000,0.0,0,0.000,0.000,0.0,0
3931985,0.000,0.000,0.0,0,0.000,0.000,0.0,0
3932025,0.000,0.000,0.0,0,0.000,0.000,0.0,0
3932065,0.000,0.000,0.0,0,0.000,0.000,0.0,0
3932105,0.000,0.000,0.0,0,0.000,0.000,0.0,0
3932145,0.000,0.000,0.0,0,0.000,0.000,0.0,0
3932185,0.000,0.000,0.0,0,0.000,0.000,0.0,0
3932225,0.000,0.000,0.0,0,0.000,0.000,0.0,0
3932265,0.000,0.000,0.0,0,0.000,0.000,0.0,0
3932305,0.000,0.000,0.0,0,0.000,0.000,0.0,0
3932345,0.000,0.000,0.0,0,0.000,0.000,0.0,0
3932385,0.000,0.000,0.0,0,0.000,0.000,0.0,0
3932425,0.000,0.000,0.0,0,0.000,0.000,0.0,0
3932465,0.000,0.000,0.0,0,0.000,0.000,0.0,0
3932505,0.000,0.000,0.0,0,0.000,0.000,0.0,0
3932545,0.000,0.000,0.0,0,0.000,0.000,0.0,0
3932585,0.000,0.000,0.0,0,0.000,0.000,0.0,0
3932625,0.000,0.000,0.0,0,0.000,0.000,0.0,0
3932665,0.000,0.000,0.0,0,0.000,0.000,0.0,0
3932705,0.000,0.000,0.0,0,0.000,0.000,0.0,0
3932745,0.000,0.000,0.0,0,0.000,0.000,0.0,0
3932785,0.000,0.000,0.0,0,0.000,0.000,0.0,0
3932825,0.000,0.000,0.0,0,0.000,0.000,0.0,0
3932865,0.000,0.000,0.0,0,0.000,0.000,0.0,0
3932905,0.000,0.000,0.0,0,0.000,0.000,0.0,0
3932945,0.000,0.000,0.0,0,0.000,0.000,0.0,0
3932985,0.000,0.000,0.0,0,0.000,0.000,0.0,0
3933025,0.000,0.000,0.0,0,0.000,0.000,0.0,0
3933065,0.000,0.000,0.0,0,0.000,0.000,0.0,0
3933105,0.000,0.000,0.0,0,0.000,0.000,0.0,0
3933145,0.000,0.000,0.0,0,0.000,0.000,0.0,0
3933185,0.000,0.000,0.0,0,0.000,0.000,0.0,0
3933225,0.000,0.000,0.0,0,0.000,0.000,0.0,0
3933265,0.000,0.000,0.0,0,0.000,0.000,0.0,0
3933305,0.000,0.000,0.0,0,0.000,0.000,0.0,0
3933345,0.000,0.000,0.0,0,0.000,0.000,0.0,0
3933385,0.000,0.000,0.0,0,0.000,0.000,0.0,0
3933425,0.000,0.000,0.0,0,0.000,0.000,0.0,0
3933465,0.000,0.000,0.0,0,0.000,0.000,0.0,0
3933505,0.000,0.000,0.0,0,0.000,0.000,0.0,0
3933545,0.000,0.000,0.0,0,0.000,0.000,0.0,0
3933585,0.000,0.000,0.0,0,0.000,0.000,0.0,0
3933625,0.000,0.000,0.0,0,0.000,0.000,0.0,0
3933665,0.000,0.000,0.0,0,0.000,0.000,0.0,0
3933705,0.000,0.000,0.0,0,0.000,0.000,0.0,0
3933745,0.000,0.000,0.0,0,0.000,0.000,0.0,0
3933785,0.000,0.000,0.0,0,0.000,0.000,0.0,0
3933825,0.000,0.000,0.0,0,0.000,0.000,0.0,0
3933865,0.000,0.000,0.0,0,0.000,0.000,0.0,0
3933905,0.000,0.000,0.0,0,0.000,0.000,0.0,0
3933945,0.000,0.000,0.0,0,0.000,0.000,0.0,0
3933985,0.000,0.000,0.0,0,0.000,0.000,0.0,0
3934025,0.000,0.000,0.0,0,0.000,0.000,0.0,0
3934065,0.000,0.000,0.0,0,0.000,0.000,0.0,0
3934105,0.000,0.000,0.0,0,0.000,0.000,0.0,0
3934145,0.000,0.000,0.0,0,0.000,0.000,0.0,0
3934185,0.000,0.000,0.0,0,0.000,0.000,0.0,0
3934225,0.000,0.000,0.0,0,0.000,0.000,0.0,0
3934265,0.000,0.000,0.0,0,0.000,0.000,0.0,0
3934305,0.000,0.000,0.0,0,0.000,0.000,0.0,0
3934345,0.000,0.000,0.0,0,0.000,0.000,0.0,0
3934385,0.000,0.000,0.0,0,0.000,0.000,0.0,0
3934425,0.000,0.000,0.0,0,0.000,0.000,0.0,0
3934465,0.000,0.000,0.0,0,0.000,0.000,0.0,0
3934505,0.000,0.000,0.0,0,0.000,0.000,0.0,0
3934545,0.000,0.000,0.0,0,0.000,0.000,0.0,0
3934585,0.000,0.000,0.0,0,0.000,0.000,0.0,0
3934625,0.000,0.000,0.0,0,0.000,0.000,0.0,0
3934665,0.000,0.000,0.0,0,0.000,0.000,0.0,0
3934705,0.000,0.000,0.0,0,0.000,0.000,0.0,0
3934745,0.000,0.000,0.0,0,0.000,0.000,0.0,0
3934785,0.000,0.000,0.0,0,0.000,0.000,0.0,0
3934825,0.000,0.000,0.0,0,0.000,0.000,0.0,0
3934865,0.000,0.000,0.0,0,0.000,0.000,0.0,0
3934905,0.000,0.000,0.0,0,0.000,0.000,0.0,0
3934945,0.000,0.000,0.0,0,0.000,0.000,0.0,0
3934985,0.000,0.000,0.0,0,0.000,0.000,0.0,0
3935025,0.000,0.000,0.0,0,0.000,0.000,0.0,0
3935065,0.000,0.000,0.0,0,0.000,0.000,0.0,0
3935105,0.000,0.000,0.0,0,0.000,0.000,0.0,0
3935145,0.000,0.000,0.0,0,0.000,0.000,0.0,0
3935185,0.000,0.000,0.0,0,0.000,0.000,0.0,0
3935225,0.000,0.000,0.0,0,0.000,0.000,0.0,0
3935265,0.000,0.000,0.0,0,0.000,0.000,0.0,0
3935305,0.000,0.000,0.0,0,0.000,0.000,0.0,0
3935345,0.000,0.000,0.0,0,0.000,0.000,0.0,0
3935385,0.000,0.000,0.0,0,0.000,0.000,0.0,0
3935425,0.000,0.000,0.0,0,0.000,0.000,0.0,0
3935465,0.000,0.000,0.0,0,0.000,0.000,0.0,0
3935505,0.000,0.000,0.0,0,0.000,0.000,0.0,0
3935545,0.000,0.000,0.0,0,0.000,0.000,0.0,0
3935585,0.000,0.000,0.0,0,0.000,0.000,0.0,0
3935625,0.000,0.000,0.0,0,0.000,0.000,0.0,0
3935665,0.000,0.000,0.0,0,0.000,0.000,0.0,0
3935705,0.000,0.000,0.0,0,0.000,0.000,0.0,0
3935745,0.000,0.000,0.0,0,0.000,0.000,0.0,0
3935785,0.000,0.000,0.0,0,0.000,0.000,0.0,0
3935825,0.000,0.000,0.0,0,0.000,0.000,0.0,0
3935865,0.000,0.000,0.0,0,0.000,0.000,0.0,0
3935905,0.000,0.000,0.0,0,0.000,0.000,0.0,0
3935945,0.000,0.000,0.0,0,0.000,0.000,0.0,0
3935985,0.000,0.000,0.0,0,0.000,0.000,0.0,0
3936025,0.000,0.000,0.0,0,0.000,0.000,0.0,0
3936065,0.000,0.000,0.0,0,0.000,0.000,0.0,0
3936105,0.000,0.000,0.0,0,0.000,0.000,0.0,0
3936145,0.000,0.000,0.0,0,0.000,0.000,0.0,0
3936185,0.000,0.000,0.0,0,0.000,0.000,0.0,0
3936225,0.000,0.000,0.0,0,0.000,0.000,0.0,0
3936265,0.000,0.000,0.0,0,0.000,0.000,0.0,0
3936305,0.000,0.000,0.0,0,0.000,0.000,0.0,0
3936345,0.000,0.000,0.0,0,0.000,0.000,0.0,0
3936385,0.000,0.000,0.0,0,0.000,0.000,0.0,0
3936425,0.000,0.000,0.0,0,0.000,0.000,0.0,0
3936465,0.000,0.000,0.0,0,0.000,0.000,0.0,0
3936505,0.000,0.000,0.0,0,0.000,0.000,0.0,0
3936545,0.000,0.000,0.0,0,0.000,0.000,0.0,0
3936585,0.000,0.000,0.0,0,0.000,0.000,0.0,0
3936625,0.000,0.000,0.0,0,0.000,0.000,0.0,0
3936665,0.000,0.000,0.0,0,0.000,0.000,0.0,0
3936705,0.000,0.000,0.0,0,0.000,0.000,0.0,0
3936745,0.000,0.000,0.0,0,0.000,0.000,0.0,0
3936785,0.000,0.000,0.0,0,0.000,0.000,0.0,0
3936825,0.000,0.000,0.0,0,0.000,0.000,0.0,0
3936865,0.000,0.000,0.0,0,0.000,0.000,0.0,0
3936905,1.282,0.000,16.4,12,1.282,0.000,16.4,12
3936945,1.282,0.000,18.5,18,1.282,0.000,18.5,18
3936985,1.282,0.000,20.5,20,1.282,0.000,20.5,20
3937025,1.282,0.000,22.6,22,1.282,0.000,22.6,22
3937065,1.282,0.000,24.6,24,1.282,0.000,24.6,24
3937105,1.282,0.000,26.7,26,1.282,0.271,23.2,23
3937145,1.282,0.428,22.9,22,1.282,0.629,20.2,20
3937185,1.282,0.773,19.6,19,1.282,1.066,15.7,15
3937225,1.282,1.178,14.9,14,1.282,1.298,13.1,13
3937265,1.282,1.479,11.0,10,1.282,1.413,11.6,11
3937305,1.282,1.508,10.2,10,1.282,1.560,9.5,9
3937345,1.282,1.626,8.3,8,1.282,1.587,8.7,8
3937385,1.282,1.701,6.7,6,1.282,1.587,8.2,8
3937425,1.282,1.576,7.7,7,1.282,1.517,8.7,8
3937465,1.282,1.516,8.0,8,1.282,1.466,9.0,8
3937505,1.282,1.414,9.0,8,1.282,1.349,10.2,10
3937545,1.282,1.414,8.8,8,1.282,1.349,10.1,10
3937585,1.282,1.241,10.8,10,1.282,1.192,12.0,11
3937625,1.282,1.241,10.8,10,1.282,1.192,12.1,12
3937665,1.282,1.168,11.9,11,1.282,1.149,12.8,12
3937705,1.282,1.168,12.1,12,1.282,1.149,13.1,13
3937745,1.282,1.138,12.7,12,1.282,1.086,14.1,14
3937785,1.282,1.138,12.9,12,1.282,1.086,14.4,14
3937825,1.282,1.040,14.4,14,1.282,0.998,16.0,15
3937865,1.282,1.040,14.8,14,1.282,1.030,16.0,15
3937905,1.282,1.040,15.2,15,1.282,1.030,16.4,16
3937945,1.282,1.154,14.1,14,1.282,1.110,15.7,15
3937985,1.282,1.153,14.3,14,1.282,1.093,16.2,16
3938025,1.282,1.164,14.3,14,1.282,1.093,16.5,16
3938065,1.282,1.164,14.5,14,1.282,1.149,16.1,16
3938105,1.282,1.328,12.5,12,1.282,1.272,14.6,14
3938145,1.282,1.334,12.3,12,1.282,1.245,15.0,14
3938185,1.282,1.282,12.9,12,1.282,1.245,15.0,15
3938225,1.282,1.282,12.9,12,1.282,1.228,15.3,15
3938265,1.282,1.299,12.7,12,1.282,1.274,14.8,14
3938305,1.282,1.318,12.4,12,1.282,1.274,14.8,14
3938345,1.282,1.258,13.1,13,1.282,1.215,15.6,15
3938385,1.282,1.258,13.1,13,1.282,1.191,16.0,16
3938425,1.282,1.252,13.3,13,1.282,1.250,15.4,15
3938465,1.282,1.315,12.5,12,1.282,1.250,15.5,15
3938505,1.282,1.324,12.3,12,1.282,1.242,15.6,15
3938545,1.282,1.355,11.8,11,1.282,1.287,15.1,15
3938585,1.282,1.355,11.7,11,1.282,1.353,14.3,14
3938625,1.282,1.411,10.8,10,1.282,1.353,14.2,14
3938665,1.282,1.336,11.6,11,1.282,1.272,15.2,15
3938705,1.282,1.344,11.4,11,1.282,1.266,15.2,15
3938745,1.282,1.443,10.0,10,1.282,1.362,14.0,14
3938785,1.282,1.443,9.8,9,1.282,1.362,13.9,13
3938825,1.282,1.394,10.2,10,1.282,1.325,14.3,14
3938865,1.282,1.345,10.6,10,1.282,1.292,14.7,14
3938905,1.282,1.320,10.8,10,1.282,1.275,14.9,14
3938945,1.282,1.320,10.8,10,1.282,1.275,14.9,14
3938985,1.282,1.233,11.8,11,1.282,1.185,16.0,16
3939025,1.282,1.233,11.9,11,1.282,1.185,16.2,16
3939065,1.282,1.197,12.5,12,1.282,1.139,17.0,16
3939105,1.282,1.190,12.7,12,1.282,1.136,17.2,17
3939145,1.282,1.190,12.9,12,1.282,1.136,17.5,17
3939185,1.282,1.169,13.3,13,1.282,1.125,17.9,17
3939225,1.282,1.210,12.9,12,1.282,1.166,17.6,17
3939265,1.282,1.275,12.2,12,1.282,1.223,17.0,17
3939305,1.282,1.275,12.2,12,1.282,1.223,17.1,17
3939345,1.282,1.264,12.4,12,1.282,1.194,17.6,17
3939385,1.282,1.287,12.1,12,1.282,1.227,17.3,17
3939425,1.282,1.352,11.2,11,1.282,1.227,17.4,17
3939465,1.282,1.361,11.0,10,1.282,1.303,16.5,16
3939505,1.282,1.388,10.5,10,1.282,1.309,16.4,16
3939545,1.282,1.388,10.3,10,1.282,1.327,16.1,16
3939585,1.282,1.396,10.1,10,1.282,1.314,16.2,16
3939625,1.282,1.340,10.6,10,1.282,1.314,16.1,16
3939665,1.282,1.336,10.5,10,1.282,1.254,16.9,16
3939705,1.282,1.336,10.5,10,1.282,1.239,17.1,17
3939745,1.282,1.306,10.8,10,1.282,1.239,17.2,17
3939785,1.282,1.274,11.2,11,1.282,1.232,17.3,17
3939825,1.282,1.317,10.6,10,1.282,1.226,17.5,17
3939865,1.282,1.317,10.6,10,1.282,1.280,16.9,16
3939905,1.282,1.343,10.1,10,1.282,1.280,16.9,16
3939945,1.282,1.316,10.4,10,1.282,1.284,16.9,16
3939985,1.282,1.277,10.9,10,1.282,1.205,17.9,17
3940025,1.282,1.277,10.9,10,1.282,1.205,18.0,17
3940065,1.282,1.250,11.2,11,1.282,1.202,18.1,18
3940105,1.282,1.241,11.4,11,1.282,1.211,18.2,18
3940145,1.282,1.241,11.5,11,1.282,1.211,18.3,18
3940185,1.282,1.256,11.3,11,1.282,1.182,18.8,18
3940225,1.282,1.239,11.6,11,1.282,1.189,18.9,18
3940265,1.282,1.239,11.7,11,1.282,1.189,19.0,19
3940305,1.282,1.222,12.0,11,1.282,1.188,19.2,19
3940345,1.282,1.276,11.3,11,1.282,1.199,19.2,19
3940385,1.282,1.297,11.1,11,1.282,1.253,18.6,18
3940425,1.282,1.308,10.9,10,1.282,1.253,18.7,18
3940465,1.282,1.308,10.9,10,1.282,1.265,18.6,18
3940505,1.282,1.327,10.6,10,1.282,1.241,18.9,18
3940545,1.282,1.317,10.6,10,1.282,1.274,18.5,18
3940585,1.282,1.331,10.4,10,1.282,1.274,18.5,18
3940625,1.282,1.364,9.9,9,1.282,1.290,18.3,18
3940665,1.282,1.364,9.8,9,1.282,1.263,18.7,18
3940705,1.282,1.311,10.3,10,1.282,1.263,18.7,18
3940745,1.282,1.281,10.7,10,1.282,1.255,18.8,18
3940785,1.282,1.281,10.7,10,1.282,1.243,19.0,19
3940825,1.282,1.316,10.2,10,1.282,1.238,19.2,19
3940885,1.282,1.303,10.3,10,1.282,1.289,18.6,18
3940925,1.282,1.306,10.2,10,1.282,1.289,18.6,18
3940965,1.282,1.352,9.6,9,1.282,1.267,18.9,18
3941005,1.282,1.312,10.0,9,1.282,1.270,18.9,18
3941045,1.282,1.312,9.9,9,1.282,1.282,18.7,18
3941085,1.282,1.294,10.1,10,1.282,1.282,18.7,18
3941125,1.282,1.299,10.0,10,1.282,1.227,19.5,19
3941165,1.282,1.247,10.7,10,1.282,1.213,19.8,19
3941205,1.282,1.247,10.7,10,1.282,1.213,19.9,19
3941245,1.282,1.239,10.9,10,1.282,1.235,19.7,19
3941285,1.282,1.285,10.4,10,1.282,1.202,20.2,20
3941325,1.282,1.285,10.4,10,1.282,1.224,20.0,20
3941365,1.282,1.258,10.7,10,1.282,1.224,20.1,20
3941405,1.282,1.271,10.6,10,1.282,1.260,19.7,19
3941445,1.282,1.320,10.0,9,1.282,1.236,20.1,20
3941485,1.282,1.314,10.0,10,1.282,1.236,20.1,20
3941525,1.282,1.314,10.0,9,1.282,1.278,19.6,19
3941565,1.282,1.343,9.5,9,1.282,1.358,18.6,18
3941605,1.282,1.400,8.6,8,1.282,1.296,19.2,19
3941645,1.282,1.339,9.2,9,1.282,1.302,19.1,19
3941685,1.282,1.358,8.9,8,1.282,1.302,19.1,19
3941725,1.282,1.358,8.8,8,1.282,1.366,18.2,18
3941765,1.282,1.415,7.9,7,1.282,1.316,18.7,18
3941805,1.282,1.355,8.5,8,1.282,1.305,18.8,18
3941845,1.282,1.324,8.8,8,1.282,1.305,18.7,18
3941885,1.282,1.324,8.7,8,1.282,1.328,18.4,18
3941925,1.282,1.338,8.4,8,1.282,1.253,19.3,19
3941965,1.282,1.261,9.3,9,1.282,1.253,19.3,19
3942005,1.282,1.284,9.1,9,1.282,1.238,19.6,19
3942045,1.282,1.284,9.1,9,1.282,1.279,19.1,19
3942085,1.282,1.311,8.7,8,1.282,1.235,19.7,19
3942125,1.282,1.228,9.7,9,1.282,1.235,19.7,19
3942165,1.282,1.228,9.8,9,1.282,1.209,20.2,20
3942205,1.282,1.276,9.2,9,1.282,1.275,19.4,19
3942245,1.282,1.333,8.5,8,1.282,1.254,19.7,19
3942285,1.282,1.248,9.5,9,1.282,1.254,19.8,19
3942325,1.282,1.248,9.5,9,1.282,1.202,20.5,20
3942365,1.282,1.280,9.2,9,1.282,1.260,19.9,19
3942405,1.282,1.317,8.6,8,1.282,1.260,19.9,19
3942445,1.282,1.276,9.1,9,1.282,1.275,19.7,19
3942485,1.282,1.276,9.1,9,1.282,1.242,20.2,20
3942525,1.282,1.265,9.3,9,1.282,1.256,20.0,20
3942565,1.282,1.325,8.5,8,1.282,1.256,20.1,20
3942605,1.282,1.287,8.9,8,1.282,1.278,19.8,19
3942645,1.282,1.287,8.9,8,1.282,1.243,20.3,20
3942685,1.282,1.274,9.1,9,1.282,1.243,20.3,20
3942725,1.282,1.385,7.6,7,1.282,1.281,19.9,19
3942765,1.282,1.351,7.8,7,1.282,1.337,19.1,19
3942805,1.282,1.351,7.7,7,1.282,1.292,19.6,19
3942845,1.282,1.318,8.1,8,1.282,1.303,19.5,19
3942885,1.282,1.408,6.8,6,1.282,1.303,19.4,19
3942925,1.282,1.367,7.1,7,1.282,1.363,18.6,18
3942965,1.282,1.335,7.4,7,1.282,1.307,19.2,19
3943005,1.282,1.335,7.3,7,1.282,1.284,19.4,19
3943045,1.282,1.335,7.3,7,1.282,1.284,19.4,19
3943085,1.282,1.347,7.0,7,1.282,1.340,18.6,18
3943125,1.282,1.301,7.5,7,1.282,1.285,19.3,19
3943165,1.282,1.301,7.5,7,1.282,1.262,19.5,19
3943205,1.282,1.288,7.6,7,1.282,1.262,19.6,19
3943245,1.282,1.307,7.3,7,1.282,1.292,19.2,19
3943285,1.282,1.255,8.0,7,1.282,1.224,20.1,20
3943325,1.282,1.255,8.0,8,1.282,1.224,20.2,20
3943365,1.282,1.257,8.0,8,1.282,1.224,20.2,20
3943405,1.282,1.290,7.6,7,1.282,1.267,19.8,19
3943445,1.282,1.290,7.6,7,1.282,1.267,19.8,19
3943485,1.282,1.227,8.5,8,1.282,1.203,20.7,20
3943525,1.282,1.263,8.1,8,1.282,1.222,20.6,20
3943565,1.282,1.346,7.0,7,1.282,1.313,19.5,19
3943605,1.282,1.346,6.9,6,1.282,1.313,19.5,19
3943645,1.282,1.298,7.5,7,1.282,1.254,20.2,20
3943685,1.282,1.277,7.7,7,1.282,1.241,20.4,20
3943725,1.282,1.322,7.2,7,1.282,1.297,19.8,19
3943765,1.282,1.322,7.1,7,1.282,1.297,19.8,19
3943805,1.282,1.294,7.4,7,1.282,1.254,20.3,20
3943845,1.282,1.297,7.4,7,1.282,1.256,20.3,20
3943885,1.282,1.335,6.9,6,1.282,1.300,19.8,19
3943925,1.282,1.306,7.1,7,1.282,1.300,19.8,19
3943965,1.282,1.306,7.1,7,1.282,1.271,20.2,20
3944005,1.282,1.314,7.0,6,1.282,1.283,20.0,20
3944045,1.282,1.366,6.2,6,1.282,1.343,19.2,19
3944085,1.282,1.341,6.4,6,1.282,1.343,19.2,19
3944125,1.282,1.341,6.3,6,1.282,1.298,19.7,19
3944165,1.282,1.335,6.3,6,1.282,1.301,19.6,19
3944205,1.282,1.359,5.9,5,1.282,1.335,19.1,19
3944245,1.282,1.317,6.3,6,1.282,1.335,19.1,19
3944285,1.282,1.317,6.2,6,1.282,1.279,19.7,19
3944325,1.282,1.304,6.4,6,1.282,1.270,19.9,19
3944365,1.282,1.318,6.1,6,1.282,1.289,19.6,19
3944405,1.282,1.292,6.4,6,1.282,1.289,19.6,19
3944445,1.282,1.292,6.4,6,1.282,1.262,20.0,19
3944485,1.282,1.299,6.3,6,1.282,1.254,20.1,20
3944525,1.282,1.268,6.7,6,1.282,1.254,20.1,20
3944565,1.282,1.244,7.0,6,1.282,1.240,20.4,20
3944605,1.282,1.244,7.1,7,1.282,1.219,20.7,20
3944645,1.282,1.274,6.7,6,1.282,1.219,20.8,20
3944685,1.282,1.279,6.7,6,1.282,1.236,20.7,20
3944725,1.282,1.279,6.7,6,1.282,1.242,20.7,20
3944765,1.282,1.238,7.2,7,1.282,1.194,21.4,21
3944805,1.282,1.237,7.3,7,1.282,1.194,21.5,21
3944845,1.282,1.259,7.1,7,1.282,1.217,21.3,21
3944885,1.282,1.259,7.1,7,1.282,1.256,20.9,20
3944925,1.282,1.276,7.0,6,1.282,1.256,21.0,20
3944965,1.282,1.304,6.6,6,1.282,1.249,21.1,21
3945005,1.282,1.292,6.7,6,1.282,1.272,20.9,20
3945045,1.282,1.292,6.7,6,1.282,1.288,20.7,20
3945085,1.282,1.293,6.7,6,1.282,1.288,20.7,20
3945125,1.282,1.333,6.1,6,1.282,1.280,20.8,20
3945165,1.282,1.335,6.0,5,1.282,1.310,20.4,20
3945205,1.282,1.315,6.2,6,1.282,1.289,20.6,20
3945245,0.000,1.315,0.0,0,0.000,1.289,0.0,0
3945285,0.000,1.316,0.0,0,0.000,1.248,0.0,0
3945325,0.000,1.197,0.0,0,0.000,1.152,0.0,0
3945365,0.000,1.197,0.0,0,0.000,1.152,0.0,0
3945405,0.000,1.197,0.0,0,0.000,1.152,0.0,0
3945445,0.000,1.197,0.0,0,0.000,1.152,0.0,0
3945485,0.000,0.000,0.0,0,0.000,0.904,0.0,0
3945525,0.000,0.149,0.0,0,0.000,0.904,0.0,0
3945565,0.000,0.411,0.0,0,0.000,0.904,0.0,0
3945605,0.000,0.411,0.0,0,0.000,0.846,0.0,0
3945645,0.000,0.411,0.0,0,0.000,0.846,0.0,0
3945685,0.000,0.411,0.0,0,0.000,0.846,0.0,0
3945725,0.000,0.000,0.0,0,0.000,0.846,0.0,0
3945765,0.000,0.000,0.0,0,0.000,0.000,0.0,0
3945805,0.000,0.000,0.0,0,0.000,0.000,0.0,0
3945845,0.000,0.000,0.0,0,0.000,0.000,0.0,0
3945885,0.000,0.000,0.0,0,0.000,0.000,0.0,0
3945925,0.000,0.000,0.0,0,0.000,0.000,0.0,0
3945965,0.000,0.000,0.0,0,0.000,0.000,0.0,0
3946005,0.000,0.000,0.0,0,0.000,0.000,0.0,0
3946045,0.000,0.000,0.0,0,0.000,0.000,0.0,0
3946085,0.000,0.000,0.0,0,0.000,0.000,0.0,0
3946125,0.000,0.000,0.0,0,0.000,0.000,0.0,0
3946165,0.000,0.000,0.0,0,0.000,0.000,0.0,0
3946205,0.000,0.000,0.0,0,0.000,0.000,0.0,0
3946245,0.000,0.000,0.0,0,0.000,0.000,0.0,0
3946285,0.000,0.000,0.0,0,0.000,0.000,0.0,0
3946325,0.000,0.000,0.0,0,0.000,0.000,0.0,0
3946365,0.000,0.000,0.0,0,0.000,0.000,0.0,0
3946405,0.000,0.000,0.0,0,0.000,0.000,0.0,0
3946445,0.000,0.000,0.0,0,0.000,0.000,0.0,0
3946485,0.000,0.000,0.0,0,0.000,0.000,0.0,0
3946525,0.000,0.000,0.0,0,0.000,0.000,0.0,0
3946565,0.000,0.000,0.0,0,0.000,0.000,0.0,0
3946605,0.000,0.000,0.0,0,0.000,0.000,0.0,0
3946645,0.000,0.000,0.0,0,0.000,0.000,0.0,0
3946685,0.000,0.000,0.0,0,0.000,0.000,0.0,0
3946725,0.000,0.000,0.0,0,0.000,0.000,0.0,0
3946765,0.000,0.000,0.0,0,0.000,0.000,0.0,0
3946805,0.000,0.000,0.0,0,0.000,0.000,0.0,0
3946845,0.000,0.000,0.0,0,0.000,0.000,0.0,0
3946885,0.000,0.000,0.0,0,0.000,0.000,0.0,0
3946925,0.000,0.000,0.0,0,0.000,0.000,0.0,0
3946965,0.000,0.000,0.0,0,0.000,0.000,0.0,0
3947005,0.000,0.000,0.0,0,0.000,0.000,0.0,0
3947045,0.000,0.000,0.0,0,0.000,0.000,0.0,0
3947085,0.000,0.000,0.0,0,0.000,0.000,0.0,0
3947125,0.000,0.000,0.0,0,0.000,0.000,0.0,0
3947165,0.000,0.000,0.0,0,0.000,0.000,0.0,0
3947205,0.000,0.000,0.0,0,0.000,0.000,0.0,0
3947245,0.000,0.000,0.0,0,0.000,0.000,0.0,0
3947285,0.000,0.000,0.0,0,0.000,0.000,0.0,0
3947325,0.000,0.000,0.0,0,0.000,0.000,0.0,0
3947365,0.000,0.000,0.0,0,0.000,0.000,0.0,0
3947405,0.000,0.000,0.0,0,0.000,0.000,0.0,0
3947445,0.000,0.000,0.0,0,0.000,0.000,0.0,0
3947485,0.000,0.000,0.0,0,0.000,0.000,0.0,0
3947525,0.000,0.000,0.0,0,0.000,0.000,0.0,0
3947565,0.000,0.000,0.0,0,0.000,0.000,0.0,0
3947605,0.000,0.000,0.0,0,0.000,0.000,0.0,0
3947645,0.000,0.000,0.0,0,0.000,0.000,0.0,0
3947685,0.000,0.000,0.0,0,0.000,0.000,0.0,0
3947725,0.000,0.000,0.0,0,0.000,0.000,0.0,0
3947765,0.000,0.000,0.0,0,0.000,0.000,0.0,0
3947805,0.000,0.000,0.0,0,0.000,0.000,0.0,0
3947845,0.000,0.000,0.0,0,0.000,0.000,0.0,0
3947885,0.000,0.000,0.0,0,0.000,0.000,0.0,0
3947925,0.000,0.000,0.0,0,0.000,0.000,0.0,0
3947965,0.000,0.000,0.0,0,0.000,0.000,0.0,0
3948005,0.000,0.000,0.0,0,0.000,0.000,0.0,0
3948045,0.000,0.000,0.0,0,0.000,0.000,0.0,0
3948085,0.000,0.000,0.0,0,0.000,0.000,0.0,0
3948125,0.000,0.000,0.0,0,0.000,0.000,0.0,0
3948165,0.000,0.000,0.0,0,0.000,0.000,0.0,0
3948205,0.000,0.000,0.0,0,0.000,0.000,0.0,0
3948245,0.000,0.000,0.0,0,0.000,0.000,0.0,0
3948285,0.000,0.000,0.0,0,0.000,0.000,0.0,0
3948325,0.000,0.000,0.0,0,0.000,0.000,0.0,0
3948365,0.000,0.000,0.0,0,0.000,0.000,0.0,0
3948405,0.000,0.000,0.0,0,0.000,0.000,0.0,0
3948445,0.000,0.000,0.0,0,0.000,0.000,0.0,0
3948485,0.000,0.000,0.0,0,0.000,0.000,0.0,0
3948525,0.000,0.000,0.0,0,0.000,0.000,0.0,0
3948565,0.000,0.000,0.0,0,0.000,0.000,0.0,0
3948605,0.000,0.000,0.0,0,0.000,0.000,0.0,0
3948645,0.000,0.000,0.0,0,0.000,0.000,0.0,0
3948685,0.000,0.000,0.0,0,0.000,0.000,0.0,0
3948725,0.000,0.000,0.0,0,0.000,0.000,0.0,0
3948765,0.000,0.000,0.0,0,0.000,0.000,0.0,0
3948805,0.000,0.000,0.0,0,0.000,0.000,0.0,0
3948845,0.000,0.000,0.0,0,0.000,0.000,0.0,0
3948885,0.000,0.000,0.0,0,0.000,0.000,0.0,0
3948925,0.000,0.000,0.0,0,0.000,0.000,0.0,0
3948965,0.000,0.000,0.0,0,0.000,0.000,0.0,0
3949005,0.000,0.000,0.0,0,0.000,0.000,0.0,0
3949045,0.000,0.000,0.0,0,0.000,0.000,0.0,0
3949085,0.000,0.000,0.0,0,0.000,0.000,0.0,0
3949125,0.000,0.000,0.0,0,0.000,0.000,0.0,0
3949165,0.000,0.000,0.0,0,0.000,0.000,0.0,0
3949205,0.000,0.000,0.0,0,0.000,0.000,0.0,0
3949245,0.000,0.000,0.0,0,0.000,0.000,0.0,0
3949285,0.000,0.000,0.0,0,0.000,0.000,0.0,0
3949325,0.000,0.000,0.0,0,0.000,0.000,0.0,0
3949365,0.000,0.000,0.0,0,0.000,0.000,0.0,0
3949405,0.000,0.000,0.0,0,0.000,0.000,0.0,0
3949445,0.000,0.000,0.0,0,0.000,0.000,0.0,0
3949485,0.000,0.000,0.0,0,0.000,0.000,0.0,0
3949525,0.000,0.000,0.0,0,0.000,0.000,0.0,0
3949565,0.000,0.000,0.0,0,0.000,0.000,0.0,0
3949605,0.000,0.000,0.0,0,0.000,0.000,0.0,0
3949645,0.000,0.000,0.0,0,0.000,0.000,0.0,0
3949685,0.000,0.000,0.0,0,0.000,0.000,0.0,0
3949725,0.000,0.000,0.0,0,0.000,0.000,0.0,0
3949765,0.000,0.000,0.0,0,0.000,0.000,0.0,0
3949805,0.000,0.000,0.0,0,0.000,0.000,0.0,0
3949845,0.000,0.000,0.0,0,0.000,0.000,0.0,0
3949885,0.000,0.000,0.0,0,0.000,0.000,0.0,0
3949925,0.000,0.000,0.0,0,0.000,0.000,0.0,0
3949965,0.000,0.000,0.0,0,0.000,0.000,0.0,0
3950005,0.000,0.000,0.0,0,0.000,0.000,0.0,0
3950045,0.000,0.000,0.0,0,0.000,0.000,0.0,0
3950085,0.000,0.000,0.0,0,0.000,0.000,0.0,0
3950125,0.000,0.000,0.0,0,0.000,0.000,0.0,0
3950165,0.000,0.000,0.0,0,0.000,0.000,0.0,0
3950205,0.000,0.000,0.0,0,0.000,0.000,0.0,0
3950245,0.000,0.000,0.0,0,0.000,0.000,0.0,0
3950285,0.000,0.000,0.0,0,0.000,0.000,0.0,0
3950325,0.000,0.000,0.0,0,0.000,0.000,0.0,0
3950365,0.000,0.000,0.0,0,0.000,0.000,0.0,0
3950405,0.000,0.000,0.0,0,0.000,0.000,0.0,0
3950445,0.000,0.000,0.0,0,0.000,0.000,0.0,0
3950485,0.000,0.000,0.0,0,0.000,0.000,0.0,0
3950525,0.000,0.000,0.0,0,0.000,0.000,0.0,0
3950565,0.000,0.000,0.0,0,0.000,0.000,0.0,0
3950605,0.000,0.000,0.0,0,0.000,0.000,0.0,0
3950645,0.000,0.000,0.0,0,0.000,0.000,0.0,0
3950685,0.000,0.000,0.0,0,0.000,0.000,0.0,0
3950725,0.000,0.000,0.0,0,0.000,0.000,0.0,0
3950765,0.000,0.000,0.0,0,0.000,0.000,0.0,0
3950805,0.000,0.000,0.0,0,0.000,0.000,0.0,0
3950845,0.000,0.000,0.0,0,0.000,0.000,0.0,0
3950885,0.000,0.000,0.0,0,0.000,0.000,0.0,0
3950925,0.000,0.000,0.0,0,0.000,0.000,0.0,0
3950965,0.000,0.000,0.0,0,0.000,0.000,0.0,0
3951005,0.000,0.000,0.0,0,0.000,0.000,0.0,0
3951045,0.000,0.000,0.0,0,0.000,0.000,0.0,0
3951085,0.000,0.000,0.0,0,0.000,0.000,0.0,0
3951125,0.000,0.000,0.0,0,0.000,0.000,0.0,0
3951165,0.000,0.000,0.0,0,0.000,0.000,0.0,0
3951205,0.000,0.000,0.0,0,0.000,0.000,0.0,0
3951245,0.000,0.000,0.0,0,0.000,0.000,0.0,0
3951285,0.000,0.000,0.0,0,0.000,0.000,0.0,0
3951325,0.000,0.000,0.0,0,0.000,0.000,0.0,0
3951365,0.000,0.000,0.0,0,0.000,0.000,0.0,0
3951405,0.000,0.000,0.0,0,0.000,0.000,0.0,0
3951445,0.000,0.000,0.0,0,0.000,0.000,0.0,0
3951485,0.000,0.000,0.0,0,0.000,0.000,0.0,0
3951525,0.000,0.000,0.0,0,0.000,0.000,0.0,0
3951565,0.000,0.000,0.0,0,0.000,0.000,0.0,0
3951605,0.000,0.000,0.0,0,0.000,0.000,0.0,0
3951645,0.000,0.000,0.0,0,0.000,0.000,0.0,0
3951685,0.000,0.000,0.0,0,0.000,0.000,0.0,0
3951725,0.000,0.000,0.0,0,0.000,0.000,0.0,0
3951765,0.000,0.000,0.0,0,0.000,0.000,0.0,0
3951805,0.000,0.000,0.0,0,0.000,0.000,0.0,0
3951845,0.000,0.000,0.0,0,0.000,0.000,0.0,0
3951885,0.000,0.000,0.0,0,0.000,0.000,0.0,0
3951925,0.000,0.000,0.0,0,0.000,0.000,0.0,0
3951965,0.000,0.000,0.0,0,0.000,0.000,0.0,0
3952005,0.000,0.000,0.0,0,0.000,0.000,0.0,0
3952045,0.000,0.000,0.0,0,0.000,0.000,0.0,0
3952085,0.000,0.000,0.0,0,0.000,0.000,0.0,0
3952125,0.000,0.000,0.0,0,0.000,0.000,0.0,0
3952165,0.000,0.000,0.0,0,0.000,0.000,0.0,0
3952205,0.000,0.000,0.0,0,0.000,0.000,0.0,0
3952245,0.000,0.000,0.0,0,0.000,0.000,0.0,0
3952285,0.000,0.000,0.0,0,0.000,0.000,0.0,0
3952325,0.000,0.000,0.0,0,0.000,0.000,0.0,0
3952365,0.000,0.000,0.0,0,0.000,0.000,0.0,0
3952405,0.000,0.000,0.0,0,0.000,0.000,0.0,0
3952445,0.000,0.000,0.0,0,0.000,0.000,0.0,0
3952485,0.000,0.000,0.0,0,0.000,0.000,0.0,0
3952525,0.000,0.000,0.0,0,0.000,0.000,0.0,0
3952565,0.000,0.000,0.0,0,0.000,0.000,0.0,0
3952605,0.000,0.000,0.0,0,0.000,0.000,0.0,0
3952645,0.000,0.000,0.0,0,0.000,0.000,0.0,0
3952685,0.000,0.000,0.0,0,0.000,0.000,0.0,0
3952725,0.000,0.000,0.0,0,0.000,0.000,0.0,0
3952765,0.000,0.000,0.0,0,0.000,0.000,0.0,0
3952805,0.000,0.000,0.0,0,0.000,0.000,0.0,0
3952845,0.000,0.000,0.0,0,0.000,0.000,0.0,0
3952885,0.000,0.000,0.0,0,0.000,0.000,0.0,0
3952925,0.000,0.000,0.0,0,0.000,0.000,0.0,0
3952965,0.000,0.000,0.0,0,0.000,0.000,0.0,0
3953005,0.000,0.000,0.0,0,0.000,0.000,0.0,0
3953045,0.000,0.000,0.0,0,0.000,0.000,0.0,0
3953085,0.000,0.000,0.0,0,0.000,0.000,0.0,0
3953125,0.000,0.000,0.0,0,0.000,0.000,0.0,0
3953165,0.000,0.000,0.0,0,0.000,0.000,0.0,0
3953205,0.000,0.000,0.0,0,0.000,0.000,0.0,0
3953245,0.000,0.000,0.0,0,0.000,0.000,0.0,0
3953285,0.000,0.000,0.0,0,0.000,0.000,0.0,0
3953325,0.000,0.000,0.0,0,0.000,0.000,0.0,0
3953365,0.000,0.000,0.0,0,0.000,0.000,0.0,0
3953405,0.000,0.000,0.0,0,0.000,0.000,0.0,0
3953445,0.000,0.000,0.0,0,0.000,0.000,0.0,0
3953485,0.000,0.000,0.0,0,0.000,0.000,0.0,0
3953525,0.000,0.000,0.0,0,0.000,0.000,0.0,0
3953565,0.000,0.000,0.0,0,0.000,0.000,0.0,0
3953605,0.000,0.000,0.0,0,0.000,0.000,0.0,0
3953645,0.000,0.000,0.0,0,0.000,0.000,0.0,0
3953685,0.000,0.000,0.0,0,0.000,0.000,0.0,0
3953725,0.000,0.000,0.0,0,0.000,0.000,0.0,0
3953765,0.000,0.000,0.0,0,0.000,0.000,0.0,0
3953805,0.000,0.000,0.0,0,0.000,0.000,0.0,0
3953845,0.000,0.000,0.0,0,0.000,0.000,0.0,0
3953885,0.000,0.000,0.0,0,0.000,0.000,0.0,0
3953925,0.000,0.000,0.0,0,0.000,0.000,0.0,0
3953965,0.000,0.000,0.0,0,0.000,0.000,0.0,0
3954005,0.000,0.000,0.0,0,0.000,0.000,0.0,0
3954045,0.000,0.000,0.0,0,0.000,0.000,0.0,0
3954085,0.000,0.000,0.0,0,0.000,0.000,0.0,0
3954125,0.000,0.000,0.0,0,0.000,0.000,0.0,0
3954165,0.000,0.000,0.0,0,0.000,0.000,0.0,0
3954205,0.000,0.000,0.0,0,0.000,0.000,0.0,0
3954245,0.000,0.000,0.0,0,0.000,0.000,0.0,0
3954285,0.000,0.000,0.0,0,0.000,0.000,0.0,0
3954325,0.000,0.000,0.0,0,0.000,0.000,0.0,0
3954365,0.000,0.000,0.0,0,0.000,0.000,0.0,0
3954405,0.000,0.000,0.0,0,0.000,0.000,0.0,0
3954445,0.000,0.000,0.0,0,0.000,0.000,0.0,0
3954485,0.000,0.000,0.0,0,0.000,0.000,0.0,0
3954525,0.000,0.000,0.0,0,0.000,0.000,0.0,0
3954565,0.000,0.000,0.0,0,0.000,0.000,0.0,0
3954605,0.000,0.000,0.0,0,0.000,0.000,0.0,0
3954645,0.000,0.000,0.0,0,0.000,0.000,0.0,0
3954685,0.000,0.000,0.0,0,0.000,0.000,0.0,0
3954725,0.000,0.000,0.0,0,0.000,0.000,0.0,0
3954765,0.000,0.000,0.0,0,0.000,0.000,0.0,0
3954805,0.000,0.000,0.0,0,0.000,0.000,0.0,0
3954845,0.000,0.000,0.0,0,0.000,0.000,0.0,0
3954885,0.000,0.000,0.0,0,0.000,0.000,0.0,0
3954925,0.000,0.000,0.0,0,0.000,0.000,0.0,0
3954965,0.000,0.000,0.0,0,0.000,0.000,0.0,0
3955005,0.000,0.000,0.0,0,0.000,0.000,0.0,0
3955045,0.000,0.000,0.0,0,0.000,0.000,0.0,0
3955085,0.000,0.000,0.0,0,0.000,0.000,0.0,0
3955125,0.000,0.000,0.0,0,0.000,0.000,0.0,0
3955165,0.000,0.000,0.0,0,0.000,0.000,0.0,0
3955205,0.000,0.000,0.0,0,0.000,0.000,0.0,0
3955245,0.000,0.000,0.0,0,0.000,0.000,0.0,0
3955285,0.000,0.000,0.0,0,0.000,0.000,0.0,0
3955325,0.000,0.000,0.0,0,0.000,0.000,0.0,0
3955365,0.000,0.000,0.0,0,0.000,0.000,0.0,0
3955405,0.000,0.000,0.0,0,0.000,0.000,0.0,0
3955445,0.000,0.000,0.0,0,0.000,0.000,0.0,0
3955485,0.000,0.000,0.0,0,0.000,0.000,0.0,0
3955525,0.000,0.000,0.0,0,0.000,0.000,0.0,0
3955565,0.000,0.000,0.0,0,0.000,0.000,0.0,0
3955605,0.000,0.000,0.0,0,0.000,0.000,0.0,0
3955645,0.000,0.000,0.0,0,0.000,0.000,0.0,0
3955685,0.000,0.000,0.0,0,0.000,0.000,0.0,0
3955725,0.000,0.000,0.0,0,0.000,0.000,0.0,0
3955765,0.000,0.000,0.0,0,0.000,0.000,0.0,0
3955805,0.000,0.000,0.0,0,0.000,0.000,0.0,0
3955845,0.000,0.000,0.0,0,0.000,0.000,0.0,0
3955885,0.000,0.000,0.0,0,0.000,0.000,0.0,0
3955925,0.000,0.000,0.0,0,0.000,0.000,0.0,0
3955965,0.000,0.000,0.0,0,0.000,0.000,0.0,0
3956005,0.000,0.000,0.0,0,0.000,0.000,0.0,0
3956045,0.000,0.000,0.0,0,0.000,0.000,0.0,0
3956085,0.000,0.000,0.0,0,0.000,0.000,0.0,0
3956125,0.000,0.000,0.0,0,0.000,0.000,0.0,0
3956165,0.000,0.000,0.0,0,0.000,0.000,0.0,0
3956205,0.000,0.000,0.0,0,0.000,0.000,0.0,0
3956245,0.000,0.000,0.0,0,0.000,0.000,0.0,0
3956285,0.000,0.000,0.0,0,0.000,0.000,0.0,0
3956325,0.000,0.000,0.0,0,0.000,0.000,0.0,0
3956365,0.000,0.000,0.0,0,0.000,0.000,0.0,0
3956405,0.000,0.000,0.0,0,0.000,0.000,0.0,0
3956445,0.000,0.000,0.0,0,0.000,0.000,0.0,0
3956485,0.000,0.000,0.0,0,0.000,0.000,0.0,0
3956525,0.000,0.000,0.0,0,0.000,0.000,0.0,0
3956565,0.000,0.000,0.0,0,0.000,0.000,0.0,0
3956605,0.000,0.000,0.0,0,0.000,0.000,0.0,0
3956645,0.000,0.000,0.0,0,0.000,0.000,0.0,0
3956685,0.000,0.000,0.0,0,0.000,0.000,0.0,0
3956725,0.000,0.000,0.0,0,0.000,0.000,0.0,0
3956765,0.000,0.000,0.0,0,0.000,0.000,0.0,0
3956805,0.000,0.000,0.0,0,0.000,0.000,0.0,0
3956845,0.000,0.000,0.0,0,0.000,0.000,0.0,0
3956885,0.000,0.000,0.0,0,0.000,0.000,0.0,0
3956925,0.000,0.000,0.0,0,0.000,0.000,0.0,0
3956965,0.000,0.000,0.0,0,0.000,0.000,0.0,0
3957005,0.000,0.000,0.0,0,0.000,0.000,0.0,0
3957045,0.000,0.000,0.0,0,0.000,0.000,0.0,0
3957085,0.000,0.000,0.0,0,0.000,0.000,0.0,0
3957125,0.000,0.000,0.0,0,0.000,0.000,0.0,0
3957165,0.000,0.000,0.0,0,0.000,0.000,0.0,0
3957205,0.000,0.000,0.0,0,0.000,0.000,0.0,0
3957245,0.000,0.000,0.0,0,0.000,0.000,0.0,0
3957285,0.000,0.000,0.0,0,0.000,0.000,0.0,0
3957325,0.000,0.000,0.0,0,0.000,0.000,0.0,0
3957365,0.000,0.000,0.0,0,0.000,0.000,0.0,0
3957405,0.000,0.000,0.0,0,0.000,0.000,0.0,0
3957445,0.000,0.000,0.0,0,0.000,0.000,0.0,0
3957485,0.000,0.000,0.0,0,0.000,0.000,0.0,0
3957525,0.000,0.000,0.0,0,0.000,0.000,0.0,0
3957565,0.000,0.000,0.0,0,0.000,0.000,0.0,0
3957605,0.000,0.000,0.0,0,0.000,0.000,0.0,0
3957645,0.000,0.000,0.0,0,0.000,0.000,0.0,0
3957685,0.000,0.000,0.0,0,0.000,0.000,0.0,0
3957725,0.000,0.000,0.0,0,0.000,0.000,0.0,0
3957765,0.000,0.000,0.0,0,0.000,0.000,0.0,0
3957805,0.000,0.000,0.0,0,0.000,0.000,0.0,0
3957845,0.000,0.000,0.0,0,0.000,0.000,0.0,0
3957885,0.000,0.000,0.0,0,0.000,0.000,0.0,0
3957925,0.000,0.000,0.0,0,0.000,0.000,0.0,0
3957965,0.000,0.000,0.0,0,0.000,0.000,0.0,0
3958005,0.000,0.000,0.0,0,0.000,0.000,0.0,0
3958045,0.000,0.000,0.0,0,0.000,0.000,0.0,0
3958085,0.000,0.000,0.0,0,0.000,0.000,0.0,0
3958125,0.000,0.000,0.0,0,0.000,0.000,0.0,0
3958165,0.000,0.000,0.0,0,0.000,0.000,0.0,0
3958205,0.000,0.000,0.0,0,0.000,0.000,0.0,0
3958245,0.000,0.000,0.0,0,0.000,0.000,0.0,0
3958285,0.000,0.000,0.0,0,0.000,0.000,0.0,0
3958325,0.000,0.000,0.0,0,0.000,0.000,0.0,0
3958365,0.000,0.000,0.0,0,0.000,0.000,0.0,0
3958405,0.000,0.000,0.0,0,0.000,0.000,0.0,0
3958445,0.000,0.000,0.0,0,0.000,0.000,0.0,0
3958485,0.000,0.000,0.0,0,0.000,0.000,0.0,0
3958525,0.000,0.000,0.0,0,0.000,0.000,0.0,0
3958565,0.000,0.000,0.0,0,0.000,0.000,0.0,0
3958605,0.000,0.000,0.0,0,0.000,0.000,0.0,0
3958645,0.000,0.000,0.0,0,0.000,0.000,0.0,0
3958685,0.000,0.000,0.0,0,0.000,0.000,0.0,0
3958725,0.000,0.000,0.0,0,0.000,0.000,0.0,0
3958765,0.000,0.000,0.0,0,0.000,0.000,0.0,0
3958805,0.000,0.000,0.0,0,0.000,0.000,0.0,0
3958845,0.000,0.000,0.0,0,0.000,0.000,0.0,0
3958885,0.000,0.000,0.0,0,0.000,0.000,0.0,0
3958925,0.000,0.000,0.0,0,0.000,0.000,0.0,0
3958965,0.000,0.000,0.0,0,0.000,0.000,0.0,0
3959005,0.000,0.000,0.0,0,0.000,0.000,0.0,0
3959045,0.000,0.000,0.0,0,0.000,0.000,0.0,0
3959085,0.000,0.000,0.0,0,0.000,0.000,0.0,0
3959125,0.000,0.000,0.0,0,0.000,0.000,0.0,0
3959165,0.000,0.000,0.0,0,0.000,0.000,0.0,0
3959205,0.000,0.000,0.0,0,0.000,0.000,0.0,0
3959245,0.000,0.000,0.0,0,0.000,0.000,0.0,0
3959285,0.000,0.000,0.0,0,0.000,0.000,0.0,0
3959325,0.000,0.000,0.0,0,0.000,0.000,0.0,0
3959365,0.000,0.000,0.0,0,0.000,0.000,0.0,0
3959405,0.000,0.000,0.0,0,0.000,0.000,0.0,0
3959445,0.000,0.000,0.0,0,0.000,0.000,0.0,0
3959485,0.000,0.000,0.0,0,0.000,0.000,0.0,0
3959525,0.000,0.000,0.0,0,0.000,0.000,0.0,0
3959565,0.000,0.000,0.0,0,0.000,0.000,0.0,0
3959605,0.000,0.000,0.0,0,0.000,0.000,0.0,0
3959645,0.000,0.000,0.0,0,0.000,0.000,0.0,0
3959685,0.000,0.000,0.0,0,0.000,0.000,0.0,0
3959725,0.000,0.000,0.0,0,0.000,0.000,0.0,0
3959765,0.000,0.000,0.0,0,0.000,0.000,0.0,0
3959805,0.000,0.000,0.0,0,0.000,0.000,0.0,0
3959845,0.000,0.000,0.0,0,0.000,0.000,0.0,0
3959885,0.000,0.000,0.0,0,0.000,0.000,0.0,0
3959925,0.000,0.000,0.0,0,0.000,0.000,0.0,0
3959965,0.000,0.000,0.0,0,0.000,0.000,0.0,0
3960005,0.000,0.000,0.0,0,0.000,0.000,0.0,0
3960045,0.000,0.000,0.0,0,0.000,0.000,0.0,0
3960085,0.000,0.000,0.0,0,0.000,0.000,0.0,0
3960125,0.000,0.000,0.0,0,0.000,0.000,0.0,0
3960165,0.000,0.000,0.0,0,0.000,0.000,0.0,0
3960205,0.000,0.000,0.0,0,0.000,0.000,0.0,0
3960245,0.000,0.000,0.0,0,0.000,0.000,0.0,0
3960285,0.000,0.000,0.0,0,0.000,0.000,0.0,0
3960325,0.000,0.000,0.0,0,0.000,0.000,0.0,0
3960365,0.000,0.000,0.0,0,0.000,0.000,0.0,0
3960405,0.000,0.000,0.0,0,0.000,0.000,0.0,0
3960445,0.000,0.000,0.0,0,0.000,0.000,0.0,0
3960485,0.000,0.000,0.0,0,0.000,0.000,0.0,0
3960525,0.000,0.000,0.0,0,0.000,0.000,0.0,0
3960565,0.000,0.000,0.0,0,0.000,0.000,0.0,0
3960605,0.000,0.000,0.0,0,0.000,0.000,0.0,0
3960645,0.000,0.000,0.0,0,0.000,0.000,0.0,0
3960685,0.000,0.000,0.0,0,0.000,0.000,0.0,0
3960725,0.000,0.000,0.0,0,0.000,0.000,0.0,0
3960765,0.000,0.000,0.0,0,0.000,0.000,0.0,0
3960805,0.000,0.000,0.0,0,0.000,0.000,0.0,0
3960845,0.000,0.000,0.0,0,0.000,0.000,0.0,0
3960885,0.000,0.000,0.0,0,0.000,0.000,0.0,0
3960925,0.000,0.000,0.0,0,0.000,0.000,0.0,0
3960965,0.000,0.000,0.0,0,0.000,0.000,0.0,0
3961005,0.000,0.000,0.0,0,0.000,0.000,0.0,0
3961045,0.000,0.000,0.0,0,0.000,0.000,0.0,0
3961085,0.000,0.000,0.0,0,0.000,0.000,0.0,0
3961125,0.000,0.000,0.0,0,0.000,0.000,0.0,0
3961165,0.000,0.000,0.0,0,0.000,0.000,0.0,0
3961205,0.000,0.000,0.0,0,0.000,0.000,0.0,0
3961245,0.000,0.000,0.0,0,0.000,0.000,0.0,0
3961285,0.000,0.000,0.0,0,0.000,0.000,0.0,0
3961325,0.000,0.000,0.0,0,0.000,0.000,0.0,0
3961365,0.000,0.000,0.0,0,0.000,0.000,0.0,0
3961405,0.000,0.000,0.0,0,0.000,0.000,0.0,0
3961445,0.000,0.000,0.0,0,0.000,0.000,0.0,0
3961485,0.000,0.000,0.0,0,0.000,0.000,0.0,0
3961525,0.000,0.000,0.0,0,0.000,0.000,0.0,0
3961565,0.000,0.000,0.0,0,0.000,0.000,0.0,0
3961605,0.000,0.000,0.0,0,0.000,0.000,0.0,0
3961645,0.000,0.000,0.0,0,0.000,0.000,0.0,0
3961685,0.000,0.000,0.0,0,0.000,0.000,0.0,0
3961725,0.000,0.000,0.0,0,0.000,0.000,0.0,0
3961765,0.000,0.000,0.0,0,0.000,0.000,0.0,0
3961805,0.000,0.000,0.0,0,0.000,0.000,0.0,0
3961845,0.000,0.000,0.0,0,0.000,0.000,0.0,0
3961885,0.000,0.000,0.0,0,0.000,0.000,0.0,0
3961925,0.000,0.000,0.0,0,0.000,0.000,0.0,0
3961965,0.000,0.000,0.0,0,0.000,0.000,0.0,0
3962005,0.000,0.000,0.0,0,0.000,0.000,0.0,0
3962045,0.000,0.000,0.0,0,0.000,0.000,0.0,0
3962085,0.000,0.000,0.0,0,0.000,0.000,0.0,0
3962125,0.000,0.000,0.0,0,0.000,0.000,0.0,0
3962165,0.000,0.000,0.0,0,0.000,0.000,0.0,0
3962205,0.000,0.000,0.0,0,0.000,0.000,0.0,0
3962245,0.000,0.000,0.0,0,0.000,0.000,0.0,0
3962285,0.000,0.000,0.0,0,0.000,0.000,0.0,0
3962325,0.000,0.000,0.0,0,0.000,0.000,0.0,0
3962365,0.000,0.000,0.0,0,0.000,0.000,0.0,0
3962405,0.000,0.000,0.0,0,0.000,0.000,0.0,0
3962445,0.000,0.000,0.0,0,0.000,0.000,0.0,0
3962485,0.000,0.000,0.0,0,0.000,0.000,0.0,0
3962525,0.000,0.000,0.0,0,0.000,0.000,0.0,0
3962565,0.000,0.000,0.0,0,0.000,0.000,0.0,0
3962605,0.000,0.000,0.0,0,0.000,0.000,0.0,0
3962645,0.000,0.000,0.0,0,0.000,0.000,0.0,0
3962685,0.000,0.000,0.0,0,0.000,0.000,0.0,0
3962725,0.000,0.000,0.0,0,0.000,0.000,0.0,0
3962765,0.000,0.000,0.0,0,0.000,0.000,0.0,0
3962805,0.000,0.000,0.0,0,0.000,0.000,0.0,0
3962845,0.000,0.000,0.0,0,0.000,0.000,0.0,0
3962885,0.000,0.000,0.0,0,0.000,0.000,0.0,0
3962925,0.000,0.000,0.0,0,0.000,0.000,0.0,0
3962965,0.000,0.000,0.0,0,0.000,0.000,0.0,0
3963005,0.000,0.000,0.0,0,0.000,0.000,0.0,0
3963045,0.000,0.000,0.0,0,0.000,0.000,0.0,0
3963085,0.000,0.000,0.0,0,0.000,0.000,0.0,0
3963125,0.000,0.000,0.0,0,0.000,0.000,0.0,0
3963165,0.000,0.000,0.0,0,0.000,0.000,0.0,0
3963205,0.000,0.000,0.0,0,0.000,0.000,0.0,0
3963245,0.000,0.000,0.0,0,0.000,0.000,0.0,0
3963285,0.000,0.000,0.0,0,0.000,0.000,0.0,0
3963325,0.000,0.000,0.0,0,0.000,0.000,0.0,0
3963365,0.000,0.000,0.0,0,0.000,0.000,0.0,0
3963405,0.000,0.000,0.0,0,0.000,0.000,0.0,0
3963445,0.000,0.000,0.0,0,0.000,0.000,0.0,0
3963485,0.000,0.000,0.0,0,0.000,0.000,0.0,0
3963525,0.000,0.000,0.0,0,0.000,0.000,0.0,0
3963565,0.000,0.000,0.0,0,0.000,0.000,0.0,0
3963605,0.000,0.000,0.0,0,0.000,0.000,0.0,0
3963645,0.000,0.000,0.0,0,0.000,0.000,0.0,0
3963685,0.000,0.000,0.0,0,0.000,0.000,0.0,0
3963725,0.000,0.000,0.0,0,0.000,0.000,0.0,0
3963765,0.000,0.000,0.0,0,0.000,0.000,0.0,0
3963805,0.000,0.000,0.0,0,0.000,0.000,0.0,0
3963845,0.000,0.000,0.0,0,0.000,0.000,0.0,0
3963885,0.000,0.000,0.0,0,0.000,0.000,0.0,0
3963925,0.000,0.000,0.0,0,0.000,0.000,0.0,0
3963965,0.000,0.000,0.0,0,0.000,0.000,0.0,0
3964005,0.000,0.000,0.0,0,0.000,0.000,0.0,0
3964045,0.000,0.000,0.0,0,0.000,0.000,0.0,0
3964085,0.000,0.000,0.0,0,0.000,0.000,0.0,0
3964125,0.000,0.000,0.0,0,0.000,0.000,0.0,0
3964165,0.000,0.000,0.0,0,0.000,0.000,0.0,0
3964205,0.000,0.000,0.0,0,0.000,0.000,0.0,0
3964245,0.000,0.000,0.0,0,0.000,0.000,0.0,0
3964285,0.000,0.000,0.0,0,0.000,0.000,0.0,0
3964325,0.000,0.000,0.0,0,0.000,0.000,0.0,0
3964365,0.000,0.000,0.0,0,0.000,0.000,0.0,0
3964405,0.000,0.000,0.0,0,0.000,0.000,0.0,0
3964445,0.000,0.000,0.0,0,0.000,0.000,0.0,0
3964485,0.000,0.000,0.0,0,0.000,0.000,0.0,0
3964525,0.000,0.000,0.0,0,0.000,0.000,0.0,0
3964565,0.000,0.000,0.0,0,0.000,0.000,0.0,0
3964605,0.000,0.000,0.0,0,0.000,0.000,0.0,0
3964645,0.000,0.000,0.0,0,0.000,0.000,0.0,0
3964685,0.000,0.000,0.0,0,0.000,0.000,0.0,0
3964725,0.000,0.000,0.0,0,0.000,0.000,0.0,0
3964765,0.000,0.000,0.0,0,0.000,0.000,0.0,0
3964805,0.000,0.000,0.0,0,0.000,0.000,0.0,0
3964845,0.000,0.000,0.0,0,0.000,0.000,0.0,0
3964885,0.000,0.000,0.0,0,0.000,0.000,0.0,0
3964925,0.000,0.000,0.0,0,0.000,0.000,0.0,0
3964965,0.000,0.000,0.0,0,0.000,0.000,0.0,0
3965005,0.000,0.000,0.0,0,0.000,0.000,0.0,0
3965045,0.000,0.000,0.0,0,0.000,0.000,0.0,0
3965085,0.000,0.000,0.0,0,0.000,0.000,0.0,0
3965125,0.000,0.000,0.0,0,0.000,0.000,0.0,0
3965165,0.000,0.000,0.0,0,0.000,0.000,0.0,0
3965205,0.000,0.000,0.0,0,0.000,0.000,0.0,0
3965245,0.000,0.000,0.0,0,0.000,0.000,0.0,0
3965285,0.000,0.000,0.0,0,0.000,0.000,0.0,0
3965325,0.000,0.000,0.0,0,0.000,0.000,0.0,0
3965365,0.000,0.000,0.0,0,0.000,0.000,0.0,0
3965405,0.000,0.000,0.0,0,0.000,0.000,0.0,0
3965445,0.000,0.000,0.0,0,0.000,0.000,0.0,0
3965485,0.000,0.000,0.0,0,0.000,0.000,0.0,0
3965525,0.000,0.000,0.0,0,0.000,0.000,0.0,0
3965565,0.000,0.000,0.0,0,0.000,0.000,0.0,0
3965605,0.000,0.000,0.0,0,0.000,0.000,0.0,0
3965645,0.000,0.000,0.0,0,0.000,0.000,0.0,0
3965685,0.000,0.000,0.0,0,0.000,0.000,0.0,0
3965725,0.000,0.000,0.0,0,0.000,0.000,0.0,0
3965765,0.000,0.000,0.0,0,0.000,0.000,0.0,0
3965805,0.000,0.000,0.0,0,0.000,0.000,0.0,0
3965845,0.000,0.000,0.0,0,0.000,0.000,0.0,0
3965885,0.000,0.000,0.0,0,0.000,0.000,0.0,0
3965925,0.000,0.000,0.0,0,0.000,0.000,0.0,0
3965965,0.000,0.000,0.0,0,0.000,0.000,0.0,0
3966005,0.000,0.000,0.0,0,0.000,0.000,0.0,0
3966045,0.000,0.000,0.0,0,0.000,0.000,0.0,0
3966085,0.000,0.000,0.0,0,0.000,0.000,0.0,0
3966125,0.000,0.000,0.0,0,0.000,0.000,0.0,0
3966165,0.000,0.000,0.0,0,0.000,0.000,0.0,0
3966205,0.000,0.000,0.0,0,0.000,0.000,0.0,0
3966245,0.000,0.000,0.0,0,0.000,0.000,0.0,0
3966285,0.000,0.000,0.0,0,0.000,0.000,0.0,0
3966325,0.000,0.000,0.0,0,0.000,0.000,0.0,0
3966365,0.000,0.000,0.0,0,0.000,0.000,0.0,0
3966405,0.000,0.000,0.0,0,0.000,0.000,0.0,0
3966445,0.000,0.000,0.0,0,0.000,0.000,0.0,0
3966485,0.000,0.000,0.0,0,0.000,0.000,0.0,0
3966525,0.000,0.000,0.0,0,0.000,0.000,0.0,0
3966565,0.000,0.000,0.0,0,0.000,0.000,0.0,0
3966605,0.000,0.000,0.0,0,0.000,0.000,0.0,0
3966645,0.000,0.000,0.0,0,0.000,0.000,0.0,0
3966685,0.000,0.000,0.0,0,0.000,0.000,0.0,0
3966725,0.000,0.000,0.0,0,0.000,0.000,0.0,0
3966765,0.000,0.000,0.0,0,0.000,0.000,0.0,0
3966805,0.000,0.000,0.0,0,0.000,0.000,0.0,0
3966845,0.000,0.000,0.0,0,0.000,0.000,0.0,0
3966885,0.000,0.000,0.0,0,0.000,0.000,0.0,0
3966925,0.000,0.000,0.0,0,0.000,0.000,0.0,0
3966965,0.000,0.000,0.0,0,0.000,0.000,0.0,0
3967005,0.000,0.000,0.0,0,0.000,0.000,0.0,0
3967045,0.000,0.000,0.0,0,0.000,0.000,0.0,0
3967085,0.000,0.000,0.0,0,0.000,0.000,0.0,0
3967125,0.000,0.000,0.0,0,0.000,0.000,0.0,0
3967165,0.000,0.000,0.0,0,0.000,0.000,0.0,0
3967205,0.000,0.000,0.0,0,0.000,0.000,0.0,0
3967245,0.000,0.000,0.0,0,0.000,0.000,0.0,0
3967285,0.000,0.000,0.0,0,0.000,0.000,0.0,0
3967325,0.000,0.000,0.0,0,0.000,0.000,0.0,0
3967365,0.000,0.000,0.0,0,0.000,0.000,0.0,0
3967405,0.000,0.000,0.0,0,0.000,0.000,0.0,0
3967445,0.000,0.000,0.0,0,0.000,0.000,0.0,0
3967485,0.000,0.000,0.0,0,0.000,0.000,0.0,0
3967525,0.000,0.000,0.0,0,0.000,0.000,0.0,0
3967565,0.000,0.000,0.0,0,0.000,0.000,0.0,0
3967605,0.000,0.000,0.0,0,0.000,0.000,0.0,0
3967645,0.000,0.000,0.0,0,0.000,0.000,0.0,0
3967685,0.000,0.000,0.0,0,0.000,0.000,0.0,0
3967725,0.000,0.000,0.0,0,0.000,0.000,0.0,0
3967765,0.000,0.000,0.0,0,0.000,0.000,0.0,0
3967805,0.000,0.000,0.0,0,0.000,0.000,0.0,0
3967845,0.000,0.000,0.0,0,0.000,0.000,0.0,0
3967885,0.000,0.000,0.0,0,0.000,0.000,0.0,0
3967925,0.000,0.000,0.0,0,0.000,0.000,0.0,0
3967965,0.000,0.000,0.0,0,0.000,0.000,0.0,0
3968005,0.000,0.000,0.0,0,0.000,0.000,0.0,0
3968045,0.000,0.000,0.0,0,0.000,0.000,0.0,0
3968085,0.000,0.000,0.0,0,0.000,0.000,0.0,0
3968125,0.000,0.000,0.0,0,0.000,0.000,0.0,0
3968165,0.000,0.000,0.0,0,0.000,0.000,0.0,0
3968205,0.000,0.000,0.0,0,0.000,0.000,0.0,0
3968245,0.000,0.000,0.0,0,0.000,0.000,0.0,0
3968285,0.000,0.000,0.0,0,0.000,0.000,0.0,0
3968325,0.000,0.000,0.0,0,0.000,0.000,0.0,0
3968365,0.000,0.000,0.0,0,0.000,0.000,0.0,0
3968405,0.000,0.000,0.0,0,0.000,0.000,0.0,0
3968445,0.000,0.000,0.0,0,0.000,0.000,0.0,0
3968485,0.000,0.000,0.0,0,0.000,0.000,0.0,0
3968525,0.000,0.000,0.0,0,0.000,0.000,0.0,0
3968565,0.000,0.000,0.0,0,0.000,0.000,0.0,0
3968605,0.000,0.000,0.0,0,0.000,0.000,0.0,0
3968645,0.000,0.000,0.0,0,0.000,0.000,0.0,0
3968685,0.000,0.000,0.0,0,0.000,0.000,0.0,0
3968725,0.000,0.000,0.0,0,0.000,0.000,0.0,0
3968765,0.000,0.000,0.0,0,0.000,0.000,0.0,0
3968805,0.000,0.000,0.0,0,0.000,0.000,0.0,0
3968845,0.000,0.000,0.0,0,0.000,0.000,0.0,0
3968885,0.000,0.000,0.0,0,0.000,0.000,0.0,0
3968925,0.000,0.000,0.0,0,0.000,0.000,0.0,0
3968965,0.000,0.000,0.0,0,0.000,0.000,0.0,0
3969005,0.000,0.000,0.0,0,0.000,0.000,0.0,0
3969045,0.000,0.000,0.0,0,0.000,0.000,0.0,0
3969085,0.000,0.000,0.0,0,0.000,0.000,0.0,0
3969125,0.000,0.000,0.0,0,0.000,0.000,0.0,0
3969165,0.000,0.000,0.0,0,0.000,0.000,0.0,0
3969205,0.000,0.000,0.0,0,0.000,0.000,0.0,0
3969245,0.000,0.000,0.0,0,0.000,0.000,0.0,0
3969285,0.000,0.000,0.0,0,0.000,0.000,0.0,0
3969325,0.000,0.000,0.0,0,0.000,0.000,0.0,0
3969365,0.000,0.000,0.0,0,0.000,0.000,0.0,0
3969405,0.000,0.000,0.0,0,0.000,0.000,0.0,0
3969445,0.000,0.000,0.0,0,0.000,0.000,0.0,0
3969485,0.000,0.000,0.0,0,0.000,0.000,0.0,0
3969525,-3.846,0.000,-49.2,-12,-3.846,0.000,-49.2,-12
3969565,-3.846,-0.000,-55.4,-36,-3.846,-0.000,-55.4,-36
3969605,-3.846,-0.000,-61.5,-60,-3.846,-0.000,-61.5,-60
3969645,-3.846,-0.001,-67.7,-67,-3.846,-0.001,-67.7,-67
3969685,-3.846,-1.586,-52.9,-52,-3.846,-1.550,-53.3,-53
3969725,-3.846,-2.846,-39.9,-39,-3.846,-2.809,-40.4,-40
3969765,-3.846,-3.566,-32.0,-31,-3.846,-3.470,-33.3,-33
3969805,-3.846,-4.011,-26.5,-26,-3.846,-3.885,-28.5,-28
3969845,-3.846,-4.283,-22.6,-22,-3.846,-4.264,-23.4,-23
3969885,-3.846,-4.480,-19.2,-19,-3.846,-4.566,-18.7,-18
3969925,-3.846,-4.604,-16.5,-16,-3.846,-4.614,-16.8,-16
3969965,-3.846,-4.390,-18.2,-18,-3.846,-4.359,-18.9,-18
3970005,-3.846,-4.120,-20.9,-20,-3.846,-4.100,-21.4,-21
3970045,-3.846,-3.901,-23.4,-23,-3.846,-3.847,-24.5,-24
3970085,-3.846,-3.870,-23.6,-23,-3.846,-3.616,-27.5,-27
3970125,-3.846,-3.904,-23.1,-23,-3.846,-3.745,-26.1,-26
3970165,-3.846,-3.777,-24.7,-24,-3.846,-3.784,-25.9,-25
3970205,-3.846,-3.423,-29.5,-29,-3.846,-3.466,-30.1,-30
3970245,-3.846,-3.345,-31.2,-31,-3.846,-3.398,-31.5,-31
3970285,-3.846,-3.435,-30.9,-30,-3.846,-3.535,-30.6,-30
3970325,-3.846,-3.493,-30.8,-30,-3.846,-3.745,-28.4,-28
3970365,-3.846,-3.818,-27.0,-26,-3.846,-3.860,-26.9,-26
3970405,-3.846,-3.760,-27.8,-27,-3.846,-4.098,-23.7,-23
3970445,-3.846,-3.562,-30.5,-30,-3.846,-3.937,-25.5,-25
3970485,-3.846,-3.636,-30.1,-30,-3.846,-3.863,-26.4,-26
3970525,-3.846,-3.519,-32.0,-32,-3.846,-3.826,-26.8,-26
3970565,-3.846,-3.835,-28.2,-28,-3.846,-4.163,-22.4,-22
3970605,-3.846,-4.062,-25.1,-25,-3.846,-4.324,-19.8,-19
3970645,-3.846,-3.922,-26.7,-26,-3.846,-4.044,-22.8,-22
3970685,-3.846,-3.602,-30.7,-30,-3.846,-3.910,-24.1,-24
3970725,-3.846,-3.667,-30.2,-30,-3.846,-3.844,-25.0,-25
3970765,-3.846,-3.679,-30.5,-30,-3.846,-4.013,-22.9,-22
3970805,-3.846,-3.834,-28.7,-28,-3.846,-3.991,-22.9,-22
3970845,-3.846,-3.820,-28.9,-28,-3.846,-4.135,-20.6,-20
3970885,-3.846,-3.903,-27.7,-27,-3.846,-4.165,-19.7,-19
3970925,-3.846,-3.823,-28.8,-28,-3.846,-3.991,-21.6,-21
3970965,-3.846,-3.618,-31.5,-31,-3.846,-3.772,-24.2,-24
3971005,-3.846,-3.741,-30.2,-30,-3.846,-3.888,-22.7,-22
3971045,-3.846,-3.836,-29.2,-29,-3.846,-4.075,-20.1,-20
3971085,-3.846,-3.895,-28.5,-28,-3.846,-4.110,-19.4,-19
3971125,-3.846,-3.737,-30.4,-30,-3.846,-3.978,-20.7,-20
3971165,-3.846,-3.716,-30.8,-30,-3.846,-3.811,-22.7,-22
3971205,-3.846,-3.739,-30.8,-30,-3.846,-3.808,-22.8,-22
3971245,-3.846,-3.915,-28.7,-28,-3.846,-3.992,-20.4,-20
3971285,-3.846,-3.940,-28.3,-28,-3.846,-4.113,-18.6,-18
3971325,-3.846,-3.969,-27.7,-27,-3.846,-4.036,-19.3,-19
3971365,-3.846,-3.889,-28.6,-28,-3.846,-3.867,-21.1,-21
3971405,-3.846,-3.704,-31.0,-30,-3.846,-3.796,-22.0,-22
3971445,-3.846,-3.675,-31.6,-31,-3.846,-3.704,-23.4,-23
3971485,-3.846,-3.768,-30.6,-30,-3.846,-3.846,-21.8,-21
3971525,-3.846,-3.944,-28.5,-28,-3.846,-3.922,-20.7,-20
3971565,-3.846,-3.880,-29.2,-29,-3.846,-3.993,-19.6,-19
3971605,-3.846,-3.812,-30.0,-29,-3.846,-3.853,-21.3,-21
3971645,-3.846,-3.681,-31.7,-31,-3.846,-3.832,-21.7,-21
3971685,-3.846,-3.770,-30.8,-30,-3.846,-3.727,-23.1,-23
3971725,-3.846,-3.845,-30.0,-30,-3.846,-3.901,-20.9,-20
3971765,-3.846,-3.782,-30.8,-30,-3.846,-3.988,-19.7,-19
3971805,-3.846,-3.851,-30.0,-29,-3.846,-3.890,-20.8,-20
3971845,-3.846,-3.696,-32.0,-31,-3.846,-3.616,-24.3,-24
3971885,-3.846,-3.761,-31.5,-31,-3.846,-3.728,-23.1,-23
3971925,-3.846,-3.629,-33.3,-33,-3.846,-3.868,-21.6,-21
3971965,-3.846,-3.853,-30.6,-30,-3.846,-3.775,-22.8,-22
3972005,-3.846,-3.919,-29.8,-29,-3.846,-3.795,-22.5,-22
3972045,-3.846,-3.805,-31.2,-31,-3.846,-3.873,-21.4,-21
3972085,-3.846,-3.632,-33.5,-33,-3.846,-3.729,-23.4,-23
3972125,-3.846,-3.801,-31.7,-31,-3.846,-3.553,-25.8,-25
3972165,-3.846,-3.656,-33.7,-33,-3.846,-3.756,-23.6,-23
3972205,-3.846,-3.835,-31.5,-31,-3.846,-3.772,-23.6,-23
3972245,-3.846,-3.930,-30.4,-30,-3.846,-3.846,-22.6,-22
3972285,-3.846,-3.639,-34.1,-34,-3.846,-3.795,-23.2,-23
3972325,-3.846,-3.755,-32.8,-32,-3.846,-3.767,-23.8,-23
3972365,-3.846,-3.773,-32.8,-32,-3.846,-3.603,-26.1,-26
3972405,-3.846,-3.830,-32.3,-32,-3.846,-3.849,-23.1,-23
3972445,-3.846,-3.757,-33.2,-33,-3.846,-3.867,-23.0,-22
3972485,-3.846,-3.851,-32.0,-32,-3.846,-3.820,-23.6,-23
3972525,-3.846,-3.786,-33.0,-32,-3.846,-3.575,-26.8,-26
3972565,-3.846,-3.574,-35.8,-35,-3.846,-3.618,-26.6,-26
3972605,-3.846,-3.627,-35.5,-35,-3.846,-3.713,-25.8,-25
3972645,-3.846,-3.887,-32.4,-32,-3.846,-3.771,-25.2,-25
3972685,-3.846,-4.032,-30.5,-30,-3.846,-3.939,-23.1,-23
3972725,-3.846,-4.005,-30.5,-30,-3.846,-3.948,-22.7,-22
3972765,-3.846,-3.850,-32.3,-32,-3.846,-3.903,-23.2,-23
3972805,-3.846,-3.912,-31.4,-31,-3.846,-3.773,-24.8,-24
3972845,-3.846,-3.930,-31.1,-31,-3.846,-3.785,-24.8,-24
3972885,-3.846,-3.950,-30.7,-30,-3.846,-3.841,-24.1,-24
3972925,-3.846,-3.892,-31.3,-31,-3.846,-3.938,-22.8,-22
3972965,-3.846,-3.862,-31.6,-31,-3.846,-3.828,-24.2,-24
3973005,-3.846,-3.812,-32.3,-32,-3.846,-3.717,-25.6,-25
3973045,-3.846,-3.727,-33.5,-33,-3.846,-3.774,-25.1,-25
3973085,-3.846,-3.906,-31.3,-31,-3.846,-3.871,-23.9,-23
3973125,-3.846,-4.029,-29.6,-29,-3.846,-3.949,-22.9,-22
3973165,-3.846,-4.062,-28.8,-28,-3.846,-3.905,-23.3,-23
3973205,-3.846,-3.982,-29.5,-29,-3.846,-3.861,-23.8,-23
3973245,-3.846,-3.852,-31.1,-31,-3.846,-3.714,-25.8,-25
3973285,-3.846,-3.781,-32.0,-32,-3.846,-3.788,-25.1,-25
3973325,-3.846,-3.939,-30.0,-29,-3.846,-3.754,-25.6,-25
3973365,-3.846,-3.970,-29.4,-29,-3.846,-3.935,-23.3,-23
3973405,-3.846,-4.012,-28.7,-28,-3.846,-3.991,-22.5,-22
3973445,-3.846,-3.858,-30.5,-30,-3.846,-3.867,-23.9,-23
3973485,-3.846,-3.881,-30.1,-30,-3.846,-3.643,-26.8,-26
3973525,-3.846,-3.920,-29.4,-29,-3.846,-3.803,-24.9,-24
3973565,-3.846,-3.856,-30.3,-30,-3.846,-3.846,-24.5,-24
3973605,-3.846,-3.613,-33.4,-33,-3.846,-3.749,-25.8,-25
3973645,-3.846,-3.765,-31.7,-31,-3.846,-3.814,-25.0,-25
3973685,-3.846,-3.799,-31.5,-31,-3.846,-3.726,-26.2,-26
3973725,-3.846,-3.857,-30.8,-30,-3.846,-3.713,-26.7,-26
3973765,-3.846,-4.011,-28.6,-28,-3.846,-3.535,-29.2,-29
3973805,-3.846,-4.138,-26.7,-26,-3.846,-3.581,-29.0,-29
3973845,-3.846,-3.937,-29.0,-28,-3.846,-3.541,-30.1,-30
3973885,-3.846,-3.734,-31.5,-31,-3.846,-3.689,-28.5,-28
3973925,-3.846,-4.027,-27.8,-27,-3.846,-4.016,-24.4,-24
3973965,-3.846,-4.071,-27.0,-27,-3.846,-3.849,-26.4,-26
3974005,-3.846,-4.086,-26.6,-26,-3.846,-3.617,-29.5,-29
3974045,-3.846,-3.951,-27.9,-27,-3.846,-3.701,-28.7,-28
3974085,-3.846,-4.052,-26.4,-26,-3.846,-3.680,-29.3,-29
3974125,-3.846,-4.064,-25.9,-25,-3.846,-3.532,-31.5,-31
3974165,-3.846,-4.159,-24.4,-24,-3.846,-3.772,-28.7,-28
3974205,-3.846,-4.147,-24.1,-24,-3.846,-3.838,-28.1,-28
3974245,-3.846,-4.048,-24.9,-24,-3.846,-3.835,-28.1,-28
3974285,-3.846,-4.128,-23.4,-23,-3.846,-3.715,-29.7,-29
3974325,-3.846,-4.101,-23.4,-23,-3.846,-3.761,-29.3,-29
3974365,-3.846,-4.185,-21.9,-21,-3.846,-3.757,-29.5,-29
3974405,-3.846,-4.158,-21.8,-21,-3.846,-3.676,-30.7,-30
3974445,-3.846,-4.084,-22.3,-22,-3.846,-3.703,-30.6,-30
3974485,-3.846,-4.126,-21.3,-21,-3.846,-3.744,-30.3,-30
3974525,-3.846,-4.101,-21.2,-21,-3.846,-3.851,-29.1,-29
3974565,-3.846,-4.150,-20.2,-20,-3.846,-3.805,-29.7,-29
3974605,-3.846,-4.075,-20.7,-20,-3.846,-3.763,-30.3,-30
3974645,-3.846,-4.064,-20.5,-20,-3.846,-3.793,-30.0,-29
3974685,-3.846,-3.976,-21.2,-21,-3.846,-3.662,-31.9,-31
3974725,-3.846,-3.978,-21.0,-21,-3.846,-3.589,-33.1,-33
3974765,-3.846,-3.905,-21.8,-21,-3.846,-3.606,-33.2,-33
3974805,-3.846,-3.919,-21.6,-21,-3.846,-3.767,-31.5,-31
3974845,-3.846,-3.924,-21.4,-21,-3.846,-3.778,-31.5,-31
3974885,-3.846,-4.014,-20.0,-20,-3.846,-3.653,-33.2,-33
3974925,-3.846,-3.918,-21.0,-20,-3.846,-3.658,-33.5,-33
3974965,-3.846,-3.892,-21.3,-21,-3.846,-3.633,-34.2,-34
3975005,-3.846,-3.762,-22.9,-22,-3.846,-3.533,-35.8,-35
3975045,-3.846,-3.888,-21.3,-21,-3.846,-3.719,-33.8,-33
3975085,-3.846,-3.954,-20.4,-20,-3.846,-3.793,-33.0,-32
3975125,-3.846,-4.020,-19.4,-19,-3.846,-3.877,-32.1,-32
3975165,-3.846,-3.834,-21.6,-21,-3.846,-3.633,-35.2,-35
3975205,-3.846,-3.970,-19.8,-19,-3.846,-3.748,-34.0,-33
3975245,-3.846,-4.042,-18.7,-18,-3.846,-3.836,-33.1,-33
3975285,-3.846,-3.939,-19.8,-19,-3.846,-3.853,-32.9,-32
3975325,-3.846,-4.098,-17.3,-17,-3.846,-3.777,-33.8,-33
3975365,-3.846,-4.125,-16.4,-16,-3.846,-3.943,-31.7,-31
3975405,-3.846,-4.168,-15.5,-15,-3.846,-3.920,-31.9,-31
3975445,-3.846,-4.031,-16.9,-16,-3.846,-3.899,-32.0,-32
3975485,-3.846,-3.963,-17.3,-17,-3.846,-3.883,-32.1,-32
3975525,-3.846,-4.263,-13.2,-13,-3.846,-4.107,-29.1,-29
3975565,-3.846,-4.183,-13.6,-13,-3.846,-4.010,-30.0,-30
3975605,-3.846,-4.070,-14.7,-14,-3.846,-3.774,-32.9,-32
3975645,-3.846,-3.867,-17.0,-16,-3.846,-3.772,-32.9,-32
3975685,-3.846,-3.967,-15.6,-15,-3.846,-3.843,-32.2,-32
3975725,-3.846,-3.965,-15.4,-15,-3.846,-3.715,-33.9,-33
3975765,-3.846,-3.989,-15.0,-14,-3.846,-3.858,-32.1,-32
3975805,-3.846,-3.837,-16.7,-16,-3.846,-3.991,-30.3,-30
3975845,-3.846,-3.833,-16.8,-16,-3.846,-3.910,-31.2,-31
3975885,-3.846,-3.753,-17.9,-17,-3.846,-3.708,-33.7,-33
3975925,-3.846,-3.849,-16.9,-16,-3.846,-3.771,-33.0,-33
3975965,-3.846,-3.797,-17.6,-17,-3.846,-3.771,-33.2,-33
3976005,-3.846,-3.877,-16.5,-16,-3.846,-3.863,-32.2,-32
3976045,-3.846,-3.895,-16.3,-16,-3.846,-3.792,-33.1,-33
3976085,-3.846,-3.836,-17.0,-17,-3.846,-3.803,-33.0,-32
3976125,-3.846,-3.731,-18.4,-18,-3.846,-3.826,-32.8,-32
3976165,-3.846,-3.749,-18.3,-18,-3.846,-3.809,-33.1,-33
3976205,-3.846,-3.811,-17.7,-17,-3.846,-3.777,-33.6,-33
3976245,-3.846,-3.778,-18.2,-18,-3.846,-3.758,-33.9,-33
3976285,-3.846,-3.723,-19.0,-19,-3.846,-3.802,-33.4,-33
3976325,-3.846,-3.632,-20.4,-20,-3.846,-3.695,-35.0,-34
3976365,-3.846,-3.690,-19.9,-19,-3.846,-3.647,-35.8,-35
3976405,-3.846,-3.711,-19.9,-19,-3.846,-3.673,-35.7,-35
3976445,-3.846,-3.683,-20.5,-20,-3.846,-3.837,-33.9,-33
3976485,-3.846,-3.777,-19.5,-19,-3.846,-3.826,-34.1,-34
3976525,-3.846,-3.762,-19.9,-19,-3.846,-3.702,-35.7,-35
3976565,-3.846,-3.627,-21.8,-21,-3.846,-3.716,-35.7,-35
3976605,-3.846,-3.603,-22.4,-22,-3.846,-3.728,-35.8,-35
3976645,-3.846,-3.728,-21.1,-21,-3.846,-3.747,-35.8,-35
3976685,-3.846,-3.864,-19.6,-19,-3.846,-3.706,-36.5,-36
3976725,-3.846,-3.684,-21.9,-21,-3.846,-3.909,-33.9,-33
3976765,-3.846,-3.756,-21.1,-21,-3.846,-4.018,-32.5,-32
3976805,-3.846,-3.767,-21.2,-21,-3.846,-3.979,-32.7,-32
3976845,-3.846,-3.723,-21.9,-21,-3.846,-3.799,-34.9,-34
3976885,-3.846,-3.697,-22.4,-22,-3.846,-3.977,-32.5,-32
3976925,-3.846,-3.907,-19.9,-19,-3.846,-3.939,-32.9,-32
3976965,-3.846,-3.628,-23.5,-23,-3.846,-3.935,-32.9,-32
3977005,-3.846,-3.652,-23.4,-23,-3.846,-3.714,-35.6,-35
3977045,-3.846,-3.724,-22.9,-22,-3.846,-3.886,-33.5,-33
3977085,-3.846,-3.542,-25.5,-25,-3.846,-3.882,-33.6,-33
3977125,-3.846,-3.829,-22.2,-22,-3.846,-4.007,-32.0,-31
3977165,-3.846,-3.894,-21.4,-21,-3.846,-4.023,-31.4,-31
3977205,-3.846,-3.824,-22.4,-22,-3.846,-4.141,-29.6,-29
3977245,-3.846,-3.640,-24.8,-24,-3.846,-3.989,-31.2,-31
3977285,-3.846,-3.703,-24.2,-24,-3.846,-3.777,-33.7,-33
3977325,-3.846,-3.726,-24.2,-24,-3.846,-3.930,-31.7,-31
3977365,-3.846,-3.606,-25.9,-25,-3.846,-3.980,-31.1,-31
3977405,-3.846,-3.737,-24.5,-24,-3.846,-3.952,-31.2,-31
3977445,-3.846,-3.653,-25.8,-25,-3.846,-3.877,-32.0,-31
3977485,-3.846,-3.712,-25.4,-25,-3.846,-4.019,-30.0,-30
3977525,-3.846,-3.669,-26.2,-26,-3.846,-4.011,-29.9,-29
3977565,-3.846,-3.808,-24.6,-24,-3.846,-4.050,-29.2,-29
3977605,-3.846,-3.852,-24.2,-24,-3.846,-3.954,-30.1,-30
3977645,-3.846,-3.697,-26.2,-26,-3.846,-3.929,-30.2,-30
3977685,-3.846,-3.661,-26.9,-26,-3.846,-3.787,-32.0,-31
3977725,-3.846,-3.659,-27.2,-27,-3.846,-3.788,-32.1,-32
3977765,-3.846,-3.805,-25.6,-25,-3.846,-3.792,-32.2,-32
3977805,-3.846,-3.784,-25.9,-25,-3.846,-3.882,-31.0,-31
3977845,-3.846,-3.763,-26.2,-26,-3.846,-3.925,-30.4,-30
3977885,-3.846,-3.758,-26.5,-26,-3.846,-3.960,-29.8,-29
3977925,-3.846,-3.675,-27.7,-27,-3.846,-3.842,-31.2,-31
3977965,-3.846,-3.729,-27.3,-27,-3.846,-3.809,-31.6,-31
3978005,-3.846,-3.796,-26.6,-26,-3.846,-3.850,-31.1,-31
3978045,-3.846,-3.889,-25.4,-25,-3.846,-3.939,-29.9,-29
3978085,-3.846,-3.862,-25.7,-25,-3.846,-3.911,-30.2,-30
3978125,-3.846,-3.815,-26.3,-26,-3.846,-3.804,-31.4,-31
3978165,-3.846,-3.746,-27.3,-27,-3.846,-3.907,-30.1,-30
3978205,-3.846,-3.825,-26.3,-26,-3.846,-3.922,-29.8,-29
3978245,-3.846,-3.911,-25.3,-25,-3.846,-4.044,-28.2,-28
3978285,-3.846,-3.809,-26.5,-26,-3.846,-3.916,-29.5,-29
3978325,-3.846,-3.720,-27.7,-27,-3.846,-3.818,-30.6,-30
3978365,-3.846,-3.785,-27.0,-26,-3.846,-3.896,-29.5,-29
3978405,-3.846,-3.818,-26.7,-26,-3.846,-3.941,-29.0,-28
3978445,-3.846,-3.695,-28.4,-28,-3.846,-3.763,-31.2,-31
3978485,-3.846,-3.905,-25.8,-25,-3.846,-3.845,-30.1,-30
3978525,-3.846,-3.991,-24.6,-24,-3.846,-4.112,-26.5,-26
3978565,-3.846,-3.820,-26.7,-26,-3.846,-4.155,-25.6,-25
3978605,-3.846,-3.907,-25.4,-25,-3.846,-4.140,-25.4,-25
3978645,-3.846,-4.050,-23.6,-23,-3.846,-3.957,-27.3,-27
3978685,-3.846,-3.901,-25.2,-25,-3.846,-4.096,-25.3,-25
3978725,-3.846,-3.690,-27.9,-27,-3.846,-4.111,-24.8,-24
3978765,-3.846,-3.886,-25.5,-25,-3.846,-3.881,-27.4,-27
3978805,-3.846,-3.818,-26.5,-26,-3.846,-3.906,-26.9,-26
3978845,-3.846,-3.675,-28.3,-28,-3.846,-3.996,-25.8,-25
3978885,-3.846,-3.691,-28.3,-28,-3.846,-4.112,-24.1,-24
3978925,-3.846,-3.883,-25.9,-25,-3.846,-3.928,-26.1,-26
3978965,-3.846,-3.941,-25.2,-25,-3.846,-4.097,-23.6,-23
3979005,-3.846,-3.766,-27.3,-27,-3.846,-3.991,-24.6,-24
3979045,-3.846,-3.818,-26.7,-26,-3.846,-3.916,-25.5,-25
3979085,-3.846,-3.696,-28.4,-28,-3.846,-3.726,-27.8,-27
3979125,-3.846,-3.731,-28.3,-28,-3.846,-3.826,-26.6,-26
3979165,-3.846,-3.652,-29.5,-29,-3.846,-3.844,-26.5,-26
3979205,-3.846,-3.766,-28.2,-28,-3.846,-3.921,-25.6,-25
3979245,-3.846,-3.808,-27.9,-27,-3.846,-3.832,-26.6,-26
3979285,-3.846,-3.703,-29.3,-29,-3.846,-3.843,-26.4,-26
3979325,-3.846,-3.773,-28.6,-28,-3.846,-3.882,-26.0,-25
3979365,-3.846,-3.807,-28.2,-28,-3.846,-3.941,-25.1,-25
3979405,-3.846,-3.886,-27.3,-27,-3.846,-3.876,-25.9,-25
3979445,-3.846,-3.815,-28.1,-28,-3.846,-3.834,-26.3,-26
3979485,-3.846,-3.765,-28.8,-28,-3.846,-3.867,-25.9,-25
3979525,-3.846,-3.735,-29.4,-29,-3.846,-3.759,-27.4,-27
3979565,-3.846,-3.770,-29.1,-29,-3.846,-3.798,-27.0,-27
3979605,-3.846,-3.798,-28.9,-28,-3.846,-3.817,-26.8,-26
3979645,-3.846,-3.842,-28.3,-28,-3.846,-3.923,-25.4,-25
3979685,-3.846,-3.899,-27.6,-27,-3.846,-3.909,-25.5,-25
3979725,-3.846,-3.817,-28.6,-28,-3.846,-3.908,-25.5,-25
3979765,-3.846,-3.781,-29.2,-29,-3.846,-3.758,-27.3,-27
3979805,-3.846,-3.737,-29.9,-29,-3.846,-3.830,-26.5,-26
3979845,-3.846,-3.794,-29.2,-29,-3.846,-3.904,-25.6,-25
3979885,-3.846,-3.845,-28.7,-28,-3.846,-3.750,-27.5,-27
3979925,-3.846,-3.803,-29.3,-29,-3.846,-3.702,-28.3,-28
3979965,-3.846,-3.688,-30.9,-30,-3.846,-3.856,-26.4,-26
3980005,-3.846,-3.831,-29.1,-29,-3.846,-3.955,-25.2,-25
3980045,-3.846,-3.909,-28.3,-28,-3.846,-3.774,-27.3,-27
3980085,-3.846,-3.758,-30.1,-30,-3.846,-3.794,-27.1,-27
3980125,-3.846,-3.895,-28.4,-28,-3.846,-3.941,-25.2,-25
3980165,-3.846,-3.864,-28.8,-28,-3.846,-3.930,-25.3,-25
3980205,-3.846,-3.648,-31.6,-31,-3.846,-3.704,-28.1,-28
3980245,-3.846,-3.702,-31.1,-31,-3.846,-3.843,-26.5,-26
3980285,-3.846,-3.890,-29.0,-28,-3.846,-3.798,-27.2,-27
3980325,-3.846,-3.668,-31.8,-31,-3.846,-3.817,-27.1,-27
3980365,-3.846,-3.828,-29.9,-29,-3.846,-3.851,-26.5,-26
3980405,-3.846,-3.911,-28.9,-28,-3.846,-4.012,-24.5,-24
3980445,-3.846,-3.891,-29.2,-29,-3.846,-3.914,-25.5,-25
3980485,-3.846,-3.732,-31.1,-31,-3.846,-3.747,-27.6,-27
3980525,0.000,-3.895,0.0,0,0.000,-3.896,0.0,0
3980565,0.000,-3.778,0.0,0,0.000,-3.850,0.0,0
3980605,0.000,-3.483,0.0,0,0.000,-3.524,0.0,0
3980645,0.000,-3.389,0.0,0,0.000,-3.473,0.0,0
3980685,0.000,-3.256,0.0,0,0.000,-3.298,0.0,0
3980725,0.000,-2.982,0.0,0,0.000,-3.034,0.0,0
3980765,0.000,-2.962,0.0,0,0.000,-3.020,0.0,0
3980805,0.000,-2.647,0.0,0,0.000,-2.700,0.0,0
3980845,0.000,-2.576,0.0,0,0.000,-2.607,0.0,0
3980885,0.000,-2.412,0.0,0,0.000,-2.460,0.0,0
3980925,0.000,-2.224,0.0,0,0.000,-2.273,0.0,0
3980965,0.000,-2.118,0.0,0,0.000,-2.169,0.0,0
3981005,0.000,-1.945,0.0,0,0.000,-1.980,0.0,0
3981045,0.000,-1.713,0.0,0,0.000,-1.771,0.0,0
3981085,0.000,-1.713,0.0,0,0.000,-1.771,0.0,0
3981125,0.000,-1.523,0.0,0,0.000,-1.562,0.0,0
3981165,0.000,-1.523,0.0,0,0.000,-1.562,0.0,0
3981205,0.000,-1.270,0.0,0,0.000,-1.311,0.0,0
3981245,0.000,-1.270,0.0,0,0.000,-1.311,0.0,0
3981285,0.000,-1.270,0.0,0,0.000,-1.311,0.0,0
3981325,0.000,-1.270,0.0,0,0.000,-1.311,0.0,0
3981365,0.000,-0.000,0.0,0,0.000,-0.000,0.0,0
3981405,0.000,-0.000,0.0,0,0.000,-0.000,0.0,0
3981445,0.000,-0.000,0.0,0,0.000,-0.000,0.0,0
3981485,0.000,-0.000,0.0,0,0.000,-0.000,0.0,0
3981525,0.000,-0.000,0.0,0,0.000,-0.000,0.0,0
3981565,0.000,-0.000,0.0,0,0.000,-0.000,0.0,0
3981605,0.000,-0.000,0.0,0,0.000,-0.000,0.0,0
3981645,0.000,-0.000,0.0,0,0.000,-0.000,0.0,0
3981685,0.000,-0.000,0.0,0,0.000,-0.000,0.0,0
3981725,0.000,-0.000,0.0,0,0.000,-0.000,0.0,0
3981765,0.000,-0.000,0.0,0,0.000,-0.000,0.0,0
3981805,0.000,-0.000,0.0,0,0.000,-0.000,0.0,0
3981845,0.000,-0.000,0.0,0,0.000,-0.000,0.0,0
3981885,0.000,-0.000,0.0,0,0.000,-0.000,0.0,0
3981925,0.000,-0.000,0.0,0,0.000,-0.000,0.0,0
3981965,0.000,-0.000,0.0,0,0.000,-0.000,0.0,0
3982005,0.000,-0.000,0.0,0,0.000,-0.000,0.0,0
3982045,0.000,-0.000,0.0,0,0.000,-0.000,0.0,0
3982085,0.000,-0.000,0.0,0,0.000,-0.000,0.0,0
3982125,0.000,-0.000,0.0,0,0.000,-0.000,0.0,0
3982165,0.000,-0.000,0.0,0,0.000,-0.000,0.0,0
3982205,0.000,-0.000,0.0,0,0.000,-0.000,0.0,0
3982245,0.000,-0.000,0.0,0,0.000,-0.000,0.0,0
3982285,0.000,-0.000,0.0,0,0.000,-0.000,0.0,0
3982325,0.000,-0.000,0.0,0,0.000,-0.000,0.0,0
3982365,0.000,-0.000,0.0,0,0.000,-0.000,0.0,0
3982405,0.000,-0.000,0.0,0,0.000,-0.000,0.0,0
3982445,0.000,-0.000,0.0,0,0.000,-0.000,0.0,0
3982485,0.000,-0.000,0.0,0,0.000,-0.000,0.0,0
3982525,0.000,-0.000,0.0,0,0.000,-0.000,0.0,0
3982565,0.000,-0.000,0.0,0,0.000,-0.000,0.0,0
3982605,0.000,-0.000,0.0,0,0.000,-0.000,0.0,0
3982645,0.000,-0.000,0.0,0,0.000,-0.000,0.0,0
3982685,0.000,-0.000,0.0,0,0.000,-0.000,0.0,0
3982725,0.000,-0.000,0.0,0,0.000,-0.000,0.0,0
3982765,0.000,-0.000,0.0,0,0.000,-0.000,0.0,0
3982805,0.000,-0.000,0.0,0,0.000,-0.000,0.0,0
3982845,0.000,-0.000,0.0,0,0.000,-0.000,0.0,0
3982885,0.000,-0.000,0.0,0,0.000,-0.000,0.0,0
3982925,0.000,-0.000,0.0,0,0.000,-0.000,0.0,0
3982965,0.000,-0.000,0.0,0,0.000,-0.000,0.0,0
3983005,0.000,-0.000,0.0,0,0.000,-0.000,0.0,0
3983045,0.000,-0.000,0.0,0,0.000,-0.000,0.0,0
3983085,0.000,-0.000,0.0,0,0.000,-0.000,0.0,0
3983125,0.000,-0.000,0.0,0,0.000,-0.000,0.0,0
3983165,0.000,-0.000,0.0,0,0.000,-0.000,0.0,0
3983205,0.000,-0.000,0.0,0,0.000,-0.000,0.0,0
3983245,0.000,-0.000,0.0,0,0.000,-0.000,0.0,0
3983285,0.000,-0.000,0.0,0,0.000,-0.000,0.0,0
3983325,0.000,-0.000,0.0,0,0.000,-0.000,0.0,0
3983365,0.000,-0.000,0.0,0,0.000,-0.000,0.0,0
3983405,0.000,-0.000,0.0,0,0.000,-0.000,0.0,0
3983445,0.000,-0.000,0.0,0,0.000,-0.000,0.0,0
3983485,0.000,-0.000,0.0,0,0.000,-0.000,0.0,0
3983525,0.000,-0.000,0.0,0,0.000,-0.000,0.0,0
3983565,0.000,-0.000,0.0,0,0.000,-0.000,0.0,0
3983605,0.000,-0.000,0.0,0,0.000,-0.000,0.0,0
3983645,0.000,-0.000,0.0,0,0.000,-0.000,0.0,0
3983685,0.000,-0.000,0.0,0,0.000,-0.000,0.0,0
3983725,0.000,-0.000,0.0,0,0.000,-0.000,0.0,0
3983765,0.000,-0.000,0.0,0,0.000,-0.000,0.0,0
3983805,0.000,-0.000,0.0,0,0.000,-0.000,0.0,0
3983845,0.000,-0.000,0.0,0,0.000,-0.000,0.0,0
3983885,0.000,-0.000,0.0,0,0.000,-0.000,0.0,0
3983925,0.000,-0.000,0.0,0,0.000,-0.000,0.0,0
3983965,0.000,-0.000,0.0,0,0.000,-0.000,0.0,0
3984005,0.000,-0.000,0.0,0,0.000,-0.000,0.0,0
3984045,0.000,-0.000,0.0,0,0.000,-0.000,0.0,0
3984085,0.000,-0.000,0.0,0,0.000,-0.000,0.0,0
3984125,0.000,-0.000,0.0,0,0.000,-0.000,0.0,0
3984165,0.000,-0.000,0.0,0,0.000,-0.000,0.0,0
3984205,0.000,-0.000,0.0,0,0.000,-0.000,0.0,0
3984245,0.000,-0.000,0.0,0,0.000,-0.000,0.0,0
3984285,0.000,-0.000,0.0,0,0.000,-0.000,0.0,0
3984325,0.000,-0.000,0.0,0,0.000,-0.000,0.0,0
3984365,0.000,-0.000,0.0,0,0.000,-0.000,0.0,0
3984405,0.000,-0.000,0.0,0,0.000,-0.000,0.0,0
3984445,0.000,-0.000,0.0,0,0.000,-0.000,0.0,0
3984485,0.000,-0.000,0.0,0,0.000,-0.000,0.0,0
3984525,0.000,-0.000,0.0,0,0.000,-0.000,0.0,0
3984565,0.000,-0.000,0.0,0,0.000,-0.000,0.0,0
3984605,0.000,-0.000,0.0,0,0.000,-0.000,0.0,0
3984645,0.000,-0.000,0.0,0,0.000,-0.000,0.0,0
3984685,0.000,-0.000,0.0,0,0.000,-0.000,0.0,0
3984725,0.000,-0.000,0.0,0,0.000,-0.000,0.0,0
3984765,0.000,-0.000,0.0,0,0.000,-0.000,0.0,0
3984805,0.000,-0.000,0.0,0,0.000,-0.000,0.0,0
3984845,0.000,-0.000,0.0,0,0.000,-0.000,0.0,0
3984885,0.000,-0.000,0.0,0,0.000,-0.000,0.0,0
3984925,0.000,-0.000,0.0,0,0.000,-0.000,0.0,0
3984965,0.000,-0.000,0.0,0,0.000,-0.000,0.0,0
3985005,3.846,-0.000,49.2,12,3.846,-0.000,49.2,12
3985045,3.846,0.000,55.4,36,3.846,0.000,55.4,36
3985085,3.846,0.006,61.5,60,3.846,0.006,61.5,60
3985125,3.846,0.545,60.7,60,3.846,0.799,57.5,57
3985165,3.846,1.286,56.5,56,3.846,3.118,31.6,31
3985205,3.846,2.344,46.6,46,3.846,3.308,30.0,30
3985245,3.846,3.063,39.4,39,3.846,3.436,29.2,29
3985285,3.846,3.639,33.0,33,3.846,3.561,28.3,28
3985325,3.846,4.267,25.1,25,3.846,3.793,25.6,25
3985365,3.846,4.646,19.5,19,3.846,3.975,23.2,23
3985405,3.846,4.508,20.1,20,3.846,4.216,19.9,19
3985445,3.846,4.134,24.0,24,3.846,3.846,24.2,24
3985485,3.846,3.879,26.8,26,3.846,3.482,28.9,28
3985525,3.846,4.032,24.8,24,3.846,3.418,30.4,30
3985565,3.846,4.225,22.0,22,3.846,3.317,32.5,32
3985605,3.846,4.281,20.8,20,3.846,3.496,30.8,30
3985645,3.846,4.239,20.7,20,3.846,3.619,29.9,29
3985685,3.846,4.167,20.8,20,3.846,3.363,33.6,33
3985725,3.846,4.203,20.0,19,3.846,3.417,33.6,33
3985765,3.846,4.278,18.6,18,3.846,3.401,34.6,34
3985805,3.846,4.092,20.4,20,3.846,3.383,35.4,35
3985845,3.846,4.148,19.1,19,3.846,3.629,32.9,32
3985885,3.846,4.363,15.8,15,3.846,3.506,35.0,34
3985925,3.846,4.231,16.8,16,3.846,3.469,35.9,35
3985965,3.846,4.110,17.9,17,3.846,3.642,34.2,34
3986005,3.846,4.260,15.4,15,3.846,3.571,35.6,35
3986045,3.846,4.325,13.7,13,3.846,3.649,34.8,34
3986085,3.846,4.371,12.4,12,3.846,3.605,35.6,35
3986125,3.846,4.373,11.5,11,3.846,3.764,34.0,33
3986165,3.846,4.238,12.5,12,3.846,3.612,36.2,36
3986205,3.846,4.173,12.8,12,3.846,3.685,35.5,35
3986245,3.846,4.217,11.7,11,3.846,3.911,32.8,32
3986285,3.846,4.247,10.6,10,3.846,3.921,32.7,32
3986325,3.846,4.298,9.3,9,3.846,3.787,34.3,34
3986365,3.846,4.165,10.3,10,3.846,3.694,35.6,35
3986405,3.846,4.107,10.6,10,3.846,3.752,35.1,35
3986445,3.846,4.124,10.0,9,3.846,3.803,34.6,34
3986485,3.846,4.147,9.2,9,3.846,3.911,33.2,33
3986525,3.846,4.184,8.2,8,3.846,3.865,33.7,33
3986565,3.846,4.063,9.2,9,3.846,3.885,33.4,33
3986605,3.846,4.000,9.8,9,3.846,3.776,34.8,34
3986645,3.846,3.875,11.2,11,3.846,3.677,36.2,36
3986685,3.846,3.973,9.8,9,3.846,3.749,35.5,35
3986725,3.846,4.004,9.1,9,3.846,3.827,34.6,34
3986765,3.846,4.115,7.4,7,3.846,3.842,34.5,34
3986805,3.846,4.015,8.3,8,3.846,3.769,35.5,35
3986845,3.846,3.897,9.7,9,3.846,3.750,35.8,35
3986885,3.846,3.911,9.3,9,3.846,3.796,35.4,35
3986925,3.846,4.112,6.6,6,3.846,3.814,35.3,35
3986965,3.846,4.158,5.6,5,3.846,3.799,35.6,35
3987005,3.846,4.008,7.2,7,3.846,3.767,36.0,35
3987045,3.846,3.842,9.0,8,3.846,3.835,35.2,35
3987085,3.846,4.061,6.1,6,3.846,3.730,36.7,36
3987125,3.846,4.076,5.6,5,3.846,3.802,35.8,35
3987165,3.846,3.929,7.3,7,3.846,3.816,35.6,35
3987205,3.846,3.996,6.1,6,3.846,3.994,33.3,33
3987245,3.846,3.917,6.9,6,3.846,3.772,36.1,36
3987285,3.846,4.031,5.4,5,3.846,3.791,35.8,35
3987325,3.846,3.760,8.7,8,3.846,3.733,36.7,36
3987365,3.846,3.913,6.8,6,3.846,3.805,36.0,36
3987405,3.846,3.880,7.2,7,3.846,3.700,37.4,37
3987445,3.846,3.778,8.5,8,3.846,3.840,35.8,35
3987485,3.846,3.782,8.4,8,3.846,3.740,37.2,37
3987525,3.846,3.900,7.0,7,3.846,3.642,38.6,38
3987565,3.846,3.717,9.4,9,3.846,3.728,37.7,37
3987605,3.846,3.791,8.6,8,3.846,3.869,36.2,36
3987645,3.846,3.829,8.1,8,3.846,3.756,37.7,37
3987685,3.846,3.883,7.4,7,3.846,3.753,37.7,37
3987725,3.846,3.762,9.0,9,3.846,3.874,36.4,36
3987765,3.846,3.670,10.3,10,3.846,3.641,39.4,39
3987805,3.846,3.775,9.2,9,3.846,3.754,38.2,38
3987845,3.846,3.888,7.8,7,3.846,3.865,36.7,36
3987885,3.846,4.004,6.3,6,3.846,4.067,34.1,34
3987925,3.846,4.025,5.7,5,3.846,4.020,34.4,34
3987965,3.846,3.949,6.4,6,3.846,3.886,35.9,35
3988005,3.846,3.932,6.5,6,3.846,3.854,36.2,36
3988045,3.846,3.949,6.2,6,3.846,3.961,34.8,34
3988085,3.846,3.971,5.7,5,3.846,3.957,34.7,34
3988125,3.846,3.912,6.3,6,3.846,3.937,34.9,34
3988165,3.846,3.910,6.2,6,3.846,3.864,35.6,35
3988205,3.846,3.922,6.0,5,3.846,3.923,34.8,34
3988245,3.846,3.901,6.2,6,3.846,3.889,35.2,35
3988285,3.846,3.859,6.7,6,3.846,3.942,34.5,34
3988325,3.846,3.886,6.2,6,3.846,3.912,34.7,34
3988365,3.846,3.973,5.0,5,3.846,3.992,33.5,33
3988405,3.846,3.926,5.5,5,3.846,3.900,34.5,34
3988445,3.846,3.777,7.4,7,3.846,3.905,34.4,34
3988485,3.846,3.775,7.4,7,3.846,3.866,34.8,34
3988525,3.846,3.947,5.3,5,3.846,3.960,33.5,33
3988565,3.846,3.906,5.7,5,3.846,3.938,33.5,33
3988605,3.846,3.800,7.1,7,3.846,3.999,32.6,32
3988645,3.846,3.644,9.1,9,3.846,3.823,34.7,34
3988685,3.846,3.863,6.6,6,3.846,3.788,35.2,35
3988725,3.846,3.736,8.4,8,3.846,3.718,36.1,36
3988765,3.846,3.640,9.7,9,3.846,3.933,33.5,33
3988805,3.846,3.850,7.3,7,3.846,3.791,35.3,35
3988845,3.846,3.735,8.9,8,3.846,3.814,35.0,34
3988885,3.846,3.563,11.4,11,3.846,3.809,35.0,35
3988925,3.846,3.761,9.1,9,3.846,3.988,32.8,32
3988985,3.846,3.856,8.1,8,3.846,4.013,32.4,32
3989025,3.846,3.772,9.3,9,3.846,3.982,32.5,32
3989065,3.846,3.832,8.5,8,3.846,3.912,33.1,33
3989105,3.846,3.809,8.7,8,3.846,4.133,30.1,30
3989145,3.846,3.954,6.9,6,3.846,4.065,30.6,30
3989185,3.846,3.778,9.1,9,3.846,3.926,32.2,32
3989225,3.846,3.735,9.7,9,3.846,3.904,32.2,32
3989265,3.846,3.816,8.9,8,3.846,4.055,30.2,30
3989305,3.846,3.813,9.0,9,3.846,4.107,29.3,29
3989345,3.846,3.737,10.1,10,3.846,3.888,31.9,31
3989385,3.846,3.672,11.1,11,3.846,3.871,31.9,31
3989425,3.846,3.725,10.7,10,3.846,4.009,30.1,30
3989465,3.846,3.655,11.8,11,3.846,4.000,30.0,30
3989505,3.846,3.572,13.2,13,3.846,3.822,32.2,32
3989545,3.846,3.624,13.0,12,3.846,3.796,32.5,32
3989585,3.846,3.601,13.7,13,3.846,3.860,31.7,31
3989625,3.846,3.570,14.4,14,3.846,3.834,32.1,32
3989665,3.846,3.600,14.5,14,3.846,3.873,31.7,31
3989705,3.846,3.691,13.6,13,3.846,3.871,31.6,31
3989745,3.846,3.745,13.2,13,3.846,3.977,30.1,30
3989785,3.846,3.682,14.2,14,3.846,3.940,30.5,30
3989825,3.846,3.674,14.5,14,3.846,3.899,30.9,30
3989865,3.846,3.663,14.9,14,3.846,3.803,32.1,32
3989905,3.846,3.546,16.8,16,3.846,3.817,31.9,31
3989945,3.846,3.545,17.2,17,3.846,3.821,32.0,31
3989985,3.846,3.645,16.4,16,3.846,3.864,31.5,31
3990025,3.846,3.619,17.1,17,3.846,3.822,32.0,32
3990065,3.846,3.533,18.6,18,3.846,3.847,31.7,31
3990105,3.846,3.510,19.4,19,3.846,3.892,31.1,31
3990145,3.846,3.649,18.1,18,3.846,3.834,31.9,31
3990185,3.846,3.538,19.9,19,3.846,3.773,32.8,32
3990225,3.846,3.532,20.4,20,3.846,3.763,32.9,32
3990265,3.846,3.627,19.7,19,3.846,3.863,31.7,31
3990305,3.846,3.493,21.9,21,3.846,3.734,33.5,33
3990345,3.846,3.379,23.9,23,3.846,3.685,34.2,34
3990385,3.846,3.626,21.4,21,3.846,3.665,34.6,34
3990425,3.846,3.606,22.1,22,3.846,3.958,31.1,31
3990465,3.846,3.608,22.4,22,3.846,3.869,32.1,32
3990505,3.846,3.861,19.5,19,3.846,3.976,30.5,30
3990545,3.846,3.628,22.6,22,3.846,3.923,31.0,30
3990585,3.846,3.716,21.6,21,3.846,3.940,30.7,30
3990625,3.846,3.620,23.0,23,3.846,3.801,32.4,32
3990665,3.846,3.655,23.0,23,3.846,3.951,30.5,30
3990705,3.846,3.643,23.4,23,3.846,4.051,29.1,29
3990745,3.846,3.877,20.7,20,3.846,3.966,29.9,29
3990785,3.846,3.746,22.4,22,3.846,3.973,29.5,29
3990825,3.846,3.746,22.4,22,3.846,3.881,30.4,30
3990865,3.846,3.669,23.5,23,3.846,4.038,28.3,28
3990905,3.846,3.736,23.0,22,3.846,3.824,30.9,30
3990945,3.846,3.634,24.6,24,3.846,3.853,30.4,30
3990985,3.846,3.629,24.9,24,3.846,3.762,31.5,31
3991025,3.846,3.690,24.5,24,3.846,3.932,29.5,29
3991065,3.846,3.646,25.4,25,3.846,3.803,31.1,31
3991105,3.846,3.658,25.5,25,3.846,3.862,30.3,30
3991145,3.846,3.773,24.2,24,3.846,3.852,30.3,30
3991185,3.846,3.758,24.6,24,3.846,3.970,28.8,28
3991225,3.846,3.723,25.2,25,3.846,3.856,30.1,30
3991265,3.846,3.661,26.2,26,3.846,3.818,30.5,30
3991305,3.846,3.718,25.7,25,3.846,3.796,30.8,30
3991345,3.846,3.754,25.5,25,3.846,3.933,29.1,29
3991385,3.846,3.728,26.0,25,3.846,3.932,29.0,29
3991425,3.846,3.708,26.4,26,3.846,3.871,29.7,29
3991465,3.846,3.680,26.9,26,3.846,3.796,30.6,30
3991505,3.846,3.682,27.2,27,3.846,3.794,30.6,30
3991545,3.846,3.595,28.7,28,3.846,3.814,30.5,30
3991585,3.846,3.657,28.2,28,3.846,3.784,30.9,30
3991625,3.846,3.786,26.8,26,3.846,3.863,30.0,29
3991665,3.846,3.689,28.2,28,3.846,3.836,30.3,30
3991705,3.846,3.674,28.6,28,3.846,3.874,29.8,29
3991745,3.846,3.680,28.8,28,3.846,3.830,30.4,30
3991785,3.846,3.825,27.2,27,3.846,3.867,29.9,29
3991825,3.846,3.767,28.0,28,3.846,3.862,29.8,29
3991865,3.846,3.744,28.3,28,3.846,3.991,28.1,28
3991905,3.846,3.788,27.9,27,3.846,3.835,30.0,30
3991945,3.846,3.693,29.4,29,3.846,3.782,30.6,30
3991985,3.846,3.672,29.9,29,3.846,3.764,30.9,30
3992025,3.846,3.693,29.7,29,3.846,4.051,27.3,27
3992065,3.846,3.998,25.9,25,3.846,3.897,29.0,28
3992105,3.846,3.882,27.4,27,3.846,3.947,28.1,28
3992145,3.846,3.725,29.3,29,3.846,3.934,28.0,28
3992185,3.846,3.636,30.6,30,3.846,3.920,28.2,28
3992225,3.846,3.861,28.1,28,3.846,3.790,29.8,29
3992265,3.846,3.663,30.7,30,3.846,3.951,27.7,27
3992305,3.846,3.805,28.9,28,3.846,3.969,27.4,27
3992345,3.846,3.749,29.8,29,3.846,3.805,29.4,29
3992385,3.846,3.646,31.3,31,3.846,3.783,29.6,29
3992425,3.846,3.690,30.9,30,3.846,3.989,27.0,27
3992465,3.846,3.966,27.6,27,3.846,4.118,25.2,25
3992505,3.846,3.856,28.9,28,3.846,3.959,27.0,26
3992545,3.846,3.855,28.8,28,3.846,3.953,26.7,26
3992585,3.846,3.862,28.7,28,3.846,3.969,26.3,26
3992625,3.846,3.825,29.3,29,3.846,3.919,26.9,26
3992665,0.000,3.718,0.0,0,0.000,3.758,0.0,0
3992705,0.000,3.661,0.0,0,0.000,3.752,0.0,0
3992745,0.000,3.610,0.0,0,0.000,3.722,0.0,0
3992785,0.000,3.353,0.0,0,0.000,3.423,0.0,0
3992825,0.000,3.286,0.0,0,0.000,3.198,0.0,0
3992865,0.000,3.065,0.0,0,0.000,3.114,0.0,0
3992905,0.000,2.830,0.0,0,0.000,2.929,0.0,0
3992945,0.000,2.757,0.0,0,0.000,2.844,0.0,0
3992985,0.000,2.618,0.0,0,0.000,2.539,0.0,0
3993025,0.000,2.293,0.0,0,0.000,2.397,0.0,0
3993065,0.000,2.148,0.0,0,0.000,2.251,0.0,0
3993105,0.000,1.963,0.0,0,0.000,2.061,0.0,0
3993145,0.000,1.963,0.0,0,0.000,1.904,0.0,0
3993185,0.000,1.787,0.0,0,0.000,1.688,0.0,0
3993225,0.000,1.537,0.0,0,0.000,1.688,0.0,0
3993265,0.000,1.537,0.0,0,0.000,1.395,0.0,0
3993305,0.000,1.537,0.0,0,0.000,1.395,0.0,0
3993345,0.000,1.240,0.0,0,0.000,1.395,0.0,0
3993385,0.000,1.240,0.0,0,0.000,1.395,0.0,0
3993425,0.000,1.240,0.0,0,0.000,0.000,0.0,0
3993465,0.000,1.240,0.0,0,0.000,0.000,0.0,0
3993505,0.000,0.000,0.0,0,0.000,0.000,0.0,0
3993545,0.000,0.000,0.0,0,0.000,0.000,0.0,0
3993585,0.000,0.000,0.0,0,0.000,0.000,0.0,0
3993625,0.000,0.000,0.0,0,0.000,0.000,0.0,0
3993665,0.000,0.000,0.0,0,0.000,0.000,0.0,0
3993705,0.000,0.000,0.0,0,0.000,0.000,0.0,0
3993745,0.000,0.000,0.0,0,0.000,0.000,0.0,0
3993785,0.000,0.000,0.0,0,0.000,0.000,0.0,0
3993825,0.000,0.000,0.0,0,0.000,0.000,0.0,0
3993865,0.000,0.000,0.0,0,0.000,0.000,0.0,0
3993905,0.000,0.000,0.0,0,0.000,0.000,0.0,0
3993945,0.000,0.000,0.0,0,0.000,0.000,0.0,0
3993985,0.000,0.000,0.0,0,0.000,0.000,0.0,0
3994025,0.000,0.000,0.0,0,0.000,0.000,0.0,0
3994065,0.000,0.000,0.0,0,0.000,0.000,0.0,0
3994105,0.000,0.000,0.0,0,0.000,0.000,0.0,0
3994145,0.000,0.000,0.0,0,0.000,0.000,0.0,0
3994185,0.000,0.000,0.0,0,0.000,0.000,0.0,0
3994225,0.000,0.000,0.0,0,0.000,0.000,0.0,0
3994265,0.000,0.000,0.0,0,0.000,0.000,0.0,0
3994305,0.000,0.000,0.0,0,0.000,0.000,0.0,0
3994345,0.000,0.000,0.0,0,0.000,0.000,0.0,0
3994385,0.000,0.000,0.0,0,0.000,0.000,0.0,0
3994425,0.000,0.000,0.0,0,0.000,0.000,0.0,0
3994465,0.000,0.000,0.0,0,0.000,0.000,0.0,0
3994505,0.000,0.000,0.0,0,0.000,0.000,0.0,0
3994545,0.000,0.000,0.0,0,0.000,0.000,0.0,0
3994585,0.000,0.000,0.0,0,0.000,0.000,0.0,0
3994625,0.000,0.000,0.0,0,0.000,0.000,0.0,0
3994665,0.000,0.000,0.0,0,0.000,0.000,0.0,0
3994705,0.000,0.000,0.0,0,0.000,0.000,0.0,0
3994745,0.000,0.000,0.0,0,0.000,0.000,0.0,0
3994785,0.000,0.000,0.0,0,0.000,0.000,0.0,0
3994825,0.000,0.000,0.0,0,0.000,0.000,0.0,0
3994865,0.000,0.000,0.0,0,0.000,0.000,0.0,0
3994905,0.000,0.000,0.0,0,0.000,0.000,0.0,0
3994945,0.000,0.000,0.0,0,0.000,0.000,0.0,0
3994985,0.000,0.000,0.0,0,0.000,0.000,0.0,0
3995025,0.000,0.000,0.0,0,0.000,0.000,0.0,0
3995065,0.000,0.000,0.0,0,0.000,0.000,0.0,0
3995105,0.000,0.000,0.0,0,0.000,0.000,0.0,0
3995145,0.000,0.000,0.0,0,0.000,0.000,0.0,0
3995185,0.000,0.000,0.0,0,0.000,0.000,0.0,0
3995225,0.000,0.000,0.0,0,0.000,0.000,0.0,0
3995265,0.000,0.000,0.0,0,0.000,0.000,0.0,0
3995305,0.000,0.000,0.0,0,0.000,0.000,0.0,0
3995345,0.000,0.000,0.0,0,0.000,0.000,0.0,0
3995385,0.000,0.000,0.0,0,0.000,0.000,0.0,0
3995425,0.000,0.000,0.0,0,0.000,0.000,0.0,0
3995465,0.000,0.000,0.0,0,0.000,0.000,0.0,0
3995505,0.000,0.000,0.0,0,0.000,0.000,0.0,0
3995545,0.000,0.000,0.0,0,0.000,0.000,0.0,0
3995585,0.000,0.000,0.0,0,0.000,0.000,0.0,0
3995625,0.000,0.000,0.0,0,0.000,0.000,0.0,0
3995665,0.000,0.000,0.0,0,0.000,0.000,0.0,0
3995705,0.000,0.000,0.0,0,0.000,0.000,0.0,0
3995745,0.000,0.000,0.0,0,0.000,0.000,0.0,0
3995785,0.000,0.000,0.0,0,0.000,0.000,0.0,0
3995825,0.000,0.000,0.0,0,0.000,0.000,0.0,0
3995865,0.000,0.000,0.0,0,0.000,0.000,0.0,0
3995905,0.000,0.000,0.0,0,0.000,0.000,0.0,0
3995945,0.000,0.000,0.0,0,0.000,0.000,0.0,0
3995985,0.000,0.000,0.0,0,0.000,0.000,0.0,0
3996025,0.000,0.000,0.0,0,0.000,0.000,0.0,0
3996065,0.000,0.000,0.0,0,0.000,0.000,0.0,0
3996105,0.000,0.000,0.0,0,0.000,0.000,0.0,0
3996145,0.000,0.000,0.0,0,0.000,0.000,0.0,0
3996185,0.000,0.000,0.0,0,0.000,0.000,0.0,0
3996225,0.000,0.000,0.0,0,0.000,0.000,0.0,0
3996265,0.000,0.000,0.0,0,0.000,0.000,0.0,0
3996305,0.000,0.000,0.0,0,0.000,0.000,0.0,0
3996345,0.000,0.000,0.0,0,0.000,0.000,0.0,0
3996385,0.000,0.000,0.0,0,0.000,0.000,0.0,0
3996425,0.000,0.000,0.0,0,0.000,0.000,0.0,0
3996465,0.000,0.000,0.0,0,0.000,0.000,0.0,0
3996505,0.000,0.000,0.0,0,0.000,0.000,0.0,0
3996545,0.000,0.000,0.0,0,0.000,0.000,0.0,0
3996585,0.000,0.000,0.0,0,0.000,0.000,0.0,0
3996625,0.000,0.000,0.0,0,0.000,0.000,0.0,0
3996665,0.000,0.000,0.0,0,0.000,0.000,0.0,0
3996705,0.000,0.000,0.0,0,0.000,0.000,0.0,0
3996745,0.000,0.000,0.0,0,0.000,0.000,0.0,0
3996785,0.000,0.000,0.0,0,0.000,0.000,0.0,0
3996825,0.000,0.000,0.0,0,0.000,0.000,0.0,0
3996865,0.000,0.000,0.0,0,0.000,0.000,0.0,0
3996905,0.000,0.000,0.0,0,0.000,0.000,0.0,0
3996945,0.000,0.000,0.0,0,0.000,0.000,0.0,0
3996985,0.000,0.000,0.0,0,0.000,0.000,0.0,0
3997025,0.000,0.000,0.0,0,0.000,0.000,0.0,0
3997065,0.000,0.000,0.0,0,0.000,0.000,0.0,0
3997105,0.000,0.000,0.0,0,0.000,0.000,0.0,0
3997145,0.000,0.000,0.0,0,0.000,0.000,0.0,0
3997185,0.000,0.000,0.0,0,0.000,0.000,0.0,0
3997225,0.000,0.000,0.0,0,0.000,0.000,0.0,0
3997265,0.000,0.000,0.0,0,0.000,0.000,0.0,0
3997305,0.000,0.000,0.0,0,0.000,0.000,0.0,0
3997345,0.000,0.000,0.0,0,0.000,0.000,0.0,0
3997385,0.000,0.000,0.0,0,0.000,0.000,0.0,0
3997425,0.000,0.000,0.0,0,0.000,0.000,0.0,0
3997465,0.000,0.000,0.0,0,0.000,0.000,0.0,0
3997505,0.000,0.000,0.0,0,0.000,0.000,0.0,0
3997545,0.000,0.000,0.0,0,0.000,0.000,0.0,0
3997585,0.000,0.000,0.0,0,0.000,0.000,0.0,0
3997625,0.000,0.000,0.0,0,0.000,0.000,0.0,0
3997665,0.000,0.000,0.0,0,0.000,0.000,0.0,0
3997705,0.000,0.000,0.0,0,0.000,0.000,0.0,0
3997745,0.000,0.000,0.0,0,0.000,0.000,0.0,0
3997785,0.000,0.000,0.0,0,0.000,0.000,0.0,0
3997825,0.000,0.000,0.0,0,0.000,0.000,0.0,0
3997865,0.000,0.000,0.0,0,0.000,0.000,0.0,0
3997905,0.000,0.000,0.0,0,0.000,0.000,0.0,0
3997945,0.000,0.000,0.0,0,0.000,0.000,0.0,0
3997985,0.000,0.000,0.0,0,0.000,0.000,0.0,0
3998025,0.000,0.000,0.0,0,0.000,0.000,0.0,0
3998065,0.000,0.000,0.0,0,0.000,0.000,0.0,0
3998105,0.000,0.000,0.0,0,0.000,0.000,0.0,0
3998145,0.000,0.000,0.0,0,0.000,0.000,0.0,0
3998185,0.000,0.000,0.0,0,0.000,0.000,0.0,0
3998225,0.000,0.000,0.0,0,0.000,0.000,0.0,0
3998265,0.000,0.000,0.0,0,0.000,0.000,0.0,0
3998305,0.000,0.000,0.0,0,0.000,0.000,0.0,0
3998345,0.000,0.000,0.0,0,0.000,0.000,0.0,0
3998385,0.000,0.000,0.0,0,0.000,0.000,0.0,0
3998425,0.000,0.000,0.0,0,0.000,0.000,0.0,0
3998465,0.000,0.000,0.0,0,0.000,0.000,0.0,0
3998505,0.000,0.000,0.0,0,0.000,0.000,0.0,0
3998545,0.000,0.000,0.0,0,0.000,0.000,0.0,0
3998585,0.000,0.000,0.0,0,0.000,0.000,0.0,0
3998625,0.000,0.000,0.0,0,0.000,0.000,0.0,0
3998665,0.000,0.000,0.0,0,0.000,0.000,0.0,0
3998705,0.000,0.000,0.0,0,0.000,0.000,0.0,0
3998745,0.000,0.000,0.0,0,0.000,0.000,0.0,0
3998785,0.000,0.000,0.0,0,0.000,0.000,0.0,0
3998825,0.000,0.000,0.0,0,0.000,0.000,0.0,0
3998865,0.000,0.000,0.0,0,0.000,0.000,0.0,0
3998905,0.000,0.000,0.0,0,0.000,0.000,0.0,0
3998945,0.000,0.000,0.0,0,0.000,0.000,0.0,0
3998985,0.000,0.000,0.0,0,0.000,0.000,0.0,0
3999025,0.000,0.000,0.0,0,0.000,0.000,0.0,0
3999065,0.000,0.000,0.0,0,0.000,0.000,0.0,0
3999105,0.000,0.000,0.0,0,0.000,0.000,0.0,0
3999145,0.000,0.000,0.0,0,0.000,0.000,0.0,0
3999185,0.000,0.000,0.0,0,0.000,0.000,0.0,0
3999225,0.000,0.000,0.0,0,0.000,0.000,0.0,0
3999265,0.000,0.000,0.0,0,0.000,0.000,0.0,0
3999305,0.000,0.000,0.0,0,0.000,0.000,0.0,0
3999345,0.000,0.000,0.0,0,0.000,0.000,0.0,0
3999385,0.000,0.000,0.0,0,0.000,0.000,0.0,0
3999425,0.000,0.000,0.0,0,0.000,0.000,0.0,0
3999465,0.000,0.000,0.0,0,0.000,0.000,0.0,0
3999505,0.000,0.000,0.0,0,0.000,0.000,0.0,0
3999545,0.000,0.000,0.0,0,0.000,0.000,0.0,0
3999585,0.000,0.000,0.0,0,0.000,0.000,0.0,0
3999625,0.000,0.000,0.0,0,0.000,0.000,0.0,0
3999665,0.000,0.000,0.0,0,0.000,0.000,0.0,0
3999705,0.000,0.000,0.0,0,0.000,0.000,0.0,0
3999745,0.000,0.000,0.0,0,0.000,0.000,0.0,0
3999785,0.000,0.000,0.0,0,0.000,0.000,0.0,0
3999825,0.000,0.000,0.0,0,0.000,0.000,0.0,0
3999865,0.000,0.000,0.0,0,0.000,0.000,0.0,0
3999905,0.000,0.000,0.0,0,0.000,0.000,0.0,0
3999945,0.000,0.000,0.0,0,0.000,0.000,0.0,0
3999985,0.000,0.000,0.0,0,0.000,0.000,0.0,0
4000025,0.000,0.000,0.0,0,0.000,0.000,0.0,0
4000065,0.000,0.000,0.0,0,0.000,0.000,0.0,0
4000105,0.000,0.000,0.0,0,0.000,0.000,0.0,0
4000145,0.000,0.000,0.0,0,0.000,0.000,0.0,0
4000185,0.000,0.000,0.0,0,0.000,0.000,0.0,0
4000225,0.000,0.000,0.0,0,0.000,0.000,0.0,0
4000265,0.000,0.000,0.0,0,0.000,0.000,0.0,0
4000305,0.000,0.000,0.0,0,0.000,0.000,0.0,0
4000345,0.000,0.000,0.0,0,0.000,0.000,0.0,0
4000385,0.000,0.000,0.0,0,0.000,0.000,0.0,0
4000425,0.000,0.000,0.0,0,0.000,0.000,0.0,0
4000465,0.000,0.000,0.0,0,0.000,0.000,0.0,0
4000505,0.000,0.000,0.0,0,0.000,0.000,0.0,0
4000545,0.000,0.000,0.0,0,0.000,0.000,0.0,0
4000585,0.000,0.000,0.0,0,0.000,0.000,0.0,0
4000625,0.000,0.000,0.0,0,0.000,0.000,0.0,0
4000665,0.000,0.000,0.0,0,0.000,0.000,0.0,0
4000705,0.000,0.000,0.0,0,0.000,0.000,0.0,0
4000745,0.000,0.000,0.0,0,0.000,0.000,0.0,0
4000785,0.000,0.000,0.0,0,0.000,0.000,0.0,0
4000825,0.000,0.000,0.0,0,0.000,0.000,0.0,0
4000865,0.000,0.000,0.0,0,0.000,0.000,0.0,0
4000905,0.000,0.000,0.0,0,0.000,0.000,0.0,0
4000945,0.000,0.000,0.0,0,0.000,0.000,0.0,0
4000985,0.000,0.000,0.0,0,0.000,0.000,0.0,0
4001025,0.000,0.000,0.0,0,0.000,0.000,0.0,0
4001065,0.000,0.000,0.0,0,0.000,0.000,0.0,0
4001105,0.000,0.000,0.0,0,0.000,0.000,0.0,0
4001145,0.000,0.000,0.0,0,0.000,0.000,0.0,0
4001185,0.000,0.000,0.0,0,0.000,0.000,0.0,0
4001225,0.000,0.000,0.0,0,0.000,0.000,0.0,0
4001265,0.000,0.000,0.0,0,0.000,0.000,0.0,0
4001305,0.000,0.000,0.0,0,0.000,0.000,0.0,0
4001345,0.000,0.000,0.0,0,0.000,0.000,0.0,0
4001385,0.000,0.000,0.0,0,0.000,0.000,0.0,0
4001425,0.000,0.000,0.0,0,0.000,0.000,0.0,0
4001465,0.000,0.000,0.0,0,0.000,0.000,0.0,0
4001505,0.000,0.000,0.0,0,0.000,0.000,0.0,0
4001545,0.000,0.000,0.0,0,0.000,0.000,0.0,0
4001585,0.000,0.000,0.0,0,0.000,0.000,0.0,0
4001625,0.000,0.000,0.0,0,0.000,0.000,0.0,0
4001665,0.000,0.000,0.0,0,0.000,0.000,0.0,0
4001705,0.000,0.000,0.0,0,0.000,0.000,0.0,0
4001745,0.000,0.000,0.0,0,0.000,0.000,0.0,0
4001785,0.000,0.000,0.0,0,0.000,0.000,0.0,0
4001825,0.000,0.000,0.0,0,0.000,0.000,0.0,0
4001865,0.000,0.000,0.0,0,0.000,0.000,0.0,0
4001905,0.000,0.000,0.0,0,0.000,0.000,0.0,0
4001945,0.000,0.000,0.0,0,0.000,0.000,0.0,0
4001985,0.000,0.000,0.0,0,0.000,0.000,0.0,0
4002025,0.000,0.000,0.0,0,0.000,0.000,0.0,0
4002065,0.000,0.000,0.0,0,0.000,0.000,0.0,0
4002105,0.000,0.000,0.0,0,0.000,0.000,0.0,0
4002145,0.000,0.000,0.0,0,0.000,0.000,0.0,0
4002185,0.000,0.000,0.0,0,0.000,0.000,0.0,0
4002225,0.000,0.000,0.0,0,0.000,0.000,0.0,0
4002265,0.000,0.000,0.0,0,0.000,0.000,0.0,0
4002305,0.000,0.000,0.0,0,0.000,0.000,0.0,0
4002345,0.000,0.000,0.0,0,0.000,0.000,0.0,0
4002385,0.000,0.000,0.0,0,0.000,0.000,0.0,0
4002425,0.000,0.000,0.0,0,0.000,0.000,0.0,0
4002465,0.000,0.000,0.0,0,0.000,0.000,0.0,0
4002505,0.000,0.000,0.0,0,0.000,0.000,0.0,0
4002545,0.000,0.000,0.0,0,0.000,0.000,0.0,0
4002585,0.000,0.000,0.0,0,0.000,0.000,0.0,0
4002625,0.000,0.000,0.0,0,0.000,0.000,0.0,0
4002665,0.000,0.000,0.0,0,0.000,0.000,0.0,0
4002705,0.000,0.000,0.0,0,0.000,0.000,0.0,0
4002745,0.000,0.000,0.0,0,0.000,0.000,0.0,0
4002785,0.000,0.000,0.0,0,0.000,0.000,0.0,0
4002825,0.000,0.000,0.0,0,0.000,0.000,0.0,0
4002865,0.000,0.000,0.0,0,0.000,0.000,0.0,0
4002905,0.000,0.000,0.0,0,0.000,0.000,0.0,0
4002945,0.000,0.000,0.0,0,0.000,0.000,0.0,0
4002985,0.000,0.000,0.0,0,0.000,0.000,0.0,0
4003025,0.000,0.000,0.0,0,0.000,0.000,0.0,0
4003065,0.000,0.000,0.0,0,0.000,0.000,0.0,0
4003105,0.000,0.000,0.0,0,0.000,0.000,0.0,0
4003145,0.000,0.000,0.0,0,0.000,0.000,0.0,0
4003185,0.000,0.000,0.0,0,0.000,0.000,0.0,0
4003225,0.000,0.000,0.0,0,0.000,0.000,0.0,0
4003265,0.000,0.000,0.0,0,0.000,0.000,0.0,0
4003305,0.000,0.000,0.0,0,0.000,0.000,0.0,0
4003345,0.000,0.000,0.0,0,0.000,0.000,0.0,0
4003385,0.000,0.000,0.0,0,0.000,0.000,0.0,0
4003425,0.000,0.000,0.0,0,0.000,0.000,0.0,0
4003465,0.000,0.000,0.0,0,0.000,0.000,0.0,0
4003505,0.000,0.000,0.0,0,0.000,0.000,0.0,0
4003545,0.000,0.000,0.0,0,0.000,0.000,0.0,0
4003585,0.000,0.000,0.0,0,0.000,0.000,0.0,0
4003625,0.000,0.000,0.0,0,0.000,0.000,0.0,0
4003665,0.000,0.000,0.0,0,0.000,0.000,0.0,0
4003705,0.000,0.000,0.0,0,0.000,0.000,0.0,0
4003745,0.000,0.000,0.0,0,0.000,0.000,0.0,0
4003785,0.000,0.000,0.0,0,0.000,0.000,0.0,0
4003825,0.000,0.000,0.0,0,0.000,0.000,0.0,0
4003865,0.000,0.000,0.0,0,0.000,0.000,0.0,0
4003905,0.000,0.000,0.0,0,0.000,0.000,0.0,0
4003945,0.000,0.000,0.0,0,0.000,0.000,0.0,0
4003985,0.000,0.000,0.0,0,0.000,0.000,0.0,0
4004025,0.000,0.000,0.0,0,0.000,0.000,0.0,0
4004065,0.000,0.000,0.0,0,0.000,0.000,0.0,0
4004105,0.000,0.000,0.0,0,0.000,0.000,0.0,0
4004145,0.000,0.000,0.0,0,0.000,0.000,0.0,0
4004185,0.000,0.000,0.0,0,0.000,0.000,0.0,0
4004225,0.000,0.000,0.0,0,0.000,0.000,0.0,0
4004265,0.000,0.000,0.0,0,0.000,0.000,0.0,0
4004305,0.000,0.000,0.0,0,0.000,0.000,0.0,0
4004345,0.000,0.000,0.0,0,0.000,0.000,0.0,0
4004385,0.000,0.000,0.0,0,0.000,0.000,0.0,0
4004425,0.000,0.000,0.0,0,0.000,0.000,0.0,0
4004465,0.000,0.000,0.0,0,0.000,0.000,0.0,0
4004505,0.000,0.000,0.0,0,0.000,0.000,0.0,0
4004545,0.000,0.000,0.0,0,0.000,0.000,0.0,0
4004585,0.000,0.000,0.0,0,0.000,0.000,0.0,0
4004625,0.000,0.000,0.0,0,0.000,0.000,0.0,0
4004665,0.000,0.000,0.0,0,0.000,0.000,0.0,0
4004705,0.000,0.000,0.0,0,0.000,0.000,0.0,0
4004745,0.000,0.000,0.0,0,0.000,0.000,0.0,0
4004785,0.000,0.000,0.0,0,0.000,0.000,0.0,0
4004825,0.000,0.000,0.0,0,0.000,0.000,0.0,0
4004865,0.000,0.000,0.0,0,0.000,0.000,0.0,0
4004905,0.000,0.000,0.0,0,0.000,0.000,0.0,0
4004945,0.000,0.000,0.0,0,0.000,0.000,0.0,0
4004985,0.000,0.000,0.0,0,0.000,0.000,0.0,0
4005025,0.000,0.000,0.0,0,0.000,0.000,0.0,0
4005065,0.000,0.000,0.0,0,0.000,0.000,0.0,0
4005105,0.000,0.000,0.0,0,0.000,0.000,0.0,0
4005145,0.000,0.000,0.0,0,0.000,0.000,0.0,0
4005185,0.000,0.000,0.0,0,0.000,0.000,0.0,0
4005225,0.000,0.000,0.0,0,0.000,0.000,0.0,0
4005265,0.000,0.000,0.0,0,0.000,0.000,0.0,0
4005305,0.000,0.000,0.0,0,0.000,0.000,0.0,0
4005345,0.000,0.000,0.0,0,0.000,0.000,0.0,0
4005385,0.000,0.000,0.0,0,0.000,0.000,0.0,0
4005425,0.000,0.000,0.0,0,0.000,0.000,0.0,0
4005465,0.000,0.000,0.0,0,0.000,0.000,0.0,0
4005505,0.000,0.000,0.0,0,0.000,0.000,0.0,0
4005545,0.000,0.000,0.0,0,0.000,0.000,0.0,0
4005585,0.000,0.000,0.0,0,0.000,0.000,0.0,0
4005625,0.000,0.000,0.0,0,0.000,0.000,0.0,0
4005665,0.000,0.000,0.0,0,0.000,0.000,0.0,0
4005705,0.000,0.000,0.0,0,0.000,0.000,0.0,0
4005745,0.000,0.000,0.0,0,0.000,0.000,0.0,0
4005785,0.000,0.000,0.0,0,0.000,0.000,0.0,0
4005825,0.000,0.000,0.0,0,0.000,0.000,0.0,0
4005865,0.000,0.000,0.0,0,0.000,0.000,0.0,0
4005905,0.000,0.000,0.0,0,0.000,0.000,0.0,0
4005945,0.000,0.000,0.0,0,0.000,0.000,0.0,0
4005985,0.000,0.000,0.0,0,0.000,0.000,0.0,0
4006025,0.000,0.000,0.0,0,0.000,0.000,0.0,0
4006065,0.000,0.000,0.0,0,0.000,0.000,0.0,0
4006105,0.000,0.000,0.0,0,0.000,0.000,0.0,0
4006145,0.000,0.000,0.0,0,0.000,0.000,0.0,0
4006185,0.000,0.000,0.0,0,0.000,0.000,0.0,0
4006225,0.000,0.000,0.0,0,0.000,0.000,0.0,0
4006265,0.000,0.000,0.0,0,0.000,0.000,0.0,0
4006305,0.000,0.000,0.0,0,0.000,0.000,0.0,0
4006345,0.000,0.000,0.0,0,0.000,0.000,0.0,0
4006385,0.000,0.000,0.0,0,0.000,0.000,0.0,0
4006425,0.000,0.000,0.0,0,0.000,0.000,0.0,0
4006465,0.000,0.000,0.0,0,0.000,0.000,0.0,0
4006505,0.000,0.000,0.0,0,0.000,0.000,0.0,0
4006545,0.000,0.000,0.0,0,0.000,0.000,0.0,0
4006585,0.000,0.000,0.0,0,0.000,0.000,0.0,0
4006625,0.000,0.000,0.0,0,0.000,0.000,0.0,0
4006665,0.000,0.000,0.0,0,0.000,0.000,0.0,0
4006705,0.000,0.000,0.0,0,0.000,0.000,0.0,0
4006745,0.000,0.000,0.0,0,0.000,0.000,0.0,0
4006785,0.000,0.000,0.0,0,0.000,0.000,0.0,0
4006825,0.000,0.000,0.0,0,0.000,0.000,0.0,0
4006865,0.000,0.000,0.0,0,0.000,0.000,0.0,0
4006905,0.000,0.000,0.0,0,0.000,0.000,0.0,0
4006945,0.000,0.000,0.0,0,0.000,0.000,0.0,0
4006985,0.000,0.000,0.0,0,0.000,0.000,0.0,0
4007025,0.000,0.000,0.0,0,0.000,0.000,0.0,0
4007065,0.000,0.000,0.0,0,0.000,0.000,0.0,0
4007105,0.000,0.000,0.0,0,0.000,0.000,0.0,0
4007145,0.000,0.000,0.0,0,0.000,0.000,0.0,0
4007185,0.000,0.000,0.0,0,0.000,0.000,0.0,0
4007225,0.000,0.000,0.0,0,0.000,0.000,0.0,0
4007265,0.000,0.000,0.0,0,0.000,0.000,0.0,0
4007305,0.000,0.000,0.0,0,0.000,0.000,0.0,0
4007345,0.000,0.000,0.0,0,0.000,0.000,0.0,0
4007385,0.000,0.000,0.0,0,0.000,0.000,0.0,0
4007425,0.000,0.000,0.0,0,0.000,0.000,0.0,0
4007465,0.000,0.000,0.0,0,0.000,0.000,0.0,0
4007505,0.000,0.000,0.0,0,0.000,0.000,0.0,0
4007545,0.000,0.000,0.0,0,0.000,0.000,0.0,0
4007585,0.000,0.000,0.0,0,0.000,0.000,0.0,0
4007625,0.000,0.000,0.0,0,0.000,0.000,0.0,0
4007665,0.000,0.000,0.0,0,0.000,0.000,0.0,0
4007705,0.000,0.000,0.0,0,0.000,0.000,0.0,0
4007745,0.000,0.000,0.0,0,0.000,0.000,0.0,0
4007785,0.000,0.000,0.0,0,0.000,0.000,0.0,0
4007825,0.000,0.000,0.0,0,0.000,0.000,0.0,0
4007865,0.000,0.000,0.0,0,0.000,0.000,0.0,0
4007905,0.000,0.000,0.0,0,0.000,0.000,0.0,0
4007945,0.000,0.000,0.0,0,0.000,0.000,0.0,0
4007985,0.000,0.000,0.0,0,0.000,0.000,0.0,0
4008025,0.000,0.000,0.0,0,0.000,0.000,0.0,0
4008065,0.000,0.000,0.0,0,0.000,0.000,0.0,0
4008105,0.000,0.000,0.0,0,0.000,0.000,0.0,0
4008145,0.000,0.000,0.0,0,0.000,0.000,0.0,0
4008185,0.000,0.000,0.0,0,0.000,0.000,0.0,0
4008225,0.000,0.000,0.0,0,0.000,0.000,0.0,0
4008265,0.000,0.000,0.0,0,0.000,0.000,0.0,0
4008305,0.000,0.000,0.0,0,0.000,0.000,0.0,0
4008345,0.000,0.000,0.0,0,0.000,0.000,0.0,0
4008385,0.000,0.000,0.0,0,0.000,0.000,0.0,0
4008425,0.000,0.000,0.0,0,0.000,0.000,0.0,0
4008465,0.000,0.000,0.0,0,0.000,0.000,0.0,0
4008505,0.000,0.000,0.0,0,0.000,0.000,0.0,0
4008545,0.000,0.000,0.0,0,0.000,0.000,0.0,0
4008585,0.000,0.000,0.0,0,0.000,0.000,0.0,0
4008625,0.000,0.000,0.0,0,0.000,0.000,0.0,0
4008665,0.000,0.000,0.0,0,0.000,0.000,0.0,0
4008705,0.000,0.000,0.0,0,0.000,0.000,0.0,0
4008745,0.000,0.000,0.0,0,0.000,0.000,0.0,0
4008785,0.000,0.000,0.0,0,0.000,0.000,0.0,0
4008825,0.000,0.000,0.0,0,0.000,0.000,0.0,0
4008865,0.000,0.000,0.0,0,0.000,0.000,0.0,0
4008905,0.000,0.000,0.0,0,0.000,0.000,0.0,0
4008945,0.000,0.000,0.0,0,0.000,0.000,0.0,0
4008985,0.000,0.000,0.0,0,0.000,0.000,0.0,0
4009025,0.000,0.000,0.0,0,0.000,0.000,0.0,0
4009065,0.000,0.000,0.0,0,0.000,0.000,0.0,0
4009105,0.000,0.000,0.0,0,0.000,0.000,0.0,0
4009145,0.000,0.000,0.0,0,0.000,0.000,0.0,0
4009185,0.000,0.000,0.0,0,0.000,0.000,0.0,0
4009225,0.000,0.000,0.0,0,0.000,0.000,0.0,0
4009265,0.000,0.000,0.0,0,0.000,0.000,0.0,0
4009305,0.000,0.000,0.0,0,0.000,0.000,0.0,0
4009345,0.000,0.000,0.0,0,0.000,0.000,0.0,0
4009385,0.000,0.000,0.0,0,0.000,0.000,0.0,0
4009425,0.000,0.000,0.0,0,0.000,0.000,0.0,0
4009465,0.000,0.000,0.0,0,0.000,0.000,0.0,0
4009505,0.000,0.000,0.0,0,0.000,0.000,0.0,0
4009545,0.000,0.000,0.0,0,0.000,0.000,0.0,0
4009585,-2.564,-0.000,-34.9,-24,-2.564,-0.000,-34.9,-24
4009625,-2.564,-0.001,-39.0,-38,-2.564,-0.000,-39.0,-38
4009665,-2.564,-0.001,-43.1,-43,-2.564,-0.001,-43.1,-43
4009705,-2.564,-0.291,-43.2,-43,-2.564,-0.529,-40.4,-40
4009745,-2.564,-1.480,-31.2,-31,-2.564,-1.158,-35.1,-35
4009785,-2.564,-2.268,-22.5,-22,-2.564,-2.065,-25.3,-25
4009825,-2.564,-2.572,-19.1,-19,-2.564,-2.696,-17.7,-17
4009865,-2.564,-2.896,-14.8,-14,-2.564,-3.022,-13.3,-13
4009905,-2.564,-3.069,-11.9,-11,-2.564,-3.200,-10.1,-10
4009945,-2.564,-3.128,-10.3,-10,-2.564,-3.281,-8.0,-7
4009985,-2.564,-3.006,-11.1,-11,-2.564,-3.152,-8.6,-8
4010025,-2.564,-2.814,-12.9,-12,-2.564,-2.939,-10.4,-10
4010065,-2.564,-2.655,-14.6,-14,-2.564,-2.712,-12.9,-12
4010105,-2.564,-2.601,-15.2,-15,-2.564,-2.539,-15.0,-14
4010145,-2.564,-2.544,-15.9,-15,-2.564,-2.435,-16.3,-16
4010185,-2.564,-2.492,-16.6,-16,-2.564,-2.485,-15.8,-15
4010225,-2.564,-2.344,-18.6,-18,-2.564,-2.239,-19.2,-19
4010265,-2.564,-2.303,-19.5,-19,-2.564,-2.220,-20.0,-19
4010305,-2.564,-2.237,-20.8,-20,-2.564,-2.132,-21.6,-21
4010345,-2.564,-2.330,-20.2,-20,-2.564,-2.040,-23.5,-23
4010385,-2.564,-2.346,-20.4,-20,-2.564,-2.183,-22.4,-22
4010425,-2.564,-2.390,-20.2,-20,-2.564,-2.115,-23.9,-23
4010465,-2.564,-2.325,-21.3,-21,-2.564,-2.187,-23.7,-23
4010505,-2.564,-2.225,-22.9,-22,-2.564,-2.098,-25.4,-25
4010545,-2.564,-2.369,-21.6,-21,-2.564,-1.993,-27.5,-27
4010585,-2.564,-2.390,-21.6,-21,-2.564,-2.118,-26.7,-26
4010625,-2.564,-2.750,-17.1,-17,-2.564,-2.107,-27.6,-27
4010665,-2.564,-2.729,-17.1,-17,-2.564,-2.267,-26.2,-26
4010705,-2.564,-2.910,-14.4,-14,-2.564,-2.304,-26.2,-26
4010745,-2.564,-2.745,-16.0,-16,-2.564,-2.373,-25.8,-25
4010785,-2.564,-2.911,-13.5,-13,-2.564,-2.370,-26.1,-26
4010825,-2.564,-2.726,-15.4,-15,-2.564,-2.476,-25.1,-25
4010865,-2.564,-2.887,-13.0,-12,-2.564,-2.556,-24.2,-24
4010905,-2.564,-2.637,-15.7,-15,-2.564,-2.547,-24.4,-24
4010945,-2.564,-2.723,-14.5,-14,-2.564,-2.567,-24.2,-24
4010985,-2.564,-2.506,-17.0,-17,-2.564,-2.458,-25.7,-25
4011025,-2.564,-2.610,-15.7,-15,-2.564,-2.541,-24.8,-24
4011065,-2.564,-2.586,-15.9,-15,-2.564,-2.485,-25.6,-25
4011105,-2.564,-2.797,-13.0,-13,-2.564,-2.648,-23.6,-23
4011145,-2.564,-2.642,-14.7,-14,-2.564,-2.592,-24.2,-24
4011185,-2.564,-2.723,-13.4,-13,-2.564,-2.626,-23.8,-23
4011225,-2.564,-2.571,-15.1,-15,-2.564,-2.549,-24.8,-24
4011265,-2.564,-2.651,-14.0,-14,-2.564,-2.619,-23.9,-23
4011305,-2.564,-2.605,-14.5,-14,-2.564,-2.611,-24.0,-23
4011345,-2.564,-2.713,-12.9,-12,-2.564,-2.623,-23.8,-23
4011385,-2.564,-2.613,-14.0,-13,-2.564,-2.584,-24.2,-24
4011425,-2.564,-2.628,-13.6,-13,-2.564,-2.491,-25.5,-25
4011465,-2.564,-2.530,-14.8,-14,-2.564,-2.454,-26.1,-26
4011505,-2.564,-2.610,-13.8,-13,-2.564,-2.383,-27.2,-27
4011545,-2.564,-2.568,-14.2,-14,-2.564,-2.524,-25.6,-25
4011585,-2.564,-2.682,-12.7,-12,-2.564,-2.478,-26.3,-26
4011625,-2.564,-2.620,-13.3,-13,-2.564,-2.564,-25.3,-25
4011665,-2.564,-2.653,-12.8,-12,-2.564,-2.481,-26.4,-26
4011705,-2.564,-2.591,-13.5,-13,-2.564,-2.523,-26.0,-25
4011745,-2.564,-2.681,-12.2,-12,-2.564,-2.490,-26.5,-26
4011785,-2.564,-2.772,-10.8,-10,-2.564,-2.601,-25.1,-25
4011825,-2.564,-2.769,-10.5,-10,-2.564,-2.607,-24.9,-24
4011865,-2.564,-2.798,-9.9,-9,-2.564,-2.628,-24.5,-24
4011905,-2.564,-2.733,-10.4,-10,-2.564,-2.590,-25.0,-24
4011945,-2.564,-2.670,-11.0,-10,-2.564,-2.481,-26.3,-26
4011985,-2.564,-2.626,-11.4,-11,-2.564,-2.469,-26.6,-26
4012025,-2.564,-2.669,-10.8,-10,-2.564,-2.480,-26.6,-26
4012065,-2.564,-2.653,-10.8,-10,-2.564,-2.495,-26.6,-26
4012105,-2.564,-2.701,-10.1,-10,-2.564,-2.553,-25.9,-25
4012145,-2.564,-2.653,-10.5,-10,-2.564,-2.518,-26.4,-26
4012185,-2.564,-2.680,-10.0,-10,-2.564,-2.552,-26.0,-25
4012225,-2.564,-2.686,-9.8,-9,-2.564,-2.549,-26.1,-26
4012265,-2.564,-2.753,-8.7,-8,-2.564,-2.617,-25.2,-25
4012305,-2.564,-2.756,-8.4,-8,-2.564,-2.633,-24.9,-24
4012345,-2.564,-2.790,-7.6,-7,-2.564,-2.660,-24.5,-24
4012385,-2.564,-2.741,-7.9,-7,-2.564,-2.588,-25.3,-25
4012425,-2.564,-2.628,-9.1,-9,-2.564,-2.578,-25.4,-25
4012465,-2.564,-2.654,-8.7,-8,-2.564,-2.514,-26.2,-26
4012505,-2.564,-2.603,-9.2,-9,-2.564,-2.497,-26.5,-26
4012545,-2.564,-2.650,-8.5,-8,-2.564,-2.493,-26.7,-26
4012585,-2.564,-2.569,-9.5,-9,-2.564,-2.471,-27.1,-27
4012625,-2.564,-2.630,-8.7,-8,-2.564,-2.408,-28.1,-28
4012665,-2.564,-2.544,-9.7,-9,-2.564,-2.456,-27.7,-27
4012705,-2.564,-2.639,-8.5,-8,-2.564,-2.407,-28.6,-28
4012745,-2.564,-2.597,-8.9,-8,-2.564,-2.541,-27.0,-27
4012785,-2.564,-2.724,-7.2,-7,-2.564,-2.497,-27.6,-27
4012825,-2.564,-2.611,-8.5,-8,-2.564,-2.578,-26.6,-26
4012865,-2.564,-2.710,-7.0,-7,-2.564,-2.474,-27.9,-27
4012905,-2.564,-2.557,-8.8,-8,-2.564,-2.506,-27.6,-27
4012945,-2.564,-2.648,-7.6,-7,-2.564,-2.394,-29.1,-29
4012985,-2.564,-2.512,-9.2,-9,-2.564,-2.508,-27.8,-27
4013025,-2.564,-2.559,-8.7,-8,-2.564,-2.371,-29.7,-29
4013065,-2.564,-2.497,-9.5,-9,-2.564,-2.489,-28.4,-28
4013105,-2.564,-2.470,-9.9,-9,-2.564,-2.359,-30.2,-30
4013145,-2.564,-2.550,-8.9,-8,-2.564,-2.474,-29.1,-29
4013185,-2.564,-2.521,-9.3,-9,-2.564,-2.484,-29.1,-29
4013225,-2.564,-2.644,-7.6,-7,-2.564,-2.552,-28.4,-28
4013265,-2.564,-2.588,-8.2,-8,-2.564,-2.567,-28.2,-28
4013305,-2.564,-2.711,-6.5,-6,-2.564,-2.620,-27.6,-27
4013345,-2.564,-2.605,-7.6,-7,-2.564,-2.651,-27.1,-27
4013385,-2.564,-2.766,-5.4,-5,-2.564,-2.608,-27.6,-27
4013425,-2.564,-2.626,-7.0,-6,-2.564,-2.655,-26.9,-26
4013465,-2.564,-2.766,-5.0,-4,-2.564,-2.561,-28.0,-28
4013505,-2.564,-2.589,-7.1,-7,-2.564,-2.609,-27.3,-27
4013545,-2.564,-2.664,-6.0,-6,-2.564,-2.447,-29.5,-29
4013585,-2.564,-2.525,-7.7,-7,-2.564,-2.539,-28.4,-28
4013625,-2.564,-2.597,-6.8,-6,-2.564,-2.425,-29.9,-29
4013665,-2.564,-2.529,-7.7,-7,-2.564,-2.534,-28.8,-28
4013705,-2.564,-2.612,-6.6,-6,-2.564,-2.471,-29.7,-29
4013745,-2.564,-2.533,-7.6,-7,-2.564,-2.538,-29.0,-29
4013785,-2.564,-2.652,-6.0,-6,-2.564,-2.531,-29.2,-29
4013825,-2.564,-2.582,-6.8,-6,-2.564,-2.596,-28.4,-28
4013865,-2.564,-2.676,-5.5,-5,-2.564,-2.599,-28.3,-28
4013905,-2.564,-2.728,-4.7,-4,-2.564,-2.638,-27.9,-27
4013945,-2.564,-2.721,-4.6,-4,-2.564,-2.632,-27.8,-27
4013985,-2.564,-2.724,-4.3,-4,-2.564,-2.612,-28.0,-28
4014025,-2.564,-2.696,-4.4,-4,-2.564,-2.569,-28.5,-28
4014065,-2.564,-2.683,-4.4,-4,-2.564,-2.532,-29.1,-29
4014105,-2.564,-2.642,-4.8,-4,-2.564,-2.513,-29.4,-29
4014145,-2.564,-2.665,-4.4,-4,-2.564,-2.527,-29.3,-29
4014185,-2.564,-2.648,-4.4,-4,-2.564,-2.544,-29.2,-29
4014225,-2.564,-2.706,-3.6,-3,-2.564,-2.580,-28.8,-28
4014265,-2.564,-2.673,-3.8,-3,-2.564,-2.537,-29.3,-29
4014305,-2.564,-2.690,-3.4,-3,-2.564,-2.571,-28.9,-28
4014345,-2.564,-2.666,-3.6,-3,-2.564,-2.538,-29.3,-29
4014385,-2.564,-2.717,-2.8,-2,-2.564,-2.537,-29.4,-29
4014425,-2.564,-2.683,-3.0,-2,-2.564,-2.548,-29.3,-29
4014465,-2.564,-2.728,-2.2,-2,-2.564,-2.557,-29.2,-29
4014505,-2.564,-2.645,-3.0,-3,-2.564,-2.523,-29.6,-29
4014545,-2.564,-2.637,-3.0,-3,-2.564,-2.472,-30.4,-30
4014585,-2.564,-2.562,-3.9,-3,-2.564,-2.425,-31.1,-31
4014625,-2.564,-2.607,-3.3,-3,-2.564,-2.454,-30.9,-30
4014665,-2.564,-2.632,-3.0,-2,-2.564,-2.481,-30.7,-30
4014705,-2.564,-2.684,-2.2,-2,-2.564,-2.519,-30.4,-30
4014745,-2.564,-2.673,-2.2,-2,-2.564,-2.555,-29.9,-29
4014785,-2.564,-2.681,-1.9,-1,-2.564,-2.517,-30.5,-30
4014825,-2.564,-2.719,-1.3,-1,-2.564,-2.580,-29.7,-29
4014865,-2.564,-2.777,-0.2,0,-2.564,-2.658,-28.7,-28
4014905,-2.564,-2.873,0.0,0,-2.564,-2.694,-28.0,-28
4014945,-2.564,-2.821,0.0,0,-2.564,-2.743,-27.2,-27
4014985,-2.564,-2.866,0.0,0,-2.564,-2.656,-28.0,-28
4015025,-2.564,-2.776,0.0,0,-2.564,-2.694,-27.3,-27
4015065,-2.564,-2.810,0.0,0,-2.564,-2.601,-28.3,-28
4015105,-2.564,-2.753,0.0,0,-2.564,-2.688,-27.1,-27
4015145,-2.564,-2.811,0.0,0,-2.564,-2.602,-28.0,-28
4015185,-2.564,-2.789,0.0,0,-2.564,-2.689,-26.8,-26
4015225,-2.564,-2.715,-0.1,0,-2.564,-2.521,-28.8,-28
4015265,-2.564,-2.696,-0.2,0,-2.564,-2.607,-27.7,-27
4015305,-2.564,-2.677,-0.2,0,-2.564,-2.501,-29.0,-29
4015345,-2.564,-2.626,-0.8,0,-2.564,-2.635,-27.3,-27
4015385,-2.564,-2.654,-0.3,0,-2.564,-2.520,-28.7,-28
4015425,-2.564,-2.543,-1.7,-1,-2.564,-2.663,-26.8,-26
4015465,-2.564,-2.651,-0.4,0,-2.564,-2.487,-28.9,-28
4015505,-2.564,-2.533,-1.8,-1,-2.564,-2.612,-27.4,-27
4015545,-2.564,-2.647,-0.5,0,-2.564,-2.485,-28.9,-28
4015585,-2.564,-2.553,-1.6,-1,-2.564,-2.584,-27.8,-27
4015625,-2.564,-2.551,-1.7,-1,-2.564,-2.559,-28.1,-28
4015665,-2.564,-2.473,-2.7,-2,-2.564,-2.519,-28.7,-28
4015705,-2.564,-2.431,-3.5,-3,-2.564,-2.473,-29.4,-29
4015745,-2.564,-2.486,-3.0,-3,-2.564,-2.502,-29.3,-29
4015785,-2.564,-2.386,-4.5,-4,-2.564,-2.545,-28.8,-28
4015825,-2.564,-2.560,-2.5,-2,-2.564,-2.530,-29.1,-29
4015865,-2.564,-2.415,-4.3,-4,-2.564,-2.594,-28.3,-28
4015905,-2.564,-2.533,-3.0,-2,-2.564,-2.552,-28.8,-28
4015945,-2.564,-2.435,-4.3,-4,-2.564,-2.676,-27.1,-27
4015985,-2.564,-2.565,-2.7,-2,-2.564,-2.593,-28.1,-28
4016025,-2.564,-2.509,-3.4,-3,-2.564,-2.711,-26.4,-26
4016065,-2.564,-2.558,-2.8,-2,-2.564,-2.573,-28.0,-28
4016105,-2.564,-2.458,-4.1,-4,-2.564,-2.663,-26.8,-26
4016145,-2.564,-2.532,-3.3,-3,-2.564,-2.503,-28.7,-28
4016185,-2.564,-2.417,-4.8,-4,-2.564,-2.623,-27.2,-27
4016225,-2.564,-2.499,-4.0,-3,-2.564,-2.499,-28.7,-28
4016265,-2.564,-2.441,-4.8,-4,-2.564,-2.612,-27.4,-27
4016305,-2.564,-2.518,-4.0,-4,-2.564,-2.490,-28.9,-28
4016345,-2.564,-2.441,-5.1,-5,-2.564,-2.605,-27.5,-27
4016385,-2.564,-2.502,-4.5,-4,-2.564,-2.517,-28.6,-28
4016425,-2.564,-2.508,-4.5,-4,-2.564,-2.610,-27.5,-27
4016465,-2.564,-2.589,-3.6,-3,-2.564,-2.594,-27.6,-27
4016505,-2.564,-2.581,-3.7,-3,-2.564,-2.721,-25.8,-25
4016545,-2.564,-2.643,-2.9,-2,-2.564,-2.681,-26.1,-26
4016585,-2.564,-2.591,-3.4,-3,-2.564,-2.732,-25.2,-25
4016625,-2.564,-2.657,-2.5,-2,-2.564,-2.678,-25.6,-25
4016665,-2.564,-2.623,-2.8,-2,-2.564,-2.704,-25.0,-25
4016705,-2.564,-2.657,-2.3,-2,-2.564,-2.667,-25.3,-25
4016745,-2.564,-2.556,-3.5,-3,-2.564,-2.627,-25.6,-25
4016785,-2.564,-2.568,-3.4,-3,-2.564,-2.602,-25.8,-25
4016825,-2.564,-2.502,-4.2,-4,-2.564,-2.556,-26.4,-26
4016865,-2.564,-2.520,-4.1,-4,-2.564,-2.572,-26.2,-26
4016905,-2.564,-2.493,-4.6,-4,-2.564,-2.597,-25.8,-25
4016945,-2.564,-2.568,-3.7,-3,-2.564,-2.595,-25.8,-25
4016985,-2.564,-2.519,-4.4,-4,-2.564,-2.594,-25.7,-25
4017025,-2.564,-2.552,-4.0,-3,-2.564,-2.614,-25.4,-25
4017065,-2.564,-2.497,-4.7,-4,-2.564,-2.557,-26.0,-26
4017105,-2.564,-2.498,-4.8,-4,-2.564,-2.577,-25.8,-25
4017145,-2.564,-2.450,-5.6,-5,-2.564,-2.561,-25.9,-25
4017185,-2.564,-2.494,-5.1,-5,-2.564,-2.587,-25.6,-25
4017225,-2.564,-2.444,-5.9,-5,-2.564,-2.542,-26.1,-26
4017265,-2.564,-2.477,-5.6,-5,-2.564,-2.563,-25.9,-25
4017305,-2.564,-2.423,-6.5,-6,-2.564,-2.562,-25.9,-25
4017345,-2.564,-2.464,-6.2,-6,-2.564,-2.548,-26.1,-26
4017385,-2.564,-2.410,-7.0,-7,-2.564,-2.547,-26.2,-26
4017425,-2.564,-2.501,-6.1,-6,-2.564,-2.596,-25.6,-25
4017465,-2.564,-2.500,-6.2,-6,-2.564,-2.615,-25.3,-25
4017505,-2.564,-2.530,-6.0,-5,-2.564,-2.675,-24.5,-24
4017545,-2.564,-2.508,-6.3,-6,-2.564,-2.652,-24.6,-24
4017585,-2.564,-2.594,-5.4,-5,-2.564,-2.668,-24.3,-24
4017625,-2.564,-2.555,-5.8,-5,-2.564,-2.617,-24.9,-24
4017665,-2.564,-2.489,-6.8,-6,-2.564,-2.572,-25.4,-25
4017705,-2.564,-2.417,-7.8,-7,-2.564,-2.516,-26.2,-26
4017745,-2.564,-2.315,-9.5,-9,-2.564,-2.507,-26.5,-26
4017785,-2.564,-2.388,-8.9,-8,-2.564,-2.463,-27.1,-27
4017825,-2.564,-2.299,-10.3,-10,-2.564,-2.510,-26.7,-26
4017865,-2.564,-2.337,-10.2,-10,-2.564,-2.455,-27.5,-27
4017905,-2.564,-2.275,-11.3,-11,-2.564,-2.356,-29.1,-29
4017945,-2.564,-2.260,-12.0,-11,-2.564,-2.453,-28.1,-28
4017985,-2.564,-2.443,-10.0,-9,-2.564,-2.411,-28.8,-28
4018025,-2.564,-2.363,-11.2,-11,-2.564,-2.589,-26.6,-26
4018065,-2.564,-2.530,-9.3,-9,-2.564,-2.497,-27.8,-27
4018105,-2.564,-2.357,-11.6,-11,-2.564,-2.574,-26.8,-26
4018145,-2.564,-2.478,-10.4,-10,-2.564,-2.465,-28.2,-28
4018185,-2.564,-2.426,-11.3,-11,-2.564,-2.551,-27.2,-27
4018225,-2.564,-2.405,-11.8,-11,-2.564,-2.439,-28.6,-28
4018265,-2.564,-2.445,-11.6,-11,-2.564,-2.487,-28.2,-28
4018305,-2.564,-2.309,-13.6,-13,-2.564,-2.440,-28.8,-28
4018345,-2.564,-2.411,-12.6,-12,-2.564,-2.442,-29.0,-29
4018385,-2.564,-2.268,-14.7,-14,-2.564,-2.408,-29.6,-29
4018425,-2.564,-2.394,-13.5,-13,-2.564,-2.396,-30.0,-30
4018465,-2.564,-2.294,-15.1,-15,-2.564,-2.510,-28.7,-28
4018505,-2.564,-2.411,-13.9,-13,-2.564,-2.424,-29.9,-29
4018545,-2.564,-2.328,-15.2,-15,-2.564,-2.542,-28.6,-28
4018585,-2.564,-2.414,-14.5,-14,-2.564,-2.437,-30.0,-29
4018625,-2.564,-2.405,-14.9,-14,-2.564,-2.575,-28.3,-28
4018665,-2.564,-2.461,-14.5,-14,-2.564,-2.485,-29.5,-29
4018705,-2.564,-2.464,-14.6,-14,-2.564,-2.606,-28.0,-28
4018745,-2.564,-2.451,-15.0,-14,-2.564,-2.468,-29.7,-29
4018785,-2.564,-2.416,-15.6,-15,-2.564,-2.562,-28.7,-28
4018825,-2.564,-2.339,-16.9,-16,-2.564,-2.517,-29.3,-29
4018865,-2.564,-2.408,-16.3,-16,-2.564,-2.519,-29.4,-29
4018905,-2.564,-2.373,-17.0,-16,-2.564,-2.536,-29.3,-29
4018945,-2.564,-2.485,-15.8,-15,-2.564,-2.599,-28.5,-28
4018985,-2.564,-2.447,-16.4,-16,-2.564,-2.611,-28.3,-28
4019025,-2.564,-2.512,-15.7,-15,-2.564,-2.614,-28.3,-28
4019065,-2.564,-2.482,-16.1,-16,-2.564,-2.624,-28.0,-28
4019105,-2.564,-2.562,-15.2,-15,-2.564,-2.684,-27.2,-27
4019145,-2.564,-2.553,-15.3,-15,-2.564,-2.694,-26.9,-26
4019185,-2.564,-2.606,-14.6,-14,-2.564,-2.762,-25.8,-25
4019225,-2.564,-2.580,-14.9,-14,-2.564,-2.707,-26.2,-26
4019265,-2.564,-2.605,-14.5,-14,-2.564,-2.718,-25.9,-25
4019305,-2.564,-2.532,-15.4,-15,-2.564,-2.644,-26.6,-26
4019345,-2.564,-2.570,-14.9,-14,-2.564,-2.667,-26.2,-26
4019385,-2.564,-2.474,-16.2,-16,-2.564,-2.576,-27.2,-27
4019425,-2.564,-2.487,-16.2,-16,-2.564,-2.601,-26.9,-26
4019465,-2.564,-2.426,-17.1,-17,-2.564,-2.541,-27.6,-27
4019505,-2.564,-2.452,-17.0,-16,-2.564,-2.575,-27.2,-27
4019545,-2.564,-2.434,-17.4,-17,-2.564,-2.583,-27.1,-27
4019585,-2.564,-2.540,-16.2,-16,-2.564,-2.640,-26.3,-26
4019625,-2.564,-2.520,-16.5,-16,-2.564,-2.649,-26.1,-26
4019665,-2.564,-2.544,-16.3,-16,-2.564,-2.676,-25.6,-25
4019705,-2.564,-2.491,-17.1,-17,-2.564,-2.653,-25.7,-25
4019745,0.000,-2.522,0.0,0,0.000,-2.667,0.0,0
4019785,0.000,-2.455,0.0,0,0.000,-2.595,0.0,0
4019825,0.000,-2.436,0.0,0,0.000,-2.520,0.0,0
4019865,0.000,-2.198,0.0,0,0.000,-2.368,0.0,0
4019905,0.000,-2.087,0.0,0,0.000,-2.288,0.0,0
4019945,0.000,-1.894,0.0,0,0.000,-2.120,0.0,0
4019985,0.000,-1.894,0.0,0,0.000,-1.884,0.0,0
4020025,0.000,-1.659,0.0,0,0.000,-1.712,0.0,0
4020065,0.000,-1.459,0.0,0,0.000,-1.712,0.0,0
4020105,0.000,-1.459,0.0,0,0.000,-1.468,0.0,0
4020145,0.000,-1.459,0.0,0,0.000,-1.468,0.0,0
4020185,0.000,-1.165,0.0,0,0.000,-1.468,0.0,0
4020225,0.000,-1.165,0.0,0,0.000,-1.133,0.0,0
4020265,0.000,-1.165,0.0,0,0.000,-1.133,0.0,0
4020305,0.000,-1.165,0.0,0,0.000,-1.133,0.0,0
4020345,0.000,-0.000,0.0,0,0.000,-1.133,0.0,0
4020385,0.000,-0.000,0.0,0,0.000,-0.000,0.0,0
4020425,0.000,-0.000,0.0,0,0.000,-0.000,0.0,0
4020465,0.000,-0.000,0.0,0,0.000,-0.000,0.0,0
4020505,0.000,-0.000,0.0,0,0.000,-0.000,0.0,0
4020545,0.000,-0.000,0.0,0,0.000,-0.000,0.0,0
4020585,0.000,-0.000,0.0,0,0.000,-0.000,0.0,0
4020625,0.000,-0.000,0.0,0,0.000,-0.000,0.0,0
4020665,0.000,-0.000,0.0,0,0.000,-0.000,0.0,0
4020705,0.000,-0.000,0.0,0,0.000,-0.000,0.0,0
4020745,0.000,-0.000,0.0,0,0.000,-0.000,0.0,0
4020785,0.000,-0.000,0.0,0,0.000,-0.000,0.0,0
4020825,0.000,-0.000,0.0,0,0.000,-0.000,0.0,0
4020865,0.000,-0.000,0.0,0,0.000,-0.000,0.0,0
4020905,0.000,-0.000,0.0,0,0.000,-0.000,0.0,0
4020945,0.000,-0.000,0.0,0,0.000,-0.000,0.0,0
4020985,0.000,-0.000,0.0,0,0.000,-0.000,0.0,0
4021025,0.000,-0.000,0.0,0,0.000,-0.000,0.0,0
4021065,0.000,-0.000,0.0,0,0.000,-0.000,0.0,0
4021105,0.000,-0.000,0.0,0,0.000,-0.000,0.0,0
4021145,0.000,-0.000,0.0,0,0.000,-0.000,0.0,0
4021185,0.000,-0.000,0.0,0,0.000,-0.000,0.0,0
4021225,0.000,-0.000,0.0,0,0.000,-0.000,0.0,0
4021265,0.000,-0.000,0.0,0,0.000,-0.000,0.0,0
4021305,0.000,-0.000,0.0,0,0.000,-0.000,0.0,0
4021345,0.000,-0.000,0.0,0,0.000,-0.000,0.0,0
4021385,0.000,-0.000,0.0,0,0.000,-0.000,0.0,0
4021425,0.000,-0.000,0.0,0,0.000,-0.000,0.0,0
4021465,0.000,-0.000,0.0,0,0.000,-0.000,0.0,0
4021505,0.000,-0.000,0.0,0,0.000,-0.000,0.0,0
4021545,0.000,-0.000,0.0,0,0.000,-0.000,0.0,0
4021585,0.000,-0.000,0.0,0,0.000,-0.000,0.0,0
4021625,0.000,-0.000,0.0,0,0.000,-0.000,0.0,0
4021665,0.000,-0.000,0.0,0,0.000,-0.000,0.0,0
4021705,0.000,-0.000,0.0,0,0.000,-0.000,0.0,0
4021745,0.000,-0.000,0.0,0,0.000,-0.000,0.0,0
4021785,0.000,-0.000,0.0,0,0.000,-0.000,0.0,0
4021825,0.000,-0.000,0.0,0,0.000,-0.000,0.0,0
4021865,0.000,-0.000,0.0,0,0.000,-0.000,0.0,0
4021905,0.000,-0.000,0.0,0,0.000,-0.000,0.0,0
4021945,0.000,-0.000,0.0,0,0.000,-0.000,0.0,0
4021985,0.000,-0.000,0.0,0,0.000,-0.000,0.0,0
4022025,0.000,-0.000,0.0,0,0.000,-0.000,0.0,0
4022065,0.000,-0.000,0.0,0,0.000,-0.000,0.0,0
4022105,0.000,-0.000,0.0,0,0.000,-0.000,0.0,0
4022145,0.000,-0.000,0.0,0,0.000,-0.000,0.0,0
4022185,0.000,-0.000,0.0,0,0.000,-0.000,0.0,0
4022225,0.000,-0.000,0.0,0,0.000,-0.000,0.0,0
4022265,0.000,-0.000,0.0,0,0.000,-0.000,0.0,0
4022305,0.000,-0.000,0.0,0,0.000,-0.000,0.0,0
4022345,0.000,-0.000,0.0,0,0.000,-0.000,0.0,0
4022385,0.000,-0.000,0.0,0,0.000,-0.000,0.0,0
4022425,0.000,-0.000,0.0,0,0.000,-0.000,0.0,0
4022465,0.000,-0.000,0.0,0,0.000,-0.000,0.0,0
4022505,0.000,-0.000,0.0,0,0.000,-0.000,0.0,0
4022545,0.000,-0.000,0.0,0,0.000,-0.000,0.0,0
4022585,0.000,-0.000,0.0,0,0.000,-0.000,0.0,0
4022625,0.000,-0.000,0.0,0,0.000,-0.000,0.0,0
4022665,0.000,-0.000,0.0,0,0.000,-0.000,0.0,0
4022705,0.000,-0.000,0.0,0,0.000,-0.000,0.0,0
4022745,0.000,-0.000,0.0,0,0.000,-0.000,0.0,0
4022785,0.000,-0.000,0.0,0,0.000,-0.000,0.0,0
4022825,0.000,-0.000,0.0,0,0.000,-0.000,0.0,0
4022865,0.000,-0.000,0.0,0,0.000,-0.000,0.0,0
4022905,0.000,-0.000,0.0,0,0.000,-0.000,0.0,0
4022945,0.000,-0.000,0.0,0,0.000,-0.000,0.0,0
4022985,0.000,-0.000,0.0,0,0.000,-0.000,0.0,0
4023025,0.000,-0.000,0.0,0,0.000,-0.000,0.0,0
4023065,0.000,-0.000,0.0,0,0.000,-0.000,0.0,0
4023105,0.000,-0.000,0.0,0,0.000,-0.000,0.0,0
4023145,0.000,-0.000,0.0,0,0.000,-0.000,0.0,0
4023185,0.000,-0.000,0.0,0,0.000,-0.000,0.0,0
4023225,0.000,-0.000,0.0,0,0.000,-0.000,0.0,0
4023265,0.000,-0.000,0.0,0,0.000,-0.000,0.0,0
4023305,0.000,-0.000,0.0,0,0.000,-0.000,0.0,0
4023345,0.000,-0.000,0.0,0,0.000,-0.000,0.0,0
4023385,0.000,-0.000,0.0,0,0.000,-0.000,0.0,0
4023425,0.000,-0.000,0.0,0,0.000,-0.000,0.0,0
4023465,0.000,-0.000,0.0,0,0.000,-0.000,0.0,0
4023505,0.000,-0.000,0.0,0,0.000,-0.000,0.0,0
4023545,0.000,-0.000,0.0,0,0.000,-0.000,0.0,0
4023585,0.000,-0.000,0.0,0,0.000,-0.000,0.0,0
4023625,0.000,-0.000,0.0,0,0.000,-0.000,0.0,0
4023665,0.000,-0.000,0.0,0,0.000,-0.000,0.0,0
4023705,0.000,-0.000,0.0,0,0.000,-0.000,0.0,0
4023745,0.000,-0.000,0.0,0,0.000,-0.000,0.0,0
4023785,0.000,-0.000,0.0,0,0.000,-0.000,0.0,0
4023825,0.000,-0.000,0.0,0,0.000,-0.000,0.0,0
4023865,0.000,-0.000,0.0,0,0.000,-0.000,0.0,0
4023905,0.000,-0.000,0.0,0,0.000,-0.000,0.0,0
4023945,0.000,-0.000,0.0,0,0.000,-0.000,0.0,0
4023985,0.000,-0.000,0.0,0,0.000,-0.000,0.0,0
4024025,0.000,-0.000,0.0,0,0.000,-0.000,0.0,0
4024065,0.000,-0.000,0.0,0,0.000,-0.000,0.0,0
4024105,0.000,-0.000,0.0,0,0.000,-0.000,0.0,0
4024145,0.000,-0.000,0.0,0,0.000,-0.000,0.0,0
4024185,0.000,-0.000,0.0,0,0.000,-0.000,0.0,0
4024225,0.000,-0.000,0.0,0,0.000,-0.000,0.0,0
4024265,0.000,-0.000,0.0,0,0.000,-0.000,0.0,0
4024305,0.000,-0.000,0.0,0,0.000,-0.000,0.0,0
4024345,0.000,-0.000,0.0,0,0.000,-0.000,0.0,0
4024385,0.000,-0.000,0.0,0,0.000,-0.000,0.0,0
4024425,0.000,-0.000,0.0,0,0.000,-0.000,0.0,0
4024465,0.000,-0.000,0.0,0,0.000,-0.000,0.0,0
4024505,0.000,-0.000,0.0,0,0.000,-0.000,0.0,0
4024545,0.000,-0.000,0.0,0,0.000,-0.000,0.0,0
4024585,0.000,-0.000,0.0,0,0.000,-0.000,0.0,0
4024625,0.000,-0.000,0.0,0,0.000,-0.000,0.0,0
4024665,0.000,-0.000,0.0,0,0.000,-0.000,0.0,0
4024705,0.000,-0.000,0.0,0,0.000,-0.000,0.0,0
4024745,0.000,-0.000,0.0,0,0.000,-0.000,0.0,0
4024785,0.000,-0.000,0.0,0,0.000,-0.000,0.0,0
4024825,0.000,-0.000,0.0,0,0.000,-0.000,0.0,0
4024865,0.000,-0.000,0.0,0,0.000,-0.000,0.0,0
4024905,0.000,-0.000,0.0,0,0.000,-0.000,0.0,0
4024945,0.000,-0.000,0.0,0,0.000,-0.000,0.0,0
4024985,0.000,-0.000,0.0,0,0.000,-0.000,0.0,0
4025025,0.000,-0.000,0.0,0,0.000,-0.000,0.0,0
4025065,0.000,-0.000,0.0,0,0.000,-0.000,0.0,0
4025105,0.000,-0.000,0.0,0,0.000,-0.000,0.0,0
4025145,0.000,-0.000,0.0,0,0.000,-0.000,0.0,0
4025185,0.000,-0.000,0.0,0,0.000,-0.000,0.0,0
4025225,0.000,-0.000,0.0,0,0.000,-0.000,0.0,0
4025265,0.000,-0.000,0.0,0,0.000,-0.000,0.0,0
4025305,0.000,-0.000,0.0,0,0.000,-0.000,0.0,0
4025345,0.000,-0.000,0.0,0,0.000,-0.000,0.0,0
4025385,0.000,-0.000,0.0,0,0.000,-0.000,0.0,0
4025425,0.000,-0.000,0.0,0,0.000,-0.000,0.0,0
4025465,0.000,-0.000,0.0,0,0.000,-0.000,0.0,0
4025505,0.000,-0.000,0.0,0,0.000,-0.000,0.0,0
4025545,0.000,-0.000,0.0,0,0.000,-0.000,0.0,0
4025585,0.000,-0.000,0.0,0,0.000,-0.000,0.0,0
4025625,0.000,-0.000,0.0,0,0.000,-0.000,0.0,0
4025665,0.000,-0.000,0.0,0,0.000,-0.000,0.0,0
4025705,0.000,-0.000,0.0,0,0.000,-0.000,0.0,0
4025745,0.000,-0.000,0.0,0,0.000,-0.000,0.0,0
4025785,0.000,-0.000,0.0,0,0.000,-0.000,0.0,0
4025825,0.000,-0.000,0.0,0,0.000,-0.000,0.0,0
4025865,0.000,-0.000,0.0,0,0.000,-0.000,0.0,0
4025905,0.000,-0.000,0.0,0,0.000,-0.000,0.0,0
4025945,0.000,-0.000,0.0,0,0.000,-0.000,0.0,0
4025985,0.000,-0.000,0.0,0,0.000,-0.000,0.0,0
4026025,0.000,-0.000,0.0,0,0.000,-0.000,0.0,0
4026065,0.000,-0.000,0.0,0,0.000,-0.000,0.0,0
4026105,0.000,-0.000,0.0,0,0.000,-0.000,0.0,0
4026145,0.000,-0.000,0.0,0,0.000,-0.000,0.0,0
4026185,0.000,-0.000,0.0,0,0.000,-0.000,0.0,0
4026225,0.000,-0.000,0.0,0,0.000,-0.000,0.0,0
4026265,0.000,-0.000,0.0,0,0.000,-0.000,0.0,0
4026305,0.000,-0.000,0.0,0,0.000,-0.000,0.0,0
4026345,0.000,-0.000,0.0,0,0.000,-0.000,0.0,0
4026385,0.000,-0.000,0.0,0,0.000,-0.000,0.0,0
4026425,0.000,-0.000,0.0,0,0.000,-0.000,0.0,0
4026465,0.000,-0.000,0.0,0,0.000,-0.000,0.0,0
4026505,0.000,-0.000,0.0,0,0.000,-0.000,0.0,0
4026545,0.000,-0.000,0.0,0,0.000,-0.000,0.0,0
4026585,0.000,-0.000,0.0,0,0.000,-0.000,0.0,0
4026625,0.000,-0.000,0.0,0,0.000,-0.000,0.0,0
4026665,0.000,-0.000,0.0,0,0.000,-0.000,0.0,0
4026705,0.000,-0.000,0.0,0,0.000,-0.000,0.0,0
4026745,0.000,-0.000,0.0,0,0.000,-0.000,0.0,0
4026785,0.000,-0.000,0.0,0,0.000,-0.000,0.0,0
4026825,0.000,-0.000,0.0,0,0.000,-0.000,0.0,0
4026865,0.000,-0.000,0.0,0,0.000,-0.000,0.0,0
4026905,0.000,-0.000,0.0,0,0.000,-0.000,0.0,0
4026945,0.000,-0.000,0.0,0,0.000,-0.000,0.0,0
4026985,0.000,-0.000,0.0,0,0.000,-0.000,0.0,0
4027025,0.000,-0.000,0.0,0,0.000,-0.000,0.0,0
4027065,0.000,-0.000,0.0,0,0.000,-0.000,0.0,0
4027105,0.000,-0.000,0.0,0,0.000,-0.000,0.0,0
4027145,0.000,-0.000,0.0,0,0.000,-0.000,0.0,0
4027185,0.000,-0.000,0.0,0,0.000,-0.000,0.0,0
4027225,0.000,-0.000,0.0,0,0.000,-0.000,0.0,0
4027265,0.000,-0.000,0.0,0,0.000,-0.000,0.0,0
4027305,0.000,-0.000,0.0,0,0.000,-0.000,0.0,0
4027345,0.000,-0.000,0.0,0,0.000,-0.000,0.0,0
4027385,0.000,-0.000,0.0,0,0.000,-0.000,0.0,0
4027425,0.000,-0.000,0.0,0,0.000,-0.000,0.0,0
4027465,0.000,-0.000,0.0,0,0.000,-0.000,0.0,0
4027505,0.000,-0.000,0.0,0,0.000,-0.000,0.0,0
4027545,0.000,-0.000,0.0,0,0.000,-0.000,0.0,0
4027585,0.000,-0.000,0.0,0,0.000,-0.000,0.0,0
4027625,0.000,-0.000,0.0,0,0.000,-0.000,0.0,0
4027665,0.000,-0.000,0.0,0,0.000,-0.000,0.0,0
4027705,0.000,-0.000,0.0,0,0.000,-0.000,0.0,0
4027745,0.000,-0.000,0.0,0,0.000,-0.000,0.0,0
4027785,0.000,-0.000,0.0,0,0.000,-0.000,0.0,0
4027825,0.000,-0.000,0.0,0,0.000,-0.000,0.0,0
4027865,0.000,-0.000,0.0,0,0.000,-0.000,0.0,0
4027905,0.000,-0.000,0.0,0,0.000,-0.000,0.0,0
4027945,0.000,-0.000,0.0,0,0.000,-0.000,0.0,0
4027985,0.000,-0.000,0.0,0,0.000,-0.000,0.0,0
4028025,0.000,-0.000,0.0,0,0.000,-0.000,0.0,0
4028065,0.000,-0.000,0.0,0,0.000,-0.000,0.0,0
4028105,0.000,-0.000,0.0,0,0.000,-0.000,0.0,0
4028145,0.000,-0.000,0.0,0,0.000,-0.000,0.0,0
4028185,0.000,-0.000,0.0,0,0.000,-0.000,0.0,0
4028225,0.000,-0.000,0.0,0,0.000,-0.000,0.0,0
4028265,0.000,-0.000,0.0,0,0.000,-0.000,0.0,0
4028305,0.000,-0.000,0.0,0,0.000,-0.000,0.0,0
4028345,0.000,-0.000,0.0,0,0.000,-0.000,0.0,0
4028385,0.000,-0.000,0.0,0,0.000,-0.000,0.0,0
4028425,0.000,-0.000,0.0,0,0.000,-0.000,0.0,0
4028465,0.000,-0.000,0.0,0,0.000,-0.000,0.0,0
4028505,0.000,-0.000,0.0,0,0.000,-0.000,0.0,0
4028545,0.000,-0.000,0.0,0,0.000,-0.000,0.0,0
4028585,0.000,-0.000,0.0,0,0.000,-0.000,0.0,0
4028625,0.000,-0.000,0.0,0,0.000,-0.000,0.0,0
4028665,0.000,-0.000,0.0,0,0.000,-0.000,0.0,0
4028705,0.000,-0.000,0.0,0,0.000,-0.000,0.0,0
4028745,0.000,-0.000,0.0,0,0.000,-0.000,0.0,0
4028785,0.000,-0.000,0.0,0,0.000,-0.000,0.0,0
4028825,0.000,-0.000,0.0,0,0.000,-0.000,0.0,0
4028865,0.000,-0.000,0.0,0,0.000,-0.000,0.0,0
4028905,0.000,-0.000,0.0,0,0.000,-0.000,0.0,0
4028945,0.000,-0.000,0.0,0,0.000,-0.000,0.0,0
4028985,0.000,-0.000,0.0,0,0.000,-0.000,0.0,0
4029025,0.000,-0.000,0.0,0,0.000,-0.000,0.0,0
4029065,0.000,-0.000,0.0,0,0.000,-0.000,0.0,0
4029105,0.000,-0.000,0.0,0,0.000,-0.000,0.0,0
4029145,0.000,-0.000,0.0,0,0.000,-0.000,0.0,0
4029185,0.000,-0.000,0.0,0,0.000,-0.000,0.0,0
4029225,0.000,-0.000,0.0,0,0.000,-0.000,0.0,0
4029265,0.000,-0.000,0.0,0,0.000,-0.000,0.0,0
4029305,0.000,-0.000,0.0,0,0.000,-0.000,0.0,0
4029345,0.000,-0.000,0.0,0,0.000,-0.000,0.0,0
4029385,0.000,-0.000,0.0,0,0.000,-0.000,0.0,0
4029425,0.000,-0.000,0.0,0,0.000,-0.000,0.0,0
4029465,0.000,-0.000,0.0,0,0.000,-0.000,0.0,0
4029505,0.000,-0.000,0.0,0,0.000,-0.000,0.0,0
4029545,0.000,-0.000,0.0,0,0.000,-0.000,0.0,0
4029585,0.000,-0.000,0.0,0,0.000,-0.000,0.0,0
4029625,0.000,-0.000,0.0,0,0.000,-0.000,0.0,0
4029665,0.000,-0.000,0.0,0,0.000,-0.000,0.0,0
4029705,0.000,-0.000,0.0,0,0.000,-0.000,0.0,0
4029745,0.000,-0.000,0.0,0,0.000,-0.000,0.0,0
4029785,0.000,-0.000,0.0,0,0.000,-0.000,0.0,0
4029825,0.000,-0.000,0.0,0,0.000,-0.000,0.0,0
4029865,0.000,-0.000,0.0,0,0.000,-0.000,0.0,0
4029905,0.000,-0.000,0.0,0,0.000,-0.000,0.0,0
4029945,0.000,-0.000,0.0,0,0.000,-0.000,0.0,0
4029985,0.000,-0.000,0.0,0,0.000,-0.000,0.0,0
4030025,0.000,-0.000,0.0,0,0.000,-0.000,0.0,0
4030065,0.000,-0.000,0.0,0,0.000,-0.000,0.0,0
4030105,0.000,-0.000,0.0,0,0.000,-0.000,0.0,0
4030145,0.000,-0.000,0.0,0,0.000,-0.000,0.0,0
4030185,0.000,-0.000,0.0,0,0.000,-0.000,0.0,0
4030225,0.000,-0.000,0.0,0,0.000,-0.000,0.0,0
4030265,0.000,-0.000,0.0,0,0.000,-0.000,0.0,0
4030305,0.000,-0.000,0.0,0,0.000,-0.000,0.0,0
4030345,0.000,-0.000,0.0,0,0.000,-0.000,0.0,0
4030385,0.000,-0.000,0.0,0,0.000,-0.000,0.0,0
4030425,0.000,-0.000,0.0,0,0.000,-0.000,0.0,0
4030465,0.000,-0.000,0.0,0,0.000,-0.000,0.0,0
4030505,0.000,-0.000,0.0,0,0.000,-0.000,0.0,0
4030545,0.000,-0.000,0.0,0,0.000,-0.000,0.0,0
4030585,0.000,-0.000,0.0,0,0.000,-0.000,0.0,0
4030625,0.000,-0.000,0.0,0,0.000,-0.000,0.0,0
4030665,0.000,-0.000,0.0,0,0.000,-0.000,0.0,0
4030705,0.000,-0.000,0.0,0,0.000,-0.000,0.0,0
4030745,0.000,-0.000,0.0,0,0.000,-0.000,0.0,0
4030785,0.000,-0.000,0.0,0,0.000,-0.000,0.0,0
4030825,0.000,-0.000,0.0,0,0.000,-0.000,0.0,0
4030865,0.000,-0.000,0.0,0,0.000,-0.000,0.0,0
4030905,0.000,-0.000,0.0,0,0.000,-0.000,0.0,0
4030945,0.000,-0.000,0.0,0,0.000,-0.000,0.0,0
4030985,0.000,-0.000,0.0,0,0.000,-0.000,0.0,0
4031025,0.000,-0.000,0.0,0,0.000,-0.000,0.0,0
4031065,0.000,-0.000,0.0,0,0.000,-0.000,0.0,0
4031105,0.000,-0.000,0.0,0,0.000,-0.000,0.0,0
4031145,0.000,-0.000,0.0,0,0.000,-0.000,0.0,0
4031185,0.000,-0.000,0.0,0,0.000,-0.000,0.0,0
4031225,0.000,-0.000,0.0,0,0.000,-0.000,0.0,0
4031265,0.000,-0.000,0.0,0,0.000,-0.000,0.0,0
4031305,0.000,-0.000,0.0,0,0.000,-0.000,0.0,0
4031345,0.000,-0.000,0.0,0,0.000,-0.000,0.0,0
4031385,0.000,-0.000,0.0,0,0.000,-0.000,0.0,0
4031425,0.000,-0.000,0.0,0,0.000,-0.000,0.0,0
4031465,0.000,-0.000,0.0,0,0.000,-0.000,0.0,0
4031505,0.000,-0.000,0.0,0,0.000,-0.000,0.0,0
4031545,0.000,-0.000,0.0,0,0.000,-0.000,0.0,0
4031585,0.000,-0.000,0.0,0,0.000,-0.000,0.0,0
4031625,0.000,-0.000,0.0,0,0.000,-0.000,0.0,0
4031665,0.000,-0.000,0.0,0,0.000,-0.000,0.0,0
4031705,0.000,-0.000,0.0,0,0.000,-0.000,0.0,0
4031745,0.000,-0.000,0.0,0,0.000,-0.000,0.0,0
4031785,0.000,-0.000,0.0,0,0.000,-0.000,0.0,0
4031825,0.000,-0.000,0.0,0,0.000,-0.000,0.0,0
4031865,0.000,-0.000,0.0,0,0.000,-0.000,0.0,0
4031905,0.000,-0.000,0.0,0,0.000,-0.000,0.0,0
4031945,0.000,-0.000,0.0,0,0.000,-0.000,0.0,0
4031985,0.000,-0.000,0.0,0,0.000,-0.000,0.0,0
4032025,0.000,-0.000,0.0,0,0.000,-0.000,0.0,0
4032065,0.000,-0.000,0.0,0,0.000,-0.000,0.0,0
4032105,0.000,-0.000,0.0,0,0.000,-0.000,0.0,0
4032145,0.000,-0.000,0.0,0,0.000,-0.000,0.0,0
4032185,0.000,-0.000,0.0,0,0.000,-0.000,0.0,0
4032225,0.000,-0.000,0.0,0,0.000,-0.000,0.0,0
4032265,0.000,-0.000,0.0,0,0.000,-0.000,0.0,0
4032305,0.000,-0.000,0.0,0,0.000,-0.000,0.0,0
4032345,0.000,-0.000,0.0,0,0.000,-0.000,0.0,0
4032385,0.000,-0.000,0.0,0,0.000,-0.000,0.0,0
4032425,0.000,-0.000,0.0,0,0.000,-0.000,0.0,0
4032465,0.000,-0.000,0.0,0,0.000,-0.000,0.0,0
4032505,0.000,-0.000,0.0,0,0.000,-0.000,0.0,0
4032545,0.000,-0.000,0.0,0,0.000,-0.000,0.0,0
4032585,0.000,-0.000,0.0,0,0.000,-0.000,0.0,0
4032625,0.000,-0.000,0.0,0,0.000,-0.000,0.0,0
4032665,0.000,-0.000,0.0,0,0.000,-0.000,0.0,0
4032705,0.000,-0.000,0.0,0,0.000,-0.000,0.0,0
4032745,0.000,-0.000,0.0,0,0.000,-0.000,0.0,0
4032785,0.000,-0.000,0.0,0,0.000,-0.000,0.0,0
4032825,0.000,-0.000,0.0,0,0.000,-0.000,0.0,0
4032865,0.000,-0.000,0.0,0,0.000,-0.000,0.0,0
4032905,0.000,-0.000,0.0,0,0.000,-0.000,0.0,0
4032945,0.000,-0.000,0.0,0,0.000,-0.000,0.0,0
4032985,0.000,-0.000,0.0,0,0.000,-0.000,0.0,0
4033025,0.000,-0.000,0.0,0,0.000,-0.000,0.0,0
4033065,0.000,-0.000,0.0,0,0.000,-0.000,0.0,0
4033105,0.000,-0.000,0.0,0,0.000,-0.000,0.0,0
4033145,0.000,-0.000,0.0,0,0.000,-0.000,0.0,0
4033185,0.000,-0.000,0.0,0,0.000,-0.000,0.0,0
4033225,0.000,-0.000,0.0,0,0.000,-0.000,0.0,0
4033265,0.000,-0.000,0.0,0,0.000,-0.000,0.0,0
4033305,0.000,-0.000,0.0,0,0.000,-0.000,0.0,0
4033345,0.000,-0.000,0.0,0,0.000,-0.000,0.0,0
4033385,0.000,-0.000,0.0,0,0.000,-0.000,0.0,0
4033425,0.000,-0.000,0.0,0,0.000,-0.000,0.0,0
4033465,0.000,-0.000,0.0,0,0.000,-0.000,0.0,0
4033505,0.000,-0.000,0.0,0,0.000,-0.000,0.0,0
4033545,0.000,-0.000,0.0,0,0.000,-0.000,0.0,0
4033585,0.000,-0.000,0.0,0,0.000,-0.000,0.0,0
4033625,0.000,-0.000,0.0,0,0.000,-0.000,0.0,0
4033665,0.000,-0.000,0.0,0,0.000,-0.000,0.0,0
4033705,0.000,-0.000,0.0,0,0.000,-0.000,0.0,0
4033745,0.000,-0.000,0.0,0,0.000,-0.000,0.0,0
4033785,0.000,-0.000,0.0,0,0.000,-0.000,0.0,0
4033825,0.000,-0.000,0.0,0,0.000,-0.000,0.0,0
4033865,0.000,-0.000,0.0,0,0.000,-0.000,0.0,0
4033905,0.000,-0.000,0.0,0,0.000,-0.000,0.0,0
4033945,0.000,-0.000,0.0,0,0.000,-0.000,0.0,0
4033985,0.000,-0.000,0.0,0,0.000,-0.000,0.0,0
4034025,0.000,-0.000,0.0,0,0.000,-0.000,0.0,0
4034065,0.000,-0.000,0.0,0,0.000,-0.000,0.0,0
4034105,0.000,-0.000,0.0,0,0.000,-0.000,0.0,0
4034145,0.000,-0.000,0.0,0,0.000,-0.000,0.0,0
4034185,0.000,-0.000,0.0,0,0.000,-0.000,0.0,0
4034225,0.000,-0.000,0.0,0,0.000,-0.000,0.0,0
4034265,0.000,-0.000,0.0,0,0.000,-0.000,0.0,0
4034305,0.000,-0.000,0.0,0,0.000,-0.000,0.0,0
4034345,0.000,-0.000,0.0,0,0.000,-0.000,0.0,0
4034385,0.000,-0.000,0.0,0,0.000,-0.000,0.0,0
4034425,0.000,-0.000,0.0,0,0.000,-0.000,0.0,0
4034465,0.000,-0.000,0.0,0,0.000,-0.000,0.0,0
4034505,0.000,-0.000,0.0,0,0.000,-0.000,0.0,0
4034545,0.000,-0.000,0.0,0,0.000,-0.000,0.0,0
4034585,0.000,-0.000,0.0,0,0.000,-0.000,0.0,0
4034625,0.000,-0.000,0.0,0,0.000,-0.000,0.0,0
4034665,0.000,-0.000,0.0,0,0.000,-0.000,0.0,0
4034705,0.000,-0.000,0.0,0,0.000,-0.000,0.0,0
4034745,0.000,-0.000,0.0,0,0.000,-0.000,0.0,0
4034785,0.000,-0.000,0.0,0,0.000,-0.000,0.0,0
4034825,0.000,-0.000,0.0,0,0.000,-0.000,0.0,0
4034865,0.000,-0.000,0.0,0,0.000,-0.000,0.0,0
4034905,0.000,-0.000,0.0,0,0.000,-0.000,0.0,0
4034945,0.000,-0.000,0.0,0,0.000,-0.000,0.0,0
4034985,0.000,-0.000,0.0,0,0.000,-0.000,0.0,0
4035025,0.000,-0.000,0.0,0,0.000,-0.000,0.0,0
4035065,0.000,-0.000,0.0,0,0.000,-0.000,0.0,0
4035105,0.000,-0.000,0.0,0,0.000,-0.000,0.0,0
4035145,0.000,-0.000,0.0,0,0.000,-0.000,0.0,0
4035185,0.000,-0.000,0.0,0,0.000,-0.000,0.0,0
4035225,0.000,-0.000,0.0,0,0.000,-0.000,0.0,0
4035265,0.000,-0.000,0.0,0,0.000,-0.000,0.0,0
4035305,0.000,-0.000,0.0,0,0.000,-0.000,0.0,0
4035345,0.000,-0.000,0.0,0,0.000,-0.000,0.0,0
4035385,0.000,-0.000,0.0,0,0.000,-0.000,0.0,0
4035425,0.000,-0.000,0.0,0,0.000,-0.000,0.0,0
4035465,0.000,-0.000,0.0,0,0.000,-0.000,0.0,0
4035505,0.000,-0.000,0.0,0,0.000,-0.000,0.0,0
4035545,0.000,-0.000,0.0,0,0.000,-0.000,0.0,0
4035585,0.000,-0.000,0.0,0,0.000,-0.000,0.0,0
4035625,0.000,-0.000,0.0,0,0.000,-0.000,0.0,0
4035665,0.000,-0.000,0.0,0,0.000,-0.000,0.0,0
4035705,0.000,-0.000,0.0,0,0.000,-0.000,0.0,0
4035745,0.000,-0.000,0.0,0,0.000,-0.000,0.0,0
4035785,0.000,-0.000,0.0,0,0.000,-0.000,0.0,0
4035825,0.000,-0.000,0.0,0,0.000,-0.000,0.0,0
4035865,0.000,-0.000,0.0,0,0.000,-0.000,0.0,0
4035905,0.000,-0.000,0.0,0,0.000,-0.000,0.0,0
4035945,0.000,-0.000,0.0,0,0.000,-0.000,0.0,0
4035985,0.000,-0.000,0.0,0,0.000,-0.000,0.0,0
4036025,0.000,-0.000,0.0,0,0.000,-0.000,0.0,0
4036065,0.000,-0.000,0.0,0,0.000,-0.000,0.0,0
4036105,0.000,-0.000,0.0,0,0.000,-0.000,0.0,0
4036145,0.000,-0.000,0.0,0,0.000,-0.000,0.0,0
4036185,0.000,-0.000,0.0,0,0.000,-0.000,0.0,0
4036225,0.000,-0.000,0.0,0,0.000,-0.000,0.0,0
4036265,0.000,-0.000,0.0,0,0.000,-0.000,0.0,0
4036305,0.000,-0.000,0.0,0,0.000,-0.000,0.0,0
4036345,0.000,-0.000,0.0,0,0.000,-0.000,0.0,0
4036385,0.000,-0.000,0.0,0,0.000,-0.000,0.0,0
4036425,0.000,-0.000,0.0,0,0.000,-0.000,0.0,0
4036465,0.000,-0.000,0.0,0,0.000,-0.000,0.0,0
4036505,0.000,-0.000,0.0,0,0.000,-0.000,0.0,0
4036545,0.000,-0.000,0.0,0,0.000,-0.000,0.0,0
4036585,0.000,-0.000,0.0,0,0.000,-0.000,0.0,0
4036625,0.000,-0.000,0.0,0,0.000,-0.000,0.0,0
4036665,0.000,-0.000,0.0,0,0.000,-0.000,0.0,0
4036705,0.000,-0.000,0.0,0,0.000,-0.000,0.0,0
4036745,0.000,-0.000,0.0,0,0.000,-0.000,0.0,0
4036785,0.000,-0.000,0.0,0,0.000,-0.000,0.0,0
4036825,0.000,-0.000,0.0,0,0.000,-0.000,0.0,0
4036865,0.000,-0.000,0.0,0,0.000,-0.000,0.0,0
4036905,0.000,-0.000,0.0,0,0.000,-0.000,0.0,0
4036945,0.000,-0.000,0.0,0,0.000,-0.000,0.0,0
4036985,0.000,-0.000,0.0,0,0.000,-0.000,0.0,0
4037025,0.000,-0.000,0.0,0,0.000,-0.000,0.0,0
4037065,0.000,-0.000,0.0,0,0.000,-0.000,0.0,0
4037105,0.000,-0.000,0.0,0,0.000,-0.000,0.0,0
4037145,0.000,-0.000,0.0,0,0.000,-0.000,0.0,0
4037185,0.000,-0.000,0.0,0,0.000,-0.000,0.0,0
4037225,0.000,-0.000,0.0,0,0.000,-0.000,0.0,0
4037265,0.000,-0.000,0.0,0,0.000,-0.000,0.0,0
4037305,0.000,-0.000,0.0,0,0.000,-0.000,0.0,0
4037345,0.000,-0.000,0.0,0,0.000,-0.000,0.0,0
4037385,0.000,-0.000,0.0,0,0.000,-0.000,0.0,0
4037425,0.000,-0.000,0.0,0,0.000,-0.000,0.0,0
4037465,0.000,-0.000,0.0,0,0.000,-0.000,0.0,0
4037505,0.000,-0.000,0.0,0,0.000,-0.000,0.0,0
4037545,0.000,-0.000,0.0,0,0.000,-0.000,0.0,0
4037585,0.000,-0.000,0.0,0,0.000,-0.000,0.0,0
4037625,0.000,-0.000,0.0,0,0.000,-0.000,0.0,0
4037665,0.000,-0.000,0.0,0,0.000,-0.000,0.0,0
4037705,0.000,-0.000,0.0,0,0.000,-0.000,0.0,0
4037745,0.000,-0.000,0.0,0,0.000,-0.000,0.0,0
4037785,0.300,-0.000,3.8,3,0.300,-0.000,3.8,3
4037825,0.300,0.000,4.3,4,0.300,0.000,4.3,4
4037865,0.300,0.000,4.8,4,0.300,0.001,4.8,4
4037905,0.300,0.000,5.3,5,0.300,0.001,5.3,5
4037945,0.300,0.000,5.8,5,0.300,0.001,5.7,5
4037985,0.300,0.001,6.2,6,0.300,0.001,6.2,6
4038025,0.300,0.001,6.7,6,0.300,0.000,6.7,6
4038065,0.300,0.001,7.2,7,0.300,0.000,7.2,7
4038105,0.300,0.001,7.7,7,0.300,0.000,7.7,7
4038145,0.300,0.000,8.2,8,0.300,0.000,8.2,8
4038185,0.300,0.000,8.6,8,0.300,0.000,8.6,8
4038225,0.300,0.000,9.1,9,0.300,0.000,9.1,9
4038265,0.300,0.000,9.6,9,0.300,0.000,9.6,9
4038305,0.300,0.076,9.1,9,0.300,0.058,9.3,9
4038345,0.300,0.076,9.5,9,0.300,0.058,9.7,9
4038385,0.300,0.076,9.8,9,0.300,0.058,10.1,10
4038425,0.300,0.076,10.2,10,0.300,0.205,8.6,8
4038465,0.300,0.229,8.5,8,0.300,0.205,8.7,8
4038505,0.300,0.229,8.6,8,0.300,0.205,8.9,8
4038545,0.300,0.229,8.7,8,0.300,0.354,7.1,7
4038585,0.300,0.335,7.3,7,0.300,0.354,7.0,7
4038625,0.300,0.335,7.3,7,0.300,0.354,6.9,6
4038665,0.300,0.335,7.2,7,0.300,0.354,6.9,6
4038705,0.300,0.393,6.4,6,0.300,0.406,6.1,6
4038745,0.300,0.393,6.3,6,0.300,0.406,5.9,5
4038785,0.300,0.393,6.1,6,0.300,0.406,5.7,5
4038825,0.300,0.393,6.0,5,0.300,0.440,5.1,5
4038865,0.300,0.438,5.2,5,0.300,0.440,4.9,4
4038905,0.300,0.438,5.0,4,0.300,0.440,4.7,4
4038945,0.300,0.438,4.8,4,0.300,0.440,4.4,4
4038985,0.300,0.438,4.6,4,0.300,0.434,4.3,4
4039025,0.300,0.000,10.3,10,0.300,0.434,4.1,4
4039065,0.300,0.113,9.2,9,0.300,0.434,3.9,3
4039105,0.300,0.113,9.5,9,0.300,0.434,3.6,3
4039145,0.300,0.113,9.8,9,0.300,0.000,9.0,8
4039185,0.300,0.113,10.1,10,0.300,0.000,9.5,9
4039225,0.300,0.000,12.0,11,0.300,0.000,10.0,9
4039265,0.300,0.119,10.8,10,0.300,0.093,9.2,9
4039305,0.300,0.119,11.1,11,0.300,0.093,9.5,9
4039345,0.300,0.119,11.4,11,0.300,0.276,7.5,7
4039385,0.300,0.292,9.4,9,0.300,0.276,7.5,7
4039425,0.300,0.292,9.4,9,0.300,0.276,7.6,7
4039465,0.300,0.292,9.4,9,0.300,0.441,5.4,5
4039505,0.300,0.408,7.8,7,0.300,0.441,5.1,5
4039545,0.300,0.408,7.6,7,0.300,0.533,3.7,3
4039585,0.300,0.495,6.4,6,0.300,0.533,3.3,3
4039625,0.300,0.495,6.0,6,0.300,0.533,3.0,2
4039665,0.300,0.495,5.7,5,0.300,0.552,2.4,2
4039705,0.300,0.495,5.4,5,0.300,0.552,2.0,1
4039745,0.300,0.480,5.3,5,0.300,0.552,1.6,1
4039785,0.300,0.480,5.0,5,0.300,0.552,1.2,1
4039825,0.300,0.480,4.7,4,0.300,0.000,7.8,7
4039865,0.300,0.480,4.4,4,0.300,0.000,8.3,8
4039905,0.300,0.000,10.3,10,0.300,0.104,7.4,7
4039945,0.300,0.000,10.8,10,0.300,0.104,7.7,7
4039985,0.300,0.000,11.3,11,0.300,0.104,8.0,7
4040025,0.300,0.082,10.7,10,0.300,0.104,8.3,8
4040065,0.300,0.082,11.0,11,0.300,0.000,10.0,10
4040105,0.300,0.082,11.4,11,0.300,0.121,8.9,8
4040145,0.300,0.082,11.7,11,0.300,0.121,9.2,9
4040185,0.300,0.233,10.0,10,0.300,0.121,9.4,9
4040225,0.300,0.233,10.1,10,0.300,0.121,9.7,9
4040265,0.300,0.415,7.9,7,0.300,0.232,8.5,8
4040305,0.300,0.415,7.7,7,0.300,0.232,8.6,8
4040345,0.300,0.547,5.8,5,0.300,0.232,8.7,8
4040385,0.300,0.547,5.4,5,0.300,0.232,8.8,8
4040425,0.300,0.640,3.9,3,0.300,0.144,10.3,10
4040465,0.300,0.640,3.3,3,0.300,0.144,10.5,10
4040505,0.300,0.640,2.8,2,0.300,0.144,10.7,10
4040545,0.300,0.649,2.1,2,0.300,0.144,11.0,10
4040585,0.300,0.649,1.5,1,0.300,0.266,9.6,9
4040625,0.300,0.649,1.0,0,0.300,0.266,9.6,9
4040665,0.300,0.649,0.4,0,0.300,0.266,9.7,9
4040705,0.300,0.580,0.8,0,0.300,0.266,9.8,9
4040745,0.300,0.580,0.4,0,0.300,0.318,9.1,9
4040785,0.300,0.580,0.0,0,0.300,0.318,9.1,9
4040825,0.300,0.580,0.0,0,0.300,0.318,9.0,9
4040865,0.300,0.000,7.4,7,0.300,0.318,9.0,9
4040905,0.300,0.000,7.8,7,0.300,0.000,13.3,13
4040945,0.300,0.102,6.9,6,0.300,0.106,12.4,12
4040985,0.300,0.102,7.2,7,0.300,0.106,12.7,12
4041025,0.000,0.102,0.0,0,0.000,0.106,0.0,0
4041065,0.000,0.102,0.0,0,0.000,0.106,0.0,0
4041105,0.000,0.129,0.0,0,0.000,0.000,0.0,0
4041145,0.000,0.129,0.0,0,0.000,0.000,0.0,0
4041185,0.000,0.129,0.0,0,0.000,0.000,0.0,0
4041225,0.000,0.129,0.0,0,0.000,0.000,0.0,0
4041265,0.000,0.000,0.0,0,0.000,0.000,0.0,0
4041305,0.000,0.000,0.0,0,0.000,0.000,0.0,0
4041345,0.000,0.000,0.0,0,0.000,0.000,0.0,0
4041385,0.000,0.000,0.0,0,0.000,0.000,0.0,0
4041425,0.000,0.000,0.0,0,0.000,0.000,0.0,0
4041465,0.000,0.000,0.0,0,0.000,0.000,0.0,0
4041505,0.000,0.000,0.0,0,0.000,0.000,0.0,0
4041545,0.000,0.000,0.0,0,0.000,0.000,0.0,0
4041585,0.000,0.000,0.0,0,0.000,0.000,0.0,0
4041625,0.000,0.000,0.0,0,0.000,0.000,0.0,0
4041665,0.000,0.000,0.0,0,0.000,0.000,0.0,0
4041705,0.000,0.000,0.0,0,0.000,0.000,0.0,0
4041745,0.000,0.000,0.0,0,0.000,0.000,0.0,0
4041785,0.000,0.000,0.0,0,0.000,0.000,0.0,0
4041825,0.000,0.000,0.0,0,0.000,0.000,0.0,0
4041865,0.000,0.000,0.0,0,0.000,0.000,0.0,0
4041905,0.000,0.000,0.0,0,0.000,0.000,0.0,0
4041945,0.000,0.000,0.0,0,0.000,0.000,0.0,0
4041985,0.000,0.000,0.0,0,0.000,0.000,0.0,0
4042025,0.000,0.000,0.0,0,0.000,0.000,0.0,0
4042065,0.000,0.000,0.0,0,0.000,0.000,0.0,0
4042105,0.000,0.000,0.0,0,0.000,0.000,0.0,0
4042145,0.000,0.000,0.0,0,0.000,0.000,0.0,0
4042185,0.000,0.000,0.0,0,0.000,0.000,0.0,0
4042225,0.000,0.000,0.0,0,0.000,0.000,0.0,0
4042265,0.000,0.000,0.0,0,0.000,0.000,0.0,0
4042305,0.000,0.000,0.0,0,0.000,0.000,0.0,0
4042345,0.000,0.000,0.0,0,0.000,0.000,0.0,0
4042385,0.000,0.000,0.0,0,0.000,0.000,0.0,0
4042425,0.000,0.000,0.0,0,0.000,0.000,0.0,0
4042465,0.000,0.000,0.0,0,0.000,0.000,0.0,0
4042505,0.000,0.000,0.0,0,0.000,0.000,0.0,0
4042545,0.000,0.000,0.0,0,0.000,0.000,0.0,0
4042585,0.000,0.000,0.0,0,0.000,0.000,0.0,0
4042625,0.000,0.000,0.0,0,0.000,0.000,0.0,0
4042665,0.000,0.000,0.0,0,0.000,0.000,0.0,0
4042705,0.000,0.000,0.0,0,0.000,0.000,0.0,0
4042745,0.000,0.000,0.0,0,0.000,0.000,0.0,0
4042785,0.000,0.000,0.0,0,0.000,0.000,0.0,0
4042825,0.000,0.000,0.0,0,0.000,0.000,0.0,0
4042865,0.000,0.000,0.0,0,0.000,0.000,0.0,0
4042905,0.000,0.000,0.0,0,0.000,0.000,0.0,0
4042945,0.000,0.000,0.0,0,0.000,0.000,0.0,0
4042985,0.000,0.000,0.0,0,0.000,0.000,0.0,0
4043025,0.000,0.000,0.0,0,0.000,0.000,0.0,0
4043065,0.000,0.000,0.0,0,0.000,0.000,0.0,0
4043105,0.000,0.000,0.0,0,0.000,0.000,0.0,0
4043145,0.000,0.000,0.0,0,0.000,0.000,0.0,0
4043185,0.000,0.000,0.0,0,0.000,0.000,0.0,0
4043225,0.000,0.000,0.0,0,0.000,0.000,0.0,0
4043265,0.000,0.000,0.0,0,0.000,0.000,0.0,0
4043305,0.000,0.000,0.0,0,0.000,0.000,0.0,0
4043345,0.000,0.000,0.0,0,0.000,0.000,0.0,0
4043385,0.000,0.000,0.0,0,0.000,0.000,0.0,0
4043425,0.000,0.000,0.0,0,0.000,0.000,0.0,0
4043465,0.000,0.000,0.0,0,0.000,0.000,0.0,0
4043505,0.000,0.000,0.0,0,0.000,0.000,0.0,0
4043545,0.000,0.000,0.0,0,0.000,0.000,0.0,0
4043585,0.000,0.000,0.0,0,0.000,0.000,0.0,0
4043625,0.000,0.000,0.0,0,0.000,0.000,0.0,0
4043665,0.000,0.000,0.0,0,0.000,0.000,0.0,0
4043705,0.000,0.000,0.0,0,0.000,0.000,0.0,0
4043745,0.000,0.000,0.0,0,0.000,0.000,0.0,0
4043785,0.000,0.000,0.0,0,0.000,0.000,0.0,0
4043825,0.000,0.000,0.0,0,0.000,0.000,0.0,0
4043865,0.000,0.000,0.0,0,0.000,0.000,0.0,0
4043905,0.000,0.000,0.0,0,0.000,0.000,0.0,0
4043945,0.000,0.000,0.0,0,0.000,0.000,0.0,0
4043985,0.000,0.000,0.0,0,0.000,0.000,0.0,0
4044025,0.000,0.000,0.0,0,0.000,0.000,0.0,0
4044065,0.000,0.000,0.0,0,0.000,0.000,0.0,0
4044105,0.000,0.000,0.0,0,0.000,0.000,0.0,0
4044145,0.000,0.000,0.0,0,0.000,0.000,0.0,0
4044185,0.000,0.000,0.0,0,0.000,0.000,0.0,0
4044225,0.000,0.000,0.0,0,0.000,0.000,0.0,0
4044265,0.000,0.000,0.0,0,0.000,0.000,0.0,0
4044305,0.000,0.000,0.0,0,0.000,0.000,0.0,0
4044345,0.000,0.000,0.0,0,0.000,0.000,0.0,0
4044385,0.000,0.000,0.0,0,0.000,0.000,0.0,0
4044425,0.000,0.000,0.0,0,0.000,0.000,0.0,0
4044465,0.000,0.000,0.0,0,0.000,0.000,0.0,0
4044505,0.000,0.000,0.0,0,0.000,0.000,0.0,0
4044545,0.000,0.000,0.0,0,0.000,0.000,0.0,0
4044585,0.000,0.000,0.0,0,0.000,0.000,0.0,0
4044625,0.000,0.000,0.0,0,0.000,0.000,0.0,0
4044665,0.000,0.000,0.0,0,0.000,0.000,0.0,0
4044705,0.000,0.000,0.0,0,0.000,0.000,0.0,0
4044745,0.000,0.000,0.0,0,0.000,0.000,0.0,0
4044785,0.000,0.000,0.0,0,0.000,0.000,0.0,0
4044825,0.000,0.000,0.0,0,0.000,0.000,0.0,0
4044865,0.000,0.000,0.0,0,0.000,0.000,0.0,0
4044905,0.000,0.000,0.0,0,0.000,0.000,0.0,0
4044945,0.000,0.000,0.0,0,0.000,0.000,0.0,0
4044985,0.000,0.000,0.0,0,0.000,0.000,0.0,0
4045025,0.000,0.000,0.0,0,0.000,0.000,0.0,0
4045065,0.000,0.000,0.0,0,0.000,0.000,0.0,0
4045105,0.000,0.000,0.0,0,0.000,0.000,0.0,0
4045145,3.846,0.000,52.3,24,3.846,0.000,52.3,24
4045185,3.846,0.000,58.5,48,3.846,0.000,58.5,48
4045225,3.846,0.006,64.5,64,3.846,0.006,64.5,64
4045265,3.846,1.204,55.3,55,3.846,1.446,51.7,51
4045305,3.846,3.611,27.6,27,3.846,2.399,42.9,42
4045345,3.846,3.558,28.6,28,3.846,2.856,39.2,39
4045385,3.846,3.627,28.2,28,3.846,3.240,35.7,35
4045425,3.846,3.898,24.9,24,3.846,3.544,32.7,32
4045465,3.846,4.161,21.3,21,3.846,3.752,30.4,30
4045505,3.846,4.415,17.5,17,3.846,3.930,28.1,28
4045545,3.846,4.296,18.2,18,3.846,3.826,29.3,29
4045585,3.846,4.060,20.7,20,3.846,3.803,29.7,29
4045625,3.846,3.983,21.3,21,3.846,3.679,31.4,31
4045665,3.846,4.078,19.8,19,3.846,3.692,31.5,31
4045705,3.846,4.216,17.7,17,3.846,3.883,29.2,29
4045745,3.846,4.080,19.0,19,3.846,3.832,29.9,29
4045785,3.846,3.993,19.7,19,3.846,3.704,31.6,31
4045825,3.846,3.839,21.4,21,3.846,3.635,32.6,32
4045865,3.846,4.119,17.7,17,3.846,3.848,30.2,30
4045905,3.846,4.132,17.3,17,3.846,3.736,31.7,31
4045945,3.846,4.136,16.9,16,3.846,3.876,29.9,29
4045985,3.846,4.001,18.1,18,3.846,3.827,30.5,30
4046025,3.846,4.110,16.5,16,3.846,3.762,31.5,31
4046065,3.846,3.936,18.5,18,3.846,3.590,33.9,33
4046105,3.846,3.787,20.3,20,3.846,3.783,31.8,31
4046145,3.846,4.034,17.0,17,3.846,3.819,31.5,31
4046185,3.846,4.049,16.6,16,3.846,3.821,31.4,31
4046225,3.846,3.909,18.2,18,3.846,3.691,33.0,33
4046265,3.846,3.856,18.7,18,3.846,3.822,31.6,31
4046305,3.846,3.983,17.0,17,3.846,3.671,33.7,33
4046345,3.846,3.937,17.5,17,3.846,3.724,33.2,33
4046385,3.846,3.885,18.1,18,3.846,3.948,30.5,30
4046425,3.846,3.891,17.9,17,3.846,3.740,33.1,33
4046465,3.846,3.944,17.1,17,3.846,3.698,33.7,33
4046505,3.846,3.800,18.9,18,3.846,3.582,35.4,35
4046545,3.846,3.771,19.5,19,3.846,3.732,33.9,33
4046585,3.846,3.798,19.2,19,3.846,3.677,34.9,34
4046625,3.846,3.953,17.2,17,3.846,3.766,33.8,33
4046665,3.846,3.898,17.8,17,3.846,3.867,32.7,32
4046705,3.846,3.810,18.9,18,3.846,3.717,34.7,34
4046745,3.846,3.703,20.4,20,3.846,3.635,35.9,35
4046785,3.846,3.756,19.9,19,3.846,3.601,36.7,36
4046825,3.846,3.785,19.7,19,3.846,3.723,35.4,35
4046865,3.846,3.768,20.0,19,3.846,3.734,35.6,35
4046905,3.846,3.792,19.8,19,3.846,3.686,36.3,36
4046945,3.846,3.810,19.6,19,3.846,3.795,35.1,35
4046985,3.846,3.864,19.0,18,3.846,3.795,35.2,35
4047025,3.846,3.798,19.8,19,3.846,3.833,34.9,34
4047065,3.846,3.852,19.2,19,3.846,3.782,35.5,35
4047105,3.846,3.800,19.8,19,3.846,3.820,35.1,35
4047145,3.846,3.883,18.8,18,3.846,3.821,35.2,35
4047185,3.846,3.776,20.2,20,3.846,3.715,36.6,36
4047225,3.846,3.799,19.9,19,3.846,3.771,36.1,36
4047265,3.846,3.821,19.7,19,3.846,3.799,35.8,35
4047305,3.846,4.043,16.8,16,3.846,3.989,33.4,33
4047345,3.846,3.932,18.0,18,3.846,3.969,33.5,33
4047385,3.846,3.953,17.5,17,3.846,3.891,34.4,34
4047425,3.846,3.863,18.4,18,3.846,3.840,34.8,34
4047465,3.846,4.075,15.6,15,3.846,4.012,32.6,32
4047505,3.846,3.987,16.6,16,3.846,3.939,33.5,33
4047545,3.846,4.020,15.8,15,3.846,3.815,35.0,34
4047585,3.846,3.939,16.5,16,3.846,3.917,33.6,33
4047625,3.846,4.184,13.2,13,3.846,4.031,32.0,32
4047665,3.846,4.118,13.6,13,3.846,3.983,32.4,32
4047705,3.846,3.978,15.0,15,3.846,3.932,32.8,32
4047745,3.846,4.171,12.1,12,3.846,4.117,30.2,30
4047785,3.846,4.259,10.4,10,3.846,4.123,29.8,29
4047825,3.846,4.065,12.4,12,3.846,3.947,31.7,31
4047865,3.846,4.027,12.4,12,3.846,3.872,32.4,32
4047905,3.846,3.974,12.7,12,3.846,4.005,30.7,30
4047945,3.846,4.130,10.5,10,3.846,3.923,31.6,31
4047985,3.846,4.043,11.3,11,3.846,3.814,33.0,32
4048025,3.846,3.965,12.0,12,3.846,3.870,32.1,32
4048065,3.846,3.940,12.1,12,3.846,4.023,30.1,30
4048105,3.846,3.948,11.9,11,3.846,3.860,32.1,32
4048145,3.846,3.836,13.2,13,3.846,3.693,34.3,34
4048185,3.846,3.775,14.1,14,3.846,3.740,33.9,33
4048225,3.846,3.753,14.5,14,3.846,3.893,32.0,32
4048265,3.846,3.809,13.8,13,3.846,3.807,33.2,33
4048305,3.846,3.803,14.0,14,3.846,3.809,33.1,33
4048345,3.846,3.716,15.2,15,3.846,3.751,33.9,33
4048385,3.846,3.749,15.0,14,3.846,3.832,33.0,32
4048425,3.846,3.764,14.9,14,3.846,3.813,33.3,33
4048465,3.846,3.778,14.9,14,3.846,3.760,34.0,34
4048505,3.846,3.679,16.3,16,3.846,3.817,33.4,33
4048545,3.846,3.657,16.8,16,3.846,3.757,34.2,34
4048585,3.846,3.699,16.6,16,3.846,3.746,34.6,34
4048625,3.846,3.650,17.5,17,3.846,3.712,35.2,35
4048665,3.846,3.739,16.6,16,3.846,3.834,33.8,33
4048705,3.846,3.770,16.3,16,3.846,3.852,33.6,33
4048745,3.846,3.857,15.3,15,3.846,3.885,33.2,33
4048785,3.846,3.733,16.9,16,3.846,3.816,34.0,34
4048825,3.846,3.722,17.2,17,3.846,3.842,33.7,33
4048865,3.846,3.845,15.8,15,3.846,3.938,32.4,32
4048905,3.846,3.912,15.0,15,3.846,3.899,32.9,32
4048945,3.846,3.758,17.0,17,3.846,3.812,34.0,33
4048985,3.846,3.738,17.3,17,3.846,3.774,34.4,34
4049025,3.846,3.871,15.8,15,3.846,3.961,32.1,32
4049065,3.846,3.837,16.3,16,3.846,3.895,32.9,32
4049105,3.846,3.792,16.9,16,3.846,3.855,33.5,33
4049145,0.000,3.752,0.0,0,0.000,3.889,0.0,0
4049185,0.000,3.872,0.0,0,0.000,3.921,0.0,0
4049225,0.000,3.530,0.0,0,0.000,3.609,0.0,0
4049265,0.000,3.428,0.0,0,0.000,3.533,0.0,0
4049305,0.000,3.453,0.0,0,0.000,3.455,0.0,0
4049345,0.000,3.283,0.0,0,0.000,3.203,0.0,0
4049385,0.000,3.221,0.0,0,0.000,3.110,0.0,0
4049425,0.000,2.829,0.0,0,0.000,2.879,0.0,0
4049465,0.000,2.777,0.0,0,0.000,2.751,0.0,0
4049505,0.000,2.684,0.0,0,0.000,2.549,0.0,0
4049545,0.000,2.417,0.0,0,0.000,2.466,0.0,0
4049585,0.000,2.393,0.0,0,0.000,2.470,0.0,0
4049625,0.000,2.198,0.0,0,0.000,2.261,0.0,0
4049665,0.000,2.039,0.0,0,0.000,2.028,0.0,0
4049705,0.000,1.922,0.0,0,0.000,2.028,0.0,0
4049745,0.000,1.684,0.0,0,0.000,1.776,0.0,0
4049785,0.000,1.684,0.0,0,0.000,1.601,0.0,0
4049825,0.000,1.512,0.0,0,0.000,1.601,0.0,0
4049865,0.000,1.512,0.0,0,0.000,1.457,0.0,0
4049905,0.000,1.305,0.0,0,0.000,1.457,0.0,0
4049945,0.000,1.305,0.0,0,0.000,1.457,0.0,0
4049985,0.000,1.305,0.0,0,0.000,1.457,0.0,0
4050025,0.000,1.305,0.0,0,0.000,0.000,0.0,0
4050065,0.000,0.000,0.0,0,0.000,0.000,0.0,0
4050105,0.000,0.000,0.0,0,0.000,0.000,0.0,0
4050145,0.000,0.000,0.0,0,0.000,0.000,0.0,0
4050185,0.000,0.000,0.0,0,0.000,0.000,0.0,0
4050225,0.000,0.000,0.0,0,0.000,0.000,0.0,0
4050265,0.000,0.000,0.0,0,0.000,0.000,0.0,0
4050305,0.000,0.000,0.0,0,0.000,0.000,0.0,0
4050345,0.000,0.000,0.0,0,0.000,0.000,0.0,0
4050385,0.000,0.000,0.0,0,0.000,0.000,0.0,0
4050425,0.000,0.000,0.0,0,0.000,0.000,0.0,0
4050465,0.000,0.000,0.0,0,0.000,0.000,0.0,0
4050505,0.000,0.000,0.0,0,0.000,0.000,0.0,0
4050545,0.000,0.000,0.0,0,0.000,0.000,0.0,0
4050585,0.000,0.000,0.0,0,0.000,0.000,0.0,0
4050625,0.000,0.000,0.0,0,0.000,0.000,0.0,0
4050665,0.000,0.000,0.0,0,0.000,0.000,0.0,0
4050705,0.000,0.000,0.0,0,0.000,0.000,0.0,0
4050745,0.000,0.000,0.0,0,0.000,0.000,0.0,0
4050785,0.000,0.000,0.0,0,0.000,0.000,0.0,0
4050825,0.000,0.000,0.0,0,0.000,0.000,0.0,0
4050865,0.000,0.000,0.0,0,0.000,0.000,0.0,0
4050905,0.000,0.000,0.0,0,0.000,0.000,0.0,0
4050945,0.000,0.000,0.0,0,0.000,0.000,0.0,0
4050985,0.000,0.000,0.0,0,0.000,0.000,0.0,0
4051025,0.000,0.000,0.0,0,0.000,0.000,0.0,0
4051065,0.000,0.000,0.0,0,0.000,0.000,0.0,0
4051105,0.000,0.000,0.0,0,0.000,0.000,0.0,0
4051145,0.000,0.000,0.0,0,0.000,0.000,0.0,0
4051185,0.000,0.000,0.0,0,0.000,0.000,0.0,0
4051225,0.000,0.000,0.0,0,0.000,0.000,0.0,0
4051265,0.000,0.000,0.0,0,0.000,0.000,0.0,0
4051305,0.000,0.000,0.0,0,0.000,0.000,0.0,0
4051345,0.000,0.000,0.0,0,0.000,0.000,0.0,0
4051385,0.000,0.000,0.0,0,0.000,0.000,0.0,0
4051425,0.000,0.000,0.0,0,0.000,0.000,0.0,0
4051465,0.000,0.000,0.0,0,0.000,0.000,0.0,0
4051505,0.000,0.000,0.0,0,0.000,0.000,0.0,0
4051545,0.000,0.000,0.0,0,0.000,0.000,0.0,0
4051585,0.000,0.000,0.0,0,0.000,0.000,0.0,0
4051625,0.000,0.000,0.0,0,0.000,0.000,0.0,0
4051665,0.000,0.000,0.0,0,0.000,0.000,0.0,0
4051705,0.000,0.000,0.0,0,0.000,0.000,0.0,0
4051745,0.000,0.000,0.0,0,0.000,0.000,0.0,0
4051785,0.000,0.000,0.0,0,0.000,0.000,0.0,0
4051825,0.000,0.000,0.0,0,0.000,0.000,0.0,0
4051865,0.000,0.000,0.0,0,0.000,0.000,0.0,0
4051905,0.000,0.000,0.0,0,0.000,0.000,0.0,0
4051945,0.000,0.000,0.0,0,0.000,0.000,0.0,0
4051985,0.000,0.000,0.0,0,0.000,0.000,0.0,0
4052025,0.000,0.000,0.0,0,0.000,0.000,0.0,0
4052065,0.000,0.000,0.0,0,0.000,0.000,0.0,0
4052105,0.000,0.000,0.0,0,0.000,0.000,0.0,0
4052145,0.000,0.000,0.0,0,0.000,0.000,0.0,0
4052185,0.000,0.000,0.0,0,0.000,0.000,0.0,0
4052225,0.000,0.000,0.0,0,0.000,0.000,0.0,0
4052265,0.000,0.000,0.0,0,0.000,0.000,0.0,0
4052305,0.000,0.000,0.0,0,0.000,0.000,0.0,0
4052345,0.000,0.000,0.0,0,0.000,0.000,0.0,0
4052385,0.000,0.000,0.0,0,0.000,0.000,0.0,0
4052425,0.000,0.000,0.0,0,0.000,0.000,0.0,0
4052465,0.000,0.000,0.0,0,0.000,0.000,0.0,0
4052505,0.000,0.000,0.0,0,0.000,0.000,0.0,0
4052545,0.000,0.000,0.0,0,0.000,0.000,0.0,0
4052585,0.000,0.000,0.0,0,0.000,0.000,0.0,0
4052625,0.000,0.000,0.0,0,0.000,0.000,0.0,0
4052665,0.000,0.000,0.0,0,0.000,0.000,0.0,0
4052705,0.000,0.000,0.0,0,0.000,0.000,0.0,0
4052745,0.000,0.000,0.0,0,0.000,0.000,0.0,0
4052785,0.000,0.000,0.0,0,0.000,0.000,0.0,0
4052825,0.000,0.000,0.0,0,0.000,0.000,0.0,0
4052865,0.000,0.000,0.0,0,0.000,0.000,0.0,0
4052905,0.000,0.000,0.0,0,0.000,0.000,0.0,0
4052945,0.000,0.000,0.0,0,0.000,0.000,0.0,0
4052985,0.000,0.000,0.0,0,0.000,0.000,0.0,0
4053025,0.000,0.000,0.0,0,0.000,0.000,0.0,0
4053065,0.000,0.000,0.0,0,0.000,0.000,0.0,0
4053105,0.000,0.000,0.0,0,0.000,0.000,0.0,0
4053145,0.000,0.000,0.0,0,0.000,0.000,0.0,0
4053185,0.000,0.000,0.0,0,0.000,0.000,0.0,0
4053225,0.000,0.000,0.0,0,0.000,0.000,0.0,0
4053265,0.000,0.000,0.0,0,0.000,0.000,0.0,0
4053305,0.000,0.000,0.0,0,0.000,0.000,0.0,0
4053345,0.000,0.000,0.0,0,0.000,0.000,0.0,0
4053385,0.000,0.000,0.0,0,0.000,0.000,0.0,0
4053425,0.000,0.000,0.0,0,0.000,0.000,0.0,0
4053465,0.000,0.000,0.0,0,0.000,0.000,0.0,0
4053505,0.000,0.000,0.0,0,0.000,0.000,0.0,0
4053545,0.000,0.000,0.0,0,0.000,0.000,0.0,0
4053585,0.000,0.000,0.0,0,0.000,0.000,0.0,0
4053625,0.000,0.000,0.0,0,0.000,0.000,0.0,0
4053665,0.000,0.000,0.0,0,0.000,0.000,0.0,0
4053705,0.000,0.000,0.0,0,0.000,0.000,0.0,0
4053745,0.000,0.000,0.0,0,0.000,0.000,0.0,0
4053785,0.000,0.000,0.0,0,0.000,0.000,0.0,0
4053825,0.000,0.000,0.0,0,0.000,0.000,0.0,0
4053865,0.000,0.000,0.0,0,0.000,0.000,0.0,0
4053905,0.000,0.000,0.0,0,0.000,0.000,0.0,0
4053945,0.000,0.000,0.0,0,0.000,0.000,0.0,0
4053985,0.000,0.000,0.0,0,0.000,0.000,0.0,0
4054025,0.000,0.000,0.0,0,0.000,0.000,0.0,0
4054065,0.000,0.000,0.0,0,0.000,0.000,0.0,0
4054105,0.000,0.000,0.0,0,0.000,0.000,0.0,0
4054145,0.000,0.000,0.0,0,0.000,0.000,0.0,0
4054185,0.000,0.000,0.0,0,0.000,0.000,0.0,0
4054225,0.000,0.000,0.0,0,0.000,0.000,0.0,0
4054265,0.000,0.000,0.0,0,0.000,0.000,0.0,0
4054305,0.000,0.000,0.0,0,0.000,0.000,0.0,0
4054345,0.000,0.000,0.0,0,0.000,0.000,0.0,0
4054385,0.000,0.000,0.0,0,0.000,0.000,0.0,0
4054425,0.000,0.000,0.0,0,0.000,0.000,0.0,0
4054465,0.000,0.000,0.0,0,0.000,0.000,0.0,0
4054505,0.000,0.000,0.0,0,0.000,0.000,0.0,0
4054545,0.000,0.000,0.0,0,0.000,0.000,0.0,0
4054585,0.000,0.000,0.0,0,0.000,0.000,0.0,0
4054625,0.000,0.000,0.0,0,0.000,0.000,0.0,0
4054665,0.000,0.000,0.0,0,0.000,0.000,0.0,0
4054705,0.000,0.000,0.0,0,0.000,0.000,0.0,0
4054745,0.000,0.000,0.0,0,0.000,0.000,0.0,0
4054785,0.000,0.000,0.0,0,0.000,0.000,0.0,0
4054825,0.000,0.000,0.0,0,0.000,0.000,0.0,0
4054865,0.000,0.000,0.0,0,0.000,0.000,0.0,0
4054905,0.000,0.000,0.0,0,0.000,0.000,0.0,0
4054945,0.000,0.000,0.0,0,0.000,0.000,0.0,0
4054985,0.000,0.000,0.0,0,0.000,0.000,0.0,0
4055025,0.000,0.000,0.0,0,0.000,0.000,0.0,0
4055065,0.000,0.000,0.0,0,0.000,0.000,0.0,0
4055105,0.000,0.000,0.0,0,0.000,0.000,0.0,0
4055145,0.000,0.000,0.0,0,0.000,0.000,0.0,0
4055185,0.000,0.000,0.0,0,0.000,0.000,0.0,0
4055225,0.000,0.000,0.0,0,0.000,0.000,0.0,0
4055265,0.000,0.000,0.0,0,0.000,0.000,0.0,0
4055305,0.000,0.000,0.0,0,0.000,0.000,0.0,0
4055345,0.000,0.000,0.0,0,0.000,0.000,0.0,0
4055385,0.000,0.000,0.0,0,0.000,0.000,0.0,0
4055425,0.000,0.000,0.0,0,0.000,0.000,0.0,0
4055465,0.000,0.000,0.0,0,0.000,0.000,0.0,0
4055505,0.000,0.000,0.0,0,0.000,0.000,0.0,0
4055545,0.000,0.000,0.0,0,0.000,0.000,0.0,0
4055585,0.000,0.000,0.0,0,0.000,0.000,0.0,0
4055625,0.000,0.000,0.0,0,0.000,0.000,0.0,0
4055665,0.000,0.000,0.0,0,0.000,0.000,0.0,0
4055705,0.000,0.000,0.0,0,0.000,0.000,0.0,0
4055745,0.000,0.000,0.0,0,0.000,0.000,0.0,0
4055785,0.000,0.000,0.0,0,0.000,0.000,0.0,0
4055825,0.000,0.000,0.0,0,0.000,0.000,0.0,0
4055865,0.000,0.000,0.0,0,0.000,0.000,0.0,0
4055905,0.000,0.000,0.0,0,0.000,0.000,0.0,0
4055945,0.000,0.000,0.0,0,0.000,0.000,0.0,0
4055985,0.000,0.000,0.0,0,0.000,0.000,0.0,0
4056025,0.000,0.000,0.0,0,0.000,0.000,0.0,0
4056065,0.000,0.000,0.0,0,0.000,0.000,0.0,0
4056105,0.000,0.000,0.0,0,0.000,0.000,0.0,0
4056145,0.000,0.000,0.0,0,0.000,0.000,0.0,0
4056185,0.000,0.000,0.0,0,0.000,0.000,0.0,0
4056225,0.000,0.000,0.0,0,0.000,0.000,0.0,0
4056265,0.000,0.000,0.0,0,0.000,0.000,0.0,0
4056305,0.000,0.000,0.0,0,0.000,0.000,0.0,0
4056345,0.000,0.000,0.0,0,0.000,0.000,0.0,0
4056385,0.000,0.000,0.0,0,0.000,0.000,0.0,0
4056425,0.000,0.000,0.0,0,0.000,0.000,0.0,0
4056465,0.000,0.000,0.0,0,0.000,0.000,0.0,0
4056505,0.000,0.000,0.0,0,0.000,0.000,0.0,0
4056545,0.000,0.000,0.0,0,0.000,0.000,0.0,0
4056585,0.000,0.000,0.0,0,0.000,0.000,0.0,0
4056625,0.000,0.000,0.0,0,0.000,0.000,0.0,0
4056665,0.000,0.000,0.0,0,0.000,0.000,0.0,0
4056705,0.000,0.000,0.0,0,0.000,0.000,0.0,0
4056745,0.000,0.000,0.0,0,0.000,0.000,0.0,0
4056785,0.000,0.000,0.0,0,0.000,0.000,0.0,0
4056825,0.000,0.000,0.0,0,0.000,0.000,0.0,0
4056865,0.000,0.000,0.0,0,0.000,0.000,0.0,0
4056905,0.000,0.000,0.0,0,0.000,0.000,0.0,0
4056945,0.000,0.000,0.0,0,0.000,0.000,0.0,0
4056985,0.000,0.000,0.0,0,0.000,0.000,0.0,0
4057025,0.000,0.000,0.0,0,0.000,0.000,0.0,0
4057065,0.000,0.000,0.0,0,0.000,0.000,0.0,0
4057105,0.000,0.000,0.0,0,0.000,0.000,0.0,0
4057145,0.000,0.000,0.0,0,0.000,0.000,0.0,0
4057185,0.000,0.000,0.0,0,0.000,0.000,0.0,0
4057225,0.000,0.000,0.0,0,0.000,0.000,0.0,0
4057265,0.000,0.000,0.0,0,0.000,0.000,0.0,0
4057305,0.000,0.000,0.0,0,0.000,0.000,0.0,0
4057345,0.000,0.000,0.0,0,0.000,0.000,0.0,0
4057385,0.000,0.000,0.0,0,0.000,0.000,0.0,0
4057425,0.000,0.000,0.0,0,0.000,0.000,0.0,0
4057465,0.000,0.000,0.0,0,0.000,0.000,0.0,0
4057505,0.000,0.000,0.0,0,0.000,0.000,0.0,0
4057545,0.000,0.000,0.0,0,0.000,0.000,0.0,0
4057585,0.000,0.000,0.0,0,0.000,0.000,0.0,0
4057625,0.000,0.000,0.0,0,0.000,0.000,0.0,0
4057665,0.000,0.000,0.0,0,0.000,0.000,0.0,0
4057705,0.000,0.000,0.0,0,0.000,0.000,0.0,0
4057745,0.000,0.000,0.0,0,0.000,0.000,0.0,0
4057785,0.000,0.000,0.0,0,0.000,0.000,0.0,0
4057825,0.000,0.000,0.0,0,0.000,0.000,0.0,0
4057865,0.000,0.000,0.0,0,0.000,0.000,0.0,0
4057905,0.000,0.000,0.0,0,0.000,0.000,0.0,0
4057945,0.000,0.000,0.0,0,0.000,0.000,0.0,0
4057985,0.000,0.000,0.0,0,0.000,0.000,0.0,0
4058025,0.000,0.000,0.0,0,0.000,0.000,0.0,0
4058065,0.000,0.000,0.0,0,0.000,0.000,0.0,0
4058105,0.000,0.000,0.0,0,0.000,0.000,0.0,0
4058145,0.000,0.000,0.0,0,0.000,0.000,0.0,0
4058185,0.000,0.000,0.0,0,0.000,0.000,0.0,0
4058225,0.000,0.000,0.0,0,0.000,0.000,0.0,0
4058265,0.000,0.000,0.0,0,0.000,0.000,0.0,0
4058305,0.000,0.000,0.0,0,0.000,0.000,0.0,0
4058345,0.000,0.000,0.0,0,0.000,0.000,0.0,0
4058385,0.000,0.000,0.0,0,0.000,0.000,0.0,0
4058425,0.000,0.000,0.0,0,0.000,0.000,0.0,0
4058465,0.000,0.000,0.0,0,0.000,0.000,0.0,0
4058505,0.000,0.000,0.0,0,0.000,0.000,0.0,0
4058545,0.000,0.000,0.0,0,0.000,0.000,0.0,0
4058585,0.000,0.000,0.0,0,0.000,0.000,0.0,0
4058625,0.000,0.000,0.0,0,0.000,0.000,0.0,0
4058665,0.000,0.000,0.0,0,0.000,0.000,0.0,0
4058705,0.000,0.000,0.0,0,0.000,0.000,0.0,0
4058745,0.000,0.000,0.0,0,0.000,0.000,0.0,0
4058785,0.000,0.000,0.0,0,0.000,0.000,0.0,0
4058825,0.000,0.000,0.0,0,0.000,0.000,0.0,0
4058865,0.000,0.000,0.0,0,0.000,0.000,0.0,0
4058905,0.000,0.000,0.0,0,0.000,0.000,0.0,0
4058945,0.000,0.000,0.0,0,0.000,0.000,0.0,0
4058985,0.000,0.000,0.0,0,0.000,0.000,0.0,0
4059025,0.000,0.000,0.0,0,0.000,0.000,0.0,0
4059065,0.000,0.000,0.0,0,0.000,0.000,0.0,0
4059105,0.000,0.000,0.0,0,0.000,0.000,0.0,0
4059145,0.000,0.000,0.0,0,0.000,0.000,0.0,0
4059185,0.000,0.000,0.0,0,0.000,0.000,0.0,0
4059225,0.000,0.000,0.0,0,0.000,0.000,0.0,0
4059265,0.000,0.000,0.0,0,0.000,0.000,0.0,0
4059305,0.000,0.000,0.0,0,0.000,0.000,0.0,0
4059345,0.000,0.000,0.0,0,0.000,0.000,0.0,0
4059385,0.000,0.000,0.0,0,0.000,0.000,0.0,0
4059425,0.000,0.000,0.0,0,0.000,0.000,0.0,0
4059465,0.000,0.000,0.0,0,0.000,0.000,0.0,0
4059505,0.000,0.000,0.0,0,0.000,0.000,0.0,0
4059545,0.000,0.000,0.0,0,0.000,0.000,0.0,0
4059585,0.000,0.000,0.0,0,0.000,0.000,0.0,0
4059625,0.000,0.000,0.0,0,0.000,0.000,0.0,0
4059665,0.000,0.000,0.0,0,0.000,0.000,0.0,0
4059705,0.000,0.000,0.0,0,0.000,0.000,0.0,0
4059745,0.000,0.000,0.0,0,0.000,0.000,0.0,0
4059785,0.000,0.000,0.0,0,0.000,0.000,0.0,0
4059825,0.000,0.000,0.0,0,0.000,0.000,0.0,0
4059865,0.000,0.000,0.0,0,0.000,0.000,0.0,0
4059905,0.000,0.000,0.0,0,0.000,0.000,0.0,0
4059945,0.000,0.000,0.0,0,0.000,0.000,0.0,0
4059985,0.000,0.000,0.0,0,2.564,0.000,34.9,24
4060025,0.000,0.000,0.0,0,2.564,0.000,39.0,38
4060065,0.000,0.000,0.0,0,2.564,0.002,43.0,43
4060105,0.000,0.000,0.0,0,2.564,0.002,47.1,47
4060145,0.000,0.002,0.0,0,2.564,0.331,47.0,47
4060185,0.000,0.002,0.0,0,2.564,0.796,44.7,44
4060225,0.000,0.377,0.0,0,2.564,1.142,43.1,43
4060265,0.000,0.835,0.0,0,2.564,1.986,34.2,34
4060305,0.000,1.493,0.0,0,2.564,2.124,33.4,33
4060345,0.000,1.788,0.0,0,2.564,2.574,28.2,28
4060385,0.000,1.900,0.0,0,2.564,2.579,28.1,28
4060425,0.000,2.161,0.0,0,2.564,2.835,24.7,24
4060465,0.000,2.176,0.0,0,2.564,2.815,24.6,24
4060505,0.000,2.218,0.0,0,2.564,2.921,22.7,22
4060545,0.000,2.263,0.0,0,2.564,2.805,23.7,23
4060585,0.000,2.176,0.0,0,2.564,2.836,22.9,22
4060625,0.000,2.166,0.0,0,2.564,2.692,24.4,24
4060665,0.000,2.085,0.0,0,2.564,2.702,24.1,24
4060705,0.000,2.083,0.0,0,2.564,2.606,25.1,25
4060745,0.000,2.054,0.0,0,2.564,2.602,25.1,25
4060785,0.000,1.989,0.0,0,2.564,2.520,26.2,26
4060825,0.000,1.991,0.0,0,2.564,2.521,26.2,26
4060865,0.000,1.960,0.0,0,2.564,2.508,26.5,26
4060905,0.000,1.984,0.0,0,2.564,2.526,26.4,26
4060945,0.000,1.991,0.0,0,2.564,2.520,26.6,26
4060985,0.000,1.963,0.0,0,2.564,2.529,26.5,26
4061025,0.000,1.990,0.0,0,2.564,2.527,26.6,26
4061065,0.000,1.978,0.0,0,2.564,2.527,26.7,26
4061105,0.000,2.016,0.0,0,2.564,2.559,26.4,26
4061145,0.000,2.008,0.0,0,2.564,2.574,26.2,26
4061185,0.000,2.008,0.0,0,2.564,2.541,26.6,26
4061225,0.000,2.031,0.0,0,2.564,2.545,26.6,26
4061265,0.000,1.985,0.0,0,2.564,2.489,27.4,27
4061305,0.000,1.942,0.0,0,2.564,2.476,27.6,27
4061345,0.000,1.947,0.0,0,2.564,2.453,28.1,28
4061385,0.000,1.938,0.0,0,2.564,2.489,27.7,27
4061425,0.000,1.975,0.0,0,2.564,2.502,27.7,27
4061465,0.000,1.934,0.0,0,2.564,2.474,28.1,28
4061505,0.000,1.919,0.0,0,2.564,2.487,28.1,28
4061545,0.000,1.987,0.0,0,2.564,2.563,27.2,27
4061585,0.000,1.961,0.0,0,2.564,2.552,27.4,27
4061625,0.000,2.063,0.0,0,2.564,2.567,27.1,27
4061665,0.000,2.011,0.0,0,2.564,2.585,26.9,26
4061705,0.000,1.998,0.0,0,2.564,2.676,25.6,25
4061745,0.000,2.029,0.0,0,2.564,2.513,27.6,27
4061785,0.000,1.956,0.0,0,2.564,2.581,26.8,26
4061825,0.000,1.939,0.0,0,2.564,2.472,28.3,28
4061865,0.000,1.975,0.0,0,2.564,2.572,27.0,27
4061905,0.000,1.918,0.0,0,2.564,2.461,28.5,28
4061945,0.000,2.003,0.0,0,2.564,2.573,27.3,27
4061985,0.000,1.936,0.0,0,2.564,2.480,28.5,28
4062025,0.000,1.959,0.0,0,2.564,2.615,26.9,26
4062065,0.000,2.036,0.0,0,2.564,2.514,28.1,28
4062105,0.000,1.974,0.0,0,2.564,2.632,26.7,26
4062145,0.000,1.972,0.0,0,2.564,2.533,27.9,27
4062185,0.000,2.027,0.0,0,2.564,2.575,27.4,27
4062225,0.000,1.967,0.0,0,2.564,2.597,27.0,27
4062265,0.000,2.040,0.0,0,2.564,2.530,27.9,27
4062305,0.000,1.926,0.0,0,2.564,2.608,26.9,26
4062345,0.000,1.983,0.0,0,2.564,2.509,28.2,28
4062385,0.000,2.038,0.0,0,2.564,2.616,26.8,26
4062425,0.000,1.920,0.0,0,2.564,2.506,28.3,28
4062465,0.000,1.974,0.0,0,2.564,2.605,27.0,27
4062505,0.000,1.931,0.0,0,2.564,2.510,28.3,28
4062545,0.000,1.938,0.0,0,2.564,2.654,26.4,26
4062585,0.000,2.060,0.0,0,2.564,2.540,27.8,27
4062625,0.000,1.979,0.0,0,2.564,2.654,26.3,26
4062665,0.000,1.933,0.0,0,2.564,2.525,27.9,27
4062705,0.000,2.055,0.0,0,2.564,2.645,26.4,26
4062745,0.000,1.992,0.0,0,2.564,2.536,27.8,27
4062785,0.000,2.092,0.0,0,2.564,2.634,26.5,26
4062825,0.000,2.038,0.0,0,2.564,2.546,27.6,27
4062865,0.000,1.987,0.0,0,2.564,2.651,26.3,26
4062905,0.000,2.054,0.0,0,2.564,2.582,27.1,27
4062945,0.000,2.095,0.0,0,2.564,2.685,25.8,25
4062985,0.000,2.075,0.0,0,2.564,2.648,26.1,26
4063025,0.000,2.168,0.0,0,2.564,2.731,24.8,24
4063065,0.000,2.103,0.0,0,2.564,2.693,25.1,25
4063105,0.000,2.117,0.0,0,2.564,2.747,24.2,24
4063145,0.000,2.116,0.0,0,2.564,2.713,24.4,24
4063185,0.000,2.099,0.0,0,2.564,2.639,25.1,25
4063225,0.000,2.155,0.0,0,2.564,2.636,25.0,24
4063265,0.000,2.056,0.0,0,2.564,2.624,25.0,25
4063305,0.000,2.022,0.0,0,2.564,2.568,25.7,25
4063345,0.000,2.074,0.0,0,2.564,2.567,25.7,25
4063385,0.000,2.008,0.0,0,2.564,2.551,26.0,25
4063425,0.000,2.036,0.0,0,2.564,2.548,26.0,26
4063465,0.000,1.966,0.0,0,2.564,2.498,26.7,26
4063505,0.000,1.951,0.0,0,2.564,2.484,27.0,27
4063545,0.000,2.004,0.0,0,2.564,2.537,26.5,26
4063585,0.000,1.982,0.0,0,2.564,2.563,26.2,26
4063625,0.000,2.054,0.0,0,2.564,2.568,26.2,26
4063665,0.000,1.992,0.0,0,2.564,2.552,26.4,26
4063705,0.000,1.999,0.0,0,2.564,2.537,26.6,26
4063745,0.000,2.015,0.0,0,2.564,2.493,27.2,27
4063785,0.000,1.953,0.0,0,2.564,2.456,27.8,27
4063825,0.000,1.964,0.0,0,2.564,2.461,27.9,27
4063865,0.000,1.970,0.0,0,2.564,2.463,28.0,28
4063905,0.000,1.939,0.0,0,2.564,2.458,28.2,28
4063945,0.000,1.976,0.0,0,2.564,2.480,28.1,28
4063985,0.000,1.954,0.0,0,2.564,2.487,28.1,28
4064025,0.000,1.986,0.0,0,2.564,2.521,27.8,27
4064065,0.000,2.001,0.0,0,2.564,2.515,27.9,27
4064105,0.000,1.974,0.0,0,2.564,2.519,27.9,27
4064145,0.000,1.990,0.0,0,2.564,2.598,26.9,26
4064185,0.000,1.970,0.0,0,2.564,2.503,28.2,28
4064225,0.000,2.006,0.0,0,2.564,2.607,26.8,26
4064265,0.000,1.979,0.0,0,2.564,2.482,28.5,28
4064305,0.000,1.938,0.0,0,2.564,2.557,27.6,27
4064345,0.000,1.935,0.0,0,2.564,2.399,29.7,29
4064385,0.000,1.903,0.0,0,2.564,2.495,28.7,28
4064425,0.000,1.896,0.0,0,2.564,2.441,29.6,29
4064465,0.000,1.954,0.0,0,2.564,2.559,28.3,28
4064505,0.000,1.935,0.0,0,2.564,2.527,28.7,28
4064545,0.000,1.981,0.0,0,2.564,2.602,27.9,27
4064585,0.000,1.975,0.0,0,2.564,2.610,27.7,27
4064625,0.000,1.985,0.0,0,2.564,2.632,27.4,27
4064665,0.000,2.089,0.0,0,2.564,2.699,26.4,26
4064705,0.000,2.053,0.0,0,2.564,2.652,26.8,26
4064745,0.000,2.067,0.0,0,2.564,2.701,26.0,26
4064785,0.000,1.980,0.0,0,2.564,2.541,28.0,27
4064825,0.000,1.955,0.0,0,2.564,2.637,26.7,26
4064865,0.000,2.011,0.0,0,2.564,2.553,27.7,27
4064905,0.000,1.987,0.0,0,2.564,2.682,26.0,26
4064945,0.000,2.012,0.0,0,2.564,2.588,27.1,27
4064985,0.000,2.069,0.0,0,2.564,2.705,25.5,25
4065025,0.000,1.996,0.0,0,2.564,2.573,27.0,27
4065065,0.000,2.057,0.0,0,2.564,2.707,25.2,25
4065105,0.000,1.987,0.0,0,2.564,2.591,26.5,26
4065145,0.000,2.009,0.0,0,2.564,2.596,26.3,26
4065185,0.000,2.061,0.0,0,2.564,2.589,26.4,26
4065225,0.000,1.985,0.0,0,2.564,2.670,25.2,25
4065265,0.000,2.014,0.0,0,2.564,2.518,27.1,27
4065305,0.000,1.918,0.0,0,2.564,2.598,26.1,26
4065345,0.000,1.972,0.0,0,2.564,2.517,27.1,27
4065385,0.000,2.050,0.0,0,2.564,2.614,25.9,25
4065425,0.000,1.942,0.0,0,2.564,2.552,26.6,26
4065465,0.000,2.017,0.0,0,2.564,2.617,25.8,25
4065505,0.000,2.088,0.0,0,2.564,2.577,26.3,26
4065545,0.000,2.058,0.0,0,2.564,2.640,25.4,25
4065585,0.000,2.123,0.0,0,2.564,2.644,25.3,25
4065625,0.000,2.035,0.0,0,2.564,2.677,24.7,24
4065665,0.000,2.036,0.0,0,2.564,2.643,25.0,24
4065705,0.000,2.131,0.0,0,2.564,2.646,24.8,24
4065745,0.000,2.024,0.0,0,2.564,2.563,25.8,25
4065785,0.000,2.062,0.0,0,2.564,2.543,26.1,26
4065825,0.000,1.987,0.0,0,2.564,2.516,26.5,26
4065865,0.000,1.930,0.0,0,2.564,2.529,26.4,26
4065905,0.000,2.065,0.0,0,2.564,2.517,26.7,26
4065945,0.000,2.003,0.0,0,2.564,2.501,26.9,26
4065985,0.000,1.934,0.0,0,2.564,2.513,26.9,26
4066025,0.000,2.009,0.0,0,2.564,2.534,26.7,26
4066065,0.000,1.958,0.0,0,2.564,2.571,26.3,26
4066105,0.000,2.007,0.0,0,2.564,2.584,26.2,26
4066145,0.000,2.101,0.0,0,2.564,2.619,25.7,25
4066185,0.000,2.033,0.0,0,2.564,2.596,25.9,25
4066225,0.000,2.131,0.0,0,2.564,2.641,25.3,25
4066265,0.000,2.051,0.0,0,2.564,2.586,25.9,25
4066305,0.000,2.056,0.0,0,2.564,2.640,25.1,25
4066345,0.000,2.143,0.0,0,2.564,2.567,26.0,25
4066385,0.000,2.059,0.0,0,2.564,2.613,25.4,25
4066425,0.000,2.034,0.0,0,2.564,2.519,26.5,26
4066465,0.000,2.019,0.0,0,2.564,2.594,25.6,25
4066505,0.000,2.002,0.0,0,2.564,2.506,26.7,26
4066545,0.000,2.032,0.0,0,2.564,2.520,26.6,26
4066585,0.000,1.967,0.0,0,2.564,2.494,26.9,26
4066625,0.000,1.965,0.0,0,2.564,2.501,26.9,26
4066665,0.000,2.037,0.0,0,2.564,2.500,26.9,26
4066705,0.000,2.000,0.0,0,2.564,2.513,26.9,26
4066745,0.000,2.024,0.0,0,2.564,2.515,26.8,26
4066785,0.000,1.962,0.0,0,2.564,2.464,27.6,27
4066825,0.000,1.975,0.0,0,2.564,2.495,27.3,27
4066865,0.000,2.020,0.0,0,2.564,2.471,27.7,27
4066905,0.000,2.001,0.0,0,2.564,2.570,26.5,26
4066945,0.000,2.037,0.0,0,2.564,2.505,27.3,27
4066985,0.000,1.992,0.0,0,2.564,2.600,26.1,26
4067025,0.000,2.007,0.0,0,2.564,2.518,27.1,27
4067065,0.000,2.005,0.0,0,2.564,2.624,25.7,25
4067105,0.000,1.991,0.0,0,2.564,2.540,26.7,26
4067145,0.000,2.037,0.0,0,2.564,2.676,25.0,24
4067185,0.000,2.053,0.0,0,2.564,2.570,26.1,26
4067225,0.000,2.016,0.0,0,2.564,2.639,25.3,25
4067265,0.000,1.987,0.0,0,2.564,2.500,26.9,26
4067305,0.000,1.960,0.0,0,2.564,2.515,26.8,26
4067345,0.000,2.020,0.0,0,2.564,2.527,26.7,26
4067385,0.000,2.015,0.0,0,2.564,2.532,26.6,26
4067425,0.000,2.015,0.0,0,2.564,2.539,26.5,26
4067465,0.000,2.000,0.0,0,2.564,2.526,26.7,26
4067505,0.000,1.976,0.0,0,2.564,2.539,26.5,26
4067545,0.000,2.023,0.0,0,2.564,2.542,26.5,26
4067585,0.000,2.006,0.0,0,2.564,2.577,26.0,26
4067625,0.000,1.990,0.0,0,2.564,2.566,26.1,26
4067665,0.000,2.028,0.0,0,2.564,2.541,26.4,26
4067705,0.000,1.979,0.0,0,2.564,2.516,26.7,26
4067745,0.000,2.003,0.0,0,2.564,2.509,26.8,26
4067785,0.000,1.953,0.0,0,2.564,2.498,27.1,27
4067825,0.000,1.964,0.0,0,2.564,2.530,26.7,26
4067865,0.000,2.020,0.0,0,2.564,2.526,26.8,26
4067905,0.000,1.973,0.0,0,2.564,2.510,27.0,27
4067945,0.000,1.968,0.0,0,2.564,2.534,26.8,26
4067985,0.000,2.007,0.0,0,2.564,2.593,26.0,26
4068025,0.000,2.042,0.0,0,2.564,2.657,25.2,25
4068065,0.000,2.124,0.0,0,2.564,2.671,24.8,24
4068105,0.000,2.079,0.0,0,2.564,2.701,24.2,24
4068145,0.000,2.164,0.0,0,2.564,2.651,24.6,24
4068185,0.000,2.074,0.0,0,2.564,2.684,24.0,24
4068225,0.000,2.071,0.0,0,2.564,2.606,24.8,24
4068265,0.000,2.114,0.0,0,2.564,2.634,24.4,24
4068305,0.000,2.019,0.0,0,2.564,2.534,25.6,25
4068345,0.000,1.989,0.0,0,2.564,2.545,25.5,25
4068385,0.000,2.029,0.0,0,2.564,2.473,26.4,26
4068425,0.000,1.983,0.0,0,2.564,2.531,25.8,25
4068465,0.000,2.067,0.0,0,2.564,2.526,25.9,25
4068505,0.000,1.951,0.0,0,2.564,2.573,25.4,25
4068545,0.000,2.010,0.0,0,2.564,2.550,25.7,25
4068585,0.000,2.082,0.0,0,2.564,2.602,25.0,25
4068625,0.000,1.976,0.0,0,2.564,2.577,25.3,25
4068665,0.000,2.124,0.0,0,2.564,2.667,24.1,24
4068705,0.000,2.042,0.0,0,2.564,2.635,24.4,24
4068745,0.000,2.045,0.0,0,2.564,2.679,23.7,23
4068785,0.000,2.158,0.0,0,2.564,2.584,24.8,24
4068825,0.000,2.058,0.0,0,2.564,2.635,24.1,24
4068865,0.000,2.109,0.0,0,2.564,2.537,25.4,25
4068905,0.000,2.035,0.0,0,2.564,2.599,24.6,24
4068945,0.000,1.969,0.0,0,2.564,2.528,25.5,25
4068985,0.000,2.088,0.0,0,2.564,2.628,24.3,24
4069025,0.000,2.017,0.0,0,2.564,2.504,25.9,25
4069065,0.000,1.954,0.0,0,2.564,2.628,24.4,24
4069105,0.000,2.023,0.0,0,2.564,2.524,25.7,25
4069145,0.000,1.995,0.0,0,2.564,2.669,23.9,23
4069185,0.000,2.024,0.0,0,2.564,2.589,24.8,24
4069225,0.000,2.096,0.0,0,2.564,2.641,24.1,24
4069265,0.000,2.017,0.0,0,2.564,2.554,25.2,25
4069305,0.000,2.009,0.0,0,2.564,2.616,24.4,24
4069345,0.000,2.095,0.0,0,2.564,2.570,25.0,24
4069385,0.000,2.044,0.0,0,2.564,2.634,24.2,24
4069425,0.000,2.121,0.0,0,2.564,2.636,24.1,24
4069465,0.000,2.027,0.0,0,2.564,2.583,24.7,24
4069505,0.000,1.993,0.0,0,2.564,2.595,24.5,24
4069545,0.000,2.040,0.0,0,2.564,2.518,25.5,25
4069585,0.000,1.972,0.0,0,2.564,2.584,24.7,24
4069625,0.000,1.998,0.0,0,2.564,2.482,26.1,26
4069665,0.000,1.929,0.0,0,2.564,2.568,25.1,25
4069705,0.000,1.932,0.0,0,2.564,2.451,26.7,26
4069745,0.000,1.991,0.0,0,2.564,2.559,25.5,25
4069785,0.000,1.950,0.0,0,2.564,2.450,27.0,26
4069825,0.000,1.951,0.0,0,2.564,2.560,25.7,25
4069865,0.000,1.976,0.0,0,2.564,2.450,27.2,27
4069905,0.000,1.936,0.0,0,2.564,2.593,25.5,25
4069945,0.000,2.005,0.0,0,2.564,2.493,26.7,26
4070005,0.000,1.964,0.0,0,2.564,2.617,25.2,25
4070045,0.000,2.004,0.0,0,2.564,2.511,26.6,26
4070085,0.000,1.980,0.0,0,2.564,2.629,25.1,25
4070125,0.000,2.018,0.0,0,2.564,2.539,26.2,26
4070165,0.000,2.028,0.0,0,2.564,2.643,24.8,24
4070205,0.000,1.997,0.0,0,2.564,2.535,26.1,26
4070245,0.000,2.008,0.0,0,2.564,2.593,25.4,25
4070285,0.000,2.000,0.0,0,2.564,2.479,26.9,26
4070325,0.000,1.957,0.0,0,2.564,2.529,26.4,26
4070365,0.000,1.948,0.0,0,2.564,2.455,27.4,27
4070405,0.000,1.945,0.0,0,2.564,2.528,26.7,26
4070445,0.000,2.002,0.0,0,2.564,2.497,27.1,27
4070485,0.000,1.981,0.0,0,2.564,2.555,26.5,26
4070525,0.000,1.969,0.0,0,0.000,2.497,0.0,0
4070565,0.000,1.980,0.0,0,0.000,2.425,0.0,0
4070605,0.000,1.909,0.0,0,0.000,2.290,0.0,0
4070645,0.000,1.809,0.0,0,0.000,2.201,0.0,0
4070685,0.000,1.733,0.0,0,0.000,2.071,0.0,0
4070725,0.000,1.551,0.0,0,0.000,1.851,0.0,0
4070765,0.000,1.551,0.0,0,0.000,1.851,0.0,0
4070805,0.000,1.333,0.0,0,0.000,1.656,0.0,0
4070845,0.000,1.333,0.0,0,0.000,1.397,0.0,0
4070885,0.000,1.333,0.0,0,0.000,1.397,0.0,0
4070925,0.000,1.075,0.0,0,0.000,1.397,0.0,0
4070965,0.000,1.075,0.0,0,0.000,1.397,0.0,0
4071005,0.000,1.075,0.0,0,0.000,0.000,0.0,0
4071045,0.000,1.075,0.0,0,0.000,0.000,0.0,0
4071085,0.000,0.000,0.0,0,0.000,0.000,0.0,0
4071125,0.000,0.000,0.0,0,0.000,0.000,0.0,0
4071165,0.000,0.000,0.0,0,0.000,0.000,0.0,0
4071205,0.000,0.000,0.0,0,0.000,0.000,0.0,0
4071245,0.000,0.000,0.0,0,0.000,0.000,0.0,0
4071285,0.000,0.000,0.0,0,0.000,0.000,0.0,0
4071325,0.000,0.000,0.0,0,0.000,0.000,0.0,0
4071365,0.000,0.000,0.0,0,0.000,0.000,0.0,0
4071405,0.000,0.000,0.0,0,0.000,0.000,0.0,0
4071445,0.000,0.000,0.0,0,0.000,0.000,0.0,0
4071485,0.000,0.000,0.0,0,0.000,0.000,0.0,0
4071525,0.000,0.000,0.0,0,0.000,0.000,0.0,0
4071565,0.000,0.000,0.0,0,0.000,0.000,0.0,0
4071605,0.000,0.000,0.0,0,0.000,0.000,0.0,0
4071645,0.000,0.000,0.0,0,0.000,0.000,0.0,0
4071685,0.000,0.000,0.0,0,0.000,0.000,0.0,0
4071725,0.000,0.000,0.0,0,0.000,0.000,0.0,0
4071765,0.000,0.000,0.0,0,0.000,0.000,0.0,0
4071805,0.000,0.000,0.0,0,0.000,0.000,0.0,0
4071845,0.000,0.000,0.0,0,0.000,0.000,0.0,0
4071885,0.000,0.000,0.0,0,0.000,0.000,0.0,0
4071925,0.000,0.000,0.0,0,0.000,0.000,0.0,0
4071965,0.000,0.000,0.0,0,0.000,0.000,0.0,0
4072005,0.000,0.000,0.0,0,0.000,0.000,0.0,0
4072045,0.000,0.000,0.0,0,0.000,0.000,0.0,0
4072085,0.000,0.000,0.0,0,0.000,0.000,0.0,0
4072125,0.000,0.000,0.0,0,0.000,0.000,0.0,0
4072165,0.000,0.000,0.0,0,0.000,0.000,0.0,0
4072205,0.000,0.000,0.0,0,0.000,0.000,0.0,0
4072245,0.000,0.000,0.0,0,0.000,0.000,0.0,0
4072285,0.000,0.000,0.0,0,0.000,0.000,0.0,0
4072325,0.000,0.000,0.0,0,0.000,0.000,0.0,0
4072365,0.000,0.000,0.0,0,0.000,0.000,0.0,0
4072405,0.000,0.000,0.0,0,0.000,0.000,0.0,0
4072445,0.000,0.000,0.0,0,0.000,0.000,0.0,0
4072485,0.000,0.000,0.0,0,0.000,0.000,0.0,0
4072525,0.000,0.000,0.0,0,0.000,0.000,0.0,0
4072565,0.000,0.000,0.0,0,0.000,0.000,0.0,0
4072605,0.000,0.000,0.0,0,0.000,0.000,0.0,0
4072645,0.000,0.000,0.0,0,0.000,0.000,0.0,0
4072685,0.000,0.000,0.0,0,0.000,0.000,0.0,0
4072725,0.000,0.000,0.0,0,0.000,0.000,0.0,0
4072765,0.000,0.000,0.0,0,0.000,0.000,0.0,0
4072805,0.000,0.000,0.0,0,0.000,0.000,0.0,0
4072845,0.000,0.000,0.0,0,0.000,0.000,0.0,0
4072885,0.000,0.000,0.0,0,0.000,0.000,0.0,0
4072925,0.000,0.000,0.0,0,0.000,0.000,0.0,0
4072965,0.000,0.000,0.0,0,0.000,0.000,0.0,0
4073005,0.000,0.000,0.0,0,0.000,0.000,0.0,0
4073045,0.000,0.000,0.0,0,0.000,0.000,0.0,0
4073085,0.000,0.000,0.0,0,0.000,0.000,0.0,0
4073125,0.000,0.000,0.0,0,0.000,0.000,0.0,0
4073165,0.000,0.000,0.0,0,0.000,0.000,0.0,0
4073205,0.000,0.000,0.0,0,0.000,0.000,0.0,0
4073245,0.000,0.000,0.0,0,0.000,0.000,0.0,0
4073285,0.000,0.000,0.0,0,0.000,0.000,0.0,0
4073325,0.000,0.000,0.0,0,0.000,0.000,0.0,0
4073365,0.000,0.000,0.0,0,0.000,0.000,0.0,0
4073405,0.000,0.000,0.0,0,0.000,0.000,0.0,0
4073445,0.000,0.000,0.0,0,0.000,0.000,0.0,0
4073485,0.000,0.000,0.0,0,0.000,0.000,0.0,0
4073525,0.000,0.000,0.0,0,0.000,0.000,0.0,0
4073565,0.000,0.000,0.0,0,0.000,0.000,0.0,0
4073605,0.000,0.000,0.0,0,0.000,0.000,0.0,0
4073645,0.000,0.000,0.0,0,0.000,0.000,0.0,0
4073685,0.000,0.000,0.0,0,0.000,0.000,0.0,0
4073725,0.000,0.000,0.0,0,0.000,0.000,0.0,0
4073765,0.000,0.000,0.0,0,0.000,0.000,0.0,0
4073805,0.000,0.000,0.0,0,0.000,0.000,0.0,0
4073845,0.000,0.000,0.0,0,0.000,0.000,0.0,0
4073885,0.000,0.000,0.0,0,0.000,0.000,0.0,0
4073925,0.000,0.000,0.0,0,0.000,0.000,0.0,0
4073965,0.000,0.000,0.0,0,0.000,0.000,0.0,0
4074005,0.000,0.000,0.0,0,0.000,0.000,0.0,0
4074045,0.000,0.000,0.0,0,0.000,0.000,0.0,0
4074085,0.000,0.000,0.0,0,0.000,0.000,0.0,0
4074125,0.000,0.000,0.0,0,0.000,0.000,0.0,0
4074165,0.000,0.000,0.0,0,0.000,0.000,0.0,0
4074205,0.000,0.000,0.0,0,0.000,0.000,0.0,0
4074245,2.564,0.000,34.9,24,0.000,0.000,0.0,0
4074285,2.564,0.000,39.0,38,0.000,0.000,0.0,0
4074325,2.564,0.000,43.1,43,0.000,0.007,0.0,0
4074365,2.564,0.007,47.1,47,0.000,0.007,0.0,0
4074405,2.564,0.430,45.8,45,0.000,0.007,0.0,0
4074445,2.564,0.902,43.1,43,0.000,0.280,0.0,0
4074485,2.564,1.261,41.2,41,0.000,0.652,0.0,0
4074525,2.564,2.004,33.5,33,0.000,1.033,0.0,0
4074565,2.564,2.191,32.0,31,0.000,1.735,0.0,0
4074605,2.564,2.588,27.3,27,0.000,1.910,0.0,0
4074645,2.564,2.612,27.0,26,0.000,2.092,0.0,0
4074685,2.564,2.826,24.1,24,0.000,2.243,0.0,0
4074725,2.564,2.845,23.5,23,0.000,2.351,0.0,0
4074765,2.564,2.966,21.4,21,0.000,2.376,0.0,0
4074805,2.564,2.867,22.1,22,0.000,2.430,0.0,0
4074845,2.564,2.770,22.8,22,0.000,2.344,0.0,0
4074885,2.564,2.715,23.2,23,0.000,2.327,0.0,0
4074925,2.564,2.611,24.2,24,0.000,2.236,0.0,0
4074965,2.564,2.652,23.6,23,0.000,2.217,0.0,0
4075005,2.564,2.715,22.6,22,0.000,2.246,0.0,0
4075045,2.564,2.565,24.5,24,0.000,2.150,0.0,0
4075085,2.564,2.605,23.9,23,0.000,2.122,0.0,0
4075125,2.564,2.454,25.9,25,0.000,2.018,0.0,0
4075165,2.564,2.498,25.5,25,0.000,2.014,0.0,0
4075205,2.564,2.431,26.5,26,0.000,2.118,0.0,0
4075245,2.564,2.620,24.3,24,0.000,2.050,0.0,0
4075285,2.564,2.524,25.5,25,0.000,2.221,0.0,0
4075325,2.564,2.720,23.1,23,0.000,2.140,0.0,0
4075365,2.564,2.562,24.9,24,0.000,2.172,0.0,0
4075405,2.564,2.745,22.5,22,0.000,2.277,0.0,0
4075445,2.564,2.589,24.2,24,0.000,2.172,0.0,0
4075485,2.564,2.662,23.2,23,0.000,2.268,0.0,0
4075525,2.564,2.572,24.2,24,0.000,2.209,0.0,0
4075565,2.564,2.588,23.9,23,0.000,2.230,0.0,0
4075605,2.564,2.559,24.2,24,0.000,2.169,0.0,0
4075645,2.564,2.557,24.2,24,0.000,2.103,0.0,0
4075685,2.564,2.583,23.8,23,0.000,2.200,0.0,0
4075725,2.564,2.595,23.6,23,0.000,2.201,0.0,0
4075765,2.564,2.588,23.6,23,0.000,2.167,0.0,0
4075805,2.564,2.558,23.9,23,0.000,2.180,0.0,0
4075845,2.564,2.578,23.6,23,0.000,2.092,0.0,0
4075885,2.564,2.589,23.5,23,0.000,2.231,0.0,0
4075925,2.564,2.580,23.5,23,0.000,2.140,0.0,0
4075965,2.564,2.555,23.8,23,0.000,2.133,0.0,0
4076005,2.564,2.518,24.3,24,0.000,2.201,0.0,0
4076045,2.564,2.523,24.3,24,0.000,2.097,0.0,0
4076085,2.564,2.522,24.3,24,0.000,2.199,0.0,0
4076125,2.564,2.552,24.0,23,0.000,2.117,0.0,0
4076165,2.564,2.518,24.4,24,0.000,2.108,0.0,0
4076205,2.564,2.531,24.3,24,0.000,2.188,0.0,0
4076245,2.564,2.515,24.6,24,0.000,2.070,0.0,0
4076285,2.564,2.497,25.0,24,0.000,2.144,0.0,0
4076325,2.564,2.504,25.0,24,0.000,2.056,0.0,0
4076365,2.564,2.547,24.5,24,0.000,2.066,0.0,0
4076405,2.564,2.563,24.3,24,0.000,2.183,0.0,0
4076445,2.564,2.523,24.9,24,0.000,2.083,0.0,0
4076485,2.564,2.479,25.5,25,0.000,2.136,0.0,0
4076525,2.564,2.459,25.9,25,0.000,2.033,0.0,0
4076565,2.564,2.439,26.4,26,0.000,2.026,0.0,0
4076605,2.564,2.428,26.7,26,0.000,2.094,0.0,0
4076645,2.564,2.469,26.4,26,0.000,2.030,0.0,0
4076685,2.564,2.455,26.7,26,0.000,2.103,0.0,0
4076725,2.564,2.491,26.3,26,0.000,2.054,0.0,0
4076765,2.564,2.480,26.6,26,0.000,2.069,0.0,0
4076805,2.564,2.509,26.3,26,0.000,2.132,0.0,0
4076845,2.564,2.488,26.7,26,0.000,2.078,0.0,0
4076885,2.564,2.518,26.4,26,0.000,2.131,0.0,0
4076925,2.564,2.525,26.3,26,0.000,2.094,0.0,0
4076965,0.000,2.589,0.0,0,0.000,2.124,0.0,0
4077005,0.000,2.397,0.0,0,0.000,2.121,0.0,0
4077045,0.000,2.343,0.0,0,0.000,2.004,0.0,0
4077085,0.000,2.167,0.0,0,0.000,1.916,0.0,0
4077125,0.000,2.047,0.0,0,0.000,1.820,0.0,0
4077165,0.000,1.932,0.0,0,0.000,1.653,0.0,0
4077205,0.000,1.704,0.0,0,0.000,1.653,0.0,0
4077245,0.000,1.704,0.0,0,0.000,1.487,0.0,0
4077285,0.000,1.461,0.0,0,0.000,1.487,0.0,0
4077325,0.000,1.461,0.0,0,0.000,1.243,0.0,0
4077365,0.000,1.461,0.0,0,0.000,1.243,0.0,0
4077405,0.000,1.185,0.0,0,0.000,1.243,0.0,0
4077445,0.000,1.185,0.0,0,0.000,1.243,0.0,0
4077485,0.000,1.185,0.0,0,0.000,0.000,0.0,0
4077525,0.000,1.185,0.0,0,0.000,0.000,0.0,0
4077565,0.000,0.000,0.0,0,0.000,0.000,0.0,0
4077605,0.000,0.000,0.0,0,0.000,0.000,0.0,0
4077645,0.000,0.000,0.0,0,0.000,0.000,0.0,0
4077685,0.000,0.000,0.0,0,0.000,0.000,0.0,0
4077725,0.000,0.000,0.0,0,0.000,0.000,0.0,0
4077765,0.000,0.000,0.0,0,0.000,0.000,0.0,0
4077805,0.000,0.000,0.0,0,0.000,0.000,0.0,0
4077845,0.000,0.000,0.0,0,0.000,0.000,0.0,0
4077885,0.000,0.000,0.0,0,0.000,0.000,0.0,0
4077925,0.000,0.000,0.0,0,0.000,0.000,0.0,0
4077965,0.000,0.000,0.0,0,0.000,0.000,0.0,0
4078005,0.000,0.000,0.0,0,0.000,0.000,0.0,0
4078045,0.000,0.000,0.0,0,0.000,0.000,0.0,0
4078085,0.000,0.000,0.0,0,0.000,0.000,0.0,0
4078125,0.000,0.000,0.0,0,0.000,0.000,0.0,0
4078165,0.000,0.000,0.0,0,0.000,0.000,0.0,0
4078205,0.000,0.000,0.0,0,0.000,0.000,0.0,0
4078245,0.000,0.000,0.0,0,0.000,0.000,0.0,0
4078285,0.000,0.000,0.0,0,0.000,0.000,0.0,0
4078325,0.000,0.000,0.0,0,0.000,0.000,0.0,0
4078365,0.000,0.000,0.0,0,0.000,0.000,0.0,0
4078405,0.000,0.000,0.0,0,0.000,0.000,0.0,0
4078445,0.000,0.000,0.0,0,0.000,0.000,0.0,0
4078485,0.000,0.000,0.0,0,0.000,0.000,0.0,0
4078525,0.000,0.000,0.0,0,0.000,0.000,0.0,0
4078565,0.000,0.000,0.0,0,0.000,0.000,0.0,0
4078605,0.000,0.000,0.0,0,0.000,0.000,0.0,0
4078645,0.000,0.000,0.0,0,0.000,0.000,0.0,0
4078685,0.000,0.000,0.0,0,0.000,0.000,0.0,0
4078725,0.000,0.000,0.0,0,0.000,0.000,0.0,0
4078765,0.000,0.000,0.0,0,0.000,0.000,0.0,0
4078805,0.000,0.000,0.0,0,0.000,0.000,0.0,0
4078845,0.000,0.000,0.0,0,0.000,0.000,0.0,0
4078885,0.000,0.000,0.0,0,0.000,0.000,0.0,0
4078925,0.000,0.000,0.0,0,0.000,0.000,0.0,0
4078965,0.000,0.000,0.0,0,0.000,0.000,0.0,0
4079005,0.000,0.000,0.0,0,0.000,0.000,0.0,0
4079045,0.000,0.000,0.0,0,0.000,0.000,0.0,0
4079085,0.000,0.000,0.0,0,0.000,0.000,0.0,0
4079125,0.000,0.000,0.0,0,0.000,0.000,0.0,0
4079165,0.000,0.000,0.0,0,0.000,0.000,0.0,0
4079205,0.000,0.000,0.0,0,0.000,0.000,0.0,0
4079245,0.000,0.000,0.0,0,0.000,0.000,0.0,0
4079285,0.000,0.000,0.0,0,0.000,0.000,0.0,0
4079325,0.000,0.000,0.0,0,0.000,0.000,0.0,0
4079365,0.000,0.000,0.0,0,0.000,0.000,0.0,0
4079405,0.000,0.000,0.0,0,0.000,0.000,0.0,0
4079445,0.000,0.000,0.0,0,0.000,0.000,0.0,0
4079485,0.000,0.000,0.0,0,0.000,0.000,0.0,0
4079525,0.000,0.000,0.0,0,0.000,0.000,0.0,0
4079565,0.000,0.000,0.0,0,0.000,0.000,0.0,0
4079605,0.000,0.000,0.0,0,0.000,0.000,0.0,0
4079645,0.000,0.000,0.0,0,0.000,0.000,0.0,0
4079685,0.000,0.000,0.0,0,0.000,0.000,0.0,0
4079725,0.000,0.000,0.0,0,0.000,0.000,0.0,0
4079765,0.000,0.000,0.0,0,0.000,0.000,0.0,0
4079805,0.000,0.000,0.0,0,0.000,0.000,0.0,0
4079845,0.000,0.000,0.0,0,0.000,0.000,0.0,0
4079885,0.000,0.000,0.0,0,0.000,0.000,0.0,0
4079925,0.000,0.000,0.0,0,0.000,0.000,0.0,0
4079965,0.000,0.000,0.0,0,0.000,0.000,0.0,0
4080005,0.000,0.000,0.0,0,0.000,0.000,0.0,0
4080045,0.000,0.000,0.0,0,0.000,0.000,0.0,0
4080085,0.000,0.000,0.0,0,0.000,0.000,0.0,0
4080125,0.000,0.000,0.0,0,0.000,0.000,0.0,0
4080165,0.000,0.000,0.0,0,0.000,0.000,0.0,0
4080205,0.000,0.000,0.0,0,0.000,0.000,0.0,0
4080245,0.000,0.000,0.0,0,0.000,0.000,0.0,0
4080285,0.000,0.000,0.0,0,0.000,0.000,0.0,0
4080325,0.000,0.000,0.0,0,0.000,0.000,0.0,0
4080365,0.000,0.000,0.0,0,0.000,0.000,0.0,0
4080405,0.000,0.000,0.0,0,0.000,0.000,0.0,0
4080445,0.000,0.000,0.0,0,0.000,0.000,0.0,0
4080485,0.000,0.000,0.0,0,0.000,0.000,0.0,0
4080525,0.000,0.000,0.0,0,0.000,0.000,0.0,0
4080565,0.000,0.000,0.0,0,0.000,0.000,0.0,0
4080605,0.000,0.000,0.0,0,0.000,0.000,0.0,0
4080645,0.000,0.000,0.0,0,0.000,0.000,0.0,0
4080685,0.000,0.000,0.0,0,0.000,0.000,0.0,0
4080725,0.000,0.000,0.0,0,0.000,0.000,0.0,0
4080765,0.000,0.000,0.0,0,0.000,0.000,0.0,0
4080805,0.000,0.000,0.0,0,0.000,0.000,0.0,0
4080845,0.000,0.000,0.0,0,0.000,0.000,0.0,0
4080885,0.000,0.000,0.0,0,0.000,0.000,0.0,0
4080925,0.000,0.000,0.0,0,0.000,0.000,0.0,0
4080965,0.000,0.000,0.0,0,0.000,0.000,0.0,0
4081005,0.000,0.000,0.0,0,0.000,0.000,0.0,0
4081045,0.000,0.000,0.0,0,0.000,0.000,0.0,0
4081085,0.000,0.000,0.0,0,0.000,0.000,0.0,0
4081125,0.000,0.000,0.0,0,0.000,0.000,0.0,0
4081165,0.000,0.000,0.0,0,0.000,0.000,0.0,0
4081205,0.000,0.000,0.0,0,0.000,0.000,0.0,0
4081245,0.000,0.000,0.0,0,0.000,0.000,0.0,0
4081285,0.000,0.000,0.0,0,0.000,0.000,0.0,0
4081325,0.000,0.000,0.0,0,0.000,0.000,0.0,0
4081365,0.000,0.000,0.0,0,0.000,0.000,0.0,0
4081405,0.000,0.000,0.0,0,0.000,0.000,0.0,0
4081445,0.000,0.000,0.0,0,0.000,0.000,0.0,0
4081485,0.000,0.000,0.0,0,0.000,0.000,0.0,0
4081525,0.000,0.000,0.0,0,0.000,0.000,0.0,0
4081565,0.000,0.000,0.0,0,0.000,0.000,0.0,0
4081605,0.000,0.000,0.0,0,0.000,0.000,0.0,0
4081645,0.000,0.000,0.0,0,0.000,0.000,0.0,0
4081685,0.000,0.000,0.0,0,0.000,0.000,0.0,0
4081725,0.000,0.000,0.0,0,0.000,0.000,0.0,0
4081765,0.000,0.000,0.0,0,0.000,0.000,0.0,0
4081805,0.000,0.000,0.0,0,0.000,0.000,0.0,0
4081845,0.000,0.000,0.0,0,0.000,0.000,0.0,0
4081885,0.000,0.000,0.0,0,0.000,0.000,0.0,0
4081925,0.000,0.000,0.0,0,0.000,0.000,0.0,0
4081965,0.000,0.000,0.0,0,0.000,0.000,0.0,0
4082005,0.000,0.000,0.0,0,0.000,0.000,0.0,0
4082045,0.000,0.000,0.0,0,0.000,0.000,0.0,0
4082085,0.000,0.000,0.0,0,0.000,0.000,0.0,0
4082125,0.000,0.000,0.0,0,0.000,0.000,0.0,0
4082165,0.000,0.000,0.0,0,0.000,0.000,0.0,0
4082205,0.000,0.000,0.0,0,0.000,0.000,0.0,0
4082245,0.000,0.000,0.0,0,0.000,0.000,0.0,0
4082285,0.000,0.000,0.0,0,0.000,0.000,0.0,0
4082325,0.000,0.000,0.0,0,0.000,0.000,0.0,0
4082365,0.000,0.000,0.0,0,0.000,0.000,0.0,0
4082405,0.000,0.000,0.0,0,0.000,0.000,0.0,0
4082445,0.000,0.000,0.0,0,0.000,0.000,0.0,0
4082485,0.000,0.000,0.0,0,0.000,0.000,0.0,0
4082525,0.000,0.000,0.0,0,0.000,0.000,0.0,0
4082565,0.000,0.000,0.0,0,0.000,0.000,0.0,0
4082605,0.000,0.000,0.0,0,0.000,0.000,0.0,0
4082645,0.000,0.000,0.0,0,0.000,0.000,0.0,0
4082685,0.000,0.000,0.0,0,0.000,0.000,0.0,0
4082725,0.000,0.000,0.0,0,0.000,0.000,0.0,0
4082765,0.000,0.000,0.0,0,0.000,0.000,0.0,0
4082805,0.000,0.000,0.0,0,0.000,0.000,0.0,0
4082845,0.000,0.000,0.0,0,0.000,0.000,0.0,0
4082885,0.000,0.000,0.0,0,0.000,0.000,0.0,0
4082925,0.000,0.000,0.0,0,0.000,0.000,0.0,0
4082965,0.000,0.000,0.0,0,0.000,0.000,0.0,0
4083005,0.000,0.000,0.0,0,0.000,0.000,0.0,0
4083045,0.000,0.000,0.0,0,0.000,0.000,0.0,0
4083085,0.000,0.000,0.0,0,0.000,0.000,0.0,0
4083125,0.000,0.000,0.0,0,0.000,0.000,0.0,0
4083165,0.000,0.000,0.0,0,0.000,0.000,0.0,0
4083205,0.000,0.000,0.0,0,0.000,0.000,0.0,0
4083245,0.000,0.000,0.0,0,0.000,0.000,0.0,0
4083285,0.000,0.000,0.0,0,0.000,0.000,0.0,0
4083325,0.000,0.000,0.0,0,0.000,0.000,0.0,0
4083365,0.000,0.000,0.0,0,0.000,0.000,0.0,0
4083405,0.000,0.000,0.0,0,0.000,0.000,0.0,0
4083445,0.000,0.000,0.0,0,0.000,0.000,0.0,0
4083485,0.000,0.000,0.0,0,0.000,0.000,0.0,0
4083525,0.000,0.000,0.0,0,0.000,0.000,0.0,0
4083565,0.000,0.000,0.0,0,0.000,0.000,0.0,0
4083605,0.000,0.000,0.0,0,0.000,0.000,0.0,0
4083645,0.000,0.000,0.0,0,0.000,0.000,0.0,0
4083685,0.000,0.000,0.0,0,0.000,0.000,0.0,0
4083725,0.000,0.000,0.0,0,0.000,0.000,0.0,0
4083765,0.000,0.000,0.0,0,0.000,0.000,0.0,0
4083805,0.000,0.000,0.0,0,0.000,0.000,0.0,0
4083845,0.000,0.000,0.0,0,0.000,0.000,0.0,0
4083885,0.000,0.000,0.0,0,0.000,0.000,0.0,0
4083925,0.000,0.000,0.0,0,0.000,0.000,0.0,0
4083965,0.000,0.000,0.0,0,0.000,0.000,0.0,0
4084005,0.000,0.000,0.0,0,0.000,0.000,0.0,0
4084045,0.000,0.000,0.0,0,0.000,0.000,0.0,0
4084085,0.000,0.000,0.0,0,0.000,0.000,0.0,0
4084125,0.000,0.000,0.0,0,0.000,0.000,0.0,0
4084165,0.000,0.000,0.0,0,0.000,0.000,0.0,0
4084205,0.000,0.000,0.0,0,0.000,0.000,0.0,0
4084245,0.000,0.000,0.0,0,0.000,0.000,0.0,0
4084285,0.000,0.000,0.0,0,0.000,0.000,0.0,0
4084325,0.000,0.000,0.0,0,0.000,0.000,0.0,0
4084365,0.000,0.000,0.0,0,0.000,0.000,0.0,0
4084405,0.000,0.000,0.0,0,0.000,0.000,0.0,0
4084445,0.000,0.000,0.0,0,0.000,0.000,0.0,0
4084485,0.000,0.000,0.0,0,0.000,0.000,0.0,0
4084525,0.000,0.000,0.0,0,0.000,0.000,0.0,0
4084565,0.000,0.000,0.0,0,0.000,0.000,0.0,0
4084605,0.000,0.000,0.0,0,0.000,0.000,0.0,0
4084645,0.000,0.000,0.0,0,0.000,0.000,0.0,0
4084685,0.000,0.000,0.0,0,0.000,0.000,0.0,0
4084725,0.000,0.000,0.0,0,0.000,0.000,0.0,0
4084765,0.000,0.000,0.0,0,0.000,0.000,0.0,0
4084805,0.000,0.000,0.0,0,0.000,0.000,0.0,0
4084845,0.000,0.000,0.0,0,0.000,0.000,0.0,0
4084885,0.000,0.000,0.0,0,0.000,0.000,0.0,0
4084925,0.000,0.000,0.0,0,0.000,0.000,0.0,0
4084965,0.000,0.000,0.0,0,0.000,0.000,0.0,0
4085005,0.000,0.000,0.0,0,0.000,0.000,0.0,0
4085045,0.000,0.000,0.0,0,0.000,0.000,0.0,0
4085085,0.000,0.000,0.0,0,0.000,0.000,0.0,0
4085125,0.000,0.000,0.0,0,0.000,0.000,0.0,0
4085165,0.000,0.000,0.0,0,0.000,0.000,0.0,0
4085205,0.000,0.000,0.0,0,0.000,0.000,0.0,0
4085245,0.000,0.000,0.0,0,0.000,0.000,0.0,0
4085285,0.000,0.000,0.0,0,0.000,0.000,0.0,0
4085325,0.000,0.000,0.0,0,0.000,0.000,0.0,0
4085365,0.000,0.000,0.0,0,0.000,0.000,0.0,0
4085405,0.000,0.000,0.0,0,0.000,0.000,0.0,0
4085445,0.000,0.000,0.0,0,0.000,0.000,0.0,0
4085485,0.000,0.000,0.0,0,0.000,0.000,0.0,0
4085525,0.000,0.000,0.0,0,0.000,0.000,0.0,0
4085565,0.000,0.000,0.0,0,0.000,0.000,0.0,0
4085605,0.000,0.000,0.0,0,0.000,0.000,0.0,0
4085645,0.000,0.000,0.0,0,0.000,0.000,0.0,0
4085685,0.000,0.000,0.0,0,0.000,0.000,0.0,0
4085725,0.000,0.000,0.0,0,0.000,0.000,0.0,0
4085765,0.000,0.000,0.0,0,0.000,0.000,0.0,0
4085805,0.000,0.000,0.0,0,0.000,0.000,0.0,0
4085845,0.000,0.000,0.0,0,0.000,0.000,0.0,0
4085885,0.000,0.000,0.0,0,0.000,0.000,0.0,0
4085925,0.000,0.000,0.0,0,0.000,0.000,0.0,0
4085965,0.000,0.000,0.0,0,0.000,0.000,0.0,0
4086005,0.000,0.000,0.0,0,0.000,0.000,0.0,0
4086045,0.000,0.000,0.0,0,0.000,0.000,0.0,0
4086085,0.000,0.000,0.0,0,0.000,0.000,0.0,0
4086125,0.000,0.000,0.0,0,0.000,0.000,0.0,0
4086165,0.000,0.000,0.0,0,0.000,0.000,0.0,0
4086205,0.000,0.000,0.0,0,0.000,0.000,0.0,0
4086245,0.000,0.000,0.0,0,0.000,0.000,0.0,0
4086285,0.000,0.000,0.0,0,0.000,0.000,0.0,0
4086325,0.000,0.000,0.0,0,0.000,0.000,0.0,0
4086365,0.000,0.000,0.0,0,0.000,0.000,0.0,0
4086405,0.000,0.000,0.0,0,0.000,0.000,0.0,0
4086445,0.000,0.000,0.0,0,0.000,0.000,0.0,0
4086485,0.000,0.000,0.0,0,0.000,0.000,0.0,0
4086525,0.000,0.000,0.0,0,0.000,0.000,0.0,0
4086565,0.000,0.000,0.0,0,0.000,0.000,0.0,0
4086605,0.000,0.000,0.0,0,0.000,0.000,0.0,0
4086645,0.000,0.000,0.0,0,0.000,0.000,0.0,0
4086685,0.000,0.000,0.0,0,0.000,0.000,0.0,0
4086725,0.000,0.000,0.0,0,0.000,0.000,0.0,0
4086765,0.000,0.000,0.0,0,0.000,0.000,0.0,0
4086805,0.000,0.000,0.0,0,0.000,0.000,0.0,0
4086845,0.000,0.000,0.0,0,0.000,0.000,0.0,0
4086885,0.000,0.000,0.0,0,0.000,0.000,0.0,0
4086925,0.000,0.000,0.0,0,0.000,0.000,0.0,0
4086965,0.000,0.000,0.0,0,0.000,0.000,0.0,0
4087005,0.000,0.000,0.0,0,0.000,0.000,0.0,0
4087045,0.000,0.000,0.0,0,0.000,0.000,0.0,0
4087085,0.000,0.000,0.0,0,0.000,0.000,0.0,0
4087125,-1.282,-0.000,-17.4,-17,-1.282,-0.000,-17.4,-17
4087165,-1.282,-0.002,-19.5,-19,-1.282,-0.000,-19.5,-19
4087205,-1.282,-0.002,-21.5,-21,-1.282,-0.000,-21.5,-21
4087245,-1.282,-0.298,-19.8,-19,-1.282,-0.002,-23.6,-23
4087285,-1.282,-0.298,-21.3,-21,-1.282,-0.002,-25.6,-25
4087325,-1.282,-0.642,-18.2,-18,-1.282,-0.369,-22.7,-22
4087365,-1.282,-0.930,-15.6,-15,-1.282,-0.740,-19.1,-19
4087405,-1.282,-1.253,-11.7,-11,-1.282,-1.015,-16.2,-16
4087445,-1.282,-1.470,-8.8,-8,-1.282,-1.233,-13.7,-13
4087485,-1.282,-1.575,-7.1,-7,-1.282,-1.332,-12.5,-12
4087525,-1.282,-1.696,-5.0,-4,-1.282,-1.305,-12.7,-12
4087565,-1.282,-1.680,-4.5,-4,-1.282,-1.305,-12.7,-12
4087605,-1.282,-1.597,-5.0,-5,-1.282,-1.277,-13.1,-13
4087645,-1.282,-1.572,-4.9,-4,-1.282,-1.224,-13.7,-13
4087685,-1.282,-1.495,-5.4,-5,-1.282,-1.224,-13.8,-13
4087725,-1.282,-1.495,-5.0,-5,-1.282,-1.132,-15.1,-15
4087765,-1.282,-1.394,-6.1,-6,-1.282,-1.132,-15.3,-15
4087805,-1.282,-1.347,-6.5,-6,-1.282,-1.070,-16.4,-16
4087845,-1.282,-1.347,-6.4,-6,-1.282,-1.070,-16.7,-16
4087885,-1.282,-1.271,-7.3,-7,-1.282,-1.010,-17.9,-17
4087925,-1.282,-1.220,-8.0,-7,-1.282,-1.010,-18.3,-18
4087965,-1.282,-1.220,-8.1,-8,-1.282,-0.965,-19.4,-19
4088005,-1.282,-1.236,-8.0,-7,-1.282,-0.965,-19.9,-19
4088045,-1.282,-1.231,-8.1,-8,-1.282,-0.974,-20.2,-20
4088085,-1.282,-1.255,-7.9,-7,-1.282,-0.987,-20.6,-20
4088125,-1.282,-1.255,-7.9,-7,-1.282,-0.987,-21.1,-21
4088165,-1.282,-1.331,-6.9,-6,-1.282,-0.996,-21.4,-21
4088205,-1.282,-1.346,-6.7,-6,-1.282,-0.996,-21.9,-21
4088245,-1.282,-1.359,-6.4,-6,-1.282,-1.059,-21.5,-21
4088285,-1.282,-1.397,-5.8,-5,-1.282,-1.073,-21.6,-21
4088325,-1.282,-1.411,-5.4,-5,-1.282,-1.073,-22.0,-21
4088365,-1.282,-1.411,-5.2,-5,-1.282,-1.079,-22.2,-22
4088405,-1.282,-1.443,-4.6,-4,-1.282,-1.167,-21.4,-21
4088445,-1.282,-1.516,-3.3,-3,-1.282,-1.178,-21.4,-21
4088485,-1.282,-1.522,-2.9,-2,-1.282,-1.178,-21.6,-21
4088525,-1.282,-1.541,-2.2,-2,-1.282,-1.173,-21.8,-21
4088565,-1.282,-1.588,-1.2,-1,-1.282,-1.269,-20.7,-20
4088605,-1.282,-1.559,-1.1,-1,-1.282,-1.289,-20.5,-20
4088645,-1.282,-1.501,-1.4,-1,-1.282,-1.289,-20.5,-20
4088685,-1.282,-1.501,-1.0,-1,-1.282,-1.258,-20.9,-20
4088725,-1.282,-1.427,-1.7,-1,-1.282,-1.326,-20.1,-20
4088765,-1.282,-1.307,-3.0,-2,-1.282,-1.296,-20.4,-20
4088805,-1.282,-1.307,-2.9,-2,-1.282,-1.296,-20.4,-20
4088845,-1.282,-1.145,-5.0,-4,-1.282,-1.208,-21.5,-21
4088885,-1.282,-1.145,-5.2,-5,-1.282,-1.247,-21.1,-21
4088925,-1.282,-1.145,-5.4,-5,-1.282,-1.247,-21.1,-21
4088965,-1.282,-1.145,-5.6,-5,-1.282,-1.234,-21.4,-21
4089005,-1.282,-0.928,-8.8,-8,-1.282,-1.225,-21.6,-21
4089045,-1.282,-0.928,-9.4,-9,-1.282,-1.371,-19.8,-19
4089085,-1.282,-0.928,-9.9,-9,-1.282,-1.418,-19.0,-19
4089125,-1.282,-0.792,-12.3,-12,-1.282,-1.418,-18.8,-18
4089165,-1.282,-0.792,-13.1,-13,-1.282,-1.430,-18.5,-18
4089205,-1.282,-0.744,-14.5,-14,-1.282,-1.529,-16.9,-16
4089245,-1.282,-0.744,-15.4,-15,-1.282,-1.557,-16.1,-16
4089285,-1.282,-0.744,-16.2,-16,-1.282,-1.505,-16.4,-16
4089325,-1.282,-0.726,-17.4,-17,-1.282,-1.562,-15.2,-15
4089365,-1.282,-0.726,-18.3,-18,-1.282,-1.534,-15.1,-15
4089405,-1.282,-0.733,-19.0,-19,-1.282,-1.478,-15.4,-15
4089445,-1.282,-0.733,-19.9,-19,-1.282,-1.546,-14.3,-14
4089485,-1.282,-0.793,-20.0,-20,-1.282,-1.576,-13.5,-13
4089525,-1.282,-0.793,-20.8,-20,-1.282,-1.576,-13.0,-12
4089565,-1.282,-0.857,-20.7,-20,-1.282,-1.523,-13.2,-13
4089605,-1.282,-0.924,-20.6,-20,-1.282,-1.565,-12.3,-12
4089645,-1.282,-0.924,-21.1,-21,-1.282,-1.613,-11.2,-11
4089685,-1.282,-1.035,-20.2,-20,-1.282,-1.584,-11.0,-11
4089725,-1.282,-1.103,-19.7,-19,-1.282,-1.619,-10.1,-10
4089765,-1.282,-1.103,-20.0,-20,-1.282,-1.683,-8.7,-8
4089805,-1.282,-1.112,-20.2,-20,-1.282,-1.626,-8.8,-8
4089845,-1.282,-1.165,-19.8,-19,-1.282,-1.641,-8.1,-8
4089885,-1.282,-1.165,-19.9,-19,-1.282,-1.734,-6.2,-6
4089925,-1.282,-1.174,-20.0,-20,-1.282,-1.694,-6.1,-6
4089965,-1.282,-1.139,-20.6,-20,-1.282,-1.650,-6.0,-5
4090005,-1.282,-1.139,-20.9,-20,-1.282,-1.705,-4.7,-4
4090045,-1.282,-1.157,-20.8,-20,-1.282,-1.665,-4.5,-4
4090085,-1.282,-1.158,-21.0,-21,-1.282,-1.642,-4.2,-4
4090125,-1.282,-1.158,-21.2,-21,-1.282,-1.726,-2.5,-2
4090165,-1.282,-1.139,-21.7,-21,-1.282,-1.718,-1.9,-1
4090205,-1.282,-1.185,-21.3,-21,-1.282,-1.655,-2.0,-2
4090245,-1.282,-1.185,-21.5,-21,-1.282,-1.729,-0.5,0
4090285,-1.282,-1.173,-21.8,-21,-1.282,-1.737,0.0,0
4090325,-1.282,-1.171,-22.0,-21,-1.282,-1.708,0.0,0
4090365,-1.282,-1.266,-21.0,-20,-1.282,-1.863,0.0,0
4090405,-1.282,-1.266,-21.0,-20,-1.282,-1.894,0.0,0
4090445,-1.282,-1.276,-20.9,-20,-1.282,-1.845,0.0,0
4090485,-1.282,-1.233,-21.4,-21,-1.282,-1.885,0.0,0
4090525,-1.282,-1.314,-20.5,-20,-1.282,-1.876,0.0,0
4090565,-1.282,-1.314,-20.4,-20,-1.282,-1.953,0.0,0
4090605,-1.282,-1.335,-20.1,-20,-1.282,-1.997,0.0,0
4090645,-1.282,-1.320,-20.2,-20,-1.282,-1.963,0.0,0
4090685,-1.282,-1.371,-19.5,-19,-1.282,-2.006,0.0,0
4090725,-1.282,-1.373,-19.3,-19,-1.282,-2.011,0.0,0
4090765,-1.282,-1.373,-19.2,-19,-1.282,-1.988,0.0,0
4090805,-1.282,-1.344,-19.4,-19,-1.282,-2.074,0.0,0
4090845,-1.282,-1.396,-18.6,-18,-1.282,-2.056,0.0,0
4090885,-1.282,-1.411,-18.2,-18,-1.282,-2.055,0.0,0
4090925,-1.282,-1.334,-19.0,-19,-1.282,-1.979,0.0,0
4090965,-1.282,-1.334,-18.9,-18,-1.282,-1.924,0.0,0
4091005,-1.282,-1.300,-19.3,-19,-1.282,-1.941,0.0,0
4091045,-1.282,-1.388,-18.1,-18,-1.282,-1.918,0.0,0
4091085,-1.282,-1.303,-19.0,-19,-1.282,-1.921,0.0,0
4091125,-1.282,-1.303,-19.0,-18,-1.282,-1.910,0.0,0
4091165,-1.282,-1.233,-19.8,-19,-1.282,-1.820,0.0,0
4091205,-1.282,-1.282,-19.3,-19,-1.282,-1.775,0.0,0
4091245,-1.282,-1.282,-19.3,-19,-1.282,-1.801,0.0,0
4091285,-1.282,-1.249,-19.7,-19,-1.282,-1.809,0.0,0
4091325,-1.282,-1.209,-20.3,-20,-1.282,-1.831,0.0,0
4091365,-1.282,-1.209,-20.4,-20,-1.282,-1.768,0.0,0
4091405,-1.282,-1.262,-19.8,-19,-1.282,-1.783,0.0,0
4091445,-1.282,-1.239,-20.2,-20,-1.282,-1.841,0.0,0
4091485,-1.282,-1.211,-20.6,-20,-1.282,-1.837,0.0,0
4091525,-1.282,-1.211,-20.7,-20,-1.282,-1.870,0.0,0
4091565,-1.282,-1.263,-20.1,-20,-1.282,-1.886,0.0,0
4091605,-1.282,-1.289,-19.8,-19,-1.282,-1.841,0.0,0
4091645,-1.282,-1.289,-19.8,-19,-1.282,-1.861,0.0,0
4091685,-1.282,-1.227,-20.6,-20,-1.282,-1.888,0.0,0
4091725,-1.282,-1.285,-19.9,-19,-1.282,-1.859,0.0,0
4091765,-1.282,-1.296,-19.8,-19,-1.282,-1.879,0.0,0
4091805,-1.282,-1.296,-19.8,-19,-1.282,-1.852,0.0,0
4091845,-1.282,-1.204,-21.0,-20,-1.282,-1.778,0.0,0
4091885,-1.282,-1.242,-20.6,-20,-1.282,-1.807,0.0,0
4091925,-1.282,-1.246,-20.6,-20,-1.282,-1.795,0.0,0
4091965,-1.282,-1.246,-20.7,-20,-1.282,-1.748,0.0,0
4092005,-1.282,-1.170,-21.7,-21,-1.282,-1.783,0.0,0
4092045,-1.282,-1.170,-21.9,-21,-1.282,-1.743,0.0,0
4092085,-1.282,-1.201,-21.7,-21,-1.282,-1.691,0.0,0
4092125,-1.282,-1.194,-21.9,-21,-1.282,-1.762,0.0,0
4092165,-1.282,-1.194,-22.0,-22,-1.282,-1.756,0.0,0
4092205,-1.282,-1.170,-22.5,-22,-1.282,-1.815,0.0,0
4092245,-1.282,-1.230,-21.9,-21,-1.282,-1.820,0.0,0
4092285,-1.282,-1.242,-21.8,-21,-1.282,-1.779,0.0,0
4092325,-1.282,-1.242,-21.8,-21,-1.282,-1.907,0.0,0
4092365,-1.282,-1.223,-22.2,-22,-1.282,-1.903,0.0,0
4092405,-1.282,-1.291,-21.3,-21,-1.282,-1.847,0.0,0
4092445,-1.282,-1.295,-21.3,-21,-1.282,-1.970,0.0,0
4092485,-1.282,-1.295,-21.3,-21,-1.282,-1.958,0.0,0
4092525,-1.282,-1.275,-21.5,-21,-1.282,-1.907,0.0,0
4092565,-1.282,-1.335,-20.7,-20,-1.282,-1.998,0.0,0
4092605,-1.282,-1.325,-20.7,-20,-1.282,-1.913,0.0,0
4092645,-1.282,-1.325,-20.7,-20,-1.282,-1.966,0.0,0
4092685,-1.282,-1.284,-21.2,-21,-1.282,-1.927,0.0,0
4092725,-1.282,-1.304,-20.9,-20,-1.282,-1.838,0.0,0
4092765,-1.282,-1.285,-21.1,-21,-1.282,-1.921,0.0,0
4092805,-1.282,-1.285,-21.1,-21,-1.282,-1.881,0.0,0
4092845,-1.282,-1.236,-21.8,-21,-1.282,-1.785,0.0,0
4092885,-1.282,-1.249,-21.7,-21,-1.282,-1.828,0.0,0
4092925,-1.282,-1.252,-21.7,-21,-1.282,-1.843,0.0,0
4092965,-1.282,-1.252,-21.7,-21,-1.282,-1.795,0.0,0
4093005,-1.282,-1.244,-21.9,-21,-1.282,-1.863,0.0,0
4093045,-1.282,-1.297,-21.3,-21,-1.282,-1.911,0.0,0
4093085,-1.282,-1.295,-21.3,-21,-1.282,-1.910,0.0,0
4093125,-1.282,-1.295,-21.2,-21,-1.282,-2.005,0.0,0
4093165,-1.282,-1.295,-21.2,-21,-1.282,-1.964,0.0,0
4093205,-1.282,-1.357,-20.4,-20,-1.282,-1.990,0.0,0
4093245,-1.282,-1.354,-20.3,-20,-1.282,-2.094,0.0,0
4093285,-1.282,-1.353,-20.2,-20,-1.282,-2.043,0.0,0
4093325,-1.282,-1.353,-20.1,-20,-1.282,-2.108,0.0,0
4093365,-1.282,-1.397,-19.3,-19,-1.282,-2.061,0.0,0
4093405,-1.282,-1.388,-19.3,-19,-1.282,-2.007,0.0,0
4093445,-1.282,-1.377,-19.3,-19,-1.282,-2.089,0.0,0
4093485,-1.282,-1.386,-19.0,-18,-1.282,-2.049,0.0,0
4093525,-1.282,-1.386,-18.8,-18,-1.282,-1.947,0.0,0
4093565,-1.282,-1.349,-19.2,-19,-1.282,-1.967,0.0,0
4093605,-1.282,-1.325,-19.4,-19,-1.282,-1.852,0.0,0
4093645,-1.282,-1.350,-19.0,-18,-1.282,-1.897,0.0,0
4093685,-1.282,-1.350,-18.9,-18,-1.282,-1.835,0.0,0
4093725,-1.282,-1.310,-19.3,-19,-1.282,-1.731,0.0,0
4093765,-1.282,-1.268,-19.8,-19,-1.282,-1.745,0.0,0
4093805,-1.282,-1.277,-19.7,-19,-1.282,-1.745,0.0,0
4093845,-1.282,-1.277,-19.7,-19,-1.282,-1.709,0.0,0
4093885,-1.282,-1.266,-19.9,-19,-1.282,-1.630,-0.0,0
4093925,-1.282,-1.262,-20.0,-19,-1.282,-1.662,0.0,0
4093965,-1.282,-1.262,-20.0,-19,-1.282,-1.648,0.0,0
4094005,-1.282,-1.272,-19.9,-19,-1.282,-1.602,0.0,0
4094045,-1.282,-1.274,-19.9,-19,-1.282,-1.643,0.0,0
4094085,-1.282,-1.313,-19.4,-19,-1.282,-1.631,0.0,0
4094125,-1.282,-1.340,-19.0,-18,-1.282,-1.569,-0.0,0
4094165,-1.282,-1.340,-18.9,-18,-1.282,-1.625,0.0,0
4094205,-1.282,-1.307,-19.2,-19,-1.282,-1.596,0.0,0
4094245,-1.282,-1.314,-19.1,-19,-1.282,-1.562,0.0,0
4094285,-1.282,-1.339,-18.7,-18,-1.282,-1.562,0.0,0
4094325,-1.282,-1.339,-18.7,-18,-1.282,-1.547,0.0,0
4094365,-1.282,-1.316,-18.9,-18,-1.282,-1.475,-0.4,0
4094405,-1.282,-1.301,-19.0,-19,-1.282,-1.424,-0.8,0
4094445,-1.282,-1.301,-19.0,-18,-1.282,-1.394,-0.9,0
4094485,-1.282,-1.258,-19.5,-19,-1.282,-1.394,-0.7,0
4094525,-1.282,-1.226,-20.0,-19,-1.282,-1.342,-1.3,-1
4094565,-1.282,-1.256,-19.7,-19,-1.282,-1.330,-1.3,-1
4094605,-1.282,-1.256,-19.7,-19,-1.282,-1.323,-1.3,-1
4094645,-1.282,-1.260,-19.7,-19,-1.282,-1.323,-1.3,-1
4094685,-1.282,-1.232,-20.1,-20,-1.282,-1.279,-1.8,-1
4094725,-1.282,-1.271,-19.7,-19,-1.282,-1.289,-1.7,-1
4094765,-1.282,-1.271,-19.7,-19,-1.282,-1.360,-0.8,0
4094805,-1.282,-1.313,-19.2,-19,-1.282,-1.360,-0.6,0
4094845,-1.282,-1.337,-18.8,-18,-1.282,-1.380,-0.2,0
4094885,-1.282,-1.418,-17.7,-17,-1.282,-1.435,0.0,0
4094925,-1.282,-1.438,-17.2,-17,-1.282,-1.495,0.0,0
4094965,-1.282,-1.443,-16.9,-16,-1.282,-1.494,0.0,0
4095005,-1.282,-1.548,-15.3,-15,-1.282,-1.569,0.0,0
4095045,-1.282,-1.557,-14.7,-14,-1.282,-1.632,0.0,0
4095085,-1.282,-1.557,-14.3,-14,-1.282,-1.623,0.0,0
4095125,-1.282,-1.552,-13.9,-13,-1.282,-1.656,0.0,0
4095165,-1.282,-1.612,-12.7,-12,-1.282,-1.656,0.0,0
4095205,-1.282,-1.568,-12.7,-12,-1.282,-1.586,0.0,0
4095245,-1.282,-1.465,-13.6,-13,-1.282,-1.537,0.0,0
4095285,-1.282,-1.455,-13.4,-13,-1.282,-1.537,0.0,0
4095325,-1.282,-1.455,-13.2,-13,-1.282,-1.475,0.0,0
4095365,-1.282,-1.367,-14.1,-14,-1.282,-1.375,-0.2,0
4095405,-1.282,-1.245,-15.5,-15,-1.282,-1.375,-0.1,0
4095445,-1.282,-1.245,-15.6,-15,-1.282,-1.293,-1.0,-1
4095485,-1.282,-1.223,-15.9,-15,-1.282,-1.221,-1.9,-1
4095525,-1.282,-1.181,-16.5,-16,-1.282,-1.221,-2.0,-2
4095565,-1.282,-1.181,-16.7,-16,-1.282,-1.161,-2.9,-2
4095605,-1.282,-1.101,-17.9,-17,-1.282,-1.141,-3.4,-3
4095645,-1.282,-1.101,-18.2,-18,-1.282,-1.141,-3.6,-3
4095685,-1.282,-1.086,-18.7,-18,-1.282,-1.101,-4.4,-4
4095725,-1.282,-1.118,-18.6,-18,-1.282,-1.101,-4.7,-4
4095765,-1.282,-1.118,-18.8,-18,-1.282,-1.087,-5.1,-5
4095805,-1.282,-1.103,-19.3,-19,-1.282,-1.150,-4.6,-4
4095845,-1.282,-1.103,-19.6,-19,-1.282,-1.150,-4.9,-4
4095885,-1.282,-1.103,-19.9,-19,-1.282,-1.148,-5.1,-5
4095925,-1.282,-1.238,-18.3,-18,-1.282,-1.181,-4.9,-4
4095965,-1.282,-1.263,-18.1,-18,-1.282,-1.328,-3.2,-3
4096005,-1.282,-1.306,-17.6,-17,-1.282,-1.373,-2.5,-2
4096045,-1.282,-1.430,-15.9,-15,-1.282,-1.373,-2.4,-2
4096085,-1.282,-1.430,-15.7,-15,-1.282,-1.370,-2.3,-2
4096125,-1.282,-1.390,-16.0,-16,-1.282,-1.444,-1.1,-1
4096165,-1.282,-1.379,-16.0,-15,-1.282,-1.463,-0.6,0
4096205,-1.282,-1.498,-14.2,-14,-1.282,-1.437,-0.6,0
4096245,-1.282,-1.472,-14.2,-14,-1.282,-1.521,0.0,0
4096285,-1.282,-1.393,-14.9,-14,-1.282,-1.474,0.0,0
4096325,-1.282,-1.393,-14.7,-14,-1.282,-1.474,0.0,0
4096365,-1.282,-1.392,-14.6,-14,-1.282,-1.385,-0.8,0
4096405,-1.282,-1.386,-14.5,-14,-1.282,-1.431,-0.0,0
4096445,-1.282,-1.386,-14.3,-14,-1.282,-1.379,-0.5,0
4096485,-1.282,-1.291,-15.4,-15,-1.282,-1.379,-0.3,0
4096525,-1.282,-1.305,-15.2,-15,-1.282,-1.294,-1.3,-1
4096565,-1.282,-1.299,-15.3,-15,-1.282,-1.319,-0.9,0
4096605,-1.282,-1.299,-15.2,-15,-1.282,-1.297,-1.2,-1
4096645,-1.282,-1.230,-16.2,-16,-1.282,-1.297,-1.1,-1
4096685,-1.282,-1.293,-15.4,-15,-1.282,-1.267,-1.5,-1
4096725,-1.282,-1.298,-15.3,-15,-1.282,-1.327,-0.7,0
4096765,-1.282,-1.298,-15.3,-15,-1.282,-1.323,-0.7,0
4096805,-1.282,-1.241,-16.0,-16,-1.282,-1.323,-0.6,0
4096845,-1.282,-1.332,-14.9,-14,-1.282,-1.293,-1.0,0
4096885,-1.282,-1.353,-14.5,-14,-1.282,-1.408,0.0,0
4096925,-1.282,-1.353,-14.4,-14,-1.282,-1.417,0.0,0
4096965,-1.282,-1.332,-14.6,-14,-1.282,-1.367,-0.0,0
4097005,-1.282,-1.377,-13.9,-13,-1.282,-1.426,0.0,0
4097045,-1.282,-1.383,-13.6,-13,-1.282,-1.426,0.0,0
4097085,-1.282,-1.361,-13.8,-13,-1.282,-1.452,0.0,0
4097125,-1.282,-1.426,-12.8,-12,-1.282,-1.408,0.0,0
4097165,-1.282,-1.426,-12.6,-12,-1.282,-1.454,0.0,0
4097205,-1.282,-1.419,-12.4,-12,-1.282,-1.456,0.0,0
4097245,-1.282,-1.349,-13.1,-13,-1.282,-1.456,0.0,0
4097285,-1.282,-1.379,-12.6,-12,-1.282,-1.383,0.0,0
4097325,-1.282,-1.379,-12.5,-12,-1.282,-1.394,0.0,0
4097365,-1.282,-1.368,-12.5,-12,-1.282,-1.423,0.0,0
4097405,-1.282,-1.298,-13.3,-13,-1.282,-1.423,0.0,0
4097445,-1.282,-1.269,-13.6,-13,-1.282,-1.316,-0.5,0
4097485,-1.282,-1.269,-13.6,-13,-1.282,-1.253,-1.3,-1
4097525,-1.282,-1.225,-14.3,-14,-1.282,-1.276,-1.0,-1
4097565,-1.282,-1.184,-14.9,-14,-1.282,-1.276,-1.0,-1
4097605,-1.282,-1.184,-15.0,-15,-1.282,-1.232,-1.6,-1
4097645,-1.282,-1.197,-15.0,-15,-1.282,-1.185,-2.3,-2
4097685,-1.282,-1.185,-15.3,-15,-1.282,-1.185,-2.5,-2
4097725,-1.282,-1.185,-15.5,-15,-1.282,-1.227,-2.1,-2
4097765,-1.282,-1.177,-15.7,-15,-1.282,-1.222,-2.2,-2
4097805,-1.282,-1.250,-15.0,-14,-1.282,-1.222,-2.3,-2
4097845,-1.282,-1.259,-14.9,-14,-1.282,-1.227,-2.3,-2
4097885,-1.282,-1.259,-14.9,-14,-1.282,-1.321,-1.1,-1
4097925,-1.282,-1.256,-15.0,-15,-1.282,-1.319,-1.1,-1
4097965,-1.282,-1.308,-14.4,-14,-1.282,-1.294,-1.4,-1
4098005,-1.282,-1.329,-14.1,-14,-1.282,-1.294,-1.3,-1
4098045,-1.282,-1.329,-14.0,-13,-1.282,-1.382,-0.1,0
4098085,-1.282,-1.335,-13.8,-13,-1.282,-1.397,0.0,0
4098125,-1.282,-1.361,-13.4,-13,-1.282,-1.331,-0.7,0
4098165,-1.282,-1.326,-13.7,-13,-1.282,-1.386,0.0,0
4098205,-1.282,-1.349,-13.4,-13,-1.282,-1.386,0.0,0
4098245,-1.282,-1.349,-13.2,-13,-1.282,-1.405,0.0,0
4098285,-1.282,-1.390,-12.6,-12,-1.282,-1.373,0.0,0
4098325,-1.282,-1.370,-12.7,-12,-1.282,-1.386,0.0,0
4098365,-1.282,-1.303,-13.4,-13,-1.282,-1.329,-0.4,0
4098405,-1.282,-1.303,-13.4,-13,-1.282,-1.329,-0.3,0
4098445,-1.282,-1.284,-13.6,-13,-1.282,-1.257,-1.2,-1
4098485,-1.282,-1.243,-14.1,-14,-1.282,-1.270,-1.1,-1
4098525,-1.282,-1.243,-14.2,-14,-1.282,-1.270,-1.1,-1
4098565,-1.282,-1.197,-14.9,-14,-1.282,-1.216,-1.8,-1
4098605,-1.282,-1.166,-15.4,-15,-1.282,-1.216,-1.9,-1
4098645,-1.282,-1.166,-15.6,-15,-1.282,-1.138,-3.1,-3
4098685,-1.282,-1.131,-16.2,-16,-1.282,-1.149,-3.2,-3
4098725,-1.282,-1.146,-16.3,-16,-1.282,-1.149,-3.4,-3
4098765,-1.282,-1.146,-16.5,-16,-1.282,-1.156,-3.5,-3
4098805,-1.282,-1.149,-16.7,-16,-1.282,-1.108,-4.3,-4
4098845,-1.282,-1.141,-17.0,-17,-1.282,-1.108,-4.6,-4
4098885,-1.282,-1.141,-17.2,-17,-1.282,-1.110,-4.9,-4
4098925,-1.282,-1.171,-17.0,-17,-1.282,-1.102,-5.3,-5
4098965,-1.282,-1.206,-16.8,-16,-1.282,-1.102,-5.5,-5
4099005,-1.282,-1.206,-16.9,-16,-1.282,-1.119,-5.6,-5
4099045,-1.282,-1.200,-17.1,-17,-1.282,-1.143,-5.6,-5
4099085,-1.282,-1.206,-17.2,-17,-1.282,-1.143,-5.8,-5
4099125,-1.282,-1.250,-16.7,-16,-1.282,-1.138,-6.1,-6
4099165,-1.282,-1.250,-16.8,-16,-1.282,-1.174,-5.8,-5
4099205,-1.282,-1.256,-16.7,-16,-1.282,-1.174,-6.0,-6
4099245,-1.282,-1.283,-16.4,-16,-1.282,-1.211,-5.7,-5
4099285,-1.282,-1.286,-16.4,-16,-1.282,-1.199,-6.0,-5
4099325,-1.282,-1.286,-16.4,-16,-1.282,-1.199,-6.1,-6
4099365,-1.282,-1.281,-16.4,-16,-1.282,-1.212,-6.0,-6
4099405,-1.282,-1.324,-15.9,-15,-1.282,-1.263,-5.5,-5
4099445,-1.282,-1.327,-15.8,-15,-1.282,-1.249,-5.7,-5
4099485,-1.282,-1.327,-15.7,-15,-1.282,-1.249,-5.7,-5
4099525,-1.282,-1.302,-16.0,-15,-1.282,-1.247,-5.8,-5
4099565,-1.282,-1.344,-15.3,-15,-1.282,-1.283,-5.4,-5
4099605,-1.282,-1.340,-15.3,-15,-1.282,-1.263,-5.6,-5
4099645,-1.282,-1.340,-15.2,-15,-1.282,-1.263,-5.7,-5
4099685,-1.282,-1.306,-15.6,-15,-1.282,-1.261,-5.7,-5
4099725,-1.282,-1.333,-15.2,-15,-1.282,-1.266,-5.7,-5
4099765,-1.282,-1.317,-15.3,-15,-1.282,-1.227,-6.2,-6
4099805,-1.282,-1.317,-15.2,-15,-1.282,-1.227,-6.3,-6
4099845,-1.282,-1.288,-15.6,-15,-1.282,-1.236,-6.2,-6
4099885,-1.282,-1.324,-15.1,-15,-1.282,-1.238,-6.3,-6
4099925,-1.282,-1.297,-15.4,-15,-1.282,-1.238,-6.4,-6
4099965,-1.282,-1.297,-15.3,-15,-1.282,-1.203,-6.9,-6
4100005,-1.282,-1.265,-15.7,-15,-1.282,-1.219,-6.8,-6
4100045,-1.282,-1.333,-14.8,-14,-1.282,-1.244,-6.6,-6
4100085,-1.282,-1.326,-14.9,-14,-1.282,-1.244,-6.7,-6
4100125,-1.282,-1.326,-14.8,-14,-1.282,-1.211,-7.2,-7
4100165,-1.282,-1.260,-15.6,-15,-1.282,-1.196,-7.5,-7
4100205,-1.282,-1.290,-15.2,-15,-1.282,-1.196,-7.6,-7
4100245,-1.282,-1.275,-15.4,-15,-1.282,-1.201,-7.7,-7
4100285,-1.282,-1.275,-15.4,-15,-1.282,-1.189,-8.0,-7
4100325,-1.282,-1.247,-15.8,-15,-1.282,-1.189,-8.1,-8
4100365,-1.282,-1.313,-15.0,-14,-1.282,-1.222,-7.8,-7
4100405,-1.282,-1.307,-15.0,-15,-1.282,-1.231,-7.8,-7
4100445,-1.282,-1.307,-15.0,-14,-1.282,-1.231,-7.9,-7
4100485,-1.282,-1.274,-15.4,-15,-1.282,-1.214,-8.2,-8
4100525,-1.282,-1.313,-14.9,-14,-1.282,-1.260,-7.7,-7
4100565,-1.282,-1.331,-14.6,-14,-1.282,-1.254,-7.8,-7
4100605,-1.282,-1.331,-14.5,-14,-1.282,-1.254,-7.8,-7
4100645,-1.282,-1.288,-15.0,-15,-1.282,-1.228,-8.2,-8
4100685,-1.282,-1.268,-15.3,-15,-1.282,-1.260,-7.9,-7
4100725,-1.282,-1.350,-14.2,-14,-1.282,-1.243,-8.2,-8
4100765,-1.282,-1.350,-14.1,-14,-1.282,-1.243,-8.2,-8
4100805,-1.282,-1.286,-14.9,-14,-1.282,-1.207,-8.8,-8
4100845,-1.282,-1.251,-15.3,-15,-1.282,-1.241,-8.5,-8
4100885,-1.282,-1.326,-14.4,-14,-1.282,-1.241,-8.5,-8
4100925,-1.282,-1.326,-14.3,-14,-1.282,-1.218,-8.9,-8
4100965,-1.282,-1.267,-15.1,-15,-1.282,-1.176,-9.6,-9
4101005,-1.282,-1.229,-15.6,-15,-1.282,-1.176,-9.7,-9
4101045,-1.282,-1.305,-14.7,-14,-1.282,-1.230,-9.2,-9
4101085,-1.282,-1.305,-14.7,-14,-1.282,-1.222,-9.3,-9
4101125,-1.282,-1.286,-14.9,-14,-1.282,-1.222,-9.4,-9
4101165,-1.282,-1.246,-15.4,-15,-1.282,-1.190,-10.0,-9
4101205,-1.282,-1.246,-15.4,-15,-1.282,-1.266,-9.1,-9
4101245,-1.282,-1.308,-14.6,-14,-1.282,-1.262,-9.2,-9
4101285,-1.282,-1.342,-14.2,-14,-1.282,-1.262,-9.2,-9
4101325,-1.282,-1.269,-15.0,-14,-1.282,-1.216,-9.9,-9
4101365,-1.282,-1.323,-14.3,-14,-1.282,-1.286,-9.0,-9
4101405,-1.282,-1.323,-14.2,-14,-1.282,-1.278,-9.1,-9
4101445,-1.282,-1.365,-13.6,-13,-1.282,-1.278,-9.1,-9
4101485,-1.282,-1.292,-14.4,-14,-1.282,-1.245,-9.6,-9
4101525,-1.282,-1.319,-14.0,-14,-1.282,-1.302,-8.9,-8
4101565,-1.282,-1.319,-14.0,-13,-1.282,-1.272,-9.2,-9
4101605,-1.282,-1.330,-13.8,-13,-1.282,-1.272,-9.2,-9
4101645,-1.282,-1.264,-14.6,-14,-1.282,-1.233,-9.8,-9
4101685,-1.282,-1.316,-13.9,-13,-1.282,-1.290,-9.1,-9
4101725,-1.282,-1.316,-13.9,-13,-1.282,-1.290,-9.1,-9
4101765,-1.282,-1.291,-14.2,-14,-1.282,-1.266,-9.4,-9
4101805,-1.282,-1.223,-15.0,-14,-1.282,-1.186,-10.5,-10
4101845,-1.282,-1.223,-15.1,-15,-1.282,-1.186,-10.6,-10
4101885,-1.282,-1.236,-15.0,-15,-1.282,-1.215,-10.4,-10
4101925,-1.282,-1.221,-15.3,-15,-1.282,-1.192,-10.8,-10
4101965,-1.282,-1.221,-15.4,-15,-1.282,-1.192,-10.9,-10
4102005,-1.282,-1.192,-15.9,-15,-1.282,-1.151,-11.6,-11
4102045,-1.282,-1.246,-15.3,-15,-1.282,-1.199,-11.2,-11
4102085,-1.282,-1.251,-15.3,-15,-1.282,-1.221,-11.0,-11
4102125,-1.282,-1.251,-15.4,-15,-1.282,-1.221,-11.1,-11
4102165,-1.282,-1.231,-15.7,-15,-1.282,-1.187,-11.7,-11
4102205,-1.282,-1.289,-15.0,-15,-1.282,-1.233,-11.3,-11
4102245,-1.282,-1.303,-14.8,-14,-1.282,-1.280,-10.7,-10
4102285,-1.282,-1.303,-14.8,-14,-1.282,-1.280,-10.7,-10
4102325,-1.282,-1.296,-14.9,-14,-1.282,-1.257,-11.1,-11
4102365,-1.282,-1.352,-14.1,-14,-1.282,-1.283,-10.8,-10
4102405,-1.282,-1.348,-14.0,-14,-1.282,-1.326,-10.2,-10
4102445,-1.282,-1.348,-13.9,-13,-1.282,-1.326,-10.1,-10
4102485,-1.282,-1.312,-14.3,-14,-1.282,-1.271,-10.8,-10
4102525,-1.282,-1.325,-14.1,-14,-1.282,-1.249,-11.1,-11
4102565,-1.282,-1.321,-14.0,-14,-1.282,-1.249,-11.2,-11
4102605,-1.282,-1.321,-14.0,-13,-1.282,-1.306,-10.4,-10
4102645,-1.282,-1.301,-14.2,-14,-1.282,-1.273,-10.9,-10
4102685,-1.282,-1.344,-13.6,-13,-1.282,-1.252,-11.1,-11
4102725,-1.282,-1.331,-13.7,-13,-1.282,-1.252,-11.2,-11
4102765,-1.282,-1.296,-14.0,-14,-1.282,-1.295,-10.7,-10
4102805,-1.282,-1.296,-14.0,-14,-1.282,-1.255,-11.2,-11
4102845,-1.282,-1.321,-13.6,-13,-1.282,-1.255,-11.2,-11
4102885,-1.282,-1.301,-13.8,-13,-1.282,-1.226,-11.6,-11
4102925,-1.282,-1.284,-14.0,-14,-1.282,-1.281,-11.0,-10
4102965,-1.282,-1.284,-14.0,-14,-1.282,-1.261,-11.2,-11
4103005,-1.282,-1.302,-13.8,-13,-1.282,-1.261,-11.3,-11
4103045,-1.282,-1.276,-14.1,-14,-1.282,-1.199,-12.1,-12
4103085,-1.282,-1.276,-14.1,-14,-1.282,-1.244,-11.7,-11
4103125,-1.282,-1.266,-14.2,-14,-1.282,-1.244,-11.8,-11
4103165,-1.282,-1.280,-14.1,-14,-1.282,-1.234,-12.0,-11
4103205,-1.282,-1.274,-14.1,-14,-1.282,-1.184,-12.7,-12
4103245,-1.282,-1.274,-14.2,-14,-1.282,-1.249,-12.0,-11
4103285,-1.282,-1.278,-14.1,-14,-1.282,-1.249,-12.0,-12
4103325,-1.282,-1.327,-13.4,-13,-1.282,-1.258,-12.0,-11
4103365,-1.282,-1.308,-13.6,-13,-1.282,-1.221,-12.5,-12
4103405,-1.282,-1.308,-13.6,-13,-1.282,-1.221,-12.6,-12
4103445,-1.282,-1.289,-13.8,-13,-1.282,-1.245,-12.4,-12
4103485,-1.282,-1.304,-13.6,-13,-1.282,-1.236,-12.5,-12
4103525,-1.282,-1.288,-13.7,-13,-1.282,-1.236,-12.6,-12
4103565,-1.282,-1.288,-13.7,-13,-1.282,-1.204,-13.1,-13
4103605,-1.282,-1.297,-13.6,-13,-1.282,-1.240,-12.8,-12
4103645,-1.282,-1.303,-13.5,-13,-1.282,-1.228,-13.0,-12
4103685,-1.282,-1.281,-13.8,-13,-1.282,-1.228,-13.1,-13
4103725,-1.282,-1.281,-13.8,-13,-1.282,-1.202,-13.5,-13
4103765,-1.282,-1.281,-13.7,-13,-1.282,-1.233,-13.2,-13
4103805,-1.282,-1.308,-13.4,-13,-1.282,-1.251,-13.1,-13
4103845,-1.282,-1.302,-13.4,-13,-1.282,-1.251,-13.1,-13
4103885,-1.282,-1.302,-13.4,-13,-1.282,-1.218,-13.6,-13
4103925,-1.282,-1.292,-13.5,-13,-1.282,-1.234,-13.5,-13
4103965,-1.282,-1.304,-13.3,-13,-1.282,-1.234,-13.6,-13
4104005,-1.282,-1.281,-13.6,-13,-1.282,-1.218,-13.9,-13
4104045,-1.282,-1.281,-13.6,-13,-1.282,-1.204,-14.2,-14
4104085,-1.282,-1.289,-13.5,-13,-1.282,-1.204,-14.3,-14
4104125,-1.282,-1.264,-13.8,-13,-1.282,-1.202,-14.5,-14
4104165,-1.282,-1.223,-14.3,-14,-1.282,-1.157,-15.2,-15
4104205,-1.282,-1.223,-14.4,-14,-1.282,-1.157,-15.4,-15
4104245,-1.282,-1.255,-14.1,-14,-1.282,-1.165,-15.5,-15
4104285,-1.282,-1.258,-14.1,-14,-1.282,-1.177,-15.5,-15
4104325,-1.282,-1.258,-14.1,-14,-1.282,-1.177,-15.7,-15
4104365,-1.282,-1.240,-14.4,-14,-1.282,-1.157,-16.1,-16
4104405,-1.282,-1.295,-13.7,-13,-1.282,-1.190,-15.9,-15
4104445,-1.282,-1.319,-13.4,-13,-1.282,-1.242,-15.4,-15
4104485,-1.282,-1.319,-13.4,-13,-1.282,-1.242,-15.4,-15
4104525,-1.282,-1.319,-13.3,-13,-1.282,-1.243,-15.5,-15
4104565,-1.282,-1.386,-12.3,-12,-1.282,-1.267,-15.2,-15
4104605,-1.282,-1.409,-11.9,-11,-1.282,-1.321,-14.6,-14
4104645,-1.282,-1.397,-11.8,-11,-1.282,-1.321,-14.5,-14
4104685,-1.282,-1.439,-11.1,-11,-1.282,-1.296,-14.8,-14
4104725,-1.282,-1.418,-11.1,-11,-1.282,-1.298,-14.7,-14
4104765,-1.282,-1.418,-10.9,-10,-1.282,-1.322,-14.4,-14
4104805,-1.282,-1.380,-11.2,-11,-1.282,-1.322,-14.3,-14
4104845,-1.282,-1.426,-10.4,-10,-1.282,-1.287,-14.7,-14
4104885,-1.282,-1.385,-10.7,-10,-1.282,-1.283,-14.8,-14
4104925,-1.282,-1.385,-10.5,-10,-1.282,-1.283,-14.8,-14
4104965,-1.282,-1.286,-11.7,-11,-1.282,-1.242,-15.3,-15
4105005,-1.282,-1.291,-11.6,-11,-1.282,-1.169,-16.3,-16
4105045,-1.282,-1.261,-12.0,-12,-1.282,-1.169,-16.5,-16
4105085,-1.282,-1.261,-12.1,-12,-1.282,-1.166,-16.7,-16
4105125,-1.282,-1.217,-12.7,-12,-1.282,-1.175,-16.8,-16
4105165,-1.282,-1.264,-12.2,-12,-1.282,-1.175,-17.0,-16
4105205,-1.282,-1.264,-12.2,-12,-1.282,-1.144,-17.6,-17
4105245,-1.282,-1.258,-12.3,-12,-1.282,-1.165,-17.5,-17
4105285,-1.282,-1.239,-12.6,-12,-1.282,-1.203,-17.2,-17
4105325,-1.282,-1.282,-12.1,-12,-1.282,-1.203,-17.3,-17
4105365,-1.282,-1.282,-12.1,-12,-1.282,-1.194,-17.6,-17
4105405,-1.282,-1.319,-11.6,-11,-1.282,-1.228,-17.3,-17
4105445,-1.282,-1.292,-11.9,-11,-1.282,-1.228,-17.4,-17
4105485,-1.282,-1.301,-11.7,-11,-1.282,-1.248,-17.2,-17
4105525,-1.282,-1.424,-10.1,-10,-1.282,-1.245,-17.3,-17
4105565,-1.282,-1.424,-9.9,-9,-1.282,-1.295,-16.7,-16
4105605,-1.282,-1.372,-10.4,-10,-1.282,-1.295,-16.7,-16
4105645,-1.282,-1.336,-10.7,-10,-1.282,-1.287,-16.8,-16
4105685,-1.282,-1.403,-9.8,-9,-1.282,-1.245,-17.3,-17
4105725,-1.282,-1.403,-9.6,-9,-1.282,-1.273,-17.0,-17
4105765,-1.282,-1.338,-10.3,-10,-1.282,-1.273,-17.0,-17
4105805,-1.282,-1.279,-10.9,-10,-1.282,-1.247,-17.4,-17
4105845,-1.282,-1.324,-10.4,-10,-1.282,-1.204,-18.0,-17
4105885,-1.282,-1.324,-10.3,-10,-1.282,-1.204,-18.1,-18
4105925,-1.282,-1.304,-10.5,-10,-1.282,-1.257,-17.5,-17
4105965,-1.282,-1.255,-11.1,-11,-1.282,-1.243,-17.7,-17
4106005,-1.282,-1.296,-10.6,-10,-1.282,-1.243,-17.8,-17
4106045,-1.282,-1.296,-10.6,-10,-1.282,-1.199,-18.5,-18
4106085,-1.282,-1.315,-10.3,-10,-1.282,-1.237,-18.1,-18
4106125,-1.282,-1.235,-11.3,-11,-1.282,-1.209,-18.5,-18
4106165,-1.282,-1.235,-11.3,-11,-1.282,-1.209,-18.6,-18
4106205,-1.282,-1.290,-10.7,-10,-1.282,-1.169,-19.3,-19
4106245,-1.282,-1.317,-10.3,-10,-1.282,-1.227,-18.7,-18
4106285,-1.282,-1.237,-11.3,-11,-1.282,-1.227,-18.8,-18
4106325,-1.282,-1.237,-11.3,-11,-1.282,-1.206,-19.2,-19
4106365,-1.282,-1.283,-10.8,-10,-1.282,-1.164,-19.8,-19
4106405,-1.282,-1.299,-10.6,-10,-1.282,-1.164,-20.0,-20
4106445,-1.282,-1.261,-11.0,-11,-1.282,-1.257,-18.9,-18
4106485,-1.282,-1.261,-11.0,-11,-1.282,-1.260,-18.9,-18
4106525,-1.282,-1.345,-9.9,-9,-1.282,-1.234,-19.3,-19
4106565,-1.282,-1.343,-9.9,-9,-1.282,-1.234,-19.4,-19
4106605,-1.282,-1.323,-10.0,-10,-1.282,-1.320,-18.3,-18
4106645,-1.282,-1.395,-9.0,-9,-1.282,-1.324,-18.2,-18
4106685,-1.282,-1.395,-8.9,-8,-1.282,-1.303,-18.4,-18
4106725,-1.282,-1.411,-8.5,-8,-1.282,-1.370,-17.5,-17
4106765,-1.282,-1.364,-8.9,-8,-1.282,-1.370,-17.3,-17
4106805,-1.282,-1.403,-8.3,-8,-1.282,-1.352,-17.4,-17
4106845,-1.282,-1.377,-8.4,-8,-1.282,-1.291,-18.1,-18
4106885,-1.282,-1.377,-8.3,-8,-1.282,-1.343,-17.4,-17
4106925,-1.282,-1.307,-9.0,-9,-1.282,-1.343,-17.3,-17
4106965,-1.282,-1.332,-8.7,-8,-1.282,-1.323,-17.5,-17
4107005,-1.282,-1.322,-8.7,-8,-1.282,-1.268,-18.1,-18
4107045,-1.282,-1.322,-8.7,-8,-1.282,-1.285,-17.9,-17
4107085,-1.282,-1.273,-9.3,-9,-1.282,-1.285,-17.9,-17
4107125,-1.282,-1.286,-9.1,-9,-1.282,-1.267,-18.2,-18
4107165,-1.282,-1.286,-9.1,-9,-1.282,-1.212,-18.9,-18
4107205,-1.282,-1.282,-9.2,-9,-1.282,-1.212,-19.0,-19
4107245,-1.282,-1.250,-9.6,-9,-1.282,-1.235,-18.8,-18
4107285,-1.282,-1.278,-9.3,-9,-1.282,-1.242,-18.8,-18
4107325,-1.282,-1.278,-9.3,-9,-1.282,-1.242,-18.9,-18
4107365,-1.282,-1.284,-9.2,-9,-1.282,-1.203,-19.5,-19
4107405,-1.282,-1.253,-9.6,-9,-1.282,-1.216,-19.4,-19
4107445,-1.282,-1.293,-9.2,-9,-1.282,-1.260,-19.0,-18
4107485,-1.282,-1.293,-9.1,-9,-1.282,-1.260,-19.0,-19
4107525,-1.282,-1.277,-9.3,-9,-1.282,-1.213,-19.7,-19
4107565,-1.282,-1.268,-9.5,-9,-1.282,-1.219,-19.7,-19
4107605,-1.282,-1.308,-9.0,-8,-1.282,-1.219,-19.8,-19
4107645,-1.282,-1.308,-8.9,-8,-1.282,-1.285,-19.0,-19
4107685,-1.282,-1.290,-9.1,-9,-1.282,-1.254,-19.4,-19
4107725,-1.282,-1.290,-9.1,-9,-1.282,-1.248,-19.6,-19
4107765,-1.282,-1.348,-8.4,-8,-1.282,-1.248,-19.6,-19
4107805,-1.282,-1.353,-8.2,-8,-1.282,-1.330,-18.6,-18
4107845,-1.282,-1.353,-8.1,-8,-1.282,-1.308,-18.8,-18
4107885,-1.282,-1.344,-8.1,-8,-1.282,-1.285,-19.0,-19
4107925,-1.282,-1.372,-7.6,-7,-1.282,-1.372,-17.9,-17
4107965,-1.282,-1.372,-7.5,-7,-1.282,-1.372,-17.8,-17
4108005,-1.282,-1.372,-7.3,-7,-1.282,-1.369,-17.7,-17
4108045,-1.282,-1.367,-7.2,-7,-1.282,-1.314,-18.2,-18
4108085,-1.282,-1.401,-6.6,-6,-1.282,-1.373,-17.4,-17
4108125,-1.282,-1.384,-6.7,-6,-1.282,-1.373,-17.3,-17
4108165,-1.282,-1.369,-6.7,-6,-1.282,-1.363,-17.3,-17
4108205,-1.282,-1.392,-6.3,-6,-1.282,-1.302,-17.9,-17
4108245,-1.282,-1.392,-6.1,-6,-1.282,-1.376,-16.9,-16
4108285,-1.282,-1.377,-6.1,-6,-1.282,-1.353,-17.1,-17
4108325,-1.282,-1.364,-6.2,-6,-1.282,-1.353,-17.0,-16
4108365,-1.282,-1.357,-6.1,-6,-1.282,-1.276,-17.8,-17
4108405,-1.282,-1.357,-6.0,-5,-1.282,-1.288,-17.7,-17
4108445,-1.282,-1.306,-6.6,-6,-1.282,-1.288,-17.7,-17
4108485,-1.282,-1.269,-7.0,-7,-1.282,-1.256,-18.1,-18
4108525,-1.282,-1.269,-7.0,-7,-1.282,-1.197,-18.9,-18
4108565,-1.282,-1.261,-7.2,-7,-1.282,-1.197,-19.0,-19
4108605,-1.282,-1.232,-7.6,-7,-1.282,-1.224,-18.8,-18
4108645,-1.282,-1.217,-7.8,-7,-1.282,-1.204,-19.2,-19
4108685,-1.282,-1.217,-7.9,-7,-1.282,-1.204,-19.3,-19
4108725,-1.282,-1.214,-8.1,-8,-1.282,-1.165,-19.9,-19
4108765,-1.282,-1.209,-8.2,-8,-1.282,-1.209,-19.6,-19
4108805,-1.282,-1.209,-8.4,-8,-1.282,-1.241,-19.3,-19
4108845,-1.282,-1.266,-7.7,-7,-1.282,-1.241,-19.3,-19
4108885,-1.282,-1.291,-7.4,-7,-1.282,-1.232,-19.5,-19
4108925,-1.282,-1.284,-7.5,-7,-1.282,-1.286,-18.9,-18
4108965,-1.282,-1.321,-7.0,-6,-1.282,-1.289,-18.9,-18
4109005,-1.282,-1.321,-6.9,-6,-1.282,-1.289,-18.9,-18
4109045,-1.282,-1.335,-6.7,-6,-1.282,-1.293,-18.8,-18
4109085,-1.282,-1.320,-6.8,-6,-1.282,-1.323,-18.4,-18
4109125,-1.282,-1.351,-6.3,-6,-1.282,-1.304,-18.6,-18
4109165,-1.282,-1.351,-6.2,-6,-1.282,-1.304,-18.5,-18
4109205,-1.282,-1.352,-6.1,-6,-1.282,-1.307,-18.5,-18
4109245,-1.282,-1.318,-6.4,-6,-1.282,-1.310,-18.4,-18
4109285,-1.282,-1.338,-6.1,-6,-1.282,-1.282,-18.7,-18
4109325,-1.282,-1.338,-6.0,-6,-1.282,-1.282,-18.7,-18
4109365,-1.282,-1.336,-6.0,-5,-1.282,-1.305,-18.4,-18
4109405,-1.282,-1.303,-6.3,-6,-1.282,-1.309,-18.3,-18
4109445,-1.282,-1.341,-5.8,-5,-1.282,-1.282,-18.6,-18
4109485,-1.282,-1.318,-6.0,-6,-1.282,-1.282,-18.6,-18
4109525,-1.282,-1.318,-6.0,-5,-1.282,-1.269,-18.8,-18
4109565,-1.282,-1.286,-6.3,-6,-1.282,-1.295,-18.5,-18
4109605,-1.282,-1.333,-5.7,-5,-1.282,-1.265,-18.8,-18
4109645,-1.282,-1.333,-5.6,-5,-1.282,-1.265,-18.8,-18
4109685,-1.282,-1.296,-6.1,-6,-1.282,-1.251,-19.1,-19
4109725,-1.282,-1.217,-7.1,-7,-1.282,-1.236,-19.3,-19
4109765,-1.282,-1.259,-6.6,-6,-1.282,-1.236,-19.4,-19
4109805,-1.282,-1.259,-6.7,-6,-1.282,-1.206,-19.9,-19
4109845,-1.282,-1.258,-6.7,-6,-1.282,-1.251,-19.4,-19
4109885,-1.282,-1.235,-7.0,-7,-1.282,-1.279,-19.1,-19
4109925,-1.282,-1.313,-6.1,-6,-1.282,-1.279,-19.1,-19
4109965,-1.282,-1.313,-6.1,-6,-1.282,-1.273,-19.2,-19
4110005,-1.282,-1.332,-5.8,-5,-1.282,-1.316,-18.6,-18
4110045,-1.282,-1.302,-6.1,-6,-1.282,-1.351,-18.1,-18
4110085,-1.282,-1.336,-5.6,-5,-1.282,-1.351,-18.0,-18
4110125,-1.282,-1.336,-5.5,-5,-1.282,-1.329,-18.2,-18
4110165,-1.282,-1.363,-5.1,-5,-1.282,-1.348,-17.9,-17
4110205,-1.282,-1.328,-5.4,-5,-1.282,-1.362,-17.6,-17
4110245,-1.282,-1.320,-5.4,-5,-1.282,-1.337,-17.8,-17
4110285,-1.282,-1.404,-4.3,-4,-1.282,-1.337,-17.7,-17
4110325,-1.282,-1.404,-4.1,-4,-1.282,-1.353,-17.4,-17
4110365,-1.282,-1.319,-5.1,-5,-1.282,-1.330,-17.6,-17
4110405,-1.282,-1.285,-5.4,-5,-1.282,-1.307,-17.8,-17
4110445,-1.282,-1.368,-4.4,-4,-1.282,-1.307,-17.8,-17
4110485,-1.282,-1.368,-4.2,-4,-1.282,-1.326,-17.5,-17
4110525,-1.282,-1.300,-5.0,-5,-1.282,-1.300,-17.7,-17
4110565,-1.282,-1.223,-6.0,-5,-1.282,-1.300,-17.7,-17
4110605,-1.282,-1.223,-6.1,-6,-1.282,-1.234,-18.6,-18
4110645,-1.282,-1.237,-6.0,-5,-1.282,-1.237,-18.6,-18
4110685,-1.282,-1.194,-6.6,-6,-1.282,-1.207,-19.1,-19
4110725,-1.282,-1.194,-6.7,-6,-1.282,-1.207,-19.2,-19
4110765,-1.282,-1.133,-7.7,-7,-1.282,-1.158,-19.9,-19
4110805,-1.282,-1.161,-7.5,-7,-1.282,-1.197,-19.6,-19
4110845,-1.282,-1.161,-7.7,-7,-1.282,-1.197,-19.8,-19
4110885,-1.282,-1.183,-7.6,-7,-1.282,-1.192,-20.0,-19
4110925,-1.282,-1.141,-8.3,-8,-1.282,-1.184,-20.2,-20
4110965,-1.282,-1.141,-8.5,-8,-1.282,-1.184,-20.4,-20
4111005,-1.282,-1.233,-7.5,-7,-1.282,-1.277,-19.3,-19
4111045,-1.282,-1.288,-6.8,-6,-1.282,-1.283,-19.2,-19
4111085,-1.282,-1.236,-7.5,-7,-1.282,-1.259,-19.5,-19
4111125,-1.282,-1.236,-7.6,-7,-1.282,-1.341,-18.5,-18
4111165,-1.282,-1.301,-6.8,-6,-1.282,-1.341,-18.4,-18
4111205,-1.282,-1.323,-6.4,-6,-1.282,-1.334,-18.4,-18
4111245,-1.282,-1.262,-7.2,-7,-1.282,-1.297,-18.8,-18
4111285,-1.282,-1.262,-7.2,-7,-1.282,-1.378,-17.7,-17
4111325,-1.282,-1.319,-6.4,-6,-1.282,-1.378,-17.6,-17
4111365,-1.282,-1.326,-6.3,-6,-1.282,-1.368,-17.6,-17
4111405,-1.282,-1.290,-6.7,-6,-1.282,-1.313,-18.1,-18
4111445,-1.282,-1.290,-6.7,-6,-1.282,-1.364,-17.4,-17
4111485,-1.282,-1.317,-6.3,-6,-1.282,-1.364,-17.3,-17
4111525,-1.282,-1.311,-6.3,-6,-1.282,-1.337,-17.5,-17
4111565,-1.282,-1.264,-6.9,-6,-1.282,-1.291,-18.1,-18
4111605,-1.282,-1.264,-6.9,-6,-1.282,-1.362,-17.1,-17
4111645,-1.282,-1.328,-6.1,-6,-1.282,-1.368,-16.9,-16
4111685,-1.282,-1.332,-5.9,-5,-1.282,-1.368,-16.8,-16
4111725,-1.282,-1.268,-6.7,-6,-1.282,-1.301,-17.6,-17
4111765,-1.282,-1.268,-6.7,-6,-1.282,-1.312,-17.4,-17
4111805,-1.282,-1.252,-6.9,-6,-1.282,-1.312,-17.3,-17
4111845,-1.282,-1.220,-7.4,-7,-1.282,-1.266,-17.9,-17
4111885,-1.282,-1.220,-7.5,-7,-1.282,-1.205,-18.7,-18
4111925,-1.282,-1.177,-8.2,-8,-1.282,-1.205,-18.9,-18
4111965,-1.282,-1.211,-7.9,-7,-1.282,-1.243,-18.5,-18
4112005,-1.282,-1.211,-8.0,-8,-1.282,-1.253,-18.4,-18
4112045,0.000,-1.217,0.0,0,0.000,-1.204,0.0,0
4112085,0.000,-1.181,0.0,0,0.000,-1.204,0.0,0
4112125,0.000,-1.181,0.0,0,0.000,-1.158,0.0,0
4112165,0.000,-1.077,0.0,0,0.000,-1.158,0.0,0
4112205,0.000,-1.077,0.0,0,0.000,-1.009,0.0,0
4112245,0.000,-1.077,0.0,0,0.000,-1.009,0.0,0
4112285,0.000,-0.889,0.0,0,0.000,-1.009,0.0,0
4112325,0.000,-0.889,0.0,0,0.000,-1.009,0.0,0
4112365,0.000,-0.889,0.0,0,0.000,-0.000,0.0,0
4112405,0.000,-0.889,0.0,0,0.000,-0.000,0.0,0
4112445,0.000,-0.000,0.0,0,0.000,-0.000,0.0,0
4112485,0.000,-0.000,0.0,0,0.000,-0.000,0.0,0
4112525,0.000,-0.000,0.0,0,0.000,-0.000,0.0,0
4112565,0.000,-0.000,0.0,0,0.000,-0.000,0.0,0
4112605,0.000,-0.000,0.0,0,0.000,-0.000,0.0,0
4112645,0.000,-0.000,0.0,0,0.000,-0.000,0.0,0
4112685,0.000,-0.000,0.0,0,0.000,-0.000,0.0,0
4112725,0.000,-0.000,0.0,0,0.000,-0.000,0.0,0
4112765,0.000,-0.000,0.0,0,0.000,-0.000,0.0,0
4112805,0.000,-0.000,0.0,0,0.000,-0.000,0.0,0
4112845,0.000,-0.000,0.0,0,0.000,-0.000,0.0,0
4112885,0.000,-0.000,0.0,0,0.000,-0.000,0.0,0
4112925,0.000,-0.000,0.0,0,0.000,-0.000,0.0,0
4112965,0.000,-0.000,0.0,0,0.000,-0.000,0.0,0
4113005,0.000,-0.000,0.0,0,0.000,-0.000,0.0,0
4113045,0.000,-0.000,0.0,0,0.000,-0.000,0.0,0
4113085,0.000,-0.000,0.0,0,0.000,-0.000,0.0,0
4113125,0.000,-0.000,0.0,0,0.000,-0.000,0.0,0
4113165,0.000,-0.000,0.0,0,0.000,-0.000,0.0,0
4113205,0.000,-0.000,0.0,0,0.000,-0.000,0.0,0
4113245,0.000,-0.000,0.0,0,0.000,-0.000,0.0,0
4113285,0.000,-0.000,0.0,0,0.000,-0.000,0.0,0
4113325,0.000,-0.000,0.0,0,0.000,-0.000,0.0,0
4113365,0.000,-0.000,0.0,0,0.000,-0.000,0.0,0
4113405,0.000,-0.000,0.0,0,0.000,-0.000,0.0,0
4113445,0.000,-0.000,0.0,0,0.000,-0.000,0.0,0
4113485,0.000,-0.000,0.0,0,0.000,-0.000,0.0,0
4113525,0.000,-0.000,0.0,0,0.000,-0.000,0.0,0
4113565,0.000,-0.000,0.0,0,0.000,-0.000,0.0,0
4113605,0.000,-0.000,0.0,0,0.000,-0.000,0.0,0
4113645,0.000,-0.000,0.0,0,0.000,-0.000,0.0,0
4113685,0.000,-0.000,0.0,0,0.000,-0.000,0.0,0
4113725,0.000,-0.000,0.0,0,0.000,-0.000,0.0,0
4113765,0.000,-0.000,0.0,0,0.000,-0.000,0.0,0
4113805,0.000,-0.000,0.0,0,0.000,-0.000,0.0,0
4113845,0.000,-0.000,0.0,0,0.000,-0.000,0.0,0
4113885,0.000,-0.000,0.0,0,0.000,-0.000,0.0,0
4113925,0.000,-0.000,0.0,0,0.000,-0.000,0.0,0
4113965,0.000,-0.000,0.0,0,0.000,-0.000,0.0,0
4114005,0.000,-0.000,0.0,0,0.000,-0.000,0.0,0
4114045,0.000,-0.000,0.0,0,0.000,-0.000,0.0,0
4114085,0.000,-0.000,0.0,0,0.000,-0.000,0.0,0
4114125,0.000,-0.000,0.0,0,0.000,-0.000,0.0,0
4114165,0.000,-0.000,0.0,0,0.000,-0.000,0.0,0
4114205,0.000,-0.000,0.0,0,0.000,-0.000,0.0,0
4114245,0.000,-0.000,0.0,0,0.000,-0.000,0.0,0
4114285,0.000,-0.000,0.0,0,0.000,-0.000,0.0,0
4114325,0.000,-0.000,0.0,0,0.000,-0.000,0.0,0
4114365,0.000,-0.000,0.0,0,0.000,-0.000,0.0,0
4114405,0.000,-0.000,0.0,0,0.000,-0.000,0.0,0
4114445,0.000,-0.000,0.0,0,0.000,-0.000,0.0,0
4114485,0.000,-0.000,0.0,0,0.000,-0.000,0.0,0
4114525,0.000,-0.000,0.0,0,0.000,-0.000,0.0,0
4114565,0.000,-0.000,0.0,0,0.000,-0.000,0.0,0
4114605,0.000,-0.000,0.0,0,0.000,-0.000,0.0,0
4114645,0.000,-0.000,0.0,0,0.000,-0.000,0.0,0
4114685,0.000,-0.000,0.0,0,0.000,-0.000,0.0,0
4114725,0.000,-0.000,0.0,0,0.000,-0.000,0.0,0
4114765,0.000,-0.000,0.0,0,0.000,-0.000,0.0,0
4114805,0.000,-0.000,0.0,0,0.000,-0.000,0.0,0
4114845,0.000,-0.000,0.0,0,0.000,-0.000,0.0,0
4114885,0.000,-0.000,0.0,0,0.000,-0.000,0.0,0
4114925,0.000,-0.000,0.0,0,0.000,-0.000,0.0,0
4114965,0.000,-0.000,0.0,0,0.000,-0.000,0.0,0
4115005,0.000,-0.000,0.0,0,0.000,-0.000,0.0,0
4115045,0.000,-0.000,0.0,0,0.000,-0.000,0.0,0
4115085,0.000,-0.000,0.0,0,0.000,-0.000,0.0,0
4115125,0.000,-0.000,0.0,0,0.000,-0.000,0.0,0
4115165,0.000,-0.000,0.0,0,0.000,-0.000,0.0,0
4115205,0.000,-0.000,0.0,0,0.000,-0.000,0.0,0
4115245,0.000,-0.000,0.0,0,0.000,-0.000,0.0,0
4115285,0.000,-0.000,0.0,0,0.000,-0.000,0.0,0
4115325,0.000,-0.000,0.0,0,0.000,-0.000,0.0,0
4115365,0.000,-0.000,0.0,0,0.000,-0.000,0.0,0
4115405,0.000,-0.000,0.0,0,0.000,-0.000,0.0,0
4115445,0.000,-0.000,0.0,0,0.000,-0.000,0.0,0
4115485,0.000,-0.000,0.0,0,0.000,-0.000,0.0,0
4115525,0.000,-0.000,0.0,0,0.000,-0.000,0.0,0
4115565,0.000,-0.000,0.0,0,0.000,-0.000,0.0,0
4115605,0.000,-0.000,0.0,0,0.000,-0.000,0.0,0
4115645,0.000,-0.000,0.0,0,0.000,-0.000,0.0,0
4115685,0.000,-0.000,0.0,0,0.000,-0.000,0.0,0
4115725,0.000,-0.000,0.0,0,0.000,-0.000,0.0,0
4115765,0.000,-0.000,0.0,0,0.000,-0.000,0.0,0
4115805,0.000,-0.000,0.0,0,0.000,-0.000,0.0,0
4115845,0.000,-0.000,0.0,0,0.000,-0.000,0.0,0
4115885,0.000,-0.000,0.0,0,0.000,-0.000,0.0,0
4115925,0.000,-0.000,0.0,0,0.000,-0.000,0.0,0
4115965,0.000,-0.000,0.0,0,0.000,-0.000,0.0,0
4116005,0.000,-0.000,0.0,0,0.000,-0.000,0.0,0
4116045,0.000,-0.000,0.0,0,0.000,-0.000,0.0,0
4116085,0.000,-0.000,0.0,0,0.000,-0.000,0.0,0
4116125,0.000,-0.000,0.0,0,0.000,-0.000,0.0,0
4116165,0.000,-0.000,0.0,0,0.000,-0.000,0.0,0
4116205,0.000,-0.000,0.0,0,0.000,-0.000,0.0,0
4116245,0.000,-0.000,0.0,0,0.000,-0.000,0.0,0
4116285,0.000,-0.000,0.0,0,0.000,-0.000,0.0,0
4116325,0.000,-0.000,0.0,0,0.000,-0.000,0.0,0
4116365,0.000,-0.000,0.0,0,0.000,-0.000,0.0,0
4116405,0.000,-0.000,0.0,0,0.000,-0.000,0.0,0
4116445,0.000,-0.000,0.0,0,0.000,-0.000,0.0,0
4116485,0.000,-0.000,0.0,0,0.000,-0.000,0.0,0
4116525,0.000,-0.000,0.0,0,0.000,-0.000,0.0,0
4116565,0.000,-0.000,0.0,0,0.000,-0.000,0.0,0
4116605,0.000,-0.000,0.0,0,0.000,-0.000,0.0,0
4116645,0.000,-0.000,0.0,0,0.000,-0.000,0.0,0
4116685,0.000,-0.000,0.0,0,0.000,-0.000,0.0,0
4116725,0.000,-0.000,0.0,0,0.000,-0.000,0.0,0
4116765,0.000,-0.000,0.0,0,0.000,-0.000,0.0,0
4116805,0.000,-0.000,0.0,0,0.000,-0.000,0.0,0
4116845,0.000,-0.000,0.0,0,0.000,-0.000,0.0,0
4116885,0.000,-0.000,0.0,0,0.000,-0.000,0.0,0
4116925,0.000,-0.000,0.0,0,0.000,-0.000,0.0,0
4116965,0.000,-0.000,0.0,0,0.000,-0.000,0.0,0
4117005,0.000,-0.000,0.0,0,0.000,-0.000,0.0,0
4117045,0.000,-0.000,0.0,0,0.000,-0.000,0.0,0
4117085,0.000,-0.000,0.0,0,0.000,-0.000,0.0,0
4117125,0.000,-0.000,0.0,0,0.000,-0.000,0.0,0
4117165,0.000,-0.000,0.0,0,0.000,-0.000,0.0,0
4117205,0.000,-0.000,0.0,0,0.000,-0.000,0.0,0
4117245,0.000,-0.000,0.0,0,0.000,-0.000,0.0,0
4117285,0.000,-0.000,0.0,0,0.000,-0.000,0.0,0
4117325,0.000,-0.000,0.0,0,0.000,-0.000,0.0,0
4117365,0.000,-0.000,0.0,0,0.000,-0.000,0.0,0
4117405,0.000,-0.000,0.0,0,0.000,-0.000,0.0,0
4117445,0.000,-0.000,0.0,0,0.000,-0.000,0.0,0
4117485,0.000,-0.000,0.0,0,0.000,-0.000,0.0,0
4117525,0.000,-0.000,0.0,0,0.000,-0.000,0.0,0
4117565,0.000,-0.000,0.0,0,0.000,-0.000,0.0,0
4117605,0.000,-0.000,0.0,0,0.000,-0.000,0.0,0
4117645,0.000,-0.000,0.0,0,0.000,-0.000,0.0,0
4117685,0.000,-0.000,0.0,0,0.000,-0.000,0.0,0
4117725,0.000,-0.000,0.0,0,0.000,-0.000,0.0,0
4117765,0.000,-0.000,0.0,0,0.000,-0.000,0.0,0
4117805,0.000,-0.000,0.0,0,0.000,-0.000,0.0,0
4117845,0.000,-0.000,0.0,0,0.000,-0.000,0.0,0
4117885,0.000,-0.000,0.0,0,0.000,-0.000,0.0,0
4117925,0.000,-0.000,0.0,0,0.000,-0.000,0.0,0
4117965,0.000,-0.000,0.0,0,3.846,-0.000,49.2,12
4118005,0.000,-0.000,0.0,0,3.846,0.000,55.4,36
4118045,0.000,-0.000,0.0,0,3.846,0.000,61.5,60
4118085,0.000,-0.000,0.0,0,3.846,1.522,48.2,48
4118125,0.000,-0.004,0.0,0,3.846,4.120,17.4,17
4118165,0.000,-0.004,0.0,0,3.846,3.927,19.6,19
4118205,0.000,-0.004,0.0,0,3.846,3.927,19.4,19
4118245,0.000,-0.004,0.0,0,3.846,2.860,33.8,33
4118285,0.000,-0.000,0.0,0,3.846,2.192,43.9,43
4118325,0.000,-0.000,0.0,0,3.846,2.062,48.3,48
4118365,0.000,-0.000,0.0,0,3.846,3.066,37.9,37
4118405,0.000,-0.091,0.0,0,3.846,3.111,38.6,38
4118445,0.000,-0.091,0.0,0,3.846,2.956,41.8,41
4118485,0.000,-0.275,0.0,0,3.846,2.836,44.9,44
4118525,0.000,-0.275,0.0,0,3.846,3.089,43.1,43
4118565,0.000,-0.275,0.0,0,3.846,3.159,43.4,43
4118605,0.000,-0.275,0.0,0,3.846,3.060,45.8,45
4118645,0.000,-0.362,0.0,0,3.846,3.164,45.7,45
4118685,0.000,-0.362,0.0,0,3.846,3.131,47.3,47
4118725,0.000,-0.362,0.0,0,3.846,3.369,45.2,45
4118765,0.000,-0.422,0.0,0,3.846,3.720,41.4,41
4118805,0.000,-0.422,0.0,0,3.846,3.818,40.4,40
4118845,0.000,-0.422,0.0,0,3.846,3.826,40.4,40
4118885,0.000,-0.477,0.0,0,3.846,3.839,40.2,40
4118925,0.000,-0.477,0.0,0,3.846,3.944,38.8,38
4118965,0.000,-0.477,0.0,0,3.846,3.953,38.6,38
4119005,0.000,-0.495,0.0,0,3.846,4.060,37.1,37
4119045,0.000,-0.495,0.0,0,3.846,4.080,36.4,36
4119085,0.000,-0.495,0.0,0,3.846,4.042,36.5,36
4119125,0.000,-0.505,0.0,0,3.846,4.014,36.5,36
4119165,0.000,-0.505,0.0,0,3.846,3.966,36.9,36
4119205,0.000,-0.505,0.0,0,3.846,3.969,36.7,36
4119245,0.000,-0.548,0.0,0,3.846,4.042,35.5,35
4119285,0.000,-0.548,0.0,0,3.846,4.172,33.4,33
4119325,0.000,-0.548,0.0,0,3.846,4.043,34.5,34
4119365,0.000,-0.548,0.0,0,3.846,4.003,34.8,34
4119405,0.000,-0.515,0.0,0,3.846,3.800,37.2,37
4119445,0.000,-0.515,0.0,0,3.846,3.789,37.4,37
4119485,0.000,-0.515,0.0,0,3.846,3.918,35.7,35
4119525,0.000,-0.537,0.0,0,3.846,4.237,31.4,31
4119565,0.000,-0.537,0.0,0,3.846,4.090,32.8,32
4119605,0.000,-0.537,0.0,0,3.846,3.784,36.5,36
4119645,0.000,-0.531,0.0,0,3.846,3.707,37.5,37
4119685,0.000,-0.531,0.0,0,3.846,3.893,35.4,35
4119725,0.000,-0.531,0.0,0,3.846,3.990,34.1,34
4119765,0.000,-0.531,0.0,0,3.846,3.920,34.8,34
4119805,0.000,-0.503,0.0,0,3.846,4.030,33.1,33
4119845,0.000,-0.503,0.0,0,3.846,3.823,35.6,35
4119885,0.000,-0.503,0.0,0,3.846,3.573,38.9,38
4119925,0.000,-0.516,0.0,0,3.846,3.766,36.8,36
4119965,0.000,-0.516,0.0,0,3.846,4.047,33.4,33
4120005,0.000,-0.516,0.0,0,3.846,3.949,34.4,34
4120045,0.000,-0.516,0.0,0,3.846,3.851,35.4,35
4120085,0.000,-0.511,0.0,0,3.846,3.804,36.1,36
4120125,0.000,-0.511,0.0,0,3.846,3.503,40.2,40
4120165,0.000,-0.511,0.0,0,3.846,3.601,39.3,39
4120205,0.000,-0.529,0.0,0,3.846,3.785,37.2,37
4120245,0.000,-0.529,0.0,0,3.846,4.064,33.7,33
4120285,0.000,-0.529,0.0,0,3.846,3.820,36.6,36
4120325,0.000,-0.531,0.0,0,3.846,3.676,38.4,38
4120365,0.000,-0.531,0.0,0,3.846,3.721,38.1,38
4120405,0.000,-0.617,0.0,0,3.846,3.919,35.8,35
4120445,0.000,-0.617,0.0,0,3.846,4.075,33.7,33
4120485,0.000,-0.617,0.0,0,3.846,4.186,31.8,31
4120525,0.000,-0.632,0.0,0,3.846,4.002,33.6,33
4120565,0.000,-0.632,0.0,0,3.846,3.855,35.3,35
4120605,0.000,-0.632,0.0,0,3.846,3.734,37.0,36
4120645,0.000,-0.607,0.0,0,3.846,3.821,36.0,36
4120685,0.000,-0.607,0.0,0,3.846,4.004,33.6,33
4120725,0.000,-0.650,0.0,0,3.846,4.198,30.7,30
4120765,0.000,-0.650,0.0,0,3.846,4.076,31.7,31
4120805,0.000,-0.650,0.0,0,3.846,3.824,34.7,34
4120845,0.000,-0.650,0.0,0,3.846,3.620,37.5,37
4120885,0.000,-0.606,0.0,0,3.846,3.682,37.0,37
4120925,0.000,-0.606,0.0,0,3.846,3.921,34.2,34
4120965,0.000,-0.615,0.0,0,3.846,4.123,31.4,31
4121005,0.000,-0.615,0.0,0,3.846,4.068,31.7,31
4121045,0.000,-0.615,0.0,0,3.846,3.922,33.2,33
4121085,0.000,-0.613,0.0,0,3.846,3.820,34.5,34
4121125,0.000,-0.613,0.0,0,3.846,3.721,35.9,35
4121165,0.000,-0.613,0.0,0,3.846,3.747,35.9,35
4121205,0.000,-0.613,0.0,0,3.846,3.888,34.0,34
4121245,0.000,-0.570,0.0,0,3.846,4.119,31.0,30
4121285,0.000,-0.570,0.0,0,3.846,3.852,34.1,34
4121325,0.000,-0.570,0.0,0,3.846,3.669,36.6,36
4121365,0.000,-0.549,0.0,0,3.846,3.607,37.7,37
4121405,0.000,-0.549,0.0,0,3.846,3.853,34.9,34
4121445,0.000,-0.549,0.0,0,3.846,3.888,34.4,34
4121485,0.000,-0.554,0.0,0,3.846,4.052,32.1,32
4121525,0.000,-0.554,0.0,0,3.846,3.896,33.9,33
4121565,0.000,-0.554,0.0,0,3.846,3.589,38.0,37
4121605,0.000,-0.554,0.0,0,3.846,3.545,38.9,38
4121645,0.000,-0.528,0.0,0,3.846,3.873,35.1,35
4121685,0.000,-0.528,0.0,0,3.846,3.884,34.9,34
4121725,0.000,-0.528,0.0,0,3.846,3.992,33.3,33
4121765,0.000,-0.517,0.0,0,3.846,3.843,34.9,34
4121805,0.000,-0.517,0.0,0,3.846,3.835,35.1,35
4121845,0.000,-0.517,0.0,0,3.846,3.670,37.4,37
4121885,0.000,-0.539,0.0,0,3.846,3.811,35.7,35
4121925,0.000,-0.539,0.0,0,3.846,3.958,33.7,33
4121965,0.000,-0.539,0.0,0,3.846,4.088,31.8,31
4122005,0.000,-0.539,0.0,0,3.846,3.811,35.1,35
4122045,0.000,-0.000,0.0,0,3.846,3.604,37.9,37
4122085,0.000,-0.130,0.0,0,3.846,3.613,38.2,38
4122125,0.000,-0.130,0.0,0,3.846,3.768,36.6,36
4122165,0.000,-0.130,0.0,0,3.846,4.017,33.5,33
4122205,0.000,-0.280,0.0,0,3.846,4.007,33.2,33
4122245,0.000,-0.280,0.0,0,3.846,3.925,34.0,34
4122285,0.000,-0.280,0.0,0,3.846,3.643,37.7,37
4122325,0.000,-0.360,0.0,0,3.846,3.453,40.5,40
4122365,0.000,-0.360,0.0,0,3.846,3.628,38.8,38
4122405,0.000,-0.360,0.0,0,3.846,3.961,34.7,34
4122445,0.000,-0.360,0.0,0,3.846,4.044,33.5,33
4122485,0.000,-0.418,0.0,0,3.846,3.886,35.2,35
4122525,0.000,-0.418,0.0,0,3.846,3.685,37.8,37
4122565,0.000,-0.418,0.0,0,3.846,3.602,39.2,39
4122605,0.000,-0.438,0.0,0,3.846,3.800,37.0,37
4122645,0.000,-0.438,0.0,0,3.846,3.937,35.3,35
4122685,0.000,-0.438,0.0,0,3.846,4.039,33.7,33
4122725,0.000,-0.486,0.0,0,3.846,3.841,35.9,35
4122765,0.000,-0.486,0.0,0,3.846,3.805,36.5,36
4122805,0.000,-0.486,0.0,0,3.846,3.582,39.6,39
4122845,0.000,-0.486,0.0,0,3.846,3.652,39.0,38
4122885,0.000,-0.497,0.0,0,3.846,4.042,34.2,34
4122925,0.000,-0.497,0.0,0,3.846,4.076,33.5,33
4122965,0.000,-0.497,0.0,0,3.846,3.904,35.4,35
4123005,0.000,-0.488,0.0,0,3.846,3.850,35.9,35
4123045,0.000,-0.488,0.0,0,3.846,3.738,37.5,37
4123085,0.000,-0.488,0.0,0,3.846,3.596,39.5,39
4123125,0.000,-0.488,0.0,0,3.846,3.778,37.5,37
4123165,0.000,-0.481,0.0,0,3.846,4.098,33.3,33
4123205,0.000,-0.481,0.0,0,3.846,3.988,34.5,34
4123245,0.000,-0.481,0.0,0,3.846,3.920,35.0,34
4123285,0.000,-0.486,0.0,0,3.846,3.692,37.8,37
4123325,0.000,-0.486,0.0,0,3.846,3.827,36.3,36
4123365,0.000,-0.486,0.0,0,3.846,3.727,37.7,37
4123405,0.000,-0.486,0.0,0,3.846,3.861,36.0,36
4123445,0.000,-0.000,0.0,0,3.846,3.853,36.0,35
4123485,0.000,-0.137,0.0,0,3.846,4.000,34.1,34
4123525,0.000,-0.137,0.0,0,3.846,3.765,37.0,36
4123565,0.000,-0.137,0.0,0,3.846,3.701,37.9,37
4123605,0.000,-0.269,0.0,0,3.846,3.779,37.1,37
4123645,0.000,-0.269,0.0,0,3.846,3.794,37.1,37
4123685,0.000,-0.269,0.0,0,3.846,3.889,36.0,35
4123725,0.000,-0.269,0.0,0,3.846,3.957,35.0,34
4123765,0.000,-0.321,0.0,0,3.846,4.009,34.1,34
4123805,0.000,-0.321,0.0,0,3.846,3.800,36.6,36
4123845,0.000,-0.321,0.0,0,3.846,3.673,38.4,38
4123885,0.000,-0.321,0.0,0,3.846,3.660,38.8,38
4123925,0.000,-0.000,0.0,0,3.846,3.911,35.7,35
4123965,0.000,-0.000,0.0,0,3.846,4.036,34.0,34
4124005,0.000,-0.115,0.0,0,3.846,4.090,33.0,33
4124045,0.000,-0.115,0.0,0,3.846,3.945,34.5,34
4124085,0.000,-0.115,0.0,0,3.846,3.870,35.3,35
4124125,0.000,-0.115,0.0,0,3.846,3.792,36.4,36
4124165,0.000,-0.000,0.0,0,3.846,3.793,36.5,36
4124205,0.000,-0.000,0.0,0,3.846,3.831,36.1,36
4124245,0.000,-0.097,0.0,0,3.846,3.845,35.9,35
4124285,0.000,-0.097,0.0,0,3.846,3.947,34.6,34
4124325,0.000,-0.097,0.0,0,3.846,3.856,35.7,35
4124365,0.000,-0.097,0.0,0,3.846,3.723,37.5,37
4124405,0.000,-0.000,0.0,0,3.846,3.695,37.9,37
4124445,0.000,-0.114,0.0,0,3.846,3.890,35.6,35
4124485,0.000,-0.114,0.0,0,3.846,3.800,36.8,36
4124525,0.000,-0.114,0.0,0,3.846,3.927,35.1,35
4124565,0.000,-0.114,0.0,0,3.846,3.994,34.0,33
4124605,0.000,-0.000,0.0,0,3.846,4.049,33.1,33
4124645,0.000,-0.119,0.0,0,3.846,3.783,36.2,36
4124685,0.000,-0.119,0.0,0,3.846,3.853,35.3,35
4124725,0.000,-0.119,0.0,0,3.846,3.884,35.0,34
4124765,0.000,-0.119,0.0,0,3.846,3.910,34.7,34
4124805,0.000,-0.000,0.0,0,3.846,3.909,34.5,34
4124845,0.000,-0.000,0.0,0,3.846,3.800,35.7,35
4124885,0.000,-0.100,0.0,0,3.846,3.891,34.6,34
4124925,0.000,-0.100,0.0,0,3.846,3.688,37.3,37
4124965,0.000,-0.100,0.0,0,3.846,3.742,36.7,36
4125005,0.000,-0.100,0.0,0,3.846,4.068,32.6,32
4125045,0.000,-0.000,0.0,0,3.846,4.125,31.6,31
4125085,0.000,-0.124,0.0,0,3.846,3.830,35.1,35
4125125,0.000,-0.124,0.0,0,3.846,3.682,37.0,36
4125165,0.000,-0.124,0.0,0,3.846,3.758,36.3,36
4125205,0.000,-0.124,0.0,0,3.846,3.728,36.9,36
4125245,0.000,-0.000,0.0,0,3.846,3.914,34.6,34
4125285,0.000,-0.000,0.0,0,3.846,3.886,34.7,34
4125325,0.000,-0.098,0.0,0,3.846,3.829,35.4,35
4125365,0.000,-0.098,0.0,0,3.846,3.636,38.1,38
4125405,0.000,-0.098,0.0,0,3.846,3.582,39.1,39
4125445,0.000,-0.098,0.0,0,3.846,3.819,36.4,36
4125485,0.000,-0.000,0.0,0,3.846,3.997,34.1,34
4125525,0.000,-0.135,0.0,0,3.846,3.965,34.3,34
4125565,0.000,-0.135,0.0,0,3.846,3.761,36.7,36
4125605,0.000,-0.135,0.0,0,3.846,3.641,38.5,38
4125645,0.000,-0.135,0.0,0,3.846,3.680,38.3,38
4125685,0.000,-0.244,0.0,0,3.846,3.980,34.7,34
4125725,0.000,-0.244,0.0,0,3.846,4.076,33.2,33
4125765,0.000,-0.244,0.0,0,3.846,4.063,32.9,32
4125805,0.000,-0.323,0.0,0,3.846,3.840,35.4,35
4125845,0.000,-0.323,0.0,0,3.846,3.812,35.8,35
4125885,0.000,-0.323,0.0,0,3.846,3.816,35.9,35
4125925,0.000,-0.323,0.0,0,3.846,4.052,32.8,32
4125965,0.000,-0.383,0.0,0,3.846,4.095,31.8,31
4126005,0.000,-0.383,0.0,0,3.846,4.158,30.6,30
4126045,0.000,-0.383,0.0,0,3.846,3.764,35.4,35
4126085,0.000,-0.383,0.0,0,3.846,3.604,37.5,37
4126125,0.000,-0.138,0.0,0,3.846,3.685,36.8,36
4126165,0.000,-0.138,0.0,0,3.846,4.017,32.7,32
4126205,0.000,-0.138,0.0,0,3.846,3.930,33.6,33
4126245,0.000,-0.138,0.0,0,3.846,4.003,32.4,32
4126285,0.000,-0.000,0.0,0,3.846,3.826,34.5,34
4126325,0.000,-0.123,0.0,0,3.846,3.728,35.9,35
4126365,0.000,-0.123,0.0,0,3.846,3.654,37.0,36
4126405,0.000,-0.123,0.0,0,3.846,3.953,33.4,33
4126445,0.000,-0.123,0.0,0,3.846,3.962,33.2,33
4126485,0.000,-0.218,0.0,0,3.846,3.770,35.6,35
4126525,0.000,-0.218,0.0,0,3.846,3.668,36.9,36
4126565,0.000,-0.218,0.0,0,3.846,3.796,35.6,35
4126605,0.000,-0.218,0.0,0,3.846,3.709,36.9,36
4126645,0.000,-0.000,0.0,0,3.846,3.844,35.2,35
4126685,0.000,-0.143,0.0,0,3.846,3.781,35.9,35
4126725,0.000,-0.143,0.0,0,3.846,3.850,35.2,35
4126765,0.000,-0.143,0.0,0,3.846,3.624,38.2,38
4126805,0.000,-0.143,0.0,0,3.846,3.677,37.8,37
4126845,0.000,-0.244,0.0,0,3.846,3.959,34.4,34
4126885,0.000,-0.244,0.0,0,3.846,4.069,32.8,32
4126925,0.000,-0.244,0.0,0,3.846,3.908,34.6,34
4126965,0.000,-0.334,0.0,0,3.846,3.760,36.4,36
4127005,0.000,-0.334,0.0,0,3.846,3.717,37.1,37
4127045,0.000,-0.334,0.0,0,3.846,3.751,36.9,36
4127085,0.000,-0.334,0.0,0,3.846,4.045,33.2,33
4127125,0.000,-0.392,0.0,0,3.846,4.099,32.1,32
4127165,0.000,-0.392,0.0,0,3.846,3.957,33.5,33
4127205,0.000,-0.392,0.0,0,3.846,3.758,35.9,35
4127245,0.000,-0.392,0.0,0,3.846,3.615,38.0,37
4127285,0.000,-0.132,0.0,0,3.846,3.632,38.2,38
4127325,0.000,-0.132,0.0,0,3.846,3.899,35.0,34
4127365,0.000,-0.132,0.0,0,3.846,4.012,33.4,33
4127405,0.000,-0.132,0.0,0,3.846,3.956,33.9,33
4127445,0.000,-0.240,0.0,0,3.846,3.675,37.5,37
4127485,0.000,-0.240,0.0,0,3.846,3.525,39.7,39
4127525,0.000,-0.240,0.0,0,3.846,3.746,37.3,37
4127565,0.000,-0.348,0.0,0,3.846,3.886,35.7,35
4127605,0.000,-0.348,0.0,0,3.846,4.004,34.1,34
4127645,0.000,-0.348,0.0,0,3.846,3.829,36.0,35
4127685,0.000,-0.348,0.0,0,3.846,3.743,37.2,37
4127725,0.000,-0.000,0.0,0,3.846,3.525,40.3,40
4127765,0.000,-0.138,0.0,0,3.846,3.704,38.4,38
4127805,0.000,-0.138,0.0,0,3.846,3.982,35.0,34
4127845,0.000,-0.300,0.0,0,3.846,4.208,31.9,31
4127885,0.000,-0.300,0.0,0,3.846,3.857,35.9,35
4127925,0.000,-0.300,0.0,0,3.846,3.753,37.2,37
4127965,0.000,-0.300,0.0,0,3.846,3.626,39.2,39
4128005,0.000,-0.375,0.0,0,3.846,3.739,38.0,38
4128045,0.000,-0.375,0.0,0,3.846,3.938,35.4,35
4128085,0.000,-0.375,0.0,0,3.846,4.211,31.7,31
4128125,0.000,-0.417,0.0,0,3.846,3.969,34.4,34
4128165,0.000,-0.417,0.0,0,3.846,3.722,37.4,37
4128205,0.000,-0.417,0.0,0,3.846,3.539,39.9,39
4128245,0.000,-0.417,0.0,0,3.846,3.847,36.5,36
4128285,0.000,-0.457,0.0,0,3.846,3.838,36.7,36
4128325,0.000,-0.457,0.0,0,3.846,3.952,35.0,34
4128365,0.000,-0.457,0.0,0,3.846,3.828,36.4,36
4128405,0.000,-0.479,0.0,0,3.846,3.801,36.8,36
4128445,0.000,-0.479,0.0,0,3.846,3.615,39.4,39
4128485,0.000,-0.479,0.0,0,3.846,3.718,38.3,38
4128525,0.000,-0.493,0.0,0,3.846,3.999,34.9,34
4128565,0.000,-0.493,0.0,0,3.846,4.093,33.4,33
4128605,0.000,-0.493,0.0,0,3.846,3.998,34.3,34
4128645,0.000,-0.493,0.0,0,3.846,3.804,36.6,36
4128685,0.000,-0.491,0.0,0,3.846,3.764,37.2,37
4128725,0.000,-0.491,0.0,0,3.846,3.778,37.2,37
4128765,0.000,-0.491,0.0,0,3.846,3.897,35.8,35
4128805,0.000,-0.491,0.0,0,3.846,3.947,35.0,34
4128845,0.000,-0.470,0.0,0,3.846,4.007,34.0,33
4128885,0.000,-0.470,0.0,0,3.846,3.861,35.7,35
4128925,0.000,-0.470,0.0,0,3.846,3.733,37.4,37
4128965,0.000,-0.470,0.0,0,3.846,3.641,38.8,38
4129005,0.000,-0.130,0.0,0,3.846,3.699,38.3,38
4129045,0.000,-0.130,0.0,0,3.846,3.873,36.3,36
4129085,0.000,-0.130,0.0,0,3.846,3.981,34.9,34
4129125,0.000,-0.130,0.0,0,3.846,3.994,34.5,34
4129165,0.000,-0.000,0.0,0,3.846,3.955,34.7,34
4129205,0.000,-0.130,0.0,0,3.846,3.954,34.6,34
4129245,0.000,-0.130,0.0,0,3.846,3.930,34.8,34
4129285,0.000,-0.130,0.0,0,3.846,3.793,36.6,36
4129325,0.000,-0.130,0.0,0,3.846,3.812,36.3,36
4129365,0.000,-0.000,0.0,0,3.846,4.064,33.1,33
4129405,0.000,-0.000,0.0,0,3.846,3.954,34.3,34
4129445,0.000,-0.000,0.0,0,3.846,3.764,36.6,36
4129485,0.000,-0.084,0.0,0,3.846,3.786,36.4,36
4129525,0.000,-0.084,0.0,0,3.846,3.823,36.1,36
4129565,0.000,-0.084,0.0,0,3.846,3.708,37.6,37
4129605,0.000,-0.084,0.0,0,3.846,3.858,35.8,35
4129645,0.000,-0.000,0.0,0,3.846,3.977,34.3,34
4129685,0.000,-0.000,0.0,0,3.846,3.906,35.1,35
4129725,0.000,-0.000,0.0,0,3.846,3.884,35.2,35
4129765,0.000,-0.096,0.0,0,3.846,3.766,36.6,36
4129805,0.000,-0.096,0.0,0,3.846,3.885,35.2,35
4129845,0.000,-0.096,0.0,0,3.846,3.727,37.3,37
4129885,0.000,-0.096,0.0,0,3.846,3.816,36.2,36
4129925,0.000,-0.000,0.0,0,3.846,4.089,32.7,32
4129965,0.000,-0.000,0.0,0,3.846,4.088,32.4,32
4130005,0.000,-0.091,0.0,0,3.846,3.833,35.4,35
4130045,0.000,-0.091,0.0,0,3.846,3.755,36.4,36
4130085,0.000,-0.091,0.0,0,3.846,3.862,35.2,35
4130125,0.000,-0.091,0.0,0,3.846,3.896,34.8,34
4130165,0.000,-0.000,0.0,0,3.846,3.901,34.7,34
4130205,0.000,-0.000,0.0,0,3.846,3.897,34.5,34
4130245,0.000,-0.103,0.0,0,3.846,3.899,34.4,34
4130285,0.000,-0.103,0.0,0,3.846,3.783,36.0,35
4130325,0.000,-0.103,0.0,0,3.846,3.846,35.3,35
4130365,0.000,-0.103,0.0,0,3.846,3.900,34.5,34
4130405,0.000,-0.000,0.0,0,3.846,4.032,32.7,32
4130445,0.000,-0.000,0.0,0,3.846,3.851,34.8,34
4130485,0.000,-0.106,0.0,0,3.846,3.680,37.1,37
4130525,0.000,-0.106,0.0,0,3.846,3.589,38.5,38
4130565,0.000,-0.106,0.0,0,3.846,3.771,36.5,36
4130605,0.000,-0.106,0.0,0,3.846,3.975,34.0,33
4130645,0.000,-0.129,0.0,0,3.846,3.993,33.5,33
4130685,0.000,-0.129,0.0,0,3.846,3.803,35.8,35
4130725,0.000,-0.129,0.0,0,3.846,3.625,38.2,38
4130765,0.000,-0.129,0.0,0,3.846,3.737,37.1,37
4130805,0.000,-0.000,0.0,0,3.846,3.800,36.6,36
4130845,0.000,-0.132,0.0,0,3.846,3.988,34.1,34
4130885,0.000,-0.132,0.0,0,3.846,3.938,34.3,34
4130925,0.000,-0.132,0.0,0,3.846,3.965,33.9,33
4130965,0.000,-0.132,0.0,0,3.846,3.695,37.3,37
4131005,0.000,-0.133,0.0,0,3.846,3.746,36.8,36
4131045,0.000,-0.133,0.0,0,3.846,3.921,34.6,34
4131085,0.000,-0.133,0.0,0,3.846,4.224,30.6,30
4131125,0.000,-0.133,0.0,0,3.846,4.075,31.9,31
4131165,0.000,-0.000,0.0,0,3.846,3.754,35.8,35
4131205,0.000,-0.135,0.0,0,3.846,3.777,35.6,35
4131245,0.000,-0.135,0.0,0,3.846,3.761,36.0,36
4131285,0.000,-0.135,0.0,0,3.846,3.862,34.7,34
4131325,0.000,-0.135,0.0,0,3.846,3.886,34.3,34
4131365,0.000,-0.000,0.0,0,3.846,4.084,31.7,31
4131405,0.000,-0.110,0.0,0,3.846,3.796,35.1,35
4131445,0.000,-0.110,0.0,0,3.846,3.719,36.1,36
4131485,0.000,-0.110,0.0,0,3.846,3.887,34.2,34
4131525,0.000,-0.110,0.0,0,3.846,3.819,35.1,35
4131565,0.000,-0.000,0.0,0,3.846,3.796,35.5,35
4131605,0.000,-0.000,0.0,0,3.846,3.885,34.3,34
4131645,0.000,-0.117,0.0,0,3.846,3.986,33.0,32
4131685,0.000,-0.117,0.0,0,3.846,3.874,34.3,34
4131725,0.000,-0.117,0.0,0,3.846,3.746,36.0,35
4131765,0.000,-0.117,0.0,0,3.846,3.715,36.5,36
4131805,0.000,-0.000,0.0,0,3.846,3.800,35.6,35
4131845,0.000,-0.000,0.0,0,3.846,3.770,36.1,36
4131885,0.000,-0.000,0.0,0,3.846,3.702,37.1,37
4131925,0.000,-0.000,0.0,0,3.846,3.737,36.8,36
4131965,0.000,-0.000,0.0,0,3.846,3.925,34.5,34
4132005,0.000,-0.000,0.0,0,3.846,3.951,34.1,34
4132045,0.000,-0.000,0.0,0,3.846,3.955,33.8,33
4132085,0.000,-0.055,0.0,0,3.846,3.795,35.7,35
4132125,0.000,-0.055,0.0,0,3.846,3.787,35.9,35
4132165,0.000,-0.055,0.0,0,3.846,3.790,36.0,36
4132205,0.000,-0.055,0.0,0,3.846,3.833,35.5,35
4132245,0.000,-0.000,0.0,0,3.846,3.898,34.7,34
4132285,0.000,-0.000,0.0,0,3.846,3.918,34.2,34
4132325,0.000,-0.000,0.0,0,3.846,3.957,33.6,33
4132365,0.000,-0.078,0.0,0,3.846,3.829,35.2,35
4132405,0.000,-0.078,0.0,0,3.846,3.873,34.6,34
4132445,0.000,-0.078,0.0,0,3.846,3.863,34.5,34
4132485,0.000,-0.078,0.0,0,3.846,4.015,32.6,32
4132525,0.000,-0.000,0.0,0,3.846,3.782,35.5,35
4132565,0.000,-0.000,0.0,0,3.846,3.661,37.0,37
4132605,0.000,-0.000,0.0,0,3.846,3.779,35.8,35
4132645,0.000,-0.000,0.0,0,3.846,3.924,34.2,34
4132685,0.000,-0.000,0.0,0,3.846,3.847,35.1,35
4132725,0.000,-0.074,0.0,0,3.846,3.943,33.7,33
4132765,0.000,-0.074,0.0,0,3.846,3.854,34.8,34
4132805,0.000,-0.074,0.0,0,3.846,3.562,38.6,38
4132845,0.000,-0.074,0.0,0,3.846,3.650,37.9,37
4132885,0.000,-0.124,0.0,0,3.846,3.862,35.5,35
4132925,0.000,-0.124,0.0,0,3.846,3.868,35.5,35
4132965,0.000,-0.124,0.0,0,3.846,3.878,35.1,35
4133005,0.000,-0.124,0.0,0,3.846,3.905,34.8,34
4133045,0.000,-0.000,0.0,0,3.846,3.588,38.9,38
4133085,0.000,-0.119,0.0,0,3.846,3.586,39.3,39
4133125,0.000,-0.119,0.0,0,3.846,3.703,38.0,38
4133165,0.000,-0.119,0.0,0,3.846,4.049,33.8,33
4133205,0.000,-0.119,0.0,0,3.846,3.872,35.8,35
4133245,0.000,-0.000,0.0,0,3.846,3.752,37.3,37
4133285,0.000,-0.122,0.0,0,3.846,3.611,39.2,39
4133325,0.000,-0.122,0.0,0,3.846,3.790,37.3,37
4133365,0.000,-0.122,0.0,0,3.846,3.798,37.3,37
4133405,0.000,-0.122,0.0,0,3.846,3.893,36.1,36
4133445,0.000,-0.000,0.0,0,3.846,3.944,35.3,35
4133485,0.000,-0.138,0.0,0,3.846,3.927,35.4,35
4133525,0.000,-0.138,0.0,0,3.846,3.783,37.2,37
4133565,0.000,-0.138,0.0,0,3.846,3.696,38.4,38
4133605,0.000,-0.138,0.0,0,3.846,3.846,36.7,36
4133645,0.000,-0.135,0.0,0,3.846,3.959,35.2,35
4133685,0.000,-0.135,0.0,0,3.846,4.012,34.4,34
4133725,0.000,-0.135,0.0,0,3.846,3.908,35.4,35
4133765,0.000,-0.135,0.0,0,3.846,3.885,35.6,35
4133805,0.000,-0.000,0.0,0,3.846,3.773,37.0,37
4133845,0.000,-0.000,0.0,0,3.846,3.824,36.5,36
4133885,0.000,-0.114,0.0,0,3.846,3.838,36.4,36
4133925,0.000,-0.114,0.0,0,3.846,3.935,35.0,35
4133965,0.000,-0.114,0.0,0,3.846,3.886,35.5,35
4134005,0.000,-0.114,0.0,0,3.846,3.936,34.8,34
4134045,0.000,-0.000,0.0,0,3.846,3.770,36.9,36
4134085,0.000,-0.000,0.0,0,3.846,3.684,38.1,38
4134125,0.000,-0.000,0.0,0,3.846,3.862,36.0,36
4134165,0.000,-0.086,0.0,0,3.846,3.853,36.2,36
4134205,0.000,-0.086,0.0,0,3.846,3.882,35.9,35
4134245,0.000,-0.086,0.0,0,3.846,4.024,33.9,33
4134285,0.000,-0.086,0.0,0,3.846,3.966,34.3,34
4134325,0.000,-0.000,0.0,0,3.846,4.030,33.3,33
4134365,0.000,-0.000,0.0,0,3.846,3.790,36.2,36
4134405,0.000,-0.000,0.0,0,3.846,3.920,34.5,34
4134445,0.000,-0.000,0.0,0,3.846,3.894,34.8,34
4134485,0.000,-0.000,0.0,0,3.846,3.889,34.9,34
4134525,0.000,-0.065,0.0,0,3.846,3.859,35.1,35
4134565,0.000,-0.065,0.0,0,3.846,3.984,33.5,33
4134605,0.000,-0.065,0.0,0,3.846,3.815,35.6,35
4134645,0.000,-0.065,0.0,0,3.846,3.680,37.5,37
4134685,0.000,-0.000,0.0,0,3.846,3.759,36.6,36
4134725,0.000,-0.000,0.0,0,3.846,4.060,32.8,32
4134765,0.000,-0.000,0.0,0,3.846,3.862,35.2,35
4134805,0.000,-0.088,0.0,0,3.846,3.790,35.9,35
4134845,0.000,-0.088,0.0,0,3.846,3.615,38.3,38
4134885,0.000,-0.088,0.0,0,3.846,3.786,36.5,36
4134925,0.000,-0.088,0.0,0,3.846,3.831,36.0,36
4134965,0.000,-0.000,0.0,0,3.846,3.996,33.7,33
4135005,0.000,-0.116,0.0,0,3.846,3.915,34.5,34
4135045,0.000,-0.116,0.0,0,3.846,3.871,35.0,34
4135085,0.000,-0.116,0.0,0,3.846,3.713,37.1,37
4135125,0.000,-0.116,0.0,0,3.846,3.687,37.6,37
4135165,0.000,-0.000,0.0,0,3.846,3.893,35.1,35
4135205,0.000,-0.000,0.0,0,3.846,4.077,32.6,32
4135245,0.000,-0.000,0.0,0,3.846,3.997,33.3,33
4135285,0.000,-0.091,0.0,0,3.846,3.795,35.7,35
4135325,0.000,-0.091,0.0,0,3.846,3.718,36.8,36
4135365,0.000,-0.091,0.0,0,3.846,3.816,35.7,35
4135405,0.000,-0.091,0.0,0,3.846,3.997,33.4,33
4135445,0.000,-0.000,0.0,0,3.846,4.010,33.0,33
4135485,0.000,-0.103,0.0,0,3.846,3.907,34.0,34
4135525,0.000,-0.103,0.0,0,3.846,3.667,37.1,37
4135565,0.000,-0.103,0.0,0,3.846,3.693,37.0,37
4135605,0.000,-0.103,0.0,0,3.846,3.757,36.5,36
4135645,0.000,-0.000,0.0,0,3.846,3.918,34.4,34
4135685,0.000,-0.121,0.0,0,3.846,3.899,34.5,34
4135725,0.000,-0.121,0.0,0,3.846,3.933,34.0,33
4135765,0.000,-0.121,0.0,0,3.846,3.610,38.2,38
4135805,0.000,-0.121,0.0,0,3.846,3.586,38.8,38
4135845,0.000,-0.000,0.0,0,3.846,3.954,34.4,34
4135885,0.000,-0.000,0.0,0,3.846,4.025,33.4,33
4135925,0.000,-0.105,0.0,0,3.846,3.889,34.9,34
4135965,0.000,-0.105,0.0,0,3.846,3.861,35.1,35
4136005,0.000,-0.105,0.0,0,3.846,3.769,36.4,36
4136045,0.000,-0.105,0.0,0,3.846,3.657,37.9,37
4136085,0.000,-0.000,0.0,0,3.846,3.790,36.4,36
4136125,0.000,-0.126,0.0,0,3.846,4.163,31.6,31
4136165,0.000,-0.126,0.0,0,3.846,4.108,31.9,31
4136205,0.000,-0.126,0.0,0,3.846,3.848,34.9,34
4136245,0.000,-0.126,0.0,0,3.846,3.743,36.2,36
4136285,0.000,-0.000,0.0,0,3.846,3.882,34.6,34
4136325,0.000,-0.133,0.0,0,3.846,3.743,36.5,36
4136365,0.000,-0.133,0.0,0,3.846,3.856,35.0,34
4136405,0.000,-0.133,0.0,0,3.846,3.865,34.8,34
4136445,0.000,-0.133,0.0,0,3.846,4.051,32.3,32
4136485,0.000,-0.000,0.0,0,3.846,3.817,35.1,35
4136525,0.000,-0.000,0.0,0,3.846,3.727,36.3,36
4136565,0.000,-0.088,0.0,0,3.846,3.788,35.7,35
4136605,0.000,-0.088,0.0,0,3.846,3.916,34.2,34
4136645,0.000,-0.088,0.0,0,3.846,3.927,34.0,33
4136685,0.000,-0.088,0.0,0,3.846,3.974,33.2,33
4136725,0.000,-0.000,0.0,0,3.846,3.862,34.4,34
4136765,0.000,-0.000,0.0,0,3.846,3.826,34.8,34
4136805,0.000,-0.000,0.0,0,3.846,3.710,36.4,36
4136845,0.000,-0.000,0.0,0,3.846,3.620,37.8,37
4136885,0.000,-0.000,0.0,0,3.846,3.741,36.5,36
4136925,0.000,-0.000,0.0,0,3.846,3.804,35.9,35
4136965,0.000,-0.000,0.0,0,3.846,3.871,35.1,35
4137005,0.000,-0.000,0.0,0,3.846,3.838,35.5,35
4137045,0.000,-0.051,0.0,0,3.846,3.883,34.9,34
4137085,0.000,-0.051,0.0,0,3.846,3.890,34.8,34
4137125,0.000,-0.051,0.0,0,3.846,3.846,35.3,35
4137185,0.000,-0.051,0.0,0,3.846,3.887,34.9,34
4137225,0.000,-0.000,0.0,0,3.846,3.839,35.5,35
4137265,0.000,-0.000,0.0,0,3.846,3.812,35.8,35
4137305,0.000,-0.096,0.0,0,3.846,3.733,36.8,36
4137345,0.000,-0.096,0.0,0,3.846,3.931,34.4,34
4137385,0.000,-0.096,0.0,0,3.846,3.854,35.4,35
4137425,0.000,-0.096,0.0,0,3.846,3.921,34.4,34
4137465,0.000,-0.000,0.0,0,3.846,3.891,34.5,34
4137505,0.000,-0.000,0.0,0,3.846,3.921,34.1,34
4137545,0.000,-0.000,0.0,0,3.846,3.664,37.4,37
4137585,0.000,-0.000,0.0,0,3.846,3.682,37.4,37
4137625,0.000,-0.075,0.0,0,3.846,3.796,36.3,36
4137665,0.000,-0.075,0.0,0,3.846,3.907,34.9,34
4137705,0.000,-0.075,0.0,0,3.846,3.872,35.2,35
4137745,0.000,-0.075,0.0,0,3.846,3.990,33.6,33
4137785,0.000,-0.000,0.0,0,3.846,3.700,37.2,37
4137825,0.000,-0.129,0.0,0,3.846,3.567,39.1,39
4137865,0.000,-0.129,0.0,0,3.846,3.792,36.6,36
4137905,0.000,-0.129,0.0,0,3.846,4.034,33.7,33
4137945,0.000,-0.129,0.0,0,0.000,3.901,0.0,0
4137985,0.000,-0.000,0.0,0,0.000,3.767,0.0,0
4138025,0.000,-0.119,0.0,0,0.000,3.579,0.0,0
4138065,0.000,-0.119,0.0,0,0.000,3.143,0.0,0
4138105,0.000,-0.119,0.0,0,0.000,3.170,0.0,0
4138145,0.000,-0.119,0.0,0,0.000,2.972,0.0,0
4138185,0.000,-0.000,0.0,0,0.000,2.863,0.0,0
4138225,0.000,-0.000,0.0,0,0.000,2.691,0.0,0
4138265,0.000,-0.000,0.0,0,0.000,2.532,0.0,0
4138305,0.000,-0.000,0.0,0,0.000,2.228,0.0,0
4138345,0.000,-0.077,0.0,0,0.000,2.020,0.0,0
4138385,0.000,-0.077,0.0,0,0.000,1.927,0.0,0
4138425,0.000,-0.077,0.0,0,0.000,1.742,0.0,0
4138465,0.000,-0.077,0.0,0,0.000,1.742,0.0,0
4138505,0.000,-0.000,0.0,0,0.000,1.519,0.0,0
4138545,0.000,-0.000,0.0,0,0.000,1.519,0.0,0
4138585,0.000,-0.092,0.0,0,0.000,1.238,0.0,0
4138625,0.000,-0.092,0.0,0,0.000,1.238,0.0,0
4138665,0.000,-0.092,0.0,0,0.000,1.238,0.0,0
4138705,0.000,-0.092,0.0,0,0.000,1.238,0.0,0
4138745,0.000,-0.000,0.0,0,0.000,0.000,0.0,0
4138785,0.000,-0.000,0.0,0,0.000,0.000,0.0,0
4138825,0.000,-0.000,0.0,0,0.000,0.000,0.0,0
4138865,0.000,-0.000,0.0,0,0.000,0.000,0.0,0
4138905,0.000,-0.000,0.0,0,0.000,0.000,0.0,0
4138945,0.000,-0.000,0.0,0,0.000,0.000,0.0,0
4138985,0.000,-0.000,0.0,0,0.000,0.000,0.0,0
4139025,0.000,-0.000,0.0,0,0.000,0.000,0.0,0
4139065,0.000,-0.000,0.0,0,0.000,0.000,0.0,0
4139105,0.000,-0.000,0.0,0,0.000,0.000,0.0,0
4139145,0.000,-0.000,0.0,0,0.000,0.000,0.0,0
4139185,0.000,-0.000,0.0,0,0.000,0.000,0.0,0
4139225,0.000,-0.000,0.0,0,0.000,0.000,0.0,0
4139265,0.000,-0.000,0.0,0,0.000,0.000,0.0,0
4139305,0.000,-0.000,0.0,0,0.000,0.000,0.0,0
4139345,0.000,-0.000,0.0,0,0.000,0.000,0.0,0
4139385,0.000,-0.000,0.0,0,0.000,0.000,0.0,0
4139425,0.000,-0.000,0.0,0,0.000,0.000,0.0,0
4139465,0.000,-0.000,0.0,0,0.000,0.000,0.0,0
4139505,0.000,-0.000,0.0,0,0.000,0.000,0.0,0
4139545,0.000,-0.000,0.0,0,0.000,0.000,0.0,0
4139585,0.000,-0.000,0.0,0,0.000,0.000,0.0,0
4139625,0.000,-0.000,0.0,0,0.000,0.000,0.0,0
4139665,0.000,-0.000,0.0,0,0.000,0.000,0.0,0
4139705,0.000,-0.000,0.0,0,0.000,0.000,0.0,0
4139745,0.000,-0.000,0.0,0,0.000,0.000,0.0,0
4139785,0.000,-0.000,0.0,0,0.000,0.000,0.0,0
4139825,0.000,-0.000,0.0,0,0.000,0.000,0.0,0
4139865,0.000,-0.000,0.0,0,0.000,0.000,0.0,0
4139905,0.000,-0.000,0.0,0,0.000,0.000,0.0,0
4139945,0.000,-0.000,0.0,0,0.000,0.000,0.0,0
4139985,0.000,-0.000,0.0,0,0.000,0.000,0.0,0
4140025,0.000,-0.000,0.0,0,0.000,0.000,0.0,0
4140065,0.000,-0.000,0.0,0,0.000,0.000,0.0,0
4140105,0.000,-0.000,0.0,0,0.000,0.000,0.0,0
4140145,0.000,-0.000,0.0,0,0.000,0.000,0.0,0
4140185,0.000,-0.000,0.0,0,0.000,0.000,0.0,0
4140225,0.000,-0.000,0.0,0,0.000,0.000,0.0,0
4140265,0.000,-0.000,0.0,0,0.000,0.000,0.0,0
4140305,0.000,-0.000,0.0,0,0.000,0.000,0.0,0
4140345,0.000,-0.000,0.0,0,0.000,0.000,0.0,0
4140385,0.000,-0.000,0.0,0,0.000,0.000,0.0,0
4140425,0.000,-0.000,0.0,0,0.000,0.000,0.0,0
4140465,0.000,-0.000,0.0,0,0.000,0.000,0.0,0
4140505,0.000,-0.000,0.0,0,0.000,0.000,0.0,0
4140545,0.000,-0.000,0.0,0,0.000,0.000,0.0,0
4140585,0.000,-0.000,0.0,0,0.000,0.000,0.0,0
4140625,0.000,-0.000,0.0,0,0.000,0.000,0.0,0
4140665,0.000,-0.000,0.0,0,0.000,0.000,0.0,0
4140705,0.000,-0.000,0.0,0,0.000,0.000,0.0,0
4140745,0.000,-0.000,0.0,0,0.000,0.000,0.0,0
4140785,0.000,-0.000,0.0,0,0.000,0.000,0.0,0
4140825,0.000,-0.000,0.0,0,0.000,0.000,0.0,0
4140865,0.000,-0.000,0.0,0,0.000,0.000,0.0,0
4140905,0.000,-0.000,0.0,0,0.000,0.000,0.0,0
4140945,0.000,-0.000,0.0,0,0.000,0.000,0.0,0
4140985,0.000,-0.000,0.0,0,0.000,0.000,0.0,0
4141025,0.000,-0.000,0.0,0,0.000,0.000,0.0,0
4141065,0.000,-0.000,0.0,0,0.000,0.000,0.0,0
4141105,0.000,-0.000,0.0,0,0.000,0.000,0.0,0
4141145,0.000,-0.000,0.0,0,0.000,0.000,0.0,0
4141185,0.000,-0.000,0.0,0,0.000,0.000,0.0,0
4141225,0.000,-0.000,0.0,0,0.000,0.000,0.0,0
4141265,0.000,-0.000,0.0,0,0.000,0.000,0.0,0
4141305,0.000,-0.000,0.0,0,0.000,0.000,0.0,0
4141345,0.000,-0.000,0.0,0,0.000,0.000,0.0,0
4141385,0.000,-0.000,0.0,0,0.000,0.000,0.0,0
4141425,0.000,-0.000,0.0,0,0.000,0.000,0.0,0
4141465,0.000,-0.000,0.0,0,0.000,0.000,0.0,0
4141505,0.000,-0.000,0.0,0,0.000,0.000,0.0,0
4141545,0.000,-0.000,0.0,0,0.000,0.000,0.0,0
4141585,0.000,-0.000,0.0,0,0.000,0.000,0.0,0
4141625,0.000,-0.000,0.0,0,0.000,0.000,0.0,0
4141665,0.000,-0.000,0.0,0,0.000,0.000,0.0,0
4141705,0.000,-0.000,0.0,0,0.000,0.000,0.0,0
4141745,0.000,-0.000,0.0,0,0.000,0.000,0.0,0
4141785,0.000,-0.000,0.0,0,0.000,0.000,0.0,0
4141825,0.000,-0.000,0.0,0,0.000,0.000,0.0,0
4141865,0.000,-0.000,0.0,0,0.000,0.000,0.0,0
4141905,0.000,-0.000,0.0,0,0.000,0.000,0.0,0
4141945,0.000,-0.000,0.0,0,0.000,0.000,0.0,0
4141985,0.000,-0.000,0.0,0,0.000,0.000,0.0,0
4142025,0.000,-0.000,0.0,0,0.000,0.000,0.0,0
4142065,0.000,-0.000,0.0,0,0.000,0.000,0.0,0
4142105,0.000,-0.000,0.0,0,0.000,0.000,0.0,0
4142145,0.000,-0.000,0.0,0,0.000,0.000,0.0,0
4142185,0.000,-0.000,0.0,0,0.000,0.000,0.0,0
4142225,0.000,-0.000,0.0,0,0.000,0.000,0.0,0
4142265,0.000,-0.000,0.0,0,0.000,0.000,0.0,0
4142305,0.000,-0.000,0.0,0,0.000,0.000,0.0,0
4142345,0.000,-0.000,0.0,0,0.000,0.000,0.0,0
4142385,0.000,-0.000,0.0,0,0.000,0.000,0.0,0
4142425,0.000,-0.000,0.0,0,0.000,0.000,0.0,0
4142465,0.000,-0.000,0.0,0,0.000,0.000,0.0,0
4142505,0.000,-0.000,0.0,0,0.000,0.000,0.0,0
4142545,0.000,-0.000,0.0,0,0.000,0.000,0.0,0
4142585,0.000,-0.000,0.0,0,0.000,0.000,0.0,0
4142625,0.000,-0.000,0.0,0,0.000,0.000,0.0,0
4142665,0.000,-0.000,0.0,0,0.000,0.000,0.0,0
4142705,0.000,-0.000,0.0,0,0.000,0.000,0.0,0
4142745,0.000,-0.000,0.0,0,0.000,0.000,0.0,0
4142785,0.000,-0.000,0.0,0,0.000,0.000,0.0,0
4142825,3.846,0.000,52.3,24,0.000,0.000,0.0,0
4142865,3.846,0.000,58.5,48,0.000,0.000,0.0,0
4142905,3.846,0.006,64.5,64,0.000,0.000,0.0,0
4142945,3.846,2.456,38.5,38,0.000,0.006,0.0,0
4142985,3.846,3.375,28.3,28,0.000,0.006,0.0,0
4143025,3.846,2.828,36.0,36,0.000,0.352,0.0,0
4143065,3.846,2.573,41.1,41,0.000,0.601,0.0,0
4143105,3.846,2.334,46.4,46,0.000,0.874,0.0,0
4143145,3.846,2.643,44.8,44,0.000,1.242,0.0,0
4143185,3.846,2.815,44.5,44,0.000,1.595,0.0,0
4143225,3.846,3.196,41.0,40,0.000,1.846,0.0,0
4143265,3.846,3.323,40.4,40,0.000,2.303,0.0,0
4143305,3.846,3.385,40.4,40,0.000,2.546,0.0,0
4143345,3.846,3.773,36.0,36,0.000,2.682,0.0,0
4143385,3.846,4.090,32.1,32,0.000,2.923,0.0,0
4143425,3.846,4.065,32.1,32,0.000,3.052,0.0,0
4143465,3.846,4.146,30.6,30,0.000,3.158,0.0,0
4143505,3.846,4.069,31.0,31,0.000,3.109,0.0,0
4143545,3.846,4.130,29.9,29,0.000,3.070,0.0,0
4143585,3.846,4.043,30.6,30,0.000,3.059,0.0,0
4143625,3.846,4.005,30.9,30,0.000,2.997,0.0,0
4143665,3.846,3.939,31.4,31,0.000,3.078,0.0,0
4143705,3.846,3.942,31.2,31,0.000,2.980,0.0,0
4143745,3.846,3.869,32.1,32,0.000,2.923,0.0,0
4143785,3.846,3.890,31.8,31,0.000,2.995,0.0,0
4143825,3.846,3.870,32.0,31,0.000,2.919,0.0,0
4143865,3.846,3.938,31.0,31,0.000,3.012,0.0,0
4143905,3.846,3.834,32.2,32,0.000,2.901,0.0,0
4143945,3.846,3.798,32.8,32,0.000,2.987,0.0,0
4143985,3.846,3.725,33.9,33,0.000,2.859,0.0,0
4144025,3.846,3.757,33.6,33,0.000,2.868,0.0,0
4144065,3.846,3.887,32.0,32,0.000,3.096,0.0,0
4144105,3.846,3.896,31.9,31,0.000,2.994,0.0,0
4144145,3.846,3.809,32.9,32,0.000,3.059,0.0,0
4144185,3.846,3.792,33.1,33,0.000,2.881,0.0,0
4144225,3.846,3.808,33.1,33,0.000,2.987,0.0,0
4144265,3.846,3.696,34.6,34,0.000,2.825,0.0,0
4144305,3.846,3.725,34.4,34,0.000,2.965,0.0,0
4144345,3.846,3.694,34.9,34,0.000,2.886,0.0,0
4144385,3.846,3.851,33.2,33,0.000,2.975,0.0,0
4144425,3.846,3.714,35.0,35,0.000,2.882,0.0,0
4144465,3.846,3.712,35.2,35,0.000,2.948,0.0,0
4144505,3.846,3.898,33.0,32,0.000,2.879,0.0,0
4144545,3.846,3.972,32.0,32,0.000,2.926,0.0,0
4144585,3.846,3.851,33.5,33,0.000,3.066,0.0,0
4144625,3.846,3.723,35.1,35,0.000,2.917,0.0,0
4144665,3.846,3.884,33.2,33,0.000,3.021,0.0,0
4144705,3.846,3.663,36.1,36,0.000,2.880,0.0,0
4144745,3.846,3.811,34.3,34,0.000,3.067,0.0,0
4144785,3.846,3.944,32.4,32,0.000,2.949,0.0,0
4144825,3.846,4.090,30.5,30,0.000,2.962,0.0,0
4144865,3.846,3.847,33.3,33,0.000,2.966,0.0,0
4144905,3.846,3.793,33.9,33,0.000,2.990,0.0,0
4144945,3.846,4.005,31.2,31,0.000,3.111,0.0,0
4144985,3.846,3.865,32.9,32,0.000,3.010,0.0,0
4145025,3.846,3.870,32.7,32,0.000,3.103,0.0,0
4145065,3.846,3.805,33.4,33,0.000,2.983,0.0,0
4145105,3.846,3.950,31.6,31,0.000,2.945,0.0,0
4145145,3.846,3.907,32.1,32,0.000,3.056,0.0,0
4145185,3.846,4.013,30.5,30,0.000,3.039,0.0,0
4145225,3.846,3.945,31.0,31,0.000,3.138,0.0,0
4145265,3.846,3.941,30.9,30,0.000,3.052,0.0,0
4145305,3.846,3.788,32.9,32,0.000,2.912,0.0,0
4145345,3.846,3.700,34.1,34,0.000,2.939,0.0,0
4145385,3.846,3.758,33.5,33,0.000,2.846,0.0,0
4145425,3.846,3.796,33.2,33,0.000,2.925,0.0,0
4145465,3.846,3.809,33.1,33,0.000,2.873,0.0,0
4145505,3.846,3.775,33.6,33,0.000,2.923,0.0,0
4145545,3.846,3.816,33.2,33,0.000,2.979,0.0,0
4145585,3.846,3.808,33.4,33,0.000,3.001,0.0,0
4145625,3.846,3.875,32.6,32,0.000,3.012,0.0,0
4145665,3.846,3.783,33.8,33,0.000,2.952,0.0,0
4145705,3.846,3.778,33.9,33,0.000,2.939,0.0,0
4145745,3.846,3.815,33.5,33,0.000,2.898,0.0,0
4145785,3.846,3.820,33.6,33,0.000,2.919,0.0,0
4145825,3.846,3.796,34.0,33,0.000,3.012,0.0,0
4145865,3.846,3.803,33.9,33,0.000,2.945,0.0,0
4145905,3.846,3.879,33.0,32,0.000,3.048,0.0,0
4145945,3.846,3.754,34.6,34,0.000,2.945,0.0,0
4145985,3.846,3.790,34.2,34,0.000,2.919,0.0,0
4146025,3.846,3.812,33.9,33,0.000,2.956,0.0,0
4146065,3.846,3.970,31.9,31,0.000,2.972,0.0,0
4146105,3.846,3.855,33.3,33,0.000,3.126,0.0,0
4146145,3.846,3.889,32.7,32,0.000,3.005,0.0,0
4146185,3.846,3.770,34.1,34,0.000,3.125,0.0,0
4146225,3.846,3.977,31.4,31,0.000,2.936,0.0,0
4146265,3.846,3.841,33.2,33,0.000,2.963,0.0,0
4146305,3.846,3.734,34.5,34,0.000,3.042,0.0,0
4146345,3.846,3.781,34.1,34,0.000,2.987,0.0,0
4146385,3.846,3.999,31.4,31,0.000,3.056,0.0,0
4146425,3.846,3.803,33.8,33,0.000,3.008,0.0,0
4146465,3.846,3.967,31.5,31,0.000,3.140,0.0,0
4146505,3.846,3.945,31.7,31,0.000,3.007,0.0,0
4146545,3.846,3.863,32.7,32,0.000,3.124,0.0,0
4146585,3.846,3.823,33.1,33,0.000,2.997,0.0,0
4146625,3.846,3.942,31.7,31,0.000,3.104,0.0,0
4146665,3.846,3.844,32.9,32,0.000,2.962,0.0,0
4146705,3.846,3.749,34.2,34,0.000,2.951,0.0,0
4146745,3.846,3.793,33.7,33,0.000,3.087,0.0,0
4146785,3.846,3.936,31.9,31,0.000,2.955,0.0,0
4146825,3.846,3.816,33.4,33,0.000,3.088,0.0,0
4146865,3.846,3.840,33.1,33,0.000,2.920,0.0,0
4146905,3.846,3.741,34.3,34,0.000,3.063,0.0,0
4146945,3.846,3.796,33.8,33,0.000,2.913,0.0,0
4146985,3.846,3.776,34.2,34,0.000,2.897,0.0,0
4147025,3.846,3.736,34.8,34,0.000,2.992,0.0,0
4147065,3.846,3.795,34.1,34,0.000,2.887,0.0,0
4147105,3.846,3.778,34.5,34,0.000,2.947,0.0,0
4147145,3.846,3.801,34.3,34,0.000,2.858,0.0,0
4147185,3.846,3.789,34.5,34,0.000,2.948,0.0,0
4147225,3.846,3.881,33.4,33,0.000,2.964,0.0,0
4147265,3.846,3.875,33.4,33,0.000,3.006,0.0,0
4147305,3.846,3.873,33.4,33,0.000,3.006,0.0,0
4147345,3.846,3.714,35.5,35,0.000,2.894,0.0,0
4147385,3.846,3.693,35.9,35,0.000,2.910,0.0,0
4147425,0.000,3.753,0.0,0,0.000,2.843,0.0,0
4147465,0.000,3.581,0.0,0,0.000,2.846,0.0,0
4147505,0.000,3.401,0.0,0,0.000,2.713,0.0,0
4147545,0.000,3.298,0.0,0,0.000,2.606,0.0,0
4147585,0.000,3.118,0.0,0,0.000,2.479,0.0,0
4147625,0.000,2.942,0.0,0,0.000,2.438,0.0,0
4147665,0.000,2.710,0.0,0,0.000,2.152,0.0,0
4147705,0.000,2.415,0.0,0,0.000,2.005,0.0,0
4147745,0.000,2.415,0.0,0,0.000,2.005,0.0,0
4147785,0.000,2.155,0.0,0,0.000,1.810,0.0,0
4147825,0.000,1.956,0.0,0,0.000,1.579,0.0,0
4147865,0.000,1.804,0.0,0,0.000,1.579,0.0,0
4147905,0.000,1.519,0.0,0,0.000,1.383,0.0,0
4147945,0.000,1.519,0.0,0,0.000,1.383,0.0,0
4147985,0.000,1.519,0.0,0,0.000,1.383,0.0,0
4148025,0.000,1.519,0.0,0,0.000,1.383,0.0,0
4148065,0.000,0.000,0.0,0,0.000,0.000,0.0,0
4148105,0.000,0.000,0.0,0,0.000,0.000,0.0,0
4148145,0.000,0.000,0.0,0,0.000,0.000,0.0,0
4148185,0.000,0.000,0.0,0,0.000,0.000,0.0,0
4148225,0.000,0.000,0.0,0,0.000,0.000,0.0,0
4148265,0.000,0.000,0.0,0,0.000,0.000,0.0,0
4148305,0.000,0.000,0.0,0,0.000,0.000,0.0,0
4148345,0.000,0.000,0.0,0,0.000,0.000,0.0,0
4148385,0.000,0.000,0.0,0,0.000,0.000,0.0,0
4148425,0.000,0.000,0.0,0,0.000,0.000,0.0,0
4148465,0.000,0.000,0.0,0,0.000,0.000,0.0,0
4148505,0.000,0.000,0.0,0,0.000,0.000,0.0,0
4148545,0.000,0.000,0.0,0,0.000,0.000,0.0,0
4148585,0.000,0.000,0.0,0,0.000,0.000,0.0,0
4148625,0.000,0.000,0.0,0,0.000,0.000,0.0,0
4148665,0.000,0.000,0.0,0,0.000,0.000,0.0,0
4148705,0.000,0.000,0.0,0,0.000,0.000,0.0,0
4148745,0.000,0.000,0.0,0,0.000,0.000,0.0,0
4148785,0.000,0.000,0.0,0,0.000,0.000,0.0,0
4148825,0.000,0.000,0.0,0,0.000,0.000,0.0,0
4148865,0.000,0.000,0.0,0,0.000,0.000,0.0,0
4148905,0.000,0.000,0.0,0,0.000,0.000,0.0,0
4148945,0.000,0.000,0.0,0,0.000,0.000,0.0,0
4148985,0.000,0.000,0.0,0,0.000,0.000,0.0,0
4149025,0.000,0.000,0.0,0,0.000,0.000,0.0,0
4149065,0.000,0.000,0.0,0,0.000,0.000,0.0,0
4149105,0.000,0.000,0.0,0,0.000,0.000,0.0,0
4149145,0.000,0.000,0.0,0,0.000,0.000,0.0,0
4149185,0.000,0.000,0.0,0,0.000,0.000,0.0,0
4149225,0.000,0.000,0.0,0,0.000,0.000,0.0,0
4149265,0.000,0.000,0.0,0,0.000,0.000,0.0,0
4149305,0.000,0.000,0.0,0,0.000,0.000,0.0,0
4149345,0.000,0.000,0.0,0,0.000,0.000,0.0,0
4149385,0.000,0.000,0.0,0,0.000,0.000,0.0,0
4149425,0.000,0.000,0.0,0,0.000,0.000,0.0,0
4149465,0.000,0.000,0.0,0,0.000,0.000,0.0,0
4149505,0.000,0.000,0.0,0,0.000,0.000,0.0,0
4149545,0.000,0.000,0.0,0,0.000,0.000,0.0,0
4149585,0.000,0.000,0.0,0,0.000,0.000,0.0,0
4149625,0.000,0.000,0.0,0,0.000,0.000,0.0,0
4149665,0.000,0.000,0.0,0,0.000,0.000,0.0,0
4149705,0.000,0.000,0.0,0,0.000,0.000,0.0,0
4149745,0.000,0.000,0.0,0,0.000,0.000,0.0,0
4149785,0.000,0.000,0.0,0,0.000,0.000,0.0,0
4149825,0.000,0.000,0.0,0,0.000,0.000,0.0,0
4149865,0.000,0.000,0.0,0,0.000,0.000,0.0,0
4149905,0.000,0.000,0.0,0,0.000,0.000,0.0,0
4149945,0.000,0.000,0.0,0,0.000,0.000,0.0,0
4149985,0.000,0.000,0.0,0,0.000,0.000,0.0,0
4150025,0.000,0.000,0.0,0,0.000,0.000,0.0,0
4150065,0.000,0.000,0.0,0,0.000,0.000,0.0,0
4150105,0.000,0.000,0.0,0,0.000,0.000,0.0,0
4150145,0.000,0.000,0.0,0,0.000,0.000,0.0,0
4150185,0.000,0.000,0.0,0,0.000,0.000,0.0,0
4150225,0.000,0.000,0.0,0,0.000,0.000,0.0,0
4150265,0.000,0.000,0.0,0,0.000,0.000,0.0,0
4150305,0.000,0.000,0.0,0,0.000,0.000,0.0,0
4150345,0.000,0.000,0.0,0,0.000,0.000,0.0,0
4150385,0.000,0.000,0.0,0,0.000,0.000,0.0,0
4150425,0.000,0.000,0.0,0,0.000,0.000,0.0,0
4150465,0.000,0.000,0.0,0,0.000,0.000,0.0,0
4150505,0.000,0.000,0.0,0,0.000,0.000,0.0,0
4150545,0.000,0.000,0.0,0,0.000,0.000,0.0,0
4150585,0.000,0.000,0.0,0,0.000,0.000,0.0,0
4150625,0.000,0.000,0.0,0,0.000,0.000,0.0,0
4150665,0.000,0.000,0.0,0,0.000,0.000,0.0,0
4150705,0.000,0.000,0.0,0,0.000,0.000,0.0,0
4150745,0.000,0.000,0.0,0,0.000,0.000,0.0,0
4150785,0.000,0.000,0.0,0,0.000,0.000,0.0,0
4150825,0.000,0.000,0.0,0,0.000,0.000,0.0,0
4150865,0.000,0.000,0.0,0,0.000,0.000,0.0,0
4150905,0.000,0.000,0.0,0,0.000,0.000,0.0,0
4150945,0.000,0.000,0.0,0,0.000,0.000,0.0,0
4150985,0.000,0.000,0.0,0,0.000,0.000,0.0,0
4151025,0.000,0.000,0.0,0,0.000,0.000,0.0,0
4151065,0.000,0.000,0.0,0,0.000,0.000,0.0,0
4151105,0.000,0.000,0.0,0,0.000,0.000,0.0,0
4151145,0.000,0.000,0.0,0,0.000,0.000,0.0,0
4151185,0.000,0.000,0.0,0,0.000,0.000,0.0,0
4151225,0.000,0.000,0.0,0,0.000,0.000,0.0,0
4151265,0.000,0.000,0.0,0,0.000,0.000,0.0,0
4151305,0.000,0.000,0.0,0,0.000,0.000,0.0,0
4151345,0.000,0.000,0.0,0,0.000,0.000,0.0,0
4151385,0.000,0.000,0.0,0,0.000,0.000,0.0,0
4151425,0.000,0.000,0.0,0,0.000,0.000,0.0,0
4151465,0.000,0.000,0.0,0,0.000,0.000,0.0,0
4151505,0.000,0.000,0.0,0,0.000,0.000,0.0,0
4151545,0.000,0.000,0.0,0,0.000,0.000,0.0,0
4151585,0.000,0.000,0.0,0,0.000,0.000,0.0,0
4151625,0.000,0.000,0.0,0,0.000,0.000,0.0,0
4151665,0.000,0.000,0.0,0,0.000,0.000,0.0,0
4151705,0.000,0.000,0.0,0,0.000,0.000,0.0,0
4151745,0.000,0.000,0.0,0,0.000,0.000,0.0,0
4151785,0.000,0.000,0.0,0,0.000,0.000,0.0,0
4151825,0.000,0.000,0.0,0,0.000,0.000,0.0,0
4151865,0.000,0.000,0.0,0,0.000,0.000,0.0,0
4151905,0.000,0.000,0.0,0,0.000,0.000,0.0,0
4151945,0.000,0.000,0.0,0,0.000,0.000,0.0,0
4151985,0.000,0.000,0.0,0,0.000,0.000,0.0,0
4152025,0.000,0.000,0.0,0,0.000,0.000,0.0,0
4152065,0.000,0.000,0.0,0,0.000,0.000,0.0,0
4152105,0.000,0.000,0.0,0,0.000,0.000,0.0,0
4152145,0.000,0.000,0.0,0,0.000,0.000,0.0,0
4152185,0.000,0.000,0.0,0,0.000,0.000,0.0,0
4152225,0.000,0.000,0.0,0,0.000,0.000,0.0,0
4152265,0.000,0.000,0.0,0,0.000,0.000,0.0,0
4152305,0.000,0.000,0.0,0,0.000,0.000,0.0,0
4152345,0.000,0.000,0.0,0,0.000,0.000,0.0,0
4152385,0.000,0.000,0.0,0,0.000,0.000,0.0,0
4152425,0.000,0.000,0.0,0,0.000,0.000,0.0,0
4152465,0.000,0.000,0.0,0,0.000,0.000,0.0,0
4152505,0.000,0.000,0.0,0,0.000,0.000,0.0,0
4152545,0.000,0.000,0.0,0,0.000,0.000,0.0,0
4152585,0.000,0.000,0.0,0,0.000,0.000,0.0,0
4152625,0.000,0.000,0.0,0,0.000,0.000,0.0,0
4152665,0.000,0.000,0.0,0,0.000,0.000,0.0,0
4152705,0.000,0.000,0.0,0,0.000,0.000,0.0,0
4152745,0.000,0.000,0.0,0,0.000,0.000,0.0,0
4152785,0.000,0.000,0.0,0,0.000,0.000,0.0,0
4152825,0.000,0.000,0.0,0,0.000,0.000,0.0,0
4152865,0.000,0.000,0.0,0,0.000,0.000,0.0,0
4152905,0.000,0.000,0.0,0,0.000,0.000,0.0,0
4152945,0.000,0.000,0.0,0,0.000,0.000,0.0,0
4152985,0.000,0.000,0.0,0,0.000,0.000,0.0,0
4153025,0.000,0.000,0.0,0,0.000,0.000,0.0,0
4153065,0.000,0.000,0.0,0,0.000,0.000,0.0,0
4153105,0.000,0.000,0.0,0,0.000,0.000,0.0,0
4153145,0.000,0.000,0.0,0,0.000,0.000,0.0,0
4153185,0.000,0.000,0.0,0,0.000,0.000,0.0,0
4153225,0.000,0.000,0.0,0,0.000,0.000,0.0,0
4153265,0.000,0.000,0.0,0,0.000,0.000,0.0,0
4153305,0.000,0.000,0.0,0,0.000,0.000,0.0,0
4153345,0.000,0.000,0.0,0,0.000,0.000,0.0,0
4153385,0.000,0.000,0.0,0,0.000,0.000,0.0,0
4153425,0.000,0.000,0.0,0,0.000,0.000,0.0,0
4153465,0.000,0.000,0.0,0,0.000,0.000,0.0,0
4153505,0.000,0.000,0.0,0,0.000,0.000,0.0,0
4153545,0.000,0.000,0.0,0,0.000,0.000,0.0,0
4153585,0.000,0.000,0.0,0,0.000,0.000,0.0,0
4153625,0.000,0.000,0.0,0,0.000,0.000,0.0,0
4153665,0.000,0.000,0.0,0,0.000,0.000,0.0,0
4153705,0.000,0.000,0.0,0,0.000,0.000,0.0,0
4153745,0.000,0.000,0.0,0,0.000,0.000,0.0,0
4153785,0.000,0.000,0.0,0,0.000,0.000,0.0,0
4153825,0.000,0.000,0.0,0,0.000,0.000,0.0,0
4153865,0.000,0.000,0.0,0,0.000,0.000,0.0,0
4153905,0.000,0.000,0.0,0,0.000,0.000,0.0,0
4153945,0.000,0.000,0.0,0,0.000,0.000,0.0,0
4153985,0.000,0.000,0.0,0,0.000,0.000,0.0,0
4154025,0.000,0.000,0.0,0,0.000,0.000,0.0,0
4154065,0.000,0.000,0.0,0,0.000,0.000,0.0,0
4154105,0.000,0.000,0.0,0,0.000,0.000,0.0,0
4154145,0.000,0.000,0.0,0,0.000,0.000,0.0,0
4154185,0.000,0.000,0.0,0,0.000,0.000,0.0,0
4154225,0.000,0.000,0.0,0,0.000,0.000,0.0,0
4154265,0.000,0.000,0.0,0,0.000,0.000,0.0,0
4154305,0.000,0.000,0.0,0,0.000,0.000,0.0,0
4154345,0.000,0.000,0.0,0,0.000,0.000,0.0,0
4154385,0.000,0.000,0.0,0,0.000,0.000,0.0,0
4154425,0.000,0.000,0.0,0,0.000,0.000,0.0,0
4154465,0.000,0.000,0.0,0,0.000,0.000,0.0,0
4154505,0.000,0.000,0.0,0,0.000,0.000,0.0,0
4154545,0.000,0.000,0.0,0,0.000,0.000,0.0,0
4154585,0.000,0.000,0.0,0,0.000,0.000,0.0,0
4154625,0.000,0.000,0.0,0,0.000,0.000,0.0,0
4154665,0.000,0.000,0.0,0,0.000,0.000,0.0,0
4154705,0.000,0.000,0.0,0,0.000,0.000,0.0,0
4154745,0.000,0.000,0.0,0,0.000,0.000,0.0,0
4154785,0.000,0.000,0.0,0,0.000,0.000,0.0,0
4154825,0.000,0.000,0.0,0,0.000,0.000,0.0,0
4154865,0.000,0.000,0.0,0,0.000,0.000,0.0,0
4154905,0.000,0.000,0.0,0,0.000,0.000,0.0,0
4154945,0.000,0.000,0.0,0,0.000,0.000,0.0,0
4154985,0.000,0.000,0.0,0,0.000,0.000,0.0,0
4155025,0.000,0.000,0.0,0,0.000,0.000,0.0,0
4155065,0.000,0.000,0.0,0,0.000,0.000,0.0,0
4155105,0.000,0.000,0.0,0,0.000,0.000,0.0,0
4155145,0.000,0.000,0.0,0,0.000,0.000,0.0,0
4155185,0.000,0.000,0.0,0,0.000,0.000,0.0,0
4155225,0.000,0.000,0.0,0,0.000,0.000,0.0,0
4155265,0.000,0.000,0.0,0,0.000,0.000,0.0,0
4155305,0.000,0.000,0.0,0,0.000,0.000,0.0,0
4155345,0.000,0.000,0.0,0,0.000,0.000,0.0,0
4155385,0.000,0.000,0.0,0,0.000,0.000,0.0,0
4155425,0.000,0.000,0.0,0,0.000,0.000,0.0,0
4155465,0.000,0.000,0.0,0,0.000,0.000,0.0,0
4155505,0.000,0.000,0.0,0,0.000,0.000,0.0,0
4155545,0.000,0.000,0.0,0,0.000,0.000,0.0,0
4155585,0.000,0.000,0.0,0,0.000,0.000,0.0,0
4155625,0.000,0.000,0.0,0,0.000,0.000,0.0,0
4155665,0.000,0.000,0.0,0,0.000,0.000,0.0,0
4155705,0.000,0.000,0.0,0,0.000,0.000,0.0,0
4155745,0.000,0.000,0.0,0,0.000,0.000,0.0,0
4155785,0.000,0.000,0.0,0,0.000,0.000,0.0,0
4155825,0.000,0.000,0.0,0,0.000,0.000,0.0,0
4155865,0.000,0.000,0.0,0,0.000,0.000,0.0,0
4155905,0.000,0.000,0.0,0,0.000,0.000,0.0,0
4155945,0.000,0.000,0.0,0,0.000,0.000,0.0,0
4155985,0.000,0.000,0.0,0,0.000,0.000,0.0,0
4156025,0.000,0.000,0.0,0,0.000,0.000,0.0,0
4156065,0.000,0.000,0.0,0,0.000,0.000,0.0,0
4156105,0.000,0.000,0.0,0,0.000,0.000,0.0,0
4156145,0.000,0.000,0.0,0,0.000,0.000,0.0,0
4156185,0.000,0.000,0.0,0,0.000,0.000,0.0,0
4156225,0.000,0.000,0.0,0,0.000,0.000,0.0,0
4156265,0.000,0.000,0.0,0,0.000,0.000,0.0,0
4156305,0.000,0.000,0.0,0,0.000,0.000,0.0,0
4156345,0.000,0.000,0.0,0,0.000,0.000,0.0,0
4156385,0.000,0.000,0.0,0,0.000,0.000,0.0,0
4156425,0.000,0.000,0.0,0,0.000,0.000,0.0,0
4156465,0.000,0.000,0.0,0,0.000,0.000,0.0,0
4156505,0.000,0.000,0.0,0,0.000,0.000,0.0,0
4156545,0.000,0.000,0.0,0,0.000,0.000,0.0,0
4156585,0.000,0.000,0.0,0,0.000,0.000,0.0,0
4156625,0.000,0.000,0.0,0,0.000,0.000,0.0,0
4156665,0.000,0.000,0.0,0,0.000,0.000,0.0,0
4156705,0.000,0.000,0.0,0,0.000,0.000,0.0,0
4156745,0.000,0.000,0.0,0,0.000,0.000,0.0,0
4156785,0.000,0.000,0.0,0,0.000,0.000,0.0,0
4156825,0.000,0.000,0.0,0,0.000,0.000,0.0,0
4156865,0.000,0.000,0.0,0,0.000,0.000,0.0,0
4156905,0.000,0.000,0.0,0,0.000,0.000,0.0,0
4156945,0.000,0.000,0.0,0,0.000,0.000,0.0,0
4156985,0.000,0.000,0.0,0,0.000,0.000,0.0,0
4157025,0.000,0.000,0.0,0,0.000,0.000,0.0,0
4157065,0.000,0.000,0.0,0,0.000,0.000,0.0,0
4157105,0.000,0.000,0.0,0,0.000,0.000,0.0,0
4157145,0.000,0.000,0.0,0,0.000,0.000,0.0,0
4157185,0.000,0.000,0.0,0,0.000,0.000,0.0,0
4157225,0.000,0.000,0.0,0,0.000,0.000,0.0,0
4157265,0.000,0.000,0.0,0,0.000,0.000,0.0,0
4157305,0.000,0.000,0.0,0,0.000,0.000,0.0,0
4157345,0.000,0.000,0.0,0,0.000,0.000,0.0,0
4157385,0.000,0.000,0.0,0,0.000,0.000,0.0,0
4157425,0.000,0.000,0.0,0,0.000,0.000,0.0,0
4157465,0.000,0.000,0.0,0,0.000,0.000,0.0,0
4157505,0.000,0.000,0.0,0,0.000,0.000,0.0,0
4157545,0.000,0.000,0.0,0,0.000,0.000,0.0,0
4157585,0.000,0.000,0.0,0,0.000,0.000,0.0,0
4157625,0.000,0.000,0.0,0,0.000,0.000,0.0,0
4157665,0.000,0.000,0.0,0,0.000,0.000,0.0,0
4157705,0.000,0.000,0.0,0,0.000,0.000,0.0,0
4157745,0.000,0.000,0.0,0,0.000,0.000,0.0,0
4157785,0.000,0.000,0.0,0,0.000,0.000,0.0,0
4157825,0.000,0.000,0.0,0,0.000,0.000,0.0,0
4157865,0.000,0.000,0.0,0,0.000,0.000,0.0,0
4157905,0.000,0.000,0.0,0,0.000,0.000,0.0,0
4157945,0.000,0.000,0.0,0,0.000,0.000,0.0,0
4157985,0.000,0.000,0.0,0,0.000,0.000,0.0,0
4158025,0.000,0.000,0.0,0,0.000,0.000,0.0,0
4158065,0.000,0.000,0.0,0,0.000,0.000,0.0,0
4158105,0.000,0.000,0.0,0,0.000,0.000,0.0,0
4158145,0.000,0.000,0.0,0,0.000,0.000,0.0,0
4158185,0.000,0.000,0.0,0,0.000,0.000,0.0,0
4158225,0.000,0.000,0.0,0,0.000,0.000,0.0,0
4158265,0.000,0.000,0.0,0,0.000,0.000,0.0,0
4158305,0.000,0.000,0.0,0,0.000,0.000,0.0,0
4158345,0.000,0.000,0.0,0,0.000,0.000,0.0,0
4158385,0.000,0.000,0.0,0,0.000,0.000,0.0,0
4158425,0.000,0.000,0.0,0,0.000,0.000,0.0,0
4158465,0.000,0.000,0.0,0,0.000,0.000,0.0,0
4158505,0.000,0.000,0.0,0,0.000,0.000,0.0,0
4158545,0.000,0.000,0.0,0,0.000,0.000,0.0,0
4158585,0.000,0.000,0.0,0,0.000,0.000,0.0,0
4158625,0.000,0.000,0.0,0,0.000,0.000,0.0,0
4158665,0.000,0.000,0.0,0,0.000,0.000,0.0,0
4158705,0.000,0.000,0.0,0,0.000,0.000,0.0,0
4158745,0.000,0.000,0.0,0,0.000,0.000,0.0,0
4158785,0.000,0.000,0.0,0,0.000,0.000,0.0,0
4158825,0.000,0.000,0.0,0,0.000,0.000,0.0,0
4158865,0.000,0.000,0.0,0,0.000,0.000,0.0,0
4158905,0.000,0.000,0.0,0,0.000,0.000,0.0,0
4158945,0.000,0.000,0.0,0,0.000,0.000,0.0,0
4158985,0.000,0.000,0.0,0,0.000,0.000,0.0,0
4159025,0.000,0.000,0.0,0,0.000,0.000,0.0,0
4159065,0.000,0.000,0.0,0,0.000,0.000,0.0,0
4159105,0.000,0.000,0.0,0,0.000,0.000,0.0,0
4159145,0.000,0.000,0.0,0,0.000,0.000,0.0,0
4159185,0.000,0.000,0.0,0,0.000,0.000,0.0,0
4159225,0.000,0.000,0.0,0,0.000,0.000,0.0,0
4159265,0.000,0.000,0.0,0,0.000,0.000,0.0,0
4159305,0.000,0.000,0.0,0,0.000,0.000,0.0,0
4159345,0.000,0.000,0.0,0,0.000,0.000,0.0,0
4159385,0.000,0.000,0.0,0,0.000,0.000,0.0,0
4159425,0.000,0.000,0.0,0,0.000,0.000,0.0,0
4159465,0.000,0.000,0.0,0,0.000,0.000,0.0,0
4159505,0.000,0.000,0.0,0,0.000,0.000,0.0,0
4159545,0.000,0.000,0.0,0,0.000,0.000,0.0,0
4159585,0.000,0.000,0.0,0,0.000,0.000,0.0,0
4159625,0.000,0.000,0.0,0,0.000,0.000,0.0,0
4159665,0.000,0.000,0.0,0,0.000,0.000,0.0,0
4159705,0.000,0.000,0.0,0,0.000,0.000,0.0,0
4159745,0.000,0.000,0.0,0,0.000,0.000,0.0,0
4159785,0.000,0.000,0.0,0,0.000,0.000,0.0,0
4159825,0.000,0.000,0.0,0,0.000,0.000,0.0,0
4159865,0.000,0.000,0.0,0,0.000,0.000,0.0,0
4159905,0.000,0.000,0.0,0,0.000,0.000,0.0,0
4159945,0.000,0.000,0.0,0,0.000,0.000,0.0,0
4159985,0.000,0.000,0.0,0,0.000,0.000,0.0,0
4160025,0.000,0.000,0.0,0,0.000,0.000,0.0,0
4160065,0.000,0.000,0.0,0,0.000,0.000,0.0,0
4160105,0.000,0.000,0.0,0,0.000,0.000,0.0,0
4160145,0.000,0.000,0.0,0,0.000,0.000,0.0,0
4160185,0.000,0.000,0.0,0,0.000,0.000,0.0,0
4160225,0.000,0.000,0.0,0,0.000,0.000,0.0,0
4160265,0.000,0.000,0.0,0,0.000,0.000,0.0,0
4160305,0.000,0.000,0.0,0,0.000,0.000,0.0,0
4160345,0.000,0.000,0.0,0,0.000,0.000,0.0,0
4160385,0.000,0.000,0.0,0,0.000,0.000,0.0,0
4160425,0.000,0.000,0.0,0,0.000,0.000,0.0,0
4160465,0.000,0.000,0.0,0,0.000,0.000,0.0,0
4160505,0.000,0.000,0.0,0,0.000,0.000,0.0,0
4160545,0.000,0.000,0.0,0,0.000,0.000,0.0,0
4160585,0.000,0.000,0.0,0,0.000,0.000,0.0,0
4160625,0.000,0.000,0.0,0,0.000,0.000,0.0,0
4160665,0.000,0.000,0.0,0,0.000,0.000,0.0,0
4160705,0.000,0.000,0.0,0,0.000,0.000,0.0,0
4160745,0.000,0.000,0.0,0,0.000,0.000,0.0,0
4160785,0.000,0.000,0.0,0,0.000,0.000,0.0,0
4160825,0.000,0.000,0.0,0,0.000,0.000,0.0,0
4160865,0.000,0.000,0.0,0,0.000,0.000,0.0,0
4160905,0.000,0.000,0.0,0,0.000,0.000,0.0,0
4160945,0.000,0.000,0.0,0,0.000,0.000,0.0,0
4160985,0.000,0.000,0.0,0,0.000,0.000,0.0,0
4161025,0.000,0.000,0.0,0,0.000,0.000,0.0,0
4161065,0.000,0.000,0.0,0,0.000,0.000,0.0,0
4161105,0.000,0.000,0.0,0,0.000,0.000,0.0,0
4161145,0.000,0.000,0.0,0,0.000,0.000,0.0,0
4161185,0.000,0.000,0.0,0,0.000,0.000,0.0,0
4161225,0.000,0.000,0.0,0,0.000,0.000,0.0,0
4161265,0.000,0.000,0.0,0,0.000,0.000,0.0,0
4161305,0.000,0.000,0.0,0,0.000,0.000,0.0,0
4161345,0.000,0.000,0.0,0,0.000,0.000,0.0,0
4161385,0.000,0.000,0.0,0,0.000,0.000,0.0,0
4161425,0.000,0.000,0.0,0,0.000,0.000,0.0,0
4161465,0.000,0.000,0.0,0,0.000,0.000,0.0,0
4161505,0.000,0.000,0.0,0,0.000,0.000,0.0,0
4161545,0.000,0.000,0.0,0,0.000,0.000,0.0,0
4161585,0.000,0.000,0.0,0,0.000,0.000,0.0,0
4161625,0.000,0.000,0.0,0,0.000,0.000,0.0,0
4161665,0.000,0.000,0.0,0,0.000,0.000,0.0,0
4161705,0.000,0.000,0.0,0,0.000,0.000,0.0,0
4161745,0.000,0.000,0.0,0,0.000,0.000,0.0,0
4161785,0.000,0.000,0.0,0,0.000,0.000,0.0,0
4161825,0.000,0.000,0.0,0,0.000,0.000,0.0,0
4161865,0.000,0.000,0.0,0,0.000,0.000,0.0,0
4161905,0.000,0.000,0.0,0,0.000,0.000,0.0,0
4161945,0.000,0.000,0.0,0,0.000,0.000,0.0,0
4161985,0.000,0.000,0.0,0,0.000,0.000,0.0,0
4162025,0.000,0.000,0.0,0,0.000,0.000,0.0,0
4162065,0.000,0.000,0.0,0,0.000,0.000,0.0,0
4162105,0.000,0.000,0.0,0,0.000,0.000,0.0,0
4162145,0.000,0.000,0.0,0,0.000,0.000,0.0,0
4162185,0.000,0.000,0.0,0,0.000,0.000,0.0,0
4162225,0.000,0.000,0.0,0,0.000,0.000,0.0,0
4162265,0.000,0.000,0.0,0,0.000,0.000,0.0,0
4162305,0.000,0.000,0.0,0,0.000,0.000,0.0,0
4162345,0.000,0.000,0.0,0,0.000,0.000,0.0,0
4162385,0.000,0.000,0.0,0,0.000,0.000,0.0,0
4162425,0.000,0.000,0.0,0,0.000,0.000,0.0,0
4162465,0.000,0.000,0.0,0,0.000,0.000,0.0,0
4162505,0.000,0.000,0.0,0,0.000,0.000,0.0,0
4162545,0.000,0.000,0.0,0,0.000,0.000,0.0,0
4162585,0.000,0.000,0.0,0,0.000,0.000,0.0,0
4162625,0.000,0.000,0.0,0,0.000,0.000,0.0,0
4162665,0.000,0.000,0.0,0,0.000,0.000,0.0,0
4162705,0.000,0.000,0.0,0,0.000,0.000,0.0,0
4162745,0.000,0.000,0.0,0,0.000,0.000,0.0,0
4162785,0.000,0.000,0.0,0,0.000,0.000,0.0,0
4162825,0.000,0.000,0.0,0,0.000,0.000,0.0,0
4162865,0.000,0.000,0.0,0,0.000,0.000,0.0,0
4162905,0.000,0.000,0.0,0,0.000,0.000,0.0,0
4162945,0.000,0.000,0.0,0,0.000,0.000,0.0,0
4162985,0.000,0.000,0.0,0,0.000,0.000,0.0,0
4163025,0.000,0.000,0.0,0,0.000,0.000,0.0,0
4163065,0.000,0.000,0.0,0,0.000,0.000,0.0,0
4163105,0.000,0.000,0.0,0,0.000,0.000,0.0,0
4163145,0.000,0.000,0.0,0,0.000,0.000,0.0,0
4163185,0.000,0.000,0.0,0,0.000,0.000,0.0,0
4163225,0.000,0.000,0.0,0,0.000,0.000,0.0,0
4163265,0.000,0.000,0.0,0,0.000,0.000,0.0,0
4163305,0.000,0.000,0.0,0,0.000,0.000,0.0,0
4163345,0.000,0.000,0.0,0,0.000,0.000,0.0,0
4163385,0.000,0.000,0.0,0,0.000,0.000,0.0,0
4163425,0.000,0.000,0.0,0,0.000,0.000,0.0,0
4163465,0.000,0.000,0.0,0,0.000,0.000,0.0,0
4163505,0.000,0.000,0.0,0,0.000,0.000,0.0,0
4163545,0.000,0.000,0.0,0,0.000,0.000,0.0,0
4163585,0.000,0.000,0.0,0,0.000,0.000,0.0,0
4163625,0.000,0.000,0.0,0,0.000,0.000,0.0,0
4163665,0.000,0.000,0.0,0,0.000,0.000,0.0,0
4163705,0.000,0.000,0.0,0,0.000,0.000,0.0,0
4163745,0.000,0.000,0.0,0,0.000,0.000,0.0,0
4163785,0.000,0.000,0.0,0,0.000,0.000,0.0,0
4163825,0.000,0.000,0.0,0,0.000,0.000,0.0,0
4163865,0.000,0.000,0.0,0,0.000,0.000,0.0,0
4163905,0.000,0.000,0.0,0,0.000,0.000,0.0,0
4163945,0.000,0.000,0.0,0,0.000,0.000,0.0,0
4163985,0.000,0.000,0.0,0,0.000,0.000,0.0,0
4164025,0.000,0.000,0.0,0,0.000,0.000,0.0,0
4164065,0.000,0.000,0.0,0,0.000,0.000,0.0,0
4164105,0.000,0.000,0.0,0,0.000,0.000,0.0,0
4164145,0.000,0.000,0.0,0,0.000,0.000,0.0,0
4164185,0.000,0.000,0.0,0,0.000,0.000,0.0,0
4164225,0.000,0.000,0.0,0,0.000,0.000,0.0,0
4164265,0.000,0.000,0.0,0,0.000,0.000,0.0,0
4164305,0.000,0.000,0.0,0,0.000,0.000,0.0,0
4164345,0.000,0.000,0.0,0,0.000,0.000,0.0,0
4164385,0.000,0.000,0.0,0,0.000,0.000,0.0,0
4164425,0.000,0.000,0.0,0,0.000,0.000,0.0,0
4164465,0.000,0.000,0.0,0,0.000,0.000,0.0,0
4164505,0.000,0.000,0.0,0,0.000,0.000,0.0,0
4164545,0.000,0.000,0.0,0,0.000,0.000,0.0,0
4164585,0.000,0.000,0.0,0,0.000,0.000,0.0,0
4164625,0.000,0.000,0.0,0,0.000,0.000,0.0,0
4164665,0.000,0.000,0.0,0,0.000,0.000,0.0,0
4164705,0.000,0.000,0.0,0,0.000,0.000,0.0,0
4164745,0.000,0.000,0.0,0,0.000,0.000,0.0,0
4164785,0.000,0.000,0.0,0,0.000,0.000,0.0,0
4164825,0.000,0.000,0.0,0,0.000,0.000,0.0,0
4164865,0.000,0.000,0.0,0,0.000,0.000,0.0,0
4164905,0.000,0.000,0.0,0,0.000,0.000,0.0,0
4164945,0.000,0.000,0.0,0,0.000,0.000,0.0,0
4164985,0.000,0.000,0.0,0,0.000,0.000,0.0,0
4165025,0.000,0.000,0.0,0,0.000,0.000,0.0,0
4165065,0.000,0.000,0.0,0,0.000,0.000,0.0,0
4165105,0.000,0.000,0.0,0,0.000,0.000,0.0,0
4165145,0.000,0.000,0.0,0,0.000,0.000,0.0,0
4165185,0.000,0.000,0.0,0,0.000,0.000,0.0,0
4165225,0.000,0.000,0.0,0,0.000,0.000,0.0,0
4165265,0.000,0.000,0.0,0,0.000,0.000,0.0,0
4165305,0.000,0.000,0.0,0,0.000,0.000,0.0,0
4165345,0.000,0.000,0.0,0,0.000,0.000,0.0,0
4165385,0.000,0.000,0.0,0,0.000,0.000,0.0,0
4165425,0.000,0.000,0.0,0,0.000,0.000,0.0,0
4165465,0.000,0.000,0.0,0,0.000,0.000,0.0,0
4165505,0.000,0.000,0.0,0,0.000,0.000,0.0,0
4165545,0.000,0.000,0.0,0,0.000,0.000,0.0,0
4165585,0.000,0.000,0.0,0,0.000,0.000,0.0,0
4165625,0.000,0.000,0.0,0,0.000,0.000,0.0,0
4165665,0.000,0.000,0.0,0,0.000,0.000,0.0,0
4165705,0.000,0.000,0.0,0,0.000,0.000,0.0,0
4165745,0.000,0.000,0.0,0,0.000,0.000,0.0,0
4165785,0.000,0.000,0.0,0,0.000,0.000,0.0,0
4165825,0.000,0.000,0.0,0,0.000,0.000,0.0,0
4165865,0.000,0.000,0.0,0,0.000,0.000,0.0,0
4165905,0.000,0.000,0.0,0,0.000,0.000,0.0,0
4165945,0.000,0.000,0.0,0,0.000,0.000,0.0,0
4165985,0.000,0.000,0.0,0,0.000,0.000,0.0,0
4166025,0.000,0.000,0.0,0,0.000,0.000,0.0,0
4166065,0.000,0.000,0.0,0,0.000,0.000,0.0,0
4166105,0.000,0.000,0.0,0,0.000,0.000,0.0,0
4166145,0.000,0.000,0.0,0,0.000,0.000,0.0,0
4166185,0.000,0.000,0.0,0,0.000,0.000,0.0,0
4166225,0.000,0.000,0.0,0,0.000,0.000,0.0,0
4166265,0.000,0.000,0.0,0,0.000,0.000,0.0,0
4166305,0.000,0.000,0.0,0,0.000,0.000,0.0,0
4166345,0.000,0.000,0.0,0,0.000,0.000,0.0,0
4166385,0.000,0.000,0.0,0,0.000,0.000,0.0,0
4166425,0.000,0.000,0.0,0,0.000,0.000,0.0,0
4166465,0.000,0.000,0.0,0,0.000,0.000,0.0,0
4166505,0.000,0.000,0.0,0,0.000,0.000,0.0,0
4166545,0.000,0.000,0.0,0,0.000,0.000,0.0,0
4166585,0.000,0.000,0.0,0,0.000,0.000,0.0,0
4166625,0.000,0.000,0.0,0,0.000,0.000,0.0,0
4166665,0.000,0.000,0.0,0,0.000,0.000,0.0,0
4166705,0.000,0.000,0.0,0,0.000,0.000,0.0,0
4166745,0.000,0.000,0.0,0,0.000,0.000,0.0,0
4166785,0.000,0.000,0.0,0,0.000,0.000,0.0,0
4166825,0.000,0.000,0.0,0,0.000,0.000,0.0,0
4166865,0.000,0.000,0.0,0,0.000,0.000,0.0,0
4166905,0.000,0.000,0.0,0,0.000,0.000,0.0,0
4166945,0.000,0.000,0.0,0,0.000,0.000,0.0,0
4166985,0.000,0.000,0.0,0,0.000,0.000,0.0,0
4167025,0.000,0.000,0.0,0,0.000,0.000,0.0,0
4167065,0.000,0.000,0.0,0,0.000,0.000,0.0,0
4167105,0.000,0.000,0.0,0,0.000,0.000,0.0,0
4167145,0.000,0.000,0.0,0,0.000,0.000,0.0,0
4167185,0.000,0.000,0.0,0,0.000,0.000,0.0,0
4167225,0.000,0.000,0.0,0,0.000,0.000,0.0,0
4167265,0.000,0.000,0.0,0,0.000,0.000,0.0,0
4167305,0.000,0.000,0.0,0,0.000,0.000,0.0,0
4167345,0.000,0.000,0.0,0,0.000,0.000,0.0,0
4167385,0.000,0.000,0.0,0,0.000,0.000,0.0,0
4167425,0.000,0.000,0.0,0,0.000,0.000,0.0,0
4167465,0.000,0.000,0.0,0,0.000,0.000,0.0,0
4167505,0.000,0.000,0.0,0,0.000,0.000,0.0,0
4167545,0.000,0.000,0.0,0,0.000,0.000,0.0,0
4167585,0.000,0.000,0.0,0,0.000,0.000,0.0,0
4167625,0.000,0.000,0.0,0,0.000,0.000,0.0,0
4167665,0.000,0.000,0.0,0,0.000,0.000,0.0,0
4167705,0.000,0.000,0.0,0,0.000,0.000,0.0,0
4167745,0.000,0.000,0.0,0,0.000,0.000,0.0,0
4167785,0.000,0.000,0.0,0,0.000,0.000,0.0,0
4167825,0.000,0.000,0.0,0,0.000,0.000,0.0,0
4167865,0.000,0.000,0.0,0,0.000,0.000,0.0,0
4167905,0.000,0.000,0.0,0,0.000,0.000,0.0,0
4167945,0.000,0.000,0.0,0,0.000,0.000,0.0,0
4167985,0.000,0.000,0.0,0,0.000,0.000,0.0,0
4168025,0.000,0.000,0.0,0,0.000,0.000,0.0,0
4168065,0.000,0.000,0.0,0,0.000,0.000,0.0,0
4168105,0.000,0.001,0.0,0,0.000,0.001,0.0,0
4168145,0.000,0.001,0.0,0,0.000,0.001,0.0,0
4168185,0.000,0.267,0.0,0,0.000,0.363,0.0,0
4168225,0.000,0.656,0.0,0,0.000,0.778,0.0,0
4168265,0.000,0.941,0.0,0,0.000,1.234,0.0,0
4168305,0.000,1.172,0.0,0,0.000,1.964,0.0,0
4168345,0.000,1.457,0.0,0,0.000,2.248,0.0,0
4168385,0.000,1.457,0.0,0,0.000,2.712,0.0,0
4168425,0.000,1.252,0.0,0,0.000,3.179,0.0,0
4168465,0.000,1.529,0.0,0,0.000,3.415,0.0,0
4168505,0.000,2.582,0.0,0,0.000,3.754,0.0,0
4168545,0.000,3.144,0.0,0,0.000,3.953,0.0,0
4168585,0.000,3.382,0.0,0,0.000,4.244,0.0,0
4168625,0.000,3.183,0.0,0,0.000,4.560,0.0,0
4168665,0.000,2.760,0.0,0,0.000,4.890,0.0,0
4168705,0.000,2.760,0.0,0,0.000,5.023,0.0,0
4168745,0.000,2.760,0.0,0,0.000,5.134,0.0,0
4168785,0.000,3.349,0.0,0,0.000,5.168,0.0,0
4168825,0.000,4.797,0.0,0,0.000,5.415,0.0,0
4168865,0.000,5.389,0.0,0,0.000,5.572,0.0,0
4168905,0.000,5.761,0.0,0,0.000,5.554,0.0,0
4168945,0.000,6.032,0.0,0,0.000,5.810,0.0,0
4168985,0.000,6.340,0.0,0,0.000,5.924,0.0,0
4169025,0.000,6.574,0.0,0,0.000,6.059,0.0,0
4169065,0.000,6.477,0.0,0,0.000,6.171,0.0,0
4169105,0.000,6.450,0.0,0,0.000,6.002,0.0,0
4169145,0.000,6.531,0.0,0,0.000,5.979,0.0,0
4169185,0.000,6.720,0.0,0,0.000,6.043,0.0,0
4169225,0.000,6.822,0.0,0,0.000,6.303,0.0,0
4169265,0.000,6.943,0.0,0,0.000,6.296,0.0,0
4169305,0.000,6.788,0.0,0,0.000,6.179,0.0,0
4169345,0.000,6.565,0.0,0,0.000,6.046,0.0,0
4169385,0.000,6.517,0.0,0,0.000,6.057,0.0,0
4169425,0.000,6.720,0.0,0,0.000,6.307,0.0,0
4169465,0.000,7.013,0.0,0,0.000,6.495,0.0,0
4169505,0.000,6.919,0.0,0,0.000,6.428,0.0,0
4169545,0.000,6.559,0.0,0,0.000,6.207,0.0,0
4169585,0.000,6.553,0.0,0,0.000,6.172,0.0,0
4169625,0.000,6.619,0.0,0,0.000,6.308,0.0,0
4169665,0.000,6.637,0.0,0,0.000,6.417,0.0,0
4169705,0.000,6.733,0.0,0,0.000,6.357,0.0,0
4169745,0.000,6.536,0.0,0,0.000,6.336,0.0,0
4169785,0.000,6.323,0.0,0,0.000,6.157,0.0,0
4169825,0.000,6.238,0.0,0,0.000,6.102,0.0,0
4169865,0.000,6.251,0.0,0,0.000,6.083,0.0,0
4169905,0.000,6.314,0.0,0,0.000,5.978,0.0,0
4169945,0.000,6.197,0.0,0,0.000,5.792,0.0,0
4169985,0.000,5.908,0.0,0,0.000,5.624,0.0,0
4170025,0.000,5.559,0.0,0,0.000,5.550,0.0,0
4170065,0.000,5.499,0.0,0,0.000,5.457,0.0,0
4170105,0.000,5.469,0.0,0,0.000,5.409,0.0,0
4170145,0.000,5.374,0.0,0,0.000,5.308,0.0,0
4170185,0.000,5.065,0.0,0,0.000,5.065,0.0,0
4170225,0.000,4.712,0.0,0,0.000,4.684,0.0,0
4170265,0.000,4.431,0.0,0,0.000,4.444,0.0,0
4170305,0.000,4.320,0.0,0,0.000,4.331,0.0,0
4170345,0.000,4.064,0.0,0,0.000,4.067,0.0,0
4170385,0.000,4.070,0.0,0,0.000,4.003,0.0,0
4170425,0.000,3.580,0.0,0,0.000,3.654,0.0,0
4170465,0.000,3.186,0.0,0,0.000,3.095,0.0,0
4170505,0.000,2.909,0.0,0,0.000,2.923,0.0,0
4170545,0.000,2.675,0.0,0,0.000,2.752,0.0,0
4170585,0.000,2.509,0.0,0,0.000,2.579,0.0,0
4170625,0.000,2.512,0.0,0,0.000,2.449,0.0,0
4170665,0.000,2.290,0.0,0,0.000,2.281,0.0,0
4170705,0.000,1.955,0.0,0,0.000,2.073,0.0,0
4170745,0.000,1.745,0.0,0,0.000,1.773,0.0,0
4170785,0.000,1.745,0.0,0,0.000,1.773,0.0,0
4170825,0.000,1.597,0.0,0,0.000,1.571,0.0,0
4170865,0.000,1.597,0.0,0,0.000,1.406,0.0,0
4170905,0.000,1.344,0.0,0,0.000,1.406,0.0,0
4170945,0.000,1.344,0.0,0,0.000,1.406,0.0,0
4170985,0.000,1.344,0.0,0,0.000,1.406,0.0,0
4171025,0.000,1.344,0.0,0,0.000,0.000,0.0,0
4171065,0.000,0.000,0.0,0,0.000,0.126,0.0,0
4171105,0.000,0.000,0.0,0,0.000,0.126,0.0,0
4171145,0.000,0.000,0.0,0,0.000,0.452,0.0,0
4171185,0.000,0.000,0.0,0,0.000,0.452,0.0,0
4171225,0.000,0.000,0.0,0,0.000,0.452,0.0,0
4171265,0.000,0.000,0.0,0,0.000,0.452,0.0,0
4171305,0.000,0.000,0.0,0,0.000,0.000,0.0,0
4171345,0.000,0.000,0.0,0,0.000,0.000,0.0,0
4171385,0.000,0.000,0.0,0,0.000,0.000,0.0,0
4171425,0.000,0.000,0.0,0,0.000,0.000,0.0,0
4171465,0.000,0.000,0.0,0,0.000,0.000,0.0,0
4171505,0.000,0.000,0.0,0,0.000,0.000,0.0,0
4171545,0.000,0.000,0.0,0,0.000,0.000,0.0,0
4171585,0.000,0.000,0.0,0,0.000,0.000,0.0,0
4171625,0.000,0.000,0.0,0,0.000,0.000,0.0,0
4171665,0.000,0.000,0.0,0,0.000,0.000,0.0,0
4171705,0.000,0.000,0.0,0,0.000,0.000,0.0,0
4171745,0.000,0.000,0.0,0,0.000,0.000,0.0,0
4171785,0.000,0.000,0.0,0,0.000,0.000,0.0,0
4171825,0.000,0.000,0.0,0,0.000,0.000,0.0,0
4171865,0.000,0.000,0.0,0,0.000,0.000,0.0,0
4171905,0.000,0.000,0.0,0,0.000,0.000,0.0,0
4171945,0.000,0.000,0.0,0,0.000,0.000,0.0,0
4171985,0.000,0.000,0.0,0,0.000,0.000,0.0,0
4172025,0.000,0.000,0.0,0,0.000,0.000,0.0,0
4172065,0.000,0.000,0.0,0,0.000,0.000,0.0,0
4172105,0.000,0.000,0.0,0,0.000,0.000,0.0,0
4172145,0.000,0.000,0.0,0,0.000,0.000,0.0,0
4172185,0.000,0.000,0.0,0,0.000,0.000,0.0,0
4172225,0.000,0.000,0.0,0,0.000,0.000,0.0,0
4172265,0.000,0.000,0.0,0,0.000,0.000,0.0,0
4172305,0.000,0.000,0.0,0,0.000,0.000,0.0,0
4172345,0.000,0.000,0.0,0,0.000,0.000,0.0,0
4172385,0.000,0.000,0.0,0,0.000,0.000,0.0,0
4172425,0.000,0.000,0.0,0,0.000,0.000,0.0,0
4172465,0.000,0.000,0.0,0,0.000,0.000,0.0,0
4172505,0.000,0.000,0.0,0,0.000,0.000,0.0,0
4172545,0.000,0.000,0.0,0,0.000,0.000,0.0,0
4172585,0.000,0.000,0.0,0,0.000,0.000,0.0,0
4172625,0.000,0.000,0.0,0,0.000,0.000,0.0,0
4172665,0.000,0.000,0.0,0,0.000,0.000,0.0,0
4172705,0.000,0.000,0.0,0,0.000,0.000,0.0,0
4172745,0.000,0.000,0.0,0,0.000,0.000,0.0,0
4172785,0.000,0.000,0.0,0,0.000,0.000,0.0,0
4172825,0.000,0.000,0.0,0,0.000,0.000,0.0,0
4172865,0.000,0.000,0.0,0,0.000,0.000,0.0,0
4172905,0.000,0.000,0.0,0,0.000,0.000,0.0,0
4172945,0.000,0.000,0.0,0,0.000,0.000,0.0,0
4172985,0.000,0.000,0.0,0,0.000,0.000,0.0,0
4173025,0.000,0.000,0.0,0,0.000,0.000,0.0,0
4173065,0.000,0.000,0.0,0,0.000,0.000,0.0,0
4173105,0.000,0.000,0.0,0,0.000,0.000,0.0,0
4173145,0.000,0.000,0.0,0,0.000,0.000,0.0,0
4173185,0.000,0.000,0.0,0,0.000,0.000,0.0,0
4173225,0.000,0.000,0.0,0,0.000,0.000,0.0,0
4173265,0.000,0.000,0.0,0,0.000,0.000,0.0,0
4173305,0.000,0.000,0.0,0,0.000,0.000,0.0,0
4173345,0.000,0.000,0.0,0,0.000,0.000,0.0,0
4173385,0.000,0.000,0.0,0,0.000,0.000,0.0,0
4173425,0.000,0.000,0.0,0,0.000,0.000,0.0,0
4173465,0.000,0.000,0.0,0,0.000,0.000,0.0,0
4173505,0.000,0.000,0.0,0,0.000,0.000,0.0,0
4173545,0.000,0.000,0.0,0,0.000,0.000,0.0,0
4173585,0.000,0.000,0.0,0,0.000,0.000,0.0,0
4173625,0.000,0.000,0.0,0,0.000,0.000,0.0,0
4173665,0.000,0.000,0.0,0,0.000,0.000,0.0,0
4173705,0.000,0.000,0.0,0,0.000,0.000,0.0,0
4173745,0.000,0.000,0.0,0,0.000,0.000,0.0,0
4173785,0.000,0.000,0.0,0,0.000,0.000,0.0,0
4173825,0.000,0.000,0.0,0,0.000,0.000,0.0,0
4173865,0.000,0.000,0.0,0,0.000,0.000,0.0,0
4173905,0.000,0.000,0.0,0,0.000,0.000,0.0,0
4173945,0.000,0.000,0.0,0,0.000,0.000,0.0,0
4173985,0.000,0.000,0.0,0,0.000,0.000,0.0,0
4174025,0.000,0.000,0.0,0,0.000,0.000,0.0,0
4174065,0.000,0.000,0.0,0,0.000,0.000,0.0,0
4174105,0.000,0.000,0.0,0,0.000,0.000,0.0,0
4174145,0.000,0.000,0.0,0,0.000,0.000,0.0,0
4174185,0.000,0.000,0.0,0,0.000,0.000,0.0,0
4174225,0.000,0.000,0.0,0,0.000,0.000,0.0,0
4174265,0.000,0.000,0.0,0,0.000,0.000,0.0,0
4174305,0.000,0.000,0.0,0,0.000,0.000,0.0,0
4174345,0.000,0.000,0.0,0,0.000,0.000,0.0,0
4174385,0.000,0.000,0.0,0,0.000,0.000,0.0,0
4174425,0.000,0.000,0.0,0,0.000,0.000,0.0,0
4174465,0.000,0.000,0.0,0,0.000,0.000,0.0,0
4174505,0.000,0.000,0.0,0,0.000,0.000,0.0,0
4174545,0.000,0.000,0.0,0,0.000,0.000,0.0,0
4174585,0.000,0.000,0.0,0,0.000,0.000,0.0,0
4174625,0.000,0.000,0.0,0,0.000,0.000,0.0,0
4174665,0.000,0.000,0.0,0,0.000,0.000,0.0,0
4174705,0.000,0.000,0.0,0,0.000,0.000,0.0,0
4174745,0.000,0.000,0.0,0,0.000,0.000,0.0,0
4174785,0.000,0.000,0.0,0,0.000,0.000,0.0,0
4174825,0.000,0.000,0.0,0,0.000,0.000,0.0,0
4174865,0.000,0.000,0.0,0,0.000,0.000,0.0,0
4174905,0.000,0.000,0.0,0,0.000,0.000,0.0,0
4174945,0.000,0.000,0.0,0,0.000,0.000,0.0,0
4174985,0.000,0.000,0.0,0,0.000,0.000,0.0,0
4175025,0.000,0.000,0.0,0,0.000,0.000,0.0,0
4175065,0.000,0.000,0.0,0,0.000,0.000,0.0,0
4175105,0.000,0.000,0.0,0,0.000,0.000,0.0,0
4175145,0.000,0.000,0.0,0,0.000,0.000,0.0,0
4175185,0.000,0.000,0.0,0,0.000,0.000,0.0,0
4175225,0.000,0.000,0.0,0,0.000,0.000,0.0,0
4175265,0.000,0.000,0.0,0,0.000,0.000,0.0,0
4175305,0.000,0.000,0.0,0,0.000,0.000,0.0,0
4175345,0.000,0.000,0.0,0,0.000,0.000,0.0,0
4175385,0.000,0.000,0.0,0,0.000,0.000,0.0,0
4175425,0.000,0.000,0.0,0,0.000,0.000,0.0,0
4175465,0.000,0.000,0.0,0,0.000,0.000,0.0,0
4175505,0.000,0.000,0.0,0,0.000,0.000,0.0,0
4175545,0.000,0.000,0.0,0,0.000,0.000,0.0,0
4175585,0.000,0.000,0.0,0,0.000,0.000,0.0,0
4175625,0.000,0.000,0.0,0,0.000,0.000,0.0,0
4175665,0.000,0.000,0.0,0,0.000,0.000,0.0,0
4175705,0.000,0.000,0.0,0,0.000,0.000,0.0,0
4175745,0.000,0.000,0.0,0,0.000,0.000,0.0,0
4175785,0.000,0.000,0.0,0,0.000,0.000,0.0,0
4175825,0.000,0.000,0.0,0,0.000,0.000,0.0,0
4175865,0.000,0.000,0.0,0,0.000,0.000,0.0,0
4175905,0.000,0.000,0.0,0,0.000,0.000,0.0,0
4175945,0.000,0.000,0.0,0,0.000,0.000,0.0,0
4175985,0.000,0.000,0.0,0,0.000,0.000,0.0,0
4176025,0.000,0.000,0.0,0,0.000,0.000,0.0,0
4176065,0.000,0.000,0.0,0,0.000,0.000,0.0,0
4176105,0.000,0.000,0.0,0,0.000,0.000,0.0,0
4176145,0.000,0.000,0.0,0,0.000,0.000,0.0,0
4176185,0.000,0.000,0.0,0,0.000,0.000,0.0,0
4176225,0.000,0.000,0.0,0,0.000,0.000,0.0,0
4176265,0.000,0.000,0.0,0,0.000,0.000,0.0,0
4176305,0.000,0.000,0.0,0,0.000,0.000,0.0,0
4176345,0.000,0.000,0.0,0,0.000,0.000,0.0,0
4176385,0.000,0.000,0.0,0,0.000,0.000,0.0,0
4176425,0.000,0.000,0.0,0,0.000,0.000,0.0,0
4176465,0.000,0.000,0.0,0,0.000,0.000,0.0,0
4176505,0.000,0.000,0.0,0,0.000,0.000,0.0,0
4176545,0.000,0.000,0.0,0,0.000,0.000,0.0,0
4176585,0.000,0.000,0.0,0,0.000,0.000,0.0,0
4176625,0.000,0.000,0.0,0,0.000,0.000,0.0,0
4176665,0.000,0.000,0.0,0,0.000,0.000,0.0,0
4176705,0.000,0.000,0.0,0,0.000,0.000,0.0,0
4176745,0.000,0.000,0.0,0,0.000,0.000,0.0,0
4176785,0.000,0.000,0.0,0,0.000,0.000,0.0,0
4176825,0.000,0.000,0.0,0,0.000,0.000,0.0,0
4176865,0.000,0.000,0.0,0,0.000,0.000,0.0,0
4176905,0.000,0.000,0.0,0,0.000,0.000,0.0,0
4176945,0.000,0.000,0.0,0,0.000,0.000,0.0,0
4176985,0.000,0.000,0.0,0,0.000,0.000,0.0,0
4177025,0.000,0.000,0.0,0,0.000,0.000,0.0,0
4177065,0.000,0.000,0.0,0,0.000,0.000,0.0,0
4177105,0.000,0.000,0.0,0,0.000,0.000,0.0,0
4177145,0.000,0.000,0.0,0,0.000,0.000,0.0,0
4177185,0.000,0.000,0.0,0,0.000,0.000,0.0,0
4177225,0.000,0.000,0.0,0,0.000,0.000,0.0,0
4177265,0.000,0.000,0.0,0,0.000,0.000,0.0,0
4177305,0.000,0.000,0.0,0,0.000,0.000,0.0,0
4177345,0.000,0.000,0.0,0,0.000,0.000,0.0,0
4177385,0.000,0.000,0.0,0,0.000,0.000,0.0,0
4177425,0.000,0.000,0.0,0,0.000,0.000,0.0,0
4177465,0.000,0.000,0.0,0,0.000,0.000,0.0,0
4177505,0.000,0.000,0.0,0,0.000,0.000,0.0,0
4177545,0.000,0.000,0.0,0,0.000,0.000,0.0,0
4177585,0.000,0.000,0.0,0,0.000,0.000,0.0,0
4177625,0.000,0.000,0.0,0,0.000,0.000,0.0,0
4177665,0.000,0.000,0.0,0,0.000,0.000,0.0,0
4177705,0.000,0.000,0.0,0,0.000,0.000,0.0,0
4177745,0.000,0.000,0.0,0,0.000,0.000,0.0,0
4177785,0.000,0.000,0.0,0,0.000,0.000,0.0,0
4177825,0.000,0.000,0.0,0,0.000,0.000,0.0,0
4177865,0.000,0.000,0.0,0,0.000,0.000,0.0,0
4177905,0.000,0.000,0.0,0,0.000,0.000,0.0,0
4177945,0.000,0.000,0.0,0,0.000,0.000,0.0,0
4177985,0.000,0.000,0.0,0,0.000,0.000,0.0,0
4178025,0.000,0.000,0.0,0,0.000,0.000,0.0,0
4178065,0.000,0.000,0.0,0,0.000,0.000,0.0,0
4178105,0.000,0.000,0.0,0,0.000,0.000,0.0,0
4178145,0.000,0.000,0.0,0,0.000,0.000,0.0,0
4178185,0.000,0.000,0.0,0,0.000,0.000,0.0,0
4178225,0.000,0.000,0.0,0,0.000,0.000,0.0,0
4178265,0.000,0.000,0.0,0,0.000,0.000,0.0,0
4178305,0.000,0.000,0.0,0,0.000,0.000,0.0,0
4178345,0.000,0.000,0.0,0,0.000,0.000,0.0,0
4178385,0.000,0.000,0.0,0,0.000,0.000,0.0,0
4178425,0.000,0.000,0.0,0,0.000,0.000,0.0,0
4178465,0.000,0.000,0.0,0,0.000,0.000,0.0,0
4178505,0.000,0.000,0.0,0,0.000,0.000,0.0,0
4178545,0.000,0.000,0.0,0,0.000,0.000,0.0,0
4178585,0.000,0.000,0.0,0,0.000,0.000,0.0,0
4178625,0.000,0.000,0.0,0,0.000,0.000,0.0,0
4178665,0.000,0.000,0.0,0,0.000,0.000,0.0,0
4178705,0.000,0.000,0.0,0,0.000,0.000,0.0,0
4178745,0.000,0.000,0.0,0,0.000,0.000,0.0,0
4178785,0.000,0.000,0.0,0,0.000,0.000,0.0,0
4178825,0.000,0.000,0.0,0,0.000,0.000,0.0,0
4178865,0.000,0.000,0.0,0,0.000,0.000,0.0,0
4178905,0.000,0.000,0.0,0,0.000,0.000,0.0,0
4178945,0.000,0.000,0.0,0,0.000,0.000,0.0,0
4178985,0.000,0.000,0.0,0,0.000,0.000,0.0,0
4179025,0.000,0.000,0.0,0,0.000,0.000,0.0,0
4179065,0.000,0.000,0.0,0,0.000,0.000,0.0,0
4179105,0.000,0.000,0.0,0,0.000,0.000,0.0,0
4179145,0.000,0.000,0.0,0,0.000,0.000,0.0,0
4179185,0.000,0.000,0.0,0,0.000,0.000,0.0,0
4179225,0.000,0.000,0.0,0,0.000,0.000,0.0,0
4179265,0.000,0.000,0.0,0,0.000,0.000,0.0,0
4179305,0.000,0.000,0.0,0,0.000,0.000,0.0,0
4179345,0.000,0.000,0.0,0,0.000,0.000,0.0,0
4179385,0.000,0.000,0.0,0,0.000,0.000,0.0,0
4179425,0.000,0.000,0.0,0,0.000,0.000,0.0,0
4179465,0.000,0.000,0.0,0,0.000,0.000,0.0,0
4179505,0.000,0.000,0.0,0,0.000,0.000,0.0,0
4179545,0.000,0.000,0.0,0,0.000,0.000,0.0,0
4179585,0.000,0.000,0.0,0,0.000,0.000,0.0,0
4179625,0.000,0.000,0.0,0,0.000,0.000,0.0,0
4179665,0.000,0.000,0.0,0,0.000,0.000,0.0,0
4179705,0.000,0.000,0.0,0,0.000,0.000,0.0,0
4179745,0.000,0.000,0.0,0,0.000,0.000,0.0,0
4179785,0.000,0.000,0.0,0,0.000,0.000,0.0,0
4179825,0.000,0.000,0.0,0,0.000,0.000,0.0,0
4179865,0.000,0.000,0.0,0,0.000,0.000,0.0,0
4179905,0.000,0.000,0.0,0,0.000,0.000,0.0,0
4179945,0.000,0.000,0.0,0,0.000,0.000,0.0,0
4179985,0.000,0.000,0.0,0,0.000,0.000,0.0,0
4180025,0.000,0.000,0.0,0,0.000,0.000,0.0,0
4180065,0.000,0.000,0.0,0,0.000,0.000,0.0,0
4180105,0.000,0.000,0.0,0,0.000,0.000,0.0,0
4180145,0.000,0.000,0.0,0,0.000,0.000,0.0,0
4180185,0.000,0.000,0.0,0,0.000,0.000,0.0,0
4180225,0.000,0.000,0.0,0,0.000,0.000,0.0,0
4180265,0.000,0.000,0.0,0,0.000,0.000,0.0,0
4180305,0.000,0.000,0.0,0,0.000,0.000,0.0,0
4180345,0.000,0.000,0.0,0,0.000,0.000,0.0,0
4180385,0.000,0.000,0.0,0,0.000,0.000,0.0,0
4180425,0.000,0.000,0.0,0,0.000,0.000,0.0,0
4180465,0.000,0.000,0.0,0,0.000,0.000,0.0,0
4180505,0.000,0.000,0.0,0,0.000,0.000,0.0,0
4180545,0.000,0.000,0.0,0,0.000,0.000,0.0,0
4180585,0.000,0.000,0.0,0,0.000,0.000,0.0,0
4180625,0.000,0.000,0.0,0,0.000,0.000,0.0,0
4180665,0.000,0.000,0.0,0,0.000,0.000,0.0,0
4180705,0.000,0.000,0.0,0,0.000,0.000,0.0,0
4180745,0.000,0.000,0.0,0,0.000,0.000,0.0,0
4180785,0.000,0.000,0.0,0,0.000,0.000,0.0,0
4180825,0.000,0.000,0.0,0,0.000,0.000,0.0,0
4180865,0.000,0.000,0.0,0,0.000,0.000,0.0,0
4180905,0.000,0.000,0.0,0,0.000,0.000,0.0,0
4180945,0.000,0.000,0.0,0,0.000,0.000,0.0,0
4180985,0.000,0.000,0.0,0,0.000,0.000,0.0,0
4181025,0.000,0.000,0.0,0,0.000,0.000,0.0,0
4181065,0.000,0.000,0.0,0,0.000,0.000,0.0,0
4181105,0.000,0.000,0.0,0,0.000,0.000,0.0,0
4181145,0.000,0.000,0.0,0,0.000,0.000,0.0,0
4181185,0.000,0.000,0.0,0,0.000,0.000,0.0,0
4181225,0.000,0.000,0.0,0,0.000,0.000,0.0,0
4181265,0.000,0.000,0.0,0,0.000,0.000,0.0,0
4181305,0.000,0.000,0.0,0,0.000,0.000,0.0,0
4181345,0.000,0.000,0.0,0,0.000,0.000,0.0,0
4181385,0.000,0.000,0.0,0,0.000,0.000,0.0,0
4181425,0.000,0.000,0.0,0,0.000,0.000,0.0,0
4181465,0.000,0.000,0.0,0,0.000,0.000,0.0,0
4181505,0.000,0.000,0.0,0,0.000,0.000,0.0,0
4181545,0.000,0.000,0.0,0,0.000,0.000,0.0,0
4181585,0.000,0.000,0.0,0,0.000,0.000,0.0,0
4181625,0.000,0.000,0.0,0,0.000,0.000,0.0,0
4181665,0.000,0.000,0.0,0,0.000,0.000,0.0,0
4181705,0.000,0.000,0.0,0,0.000,0.000,0.0,0
4181745,0.000,0.000,0.0,0,0.000,0.000,0.0,0
4181785,0.000,0.000,0.0,0,0.000,0.000,0.0,0
4181825,0.000,0.000,0.0,0,0.000,0.000,0.0,0
4181865,0.000,0.000,0.0,0,0.000,0.000,0.0,0
4181905,0.000,0.000,0.0,0,0.000,0.000,0.0,0
4181945,0.000,0.000,0.0,0,0.000,0.000,0.0,0
4181985,0.000,0.000,0.0,0,0.000,0.000,0.0,0
4182025,0.000,0.000,0.0,0,0.000,0.000,0.0,0
4182065,0.000,0.000,0.0,0,0.000,0.000,0.0,0
4182105,0.000,0.000,0.0,0,0.000,0.000,0.0,0
4182145,0.000,0.000,0.0,0,0.000,0.000,0.0,0
4182185,0.000,0.000,0.0,0,0.000,0.000,0.0,0
4182225,0.000,0.000,0.0,0,0.000,0.000,0.0,0
4182265,0.000,0.000,0.0,0,0.000,0.000,0.0,0
4182305,0.000,0.000,0.0,0,0.000,0.000,0.0,0
4182345,0.000,0.000,0.0,0,0.000,0.000,0.0,0
4182385,0.000,0.000,0.0,0,0.000,0.000,0.0,0
4182425,0.000,0.000,0.0,0,0.000,0.000,0.0,0
4182465,0.000,0.000,0.0,0,0.000,0.000,0.0,0
4182505,0.000,0.000,0.0,0,0.000,0.000,0.0,0
4182545,0.000,0.000,0.0,0,0.000,0.000,0.0,0
4182585,0.000,0.000,0.0,0,0.000,0.000,0.0,0
4182625,0.000,0.000,0.0,0,0.000,0.000,0.0,0
4182665,0.000,0.000,0.0,0,0.000,0.000,0.0,0
4182705,0.000,0.000,0.0,0,0.000,0.000,0.0,0
4182745,0.000,0.000,0.0,0,0.000,0.000,0.0,0
4182785,0.000,0.000,0.0,0,0.000,0.000,0.0,0
4182825,0.000,0.000,0.0,0,0.000,0.000,0.0,0
4182865,0.000,0.000,0.0,0,0.000,0.000,0.0,0
4182905,0.000,0.000,0.0,0,0.000,0.000,0.0,0
4182945,0.000,0.000,0.0,0,0.000,0.000,0.0,0
4182985,0.000,0.000,0.0,0,0.000,0.000,0.0,0
4183025,0.000,0.000,0.0,0,0.000,0.000,0.0,0
4183065,0.000,0.000,0.0,0,0.000,0.000,0.0,0
4183105,0.000,0.000,0.0,0,0.000,0.000,0.0,0
4183145,0.000,0.000,0.0,0,0.000,0.000,0.0,0
4183185,0.000,0.000,0.0,0,0.000,0.000,0.0,0
4183225,0.000,0.000,0.0,0,0.000,0.000,0.0,0
4183265,0.000,0.000,0.0,0,0.000,0.000,0.0,0
4183305,0.000,0.000,0.0,0,0.000,0.000,0.0,0
4183345,0.000,0.000,0.0,0,0.000,0.000,0.0,0
4183385,0.000,0.000,0.0,0,0.000,0.000,0.0,0
4183425,0.000,0.000,0.0,0,0.000,0.000,0.0,0
4183465,0.000,0.000,0.0,0,0.000,0.000,0.0,0
4183505,0.000,0.000,0.0,0,0.000,0.000,0.0,0
4183545,0.000,0.000,0.0,0,0.000,0.000,0.0,0
4183585,0.000,0.000,0.0,0,0.000,0.000,0.0,0
4183625,0.000,0.000,0.0,0,0.000,0.000,0.0,0
4183665,0.000,0.000,0.0,0,0.000,0.000,0.0,0
4183705,0.000,0.000,0.0,0,0.000,0.000,0.0,0
4183745,0.000,0.000,0.0,0,0.000,0.000,0.0,0
4183785,0.000,0.000,0.0,0,0.000,0.000,0.0,0
4183825,0.000,0.000,0.0,0,0.000,0.000,0.0,0
4183865,0.000,0.000,0.0,0,0.000,0.000,0.0,0
4183905,0.000,0.000,0.0,0,0.000,0.000,0.0,0
4183945,0.000,0.000,0.0,0,0.000,0.000,0.0,0
4183985,0.000,0.000,0.0,0,0.000,0.000,0.0,0
4184025,0.000,0.000,0.0,0,0.000,0.000,0.0,0
4184065,0.000,0.000,0.0,0,3.846,0.000,49.2,12
4184105,0.000,0.000,0.0,0,3.846,0.000,55.4,36
4184145,0.000,0.000,0.0,0,3.846,0.000,61.5,60
4184185,0.000,0.000,0.0,0,3.846,1.152,52.9,52
4184225,0.000,0.002,0.0,0,3.846,2.709,36.5,36
4184265,0.000,0.002,0.0,0,3.846,2.618,39.4,39
4184305,0.000,0.258,0.0,0,3.846,2.346,44.9,44
4184345,0.000,0.258,0.0,0,3.846,2.455,45.9,45
4184385,0.000,0.635,0.0,0,3.846,2.548,47.0,46
4184425,0.000,1.019,0.0,0,3.846,3.006,43.0,43
4184465,0.000,1.194,0.0,0,3.846,3.227,41.4,41
4184505,0.000,1.348,0.0,0,3.846,3.381,40.3,40
4184545,0.000,1.556,0.0,0,3.846,3.533,39.1,39
4184585,0.000,1.719,0.0,0,3.846,3.609,38.7,38
4184625,0.000,1.959,0.0,0,3.846,3.649,38.6,38
4184665,0.000,1.952,0.0,0,3.846,3.715,37.9,37
4184705,0.000,1.907,0.0,0,3.846,3.848,36.3,36
4184745,0.000,2.041,0.0,0,3.846,3.643,39.1,39
4184785,0.000,2.010,0.0,0,3.846,3.772,37.6,37
4184825,0.000,2.171,0.0,0,3.846,3.929,35.6,35
4184865,0.000,2.276,0.0,0,3.846,4.162,32.5,32
4184905,0.000,2.218,0.0,0,3.846,4.152,32.1,32
4184945,0.000,2.259,0.0,0,3.846,3.949,34.2,34
4184985,0.000,2.139,0.0,0,3.846,4.017,33.2,33
4185025,0.000,2.137,0.0,0,3.846,3.842,35.3,35
4185065,0.000,2.203,0.0,0,3.846,3.953,33.7,33
4185105,0.000,2.243,0.0,0,3.846,4.020,32.5,32
4185145,0.000,2.335,0.0,0,3.846,4.231,29.5,29
4185185,0.000,2.234,0.0,0,3.846,4.173,29.8,29
4185225,0.000,2.233,0.0,0,3.846,3.803,34.2,34
4185265,0.000,2.144,0.0,0,3.846,3.726,35.2,35
4185305,0.000,2.126,0.0,0,3.846,3.876,33.5,33
4185345,0.000,2.179,0.0,0,3.846,3.804,34.4,34
4185385,0.000,2.150,0.0,0,3.846,3.890,33.3,33
4185425,0.000,2.224,0.0,0,3.846,3.886,33.2,33
4185465,0.000,2.182,0.0,0,3.846,3.856,33.6,33
4185505,0.000,2.178,0.0,0,3.846,3.679,36.0,35
4185545,0.000,2.070,0.0,0,3.846,3.644,36.7,36
4185585,0.000,2.086,0.0,0,3.846,3.733,35.8,35
4185625,0.000,2.139,0.0,0,3.846,3.896,33.8,33
4185665,0.000,2.137,0.0,0,3.846,3.895,33.8,33
4185705,0.000,2.258,0.0,0,3.846,3.789,35.1,35
4185745,0.000,2.227,0.0,0,3.846,3.841,34.4,34
4185785,0.000,2.242,0.0,0,3.846,3.853,34.3,34
4185825,0.000,2.217,0.0,0,3.846,3.911,33.6,33
4185865,0.000,2.205,0.0,0,3.846,3.870,34.0,33
4185905,0.000,2.219,0.0,0,3.846,3.889,33.7,33
4185945,0.000,2.201,0.0,0,3.846,3.789,34.9,34
4185985,0.000,2.228,0.0,0,3.846,3.841,34.3,34
4186025,0.000,2.190,0.0,0,3.846,3.824,34.6,34
4186065,0.000,2.227,0.0,0,3.846,3.854,34.2,34
4186105,0.000,2.196,0.0,0,3.846,3.821,34.5,34
4186145,0.000,2.210,0.0,0,3.846,3.935,33.1,33
4186185,0.000,2.198,0.0,0,3.846,3.830,34.4,34
4186225,0.000,2.207,0.0,0,3.846,3.822,34.4,34
4186265,0.000,2.286,0.0,0,3.846,3.801,34.6,34
4186305,0.000,2.261,0.0,0,3.846,4.012,32.0,31
4186345,0.000,2.268,0.0,0,3.846,3.786,34.7,34
4186385,0.000,2.184,0.0,0,3.846,3.786,34.7,34
4186425,0.000,2.184,0.0,0,3.846,3.867,33.8,33
4186465,0.000,2.158,0.0,0,3.846,3.834,34.3,34
4186505,0.000,2.215,0.0,0,3.846,3.825,34.4,34
4186545,0.000,2.288,0.0,0,3.846,4.034,31.6,31
4186585,0.000,2.258,0.0,0,3.846,3.935,32.7,32
4186625,0.000,2.277,0.0,0,3.846,3.753,35.0,35
4186665,0.000,2.185,0.0,0,3.846,3.693,35.9,35
4186705,0.000,2.252,0.0,0,3.846,3.884,33.6,33
4186745,0.000,2.211,0.0,0,3.846,3.786,34.9,34
4186785,0.000,2.252,0.0,0,3.846,3.867,33.8,33
4186825,0.000,2.271,0.0,0,3.846,3.838,34.1,34
4186865,0.000,2.277,0.0,0,3.846,4.028,31.7,31
4186905,0.000,2.339,0.0,0,3.846,3.802,34.4,34
4186945,0.000,2.244,0.0,0,3.846,3.776,34.7,34
4186985,0.000,2.304,0.0,0,3.846,3.710,35.6,35
4187025,0.000,2.185,0.0,0,3.846,3.859,33.9,33
4187065,0.000,2.345,0.0,0,3.846,3.793,34.8,34
4187105,0.000,2.241,0.0,0,3.846,3.843,34.2,34
4187145,0.000,2.348,0.0,0,3.846,3.932,33.0,33
4187185,0.000,2.338,0.0,0,3.846,4.025,31.6,31
4187225,0.000,2.416,0.0,0,3.846,3.934,32.6,32
4187265,0.000,2.452,0.0,0,3.846,3.801,34.2,34
4187305,0.000,2.284,0.0,0,3.846,3.821,34.0,33
4187345,0.000,2.407,0.0,0,3.846,3.826,34.0,33
4187385,0.000,2.330,0.0,0,3.846,3.877,33.4,33
4187425,0.000,2.490,0.0,0,3.846,3.873,33.4,33
4187465,0.000,2.413,0.0,0,3.846,3.927,32.6,32
4187505,0.000,2.483,0.0,0,3.846,3.885,32.9,32
4187545,0.000,2.388,0.0,0,3.846,3.827,33.7,33
4187585,0.000,2.300,0.0,0,3.846,3.721,35.1,35
4187625,0.000,2.400,0.0,0,3.846,3.765,34.7,34
4187665,0.000,2.339,0.0,0,3.846,3.851,33.7,33
4187705,0.000,2.509,0.0,0,3.846,4.040,31.2,31
4187745,0.000,2.425,0.0,0,3.846,3.957,32.1,32
4187785,0.000,2.432,0.0,0,3.846,3.914,32.3,32
4187825,0.000,2.421,0.0,0,3.846,3.783,33.9,33
4187865,0.000,2.406,0.0,0,3.846,3.955,31.7,31
4187905,0.000,2.404,0.0,0,3.846,3.829,33.3,33
4187945,0.000,2.403,0.0,0,3.846,3.884,32.5,32
4187985,0.000,2.509,0.0,0,3.846,3.897,32.2,32
4188025,0.000,2.462,0.0,0,3.846,4.030,30.5,30
4188065,0.000,2.511,0.0,0,3.846,3.797,33.2,33
4188105,0.000,2.371,0.0,0,3.846,3.865,32.3,32
4188145,0.000,2.396,0.0,0,3.846,3.780,33.5,33
4188185,0.000,2.342,0.0,0,3.846,3.780,33.7,33
4188225,0.000,2.461,0.0,0,3.846,3.830,33.1,33
4188265,0.000,2.436,0.0,0,3.846,4.090,29.7,29
4188305,0.000,2.491,0.0,0,3.846,4.098,29.3,29
4188345,0.000,2.404,0.0,0,3.846,3.810,32.8,32
4188385,0.000,2.388,0.0,0,3.846,3.713,34.0,33
4188425,0.000,2.311,0.0,0,3.846,3.844,32.6,32
4188465,0.000,2.349,0.0,0,3.846,3.672,34.9,34
4188505,0.000,2.365,0.0,0,3.846,3.745,34.1,34
4188545,0.000,2.397,0.0,0,3.846,3.733,34.3,34
4188585,0.000,2.418,0.0,0,3.846,3.895,32.4,32
4188625,0.000,2.415,0.0,0,3.846,3.776,33.9,33
4188665,0.000,2.406,0.0,0,3.846,3.801,33.6,33
4188705,0.000,2.371,0.0,0,3.846,3.811,33.5,33
4188745,0.000,2.378,0.0,0,3.846,3.876,32.8,32
4188785,0.000,2.365,0.0,0,3.846,3.805,33.7,33
4188825,0.000,2.369,0.0,0,3.846,3.723,34.8,34
4188865,0.000,2.342,0.0,0,3.846,3.772,34.3,34
4188905,0.000,2.381,0.0,0,3.846,3.760,34.7,34
4188945,0.000,2.315,0.0,0,3.846,3.769,34.7,34
4188985,0.000,2.357,0.0,0,3.846,3.727,35.3,35
4189025,0.000,2.305,0.0,0,3.846,3.769,34.9,34
4189065,0.000,2.374,0.0,0,3.846,3.781,34.9,34
4189105,0.000,2.342,0.0,0,3.846,3.755,35.4,35
4189145,0.000,2.376,0.0,0,3.846,3.811,34.7,34
4189185,0.000,2.407,0.0,0,3.846,3.831,34.5,34
4189225,0.000,2.381,0.0,0,3.846,3.866,34.1,34
4189265,0.000,2.395,0.0,0,3.846,3.776,35.3,35
4189305,0.000,2.308,0.0,0,3.846,3.768,35.4,35
4189345,0.000,2.393,0.0,0,3.846,3.766,35.5,35
4189385,0.000,2.412,0.0,0,3.846,3.975,32.9,32
4189425,0.000,2.539,0.0,0,3.846,3.915,33.5,33
4189465,0.000,2.503,0.0,0,3.846,3.991,32.3,32
4189505,0.000,2.582,0.0,0,3.846,3.944,32.6,32
4189545,0.000,2.492,0.0,0,3.846,4.098,30.4,30
4189585,0.000,2.501,0.0,0,3.846,3.844,33.4,33
4189625,0.000,2.353,0.0,0,3.846,3.851,33.2,33
4189665,0.000,2.451,0.0,0,3.846,3.790,34.0,33
4189705,0.000,2.322,0.0,0,3.846,3.863,33.2,33
4189745,0.000,2.425,0.0,0,3.846,3.778,34.3,34
4189785,0.000,2.397,0.0,0,3.846,3.956,32.0,32
4189825,0.000,2.456,0.0,0,3.846,3.980,31.6,31
4189865,0.000,2.492,0.0,0,3.846,3.820,33.6,33
4189905,0.000,2.339,0.0,0,3.846,3.782,34.0,33
4189945,0.000,2.470,0.0,0,3.846,3.942,32.0,31
4189985,0.000,2.338,0.0,0,3.846,3.854,33.1,33
4190025,0.000,2.493,0.0,0,3.846,3.726,34.8,34
4190065,0.000,2.402,0.0,0,3.846,3.749,34.6,34
4190105,0.000,2.457,0.0,0,3.846,3.899,32.8,32
4190145,0.000,2.389,0.0,0,3.846,3.740,34.9,34
4190185,0.000,2.310,0.0,0,3.846,3.773,34.5,34
4190225,0.000,2.417,0.0,0,3.846,3.777,34.5,34
4190265,0.000,2.351,0.0,0,3.846,3.954,32.4,32
4190305,0.000,2.552,0.0,0,3.846,3.877,33.2,33
4190345,0.000,2.485,0.0,0,3.846,3.870,33.2,33
4190385,0.000,2.559,0.0,0,3.846,3.835,33.6,33
4190425,0.000,2.431,0.0,0,3.846,3.906,32.7,32
4190465,0.000,2.409,0.0,0,3.846,3.842,33.5,33
4190505,0.000,2.383,0.0,0,3.846,3.785,34.2,34
4190545,0.000,2.377,0.0,0,3.846,3.763,34.5,34
4190585,0.000,2.439,0.0,0,3.846,3.888,33.0,32
4190625,0.000,2.471,0.0,0,3.846,3.888,32.9,32
4190665,0.000,2.485,0.0,0,3.846,3.808,33.9,33
4190705,0.000,2.469,0.0,0,3.846,3.870,33.1,33
4190745,0.000,2.501,0.0,0,3.846,3.921,32.4,32
4190785,0.000,2.440,0.0,0,3.846,3.910,32.5,32
4190825,0.000,2.457,0.0,0,3.846,3.777,34.1,34
4190865,0.000,2.402,0.0,0,3.846,3.753,34.5,34
4190905,0.000,2.449,0.0,0,3.846,3.724,35.0,34
4190945,0.000,2.414,0.0,0,3.846,3.912,32.7,32
4190985,0.000,2.496,0.0,0,3.846,3.864,33.3,33
4191025,0.000,2.465,0.0,0,3.846,3.866,33.1,33
4191065,0.000,2.503,0.0,0,3.846,3.788,34.0,34
4191105,0.000,2.466,0.0,0,3.846,4.028,31.0,31
4191145,0.000,2.503,0.0,0,3.846,3.900,32.5,32
4191185,0.000,2.456,0.0,0,3.846,3.909,32.2,32
4191225,0.000,2.477,0.0,0,3.846,3.809,33.3,33
4191265,0.000,2.388,0.0,0,3.846,3.874,32.6,32
4191305,0.000,2.433,0.0,0,3.846,3.679,35.1,35
4191345,0.000,2.405,0.0,0,3.846,3.853,33.0,33
4191385,0.000,2.457,0.0,0,3.846,3.860,33.0,33
4191425,0.000,2.444,0.0,0,3.846,3.862,33.1,33
4191465,0.000,2.489,0.0,0,3.846,3.839,33.2,33
4191505,0.000,2.454,0.0,0,3.846,4.040,30.6,30
4191545,0.000,2.462,0.0,0,3.846,3.933,31.9,31
4191585,0.000,2.404,0.0,0,3.846,3.764,34.0,33
4191625,0.000,2.430,0.0,0,3.846,3.757,34.1,34
4191665,0.000,2.366,0.0,0,3.846,3.939,31.9,31
4191705,0.000,2.375,0.0,0,3.846,3.750,34.3,34
4191745,0.000,2.403,0.0,0,3.846,3.789,33.8,33
4191785,0.000,2.420,0.0,0,3.846,3.792,33.8,33
4191825,0.000,2.445,0.0,0,3.846,4.008,31.1,31
4191865,0.000,2.462,0.0,0,3.846,3.938,31.8,31
4191905,0.000,2.544,0.0,0,3.846,3.994,30.9,30
4191945,0.000,2.493,0.0,0,3.846,3.967,30.9,30
4191985,0.000,2.577,0.0,0,3.846,4.016,30.1,30
4192025,0.000,2.493,0.0,0,3.846,3.939,30.9,30
4192065,0.000,2.573,0.0,0,3.846,3.903,31.3,31
4192105,0.000,2.495,0.0,0,3.846,3.873,31.6,31
4192145,0.000,2.575,0.0,0,3.846,3.970,30.2,30
4192185,0.000,2.472,0.0,0,3.846,3.909,30.9,30
4192225,0.000,2.529,0.0,0,3.846,3.875,31.3,31
4192265,0.000,2.373,0.0,0,3.846,3.791,32.3,32
4192305,0.000,2.552,0.0,0,3.846,3.880,31.2,31
4192345,0.000,2.437,0.0,0,3.846,3.876,31.3,31
4192385,0.000,2.603,0.0,0,3.846,3.928,30.6,30
4192425,0.000,2.477,0.0,0,3.846,3.829,31.7,31
4192465,0.000,2.568,0.0,0,3.846,3.801,32.1,32
4192505,0.000,2.446,0.0,0,3.846,3.856,31.4,31
4192545,0.000,2.386,0.0,0,3.846,3.813,32.1,32
4192585,0.000,2.471,0.0,0,3.846,3.768,32.8,32
4192625,0.000,2.418,0.0,0,3.846,3.783,32.6,32
4192665,0.000,2.562,0.0,0,3.846,3.979,30.2,30
4192705,0.000,2.491,0.0,0,3.846,3.902,31.1,31
4192745,0.000,2.582,0.0,0,3.846,3.815,32.2,32
4192785,0.000,2.472,0.0,0,3.846,3.850,31.7,31
4192825,0.000,2.531,0.0,0,3.846,3.938,30.6,30
4192865,0.000,2.435,0.0,0,3.846,3.732,33.2,33
4192905,0.000,2.441,0.0,0,3.846,3.769,32.8,32
4192945,0.000,2.475,0.0,0,3.846,3.885,31.3,31
4192985,0.000,2.478,0.0,0,3.846,3.857,31.7,31
4193025,0.000,2.476,0.0,0,3.846,3.750,33.0,33
4193065,0.000,2.473,0.0,0,3.846,3.932,30.8,30
4193105,0.000,2.505,0.0,0,3.846,4.005,29.8,29
4193145,0.000,2.523,0.0,0,3.846,3.867,31.4,31
4193185,0.000,2.494,0.0,0,3.846,3.830,31.7,31
4193225,0.000,2.460,0.0,0,3.846,3.927,30.6,30
4193265,0.000,2.485,0.0,0,3.846,3.679,33.8,33
4193305,0.000,2.407,0.0,0,3.846,3.643,34.4,34
4193345,0.000,2.438,0.0,0,3.846,3.536,36.0,36
4193385,0.000,2.378,0.0,0,3.846,3.735,34.0,33
4193425,0.000,2.461,0.0,0,3.846,3.682,34.9,34
4193465,0.000,2.439,0.0,0,3.846,3.803,33.5,33
4193505,0.000,2.545,0.0,0,3.846,3.998,31.0,31
4193545,0.000,2.526,0.0,0,3.846,4.047,30.2,30
4193585,0.000,2.575,0.0,0,3.846,3.935,31.4,31
4193625,0.000,2.516,0.0,0,3.846,3.893,31.8,31
4193665,0.000,2.525,0.0,0,3.846,3.949,31.0,30
4193705,0.000,2.503,0.0,0,3.846,3.948,30.8,30
4193745,0.000,2.548,0.0,0,3.846,3.911,31.2,31
4193785,0.000,2.513,0.0,0,3.846,3.825,32.2,32
4193825,0.000,2.472,0.0,0,3.846,3.851,31.9,31
4193865,0.000,2.418,0.0,0,3.846,3.745,33.3,33
4193905,0.000,2.430,0.0,0,3.846,3.742,33.6,33
4193945,0.000,2.429,0.0,0,3.846,3.732,33.9,33
4193985,0.000,2.536,0.0,0,3.846,3.856,32.4,32
4194025,0.000,2.535,0.0,0,3.846,3.926,31.5,31
4194065,0.000,2.585,0.0,0,3.846,3.954,31.0,31
4194105,0.000,2.473,0.0,0,3.846,3.805,32.8,32
4194145,0.000,2.512,0.0,0,3.846,3.671,34.6,34
4194185,0.000,2.432,0.0,0,3.846,3.744,34.0,33
4194225,0.000,2.518,0.0,0,3.846,3.694,34.8,34
4194265,0.000,2.490,0.0,0,3.846,3.753,34.2,34
4194305,0.000,2.583,0.0,0,3.846,3.723,34.7,34
4194345,0.000,2.514,0.0,0,3.846,3.893,32.6,32
4194385,0.000,2.553,0.0,0,3.846,3.741,34.6,34
4194425,0.000,2.484,0.0,0,3.846,3.797,33.9,33
4194465,0.000,2.635,0.0,0,3.846,3.841,33.5,33
4194505,0.000,2.563,0.0,0,3.846,4.021,31.2,31
4194545,0.000,2.687,0.0,0,3.846,3.863,33.0,32
4194585,0.000,2.609,0.0,0,3.846,4.020,30.8,30
4194625,0.000,2.682,0.0,0,3.846,4.021,30.6,30
4194665,0.000,2.539,0.0,0,3.846,3.916,31.8,31
4194705,0.000,2.676,0.0,0,3.846,3.843,32.6,32
4194745,0.000,2.489,0.0,0,3.846,3.966,31.0,31
4194785,0.000,2.477,0.0,0,3.846,3.699,34.4,34
4194825,0.000,2.401,0.0,0,3.846,3.511,37.0,37
4194865,0.000,2.087,0.0,0,3.846,3.490,37.9,37
4194905,0.000,1.897,0.0,0,3.846,3.284,41.2,41
4194945,0.000,1.691,0.0,0,3.846,3.262,42.3,42
4194985,0.000,1.691,0.0,0,3.846,3.303,42.8,42
4195025,0.000,1.364,0.0,0,3.846,3.114,46.2,46
4195065,0.000,1.364,0.0,0,3.846,3.154,46.9,46
4195105,0.000,1.364,0.0,0,3.846,3.114,48.6,48
4195145,0.000,1.364,0.0,0,3.846,3.374,46.2,46
4195185,0.000,1.060,0.0,0,3.846,3.630,43.6,43
4195225,0.000,1.060,0.0,0,3.846,3.864,40.8,40
4195265,0.000,1.033,0.0,0,3.846,3.779,41.9,41
4195305,0.000,1.033,0.0,0,3.846,3.772,42.1,42
4195345,0.000,0.930,0.0,0,3.846,3.945,39.9,39
4195385,0.000,0.930,0.0,0,3.846,4.305,35.0,34
4195425,0.000,0.927,0.0,0,3.846,4.428,32.6,32
4195465,0.000,1.012,0.0,0,3.846,4.294,33.5,33
4195505,0.000,1.012,0.0,0,3.846,3.991,36.8,36
4195545,0.000,0.944,0.0,0,3.846,3.804,39.0,38
4195585,0.000,0.944,0.0,0,3.846,3.948,37.2,37
4195625,0.000,0.916,0.0,0,3.846,4.119,34.8,34
4195665,0.000,0.916,0.0,0,3.846,4.224,33.0,32
4195705,0.000,0.966,0.0,0,3.846,4.030,34.9,34
4195745,0.000,0.966,0.0,0,3.846,3.850,36.9,36
4195785,0.000,0.941,0.0,0,3.846,3.811,37.5,37
4195825,0.000,0.941,0.0,0,3.846,3.996,35.2,35
4195865,0.000,0.957,0.0,0,3.846,4.077,33.9,33
4195905,0.000,1.017,0.0,0,3.846,4.187,32.0,31
4195945,0.000,1.017,0.0,0,3.846,3.965,34.2,34
4195985,0.000,1.004,0.0,0,3.846,3.906,34.9,34
4196025,0.000,1.004,0.0,0,3.846,3.664,38.1,38
4196065,0.000,0.991,0.0,0,3.846,3.774,36.8,36
4196105,0.000,1.079,0.0,0,3.846,3.940,34.7,34
4196145,0.000,1.079,0.0,0,3.846,4.213,31.0,31
4196185,0.000,1.158,0.0,0,3.846,4.102,31.9,31
4196225,0.000,1.121,0.0,0,3.846,3.830,35.0,35
4196265,0.000,1.121,0.0,0,3.846,3.867,34.6,34
4196305,0.000,1.162,0.0,0,3.846,3.772,35.9,35
4196345,0.000,1.243,0.0,0,3.846,3.779,35.8,35
4196385,0.000,1.210,0.0,0,3.846,3.913,34.2,34
4196425,0.000,1.210,0.0,0,3.846,4.194,30.4,30
4196465,0.000,1.274,0.0,0,3.846,4.048,31.8,31
4196505,0.000,1.425,0.0,0,3.846,4.071,31.1,31
4196545,0.000,1.437,0.0,0,3.846,3.921,32.5,32
4196585,0.000,1.425,0.0,0,3.846,3.915,32.6,32
4196625,0.000,1.448,0.0,0,3.846,3.688,35.5,35
4196665,0.000,1.425,0.0,0,3.846,3.751,34.9,34
4196705,0.000,1.498,0.0,0,3.846,3.878,33.3,33
4196745,0.000,1.596,0.0,0,3.846,4.089,30.5,30
4196785,0.000,1.596,0.0,0,3.846,3.908,32.5,32
4196825,0.000,1.540,0.0,0,3.846,3.758,34.3,34
4196865,0.000,1.495,0.0,0,3.846,3.732,34.8,34
4196905,0.000,1.535,0.0,0,3.846,3.813,34.0,33
4196945,0.000,1.550,0.0,0,3.846,3.894,33.0,33
4196985,0.000,1.608,0.0,0,3.846,3.882,33.0,33
4197025,0.000,1.637,0.0,0,3.846,3.914,32.6,32
4197065,0.000,1.573,0.0,0,3.846,3.808,33.9,33
4197105,0.000,1.596,0.0,0,3.846,3.830,33.7,33
4197145,0.000,1.679,0.0,0,3.846,3.855,33.4,33
4197185,0.000,1.714,0.0,0,3.846,4.006,31.3,31
4197225,0.000,1.770,0.0,0,3.846,3.912,32.3,32
4197265,0.000,1.734,0.0,0,3.846,3.772,34.1,34
4197305,0.000,1.661,0.0,0,3.846,3.614,36.3,36
4197345,0.000,1.696,0.0,0,3.846,3.685,35.7,35
4197385,0.000,1.772,0.0,0,3.846,3.961,32.3,32
4197425,0.000,1.820,0.0,0,3.846,4.126,30.0,30
4197465,0.000,1.882,0.0,0,3.846,4.012,31.1,31
4197505,0.000,1.861,0.0,0,3.846,3.863,32.7,32
4197545,0.000,1.785,0.0,0,3.846,3.898,32.3,32
4197585,0.000,1.771,0.0,0,3.846,3.769,34.1,34
4197625,0.000,1.756,0.0,0,3.846,3.771,34.2,34
4197665,0.000,1.760,0.0,0,3.846,3.886,32.7,32
4197705,0.000,1.831,0.0,0,3.846,4.012,31.1,31
4197745,0.000,1.821,0.0,0,3.846,3.910,32.2,32
4197785,0.000,1.810,0.0,0,3.846,3.737,34.4,34
4197825,0.000,1.841,0.0,0,3.846,3.958,31.5,31
4197865,0.000,1.826,0.0,0,3.846,3.980,31.1,31
4197905,0.000,1.821,0.0,0,3.846,3.975,31.0,31
4197945,0.000,1.761,0.0,0,3.846,3.819,32.7,32
4197985,0.000,1.761,0.0,0,3.846,3.902,31.7,31
4198025,0.000,1.792,0.0,0,3.846,3.735,33.9,33
4198065,0.000,1.792,0.0,0,3.846,3.774,33.5,33
4198105,0.000,1.787,0.0,0,3.846,3.781,33.4,33
4198145,0.000,1.846,0.0,0,3.846,4.033,30.3,30
4198185,0.000,1.787,0.0,0,3.846,3.809,33.0,32
4198225,0.000,1.761,0.0,0,3.846,3.733,33.9,33
4198265,0.000,1.776,0.0,0,3.846,3.795,33.3,33
4198305,0.000,1.717,0.0,0,3.846,3.718,34.5,34
4198345,0.000,1.722,0.0,0,3.846,3.710,34.9,34
4198385,0.000,1.789,0.0,0,3.846,3.789,33.9,33
4198425,0.000,1.766,0.0,0,3.846,3.897,32.6,32
4198465,0.000,1.786,0.0,0,3.846,3.809,33.8,33
4198505,0.000,1.846,0.0,0,3.846,3.875,33.0,32
4198545,0.000,1.793,0.0,0,3.846,3.837,33.4,33
4198585,0.000,1.785,0.0,0,3.846,3.892,32.7,32
4198625,0.000,1.827,0.0,0,3.846,3.829,33.5,33
4198665,0.000,1.760,0.0,0,3.846,3.706,35.1,35
4198705,0.000,1.804,0.0,0,3.846,3.702,35.3,35
4198745,0.000,1.903,0.0,0,3.846,3.818,34.0,33
4198785,0.000,1.868,0.0,0,3.846,3.882,33.2,33
4198825,0.000,1.899,0.0,0,3.846,3.828,33.9,33
4198865,0.000,1.899,0.0,0,3.846,3.835,33.8,33
4198905,0.000,1.844,0.0,0,3.846,3.848,33.6,33
4198945,0.000,1.968,0.0,0,3.846,3.927,32.6,32
4198985,0.000,1.920,0.0,0,3.846,3.880,33.1,33
4199025,0.000,2.028,0.0,0,3.846,3.869,33.1,33
4199065,0.000,2.079,0.0,0,3.846,3.739,34.7,34
4199105,0.000,1.915,0.0,0,3.846,3.791,34.2,34
4199145,0.000,1.924,0.0,0,3.846,3.734,35.1,35
4199185,0.000,1.965,0.0,0,3.846,3.807,34.2,34
4199225,0.000,2.060,0.0,0,3.846,3.857,33.5,33
4199265,0.000,2.251,0.0,0,3.846,4.074,30.7,30
4199305,0.000,2.144,0.0,0,3.846,3.803,33.9,33
4199345,0.000,2.028,0.0,0,3.846,3.744,34.7,34
4199385,0.000,2.002,0.0,0,3.846,3.806,34.1,34
4199425,0.000,1.991,0.0,0,3.846,3.799,34.3,34
4199465,0.000,2.222,0.0,0,3.846,3.821,34.0,34
4199505,0.000,2.218,0.0,0,3.846,4.011,31.5,31
4199545,0.000,2.174,0.0,0,3.846,3.876,33.1,33
4199585,0.000,2.138,0.0,0,3.846,3.811,33.9,33
4199625,0.000,2.026,0.0,0,3.846,3.770,34.4,34
4199665,0.000,2.050,0.0,0,3.846,4.000,31.5,31
4199705,0.000,2.164,0.0,0,3.846,3.871,33.0,33
4199745,0.000,2.168,0.0,0,3.846,3.874,32.8,32
4199785,0.000,2.255,0.0,0,3.846,3.688,35.1,35
4199825,0.000,2.125,0.0,0,3.846,3.793,34.0,34
4199865,0.000,2.093,0.0,0,3.846,3.674,35.8,35
4199905,0.000,2.131,0.0,0,3.846,3.709,35.5,35
4199945,0.000,2.001,0.0,0,3.846,3.833,34.1,34
4199985,0.000,1.861,0.0,0,3.846,3.622,36.9,36
4200025,0.000,1.691,0.0,0,3.846,3.474,39.2,39
4200065,0.000,1.691,0.0,0,3.846,3.339,41.6,41
4200105,0.000,1.691,0.0,0,3.846,3.159,44.8,44
4200145,0.000,1.312,0.0,0,3.846,3.156,45.9,45
4200185,0.000,1.312,0.0,0,3.846,3.334,44.7,44
4200225,0.000,1.312,0.0,0,3.846,3.471,43.8,43
4200265,0.000,1.312,0.0,0,3.846,3.633,42.2,42
4200305,0.000,1.012,0.0,0,3.846,3.914,38.8,38
4200345,0.000,0.980,0.0,0,3.846,3.991,37.7,37
4200385,0.000,0.980,0.0,0,3.846,3.985,37.6,37
4200425,0.000,0.980,0.0,0,3.846,3.897,38.6,38
4200465,0.000,0.877,0.0,0,3.846,4.012,36.9,36
4200505,0.000,0.877,0.0,0,3.846,4.107,35.4,35
4200545,0.000,0.885,0.0,0,3.846,4.252,33.1,33
4200585,0.000,0.885,0.0,0,3.846,4.269,32.3,32
4200625,0.000,0.898,0.0,0,3.846,4.078,34.2,34
4200665,0.000,0.898,0.0,0,3.846,3.917,35.9,35
4200705,0.000,0.847,0.0,0,3.846,3.890,36.1,36
4200745,0.000,0.847,0.0,0,3.846,4.092,33.4,33
4200785,0.000,0.911,0.0,0,3.846,4.050,33.6,33
4200825,0.000,0.926,0.0,0,3.846,4.112,32.4,32
4200865,0.000,0.926,0.0,0,3.846,3.957,33.8,33
4200905,0.000,0.911,0.0,0,3.846,3.963,33.6,33
4200945,0.000,0.911,0.0,0,3.846,3.731,36.5,36
4200985,0.000,0.993,0.0,0,3.846,3.847,35.1,35
4201025,0.000,1.057,0.0,0,3.846,4.028,32.6,32
4201065,0.000,1.057,0.0,0,3.846,4.133,31.0,31
4201105,0.000,1.045,0.0,0,3.846,4.010,32.2,32
4201145,0.000,1.045,0.0,0,3.846,3.808,34.5,34
4201185,0.000,1.094,0.0,0,3.846,3.922,33.1,33
4201225,0.000,1.120,0.0,0,3.846,3.757,35.2,35
4201265,0.000,1.120,0.0,0,3.846,3.722,35.7,35
4201305,0.000,1.034,0.0,0,3.846,3.888,33.7,33
4201345,0.000,1.087,0.0,0,3.846,3.989,32.4,32
4201385,0.000,1.087,0.0,0,3.846,3.793,34.9,34
4201425,0.000,1.136,0.0,0,3.846,3.801,34.7,34
4201465,0.000,1.178,0.0,0,3.846,3.960,32.8,32
4201505,0.000,1.178,0.0,0,3.846,3.851,34.1,34
4201545,0.000,1.232,0.0,0,3.846,3.764,35.3,35
4201585,0.000,1.255,0.0,0,3.846,3.849,34.2,34
4201625,0.000,1.248,0.0,0,3.846,4.045,31.7,31
4201665,0.000,1.248,0.0,0,3.846,4.013,31.8,31
4201705,0.000,1.281,0.0,0,3.846,3.928,32.7,32
4201745,0.000,1.293,0.0,0,3.846,3.905,32.9,32
4201785,0.000,1.330,0.0,0,3.846,3.974,31.8,31
4201825,0.000,1.411,0.0,0,3.846,3.969,31.7,31
4201865,0.000,1.399,0.0,0,3.846,3.915,32.3,32
4201905,0.000,1.399,0.0,0,3.846,3.792,33.8,33
4201945,0.000,1.342,0.0,0,3.846,3.813,33.5,33
4201985,0.000,1.340,0.0,0,3.846,3.780,34.1,34
4202025,0.000,1.391,0.0,0,3.846,3.869,33.1,33
4202065,0.000,1.449,0.0,0,3.846,3.841,33.4,33
4202105,0.000,1.449,0.0,0,3.846,3.791,34.0,33
4202145,0.000,1.487,0.0,0,3.846,3.640,36.1,36
4202185,0.000,1.405,0.0,0,3.846,3.488,38.5,38
4202225,0.000,1.410,0.0,0,3.846,3.618,37.3,37
4202265,0.000,1.558,0.0,0,3.846,3.878,34.2,34
4202305,0.000,1.643,0.0,0,3.846,4.246,29.3,29
4202345,0.000,1.670,0.0,0,3.846,4.179,29.6,29
4202385,0.000,1.656,0.0,0,3.846,3.839,33.6,33
4202425,0.000,1.563,0.0,0,3.846,3.641,36.1,36
4202465,0.000,1.579,0.0,0,3.846,3.842,33.8,33
4202505,0.000,1.710,0.0,0,3.846,3.976,32.2,32
4202545,0.000,1.733,0.0,0,3.846,4.011,31.5,31
4202585,0.000,1.726,0.0,0,3.846,4.141,29.4,29
4202625,0.000,1.703,0.0,0,3.846,4.009,30.7,30
4202665,0.000,1.630,0.0,0,3.846,3.924,31.7,31
4202705,0.000,1.674,0.0,0,3.846,3.793,33.3,33
4202745,0.000,1.800,0.0,0,3.846,4.008,30.5,30
4202785,0.000,1.784,0.0,0,3.846,3.997,30.5,30
4202825,0.000,1.740,0.0,0,3.846,3.803,32.9,32
4202865,0.000,1.709,0.0,0,3.846,3.668,34.6,34
4202905,0.000,1.709,0.0,0,3.846,3.810,33.1,33
4202945,0.000,1.692,0.0,0,3.846,3.749,34.0,34
4202985,0.000,1.832,0.0,0,3.846,3.946,31.4,31
4203025,0.000,1.832,0.0,0,3.846,3.802,33.0,32
4203065,0.000,1.660,0.0,0,3.846,3.639,35.3,35
4203105,0.000,1.420,0.0,0,3.846,3.360,39.2,39
4203145,0.000,1.420,0.0,0,3.846,3.352,40.1,40
4203185,0.000,1.247,0.0,0,3.846,3.318,41.4,41
4203225,0.000,1.247,0.0,0,3.846,3.512,39.6,39
4203265,0.000,1.081,0.0,0,3.846,3.558,39.5,39
4203305,0.000,1.081,0.0,0,3.846,3.546,40.1,40
4203345,0.000,1.081,0.0,0,3.846,3.390,42.7,42
4203385,0.000,0.976,0.0,0,3.846,3.411,43.1,43
4203425,0.000,0.976,0.0,0,3.846,3.678,40.3,40
4203465,0.000,0.885,0.0,0,3.846,3.832,38.6,38
4203505,0.000,0.885,0.0,0,3.846,3.921,37.4,37
4203545,0.000,0.885,0.0,0,3.846,3.873,37.8,37
4203585,0.000,0.787,0.0,0,3.846,3.863,37.9,37
4203625,0.000,0.787,0.0,0,3.846,3.790,38.9,38
4203665,0.000,0.770,0.0,0,3.846,3.775,39.1,39
4203705,0.000,0.770,0.0,0,3.846,3.991,36.4,36
4203745,0.000,0.846,0.0,0,3.846,4.244,32.8,32
4203785,0.000,0.846,0.0,0,3.846,4.266,31.8,31
4203825,0.000,0.853,0.0,0,3.846,4.233,31.6,31
4203865,0.000,0.853,0.0,0,3.846,4.016,33.9,33
4203905,0.000,0.859,0.0,0,3.846,3.938,34.6,34
4203945,0.000,0.859,0.0,0,3.846,3.887,35.0,35
4203985,0.000,0.896,0.0,0,3.846,4.041,33.0,32
4204025,0.000,0.896,0.0,0,3.846,4.022,33.0,32
4204065,0.000,0.866,0.0,0,3.846,3.899,34.4,34
4204105,0.000,0.866,0.0,0,3.846,3.876,34.5,34
4204145,0.000,0.884,0.0,0,3.846,4.049,32.2,32
4204185,0.000,0.955,0.0,0,3.846,3.881,34.2,34
4204225,0.000,0.955,0.0,0,3.846,3.696,36.6,36
4204265,0.000,0.921,0.0,0,3.846,3.812,35.2,35
4204305,0.000,0.921,0.0,0,3.846,3.932,33.8,33
4204345,0.000,0.941,0.0,0,3.846,3.897,34.1,34
4204385,0.000,0.941,0.0,0,3.846,3.865,34.3,34
4204425,0.000,1.061,0.0,0,3.846,4.014,32.3,32
4204465,0.000,1.020,0.0,0,3.846,3.822,34.7,34
4204505,0.000,1.020,0.0,0,3.846,3.822,34.6,34
4204545,0.000,1.017,0.0,0,3.846,3.866,33.9,33
4204585,0.000,1.133,0.0,0,3.846,4.108,30.8,30
4204625,0.000,1.133,0.0,0,3.846,3.903,33.1,33
4204665,0.000,1.080,0.0,0,3.846,3.905,32.9,32
4204705,0.000,1.080,0.0,0,3.846,3.813,33.8,33
4204745,0.000,1.050,0.0,0,3.846,3.936,32.3,32
4204785,0.000,1.151,0.0,0,3.846,3.834,33.6,33
4204825,0.000,1.151,0.0,0,3.846,3.869,33.0,33
4204865,0.000,1.183,0.0,0,3.846,3.750,34.5,34
4204905,0.000,1.111,0.0,0,3.846,3.752,34.7,34
4204945,0.000,1.111,0.0,0,3.846,3.677,35.9,35
4204985,0.000,1.194,0.0,0,3.846,3.770,34.9,34
4205025,0.000,1.376,0.0,0,3.846,3.993,32.0,32
4205065,0.000,1.413,0.0,0,3.846,4.013,31.5,31
4205105,0.000,1.419,0.0,0,3.846,3.940,32.3,32
4205145,0.000,1.430,0.0,0,3.846,3.781,34.2,34
4205185,0.000,1.401,0.0,0,3.846,3.829,33.7,33
4205225,0.000,1.508,0.0,0,3.846,3.856,33.3,33
4205265,0.000,1.662,0.0,0,3.846,3.940,32.2,32
4205305,0.000,1.606,0.0,0,3.846,3.860,33.1,33
4205345,0.000,1.606,0.0,0,3.846,3.839,33.3,33
4205385,0.000,1.547,0.0,0,3.846,3.777,34.2,34
4205425,0.000,1.580,0.0,0,3.846,3.900,32.7,32
4205465,0.000,1.587,0.0,0,3.846,3.912,32.5,32
4205505,0.000,1.673,0.0,0,3.846,3.899,32.5,32
4205545,0.000,1.733,0.0,0,3.846,3.897,32.5,32
4205585,0.000,1.637,0.0,0,3.846,3.778,34.0,34
4205625,0.000,1.582,0.0,0,3.846,3.670,35.6,35
4205665,0.000,1.649,0.0,0,3.846,3.749,34.7,34
4205705,0.000,1.695,0.0,0,3.846,4.050,31.0,30
4205745,0.000,1.771,0.0,0,3.846,4.006,31.3,31
4205785,0.000,1.786,0.0,0,3.846,3.730,34.7,34
4205825,0.000,1.670,0.0,0,3.846,3.683,35.4,35
4205865,0.000,1.635,0.0,0,3.846,3.778,34.5,34
4205905,0.000,1.698,0.0,0,3.846,3.680,35.9,35
4205945,0.000,1.753,0.0,0,3.846,3.958,32.4,32
4205985,0.000,1.839,0.0,0,3.846,3.963,32.2,32
4206025,0.000,1.828,0.0,0,3.846,3.799,34.3,34
4206065,0.000,1.741,0.0,0,3.846,3.673,35.9,35
4206105,0.000,1.720,0.0,0,3.846,3.868,33.7,33
4206145,0.000,1.755,0.0,0,3.846,3.901,33.3,33
4206185,0.000,1.800,0.0,0,3.846,3.866,33.8,33
4206225,0.000,1.887,0.0,0,3.846,3.854,33.7,33
4206265,0.000,1.898,0.0,0,3.846,3.879,33.5,33
4206305,0.000,1.819,0.0,0,3.846,3.588,37.3,37
4206345,0.000,1.772,0.0,0,3.846,3.608,37.3,37
4206405,0.000,1.803,0.0,0,3.846,3.858,34.5,34
4206445,0.000,1.950,0.0,0,3.846,3.992,32.5,32
4206485,0.000,1.972,0.0,0,3.846,4.075,31.3,31
4206525,0.000,1.928,0.0,0,3.846,3.903,33.2,33
4206565,0.000,1.839,0.0,0,3.846,3.690,36.0,35
4206605,0.000,1.803,0.0,0,3.846,3.713,35.9,35
4206645,0.000,1.886,0.0,0,3.846,3.899,33.7,33
4206685,0.000,1.917,0.0,0,3.846,3.932,33.2,33
4206725,0.000,1.949,0.0,0,3.846,3.926,33.2,33
4206765,0.000,1.988,0.0,0,3.846,3.736,35.5,35
4206805,0.000,1.906,0.0,0,3.846,3.756,35.4,35
4206845,0.000,1.846,0.0,0,3.846,3.757,35.6,35
4206885,0.000,1.897,0.0,0,3.846,3.780,35.4,35
4206925,0.000,1.884,0.0,0,3.846,3.878,34.2,34
4206965,0.000,1.999,0.0,0,3.846,3.958,33.0,33
4207005,0.000,1.951,0.0,0,3.846,3.892,33.7,33
4207045,0.000,1.912,0.0,0,3.846,3.710,36.1,36
4207085,0.000,1.913,0.0,0,3.846,3.673,36.7,36
4207125,0.000,1.856,0.0,0,3.846,3.704,36.6,36
4207165,0.000,1.882,0.0,0,3.846,3.956,33.5,33
4207205,0.000,1.974,0.0,0,3.846,3.953,33.4,33
4207245,0.000,2.008,0.0,0,3.846,4.033,32.1,32
4207285,0.000,2.086,0.0,0,3.846,3.939,32.9,32
4207325,0.000,1.987,0.0,0,3.846,4.001,32.0,31
4207365,0.000,1.945,0.0,0,0.000,3.701,0.0,0
4207405,0.000,1.924,0.0,0,0.000,3.566,0.0,0
4207445,0.000,1.788,0.0,0,0.000,3.504,0.0,0
4207485,0.000,1.728,0.0,0,0.000,3.246,0.0,0
4207525,0.000,1.737,0.0,0,0.000,3.201,0.0,0
4207565,0.000,1.737,0.0,0,0.000,3.029,0.0,0
4207605,0.000,1.590,0.0,0,0.000,2.867,0.0,0
4207645,0.000,1.509,0.0,0,0.000,2.608,0.0,0
4207685,0.000,1.397,0.0,0,0.000,2.459,0.0,0
4207725,0.000,1.397,0.0,0,0.000,2.276,0.0,0
4207765,0.000,1.397,0.0,0,0.000,2.000,0.0,0
4207805,0.000,1.167,0.0,0,0.000,1.801,0.0,0
4207845,0.000,1.167,0.0,0,0.000,1.801,0.0,0
4207885,0.000,0.973,0.0,0,0.000,1.572,0.0,0
4207925,0.000,0.973,0.0,0,0.000,1.572,0.0,0
4207965,0.000,0.973,0.0,0,0.000,1.572,0.0,0
4208005,0.000,0.973,0.0,0,0.000,1.572,0.0,0
4208045,0.000,0.000,0.0,0,0.000,0.000,0.0,0
4208085,0.000,0.000,0.0,0,0.000,0.000,0.0,0
4208125,0.000,0.000,0.0,0,0.000,0.000,0.0,0
4208165,0.000,0.000,0.0,0,0.000,0.000,0.0,0
4208205,0.000,0.000,0.0,0,0.000,0.000,0.0,0
4208245,0.000,0.000,0.0,0,0.000,0.000,0.0,0
4208285,0.000,0.000,0.0,0,0.000,0.000,0.0,0
4208325,0.000,0.000,0.0,0,0.000,0.000,0.0,0
4208365,0.000,0.000,0.0,0,0.000,0.000,0.0,0
4208405,0.000,0.000,0.0,0,0.000,0.000,0.0,0
4208445,0.000,0.000,0.0,0,0.000,0.000,0.0,0
4208485,0.000,0.000,0.0,0,0.000,0.000,0.0,0
4208525,0.000,0.000,0.0,0,0.000,0.000,0.0,0
4208565,0.000,0.000,0.0,0,0.000,0.000,0.0,0
4208605,0.000,0.000,0.0,0,0.000,0.000,0.0,0
4208645,0.000,0.000,0.0,0,0.000,0.000,0.0,0
4208685,0.000,0.000,0.0,0,0.000,0.000,0.0,0
4208725,0.000,0.000,0.0,0,0.000,0.000,0.0,0
4208765,0.000,0.000,0.0,0,0.000,0.000,0.0,0
4208805,0.000,0.000,0.0,0,0.000,0.000,0.0,0
4208845,0.000,0.000,0.0,0,0.000,0.000,0.0,0
4208885,0.000,0.000,0.0,0,0.000,0.000,0.0,0
4208925,0.000,0.000,0.0,0,0.000,0.000,0.0,0
4208965,0.000,0.000,0.0,0,0.000,0.000,0.0,0
4209005,0.000,0.000,0.0,0,0.000,0.000,0.0,0
4209045,0.000,0.000,0.0,0,0.000,0.000,0.0,0
4209085,0.000,0.000,0.0,0,0.000,0.000,0.0,0
4209125,0.000,0.000,0.0,0,0.000,0.000,0.0,0
4209165,0.000,0.000,0.0,0,0.000,0.000,0.0,0
4209205,0.000,0.000,0.0,0,0.000,0.000,0.0,0
4209245,0.000,0.000,0.0,0,0.000,0.000,0.0,0
4209285,0.000,0.000,0.0,0,0.000,0.000,0.0,0
4209325,0.000,0.000,0.0,0,0.000,0.000,0.0,0
4209365,0.000,0.000,0.0,0,0.000,0.000,0.0,0
4209405,0.000,0.000,0.0,0,0.000,0.000,0.0,0
4209445,0.000,0.000,0.0,0,0.000,0.000,0.0,0
4209485,0.000,0.000,0.0,0,0.000,0.000,0.0,0
4209525,0.000,0.000,0.0,0,0.000,0.000,0.0,0
4209565,0.000,0.000,0.0,0,0.000,0.000,0.0,0
4209605,0.000,0.000,0.0,0,0.000,0.000,0.0,0
4209645,0.000,0.000,0.0,0,0.000,0.000,0.0,0
4209685,0.000,0.000,0.0,0,0.000,0.000,0.0,0
4209725,0.000,0.000,0.0,0,0.000,0.000,0.0,0
4209765,0.000,0.000,0.0,0,0.000,0.000,0.0,0
4209805,0.000,0.000,0.0,0,0.000,0.000,0.0,0
4209845,0.000,0.000,0.0,0,0.000,0.000,0.0,0
4209885,0.000,0.000,0.0,0,0.000,0.000,0.0,0
4209925,0.000,0.000,0.0,0,0.000,0.000,0.0,0
4209965,0.000,0.000,0.0,0,0.000,0.000,0.0,0
4210005,0.000,0.000,0.0,0,0.000,0.000,0.0,0
4210045,0.000,0.000,0.0,0,0.000,0.000,0.0,0
4210085,0.000,0.000,0.0,0,0.000,0.000,0.0,0
4210125,0.000,0.000,0.0,0,0.000,0.000,0.0,0
4210165,0.000,0.000,0.0,0,0.000,0.000,0.0,0
4210205,0.000,0.000,0.0,0,0.000,0.000,0.0,0
4210245,0.000,0.000,0.0,0,0.000,0.000,0.0,0
4210285,0.000,0.000,0.0,0,0.000,0.000,0.0,0
4210325,0.000,0.000,0.0,0,0.000,0.000,0.0,0
4210365,0.000,0.000,0.0,0,0.000,0.000,0.0,0
4210405,0.000,0.000,0.0,0,0.000,0.000,0.0,0
4210445,0.000,0.000,0.0,0,0.000,0.000,0.0,0
4210485,0.000,0.000,0.0,0,0.000,0.000,0.0,0
4210525,0.000,0.000,0.0,0,0.000,0.000,0.0,0
4210565,0.000,0.000,0.0,0,0.000,0.000,0.0,0
4210605,0.000,0.000,0.0,0,0.000,0.000,0.0,0
4210645,0.000,0.000,0.0,0,0.000,0.000,0.0,0
4210685,0.000,0.000,0.0,0,0.000,0.000,0.0,0
4210725,0.000,0.000,0.0,0,0.000,0.000,0.0,0
4210765,0.000,0.000,0.0,0,0.000,0.000,0.0,0
4210805,0.000,0.000,0.0,0,0.000,0.000,0.0,0
4210845,0.000,0.000,0.0,0,0.000,0.000,0.0,0
4210885,0.000,0.000,0.0,0,0.000,0.000,0.0,0
4210925,0.000,0.000,0.0,0,0.000,0.000,0.0,0
4210965,0.000,0.000,0.0,0,0.000,0.000,0.0,0
4211005,0.000,0.000,0.0,0,0.000,0.000,0.0,0
4211045,0.000,0.000,0.0,0,0.000,0.000,0.0,0
4211085,0.000,0.000,0.0,0,0.000,0.000,0.0,0
4211125,0.000,0.000,0.0,0,0.000,0.000,0.0,0
4211165,0.000,0.000,0.0,0,0.000,0.000,0.0,0
4211205,0.000,0.000,0.0,0,0.000,0.000,0.0,0
4211245,0.000,0.000,0.0,0,0.000,0.000,0.0,0
4211285,0.000,0.000,0.0,0,0.000,0.000,0.0,0
4211325,0.000,0.000,0.0,0,0.000,0.000,0.0,0
4211365,0.000,0.000,0.0,0,0.000,0.000,0.0,0
4211405,0.000,0.000,0.0,0,0.000,0.000,0.0,0
4211445,0.000,0.000,0.0,0,0.000,0.000,0.0,0
4211485,0.000,0.000,0.0,0,0.000,0.000,0.0,0
4211525,0.000,0.000,0.0,0,0.000,0.000,0.0,0
4211565,0.000,0.000,0.0,0,0.000,0.000,0.0,0
4211605,0.000,0.000,0.0,0,0.000,0.000,0.0,0
4211645,0.000,0.000,0.0,0,0.000,0.000,0.0,0
4211685,0.000,0.000,0.0,0,0.000,0.000,0.0,0
4211725,0.000,0.000,0.0,0,0.000,0.000,0.0,0
4211765,0.000,0.000,0.0,0,0.000,0.000,0.0,0
4211805,0.000,0.000,0.0,0,0.000,0.000,0.0,0
4211845,0.000,0.000,0.0,0,0.000,0.000,0.0,0
4211885,0.000,0.000,0.0,0,0.000,0.000,0.0,0
4211925,0.000,0.000,0.0,0,0.000,0.000,0.0,0
4211965,0.000,0.000,0.0,0,0.000,0.000,0.0,0
4212005,0.000,0.000,0.0,0,0.000,0.000,0.0,0
4212045,0.000,0.000,0.0,0,0.000,0.000,0.0,0
4212085,0.000,0.000,0.0,0,0.000,0.000,0.0,0
4212125,0.000,0.000,0.0,0,0.000,0.000,0.0,0
4212165,0.000,0.000,0.0,0,0.000,0.000,0.0,0
4212205,0.000,0.000,0.0,0,0.000,0.000,0.0,0
4212245,0.000,0.000,0.0,0,6.410,0.000,87.2,24
4212285,0.000,0.000,0.0,0,6.410,0.000,97.4,48
4212325,0.000,0.000,0.0,0,6.410,0.717,98.5,72
4212365,0.000,0.005,0.0,0,6.410,3.563,70.1,70
4212405,0.000,0.005,0.0,0,6.410,6.206,39.4,39
4212445,0.000,0.005,0.0,0,6.410,5.832,44.6,44
4212485,0.000,0.220,0.0,0,6.410,4.199,67.1,67
4212525,0.000,0.543,0.0,0,6.410,4.342,68.9,68
4212565,0.000,0.543,0.0,0,6.410,4.847,65.2,65
4212605,0.000,0.923,0.0,0,6.410,4.397,73.6,73
4212645,0.000,1.515,0.0,0,6.410,4.860,70.8,70
4212685,0.000,1.933,0.0,0,6.410,5.439,65.5,65
4212725,0.000,2.253,0.0,0,6.410,5.765,62.6,62
4212765,0.000,2.648,0.0,0,6.410,5.888,62.1,62
4212805,0.000,2.761,0.0,0,6.410,5.899,62.8,62
4212845,0.000,3.142,0.0,0,6.410,5.843,64.4,64
4212885,0.000,3.337,0.0,0,6.410,5.962,63.7,63
4212925,0.000,3.412,0.0,0,6.410,6.228,60.9,60
4212965,0.000,3.747,0.0,0,6.410,6.386,59.1,59
4213005,0.000,3.939,0.0,0,6.410,6.479,57.9,57
4213045,0.000,3.867,0.0,0,6.410,6.624,55.9,55
4213085,0.000,3.954,0.0,0,6.410,6.846,52.6,52
4213125,0.000,3.932,0.0,0,6.410,6.799,52.6,52
4213165,0.000,4.085,0.0,0,6.410,6.793,51.9,51
4213205,0.000,3.989,0.0,0,6.410,6.910,49.8,49
4213245,0.000,4.031,0.0,0,6.410,6.926,48.9,48
4213285,0.000,3.977,0.0,0,6.410,6.872,48.7,48
4213325,0.000,4.055,0.0,0,6.410,6.865,48.0,47
4213365,0.000,3.994,0.0,0,6.410,6.901,46.8,46
4213405,0.000,3.954,0.0,0,6.410,6.697,48.8,48
4213445,0.000,3.870,0.0,0,6.410,6.655,48.8,48
4213485,0.000,3.912,0.0,0,6.410,6.838,46.0,45
4213525,0.000,3.854,0.0,0,6.410,6.724,47.0,46
4213565,0.000,3.853,0.0,0,6.410,6.546,48.9,48
4213605,0.000,3.745,0.0,0,6.410,6.400,50.5,50
4213645,0.000,3.717,0.0,0,6.410,6.468,49.7,49
4213685,0.000,3.740,0.0,0,6.410,6.514,49.1,49
4213725,0.000,3.674,0.0,0,6.410,6.563,48.2,48
4213765,0.000,3.698,0.0,0,6.410,6.638,46.9,46
4213805,0.000,3.618,0.0,0,6.410,6.581,47.4,47
4213845,0.000,3.653,0.0,0,6.410,6.408,49.4,49
4213885,0.000,3.534,0.0,0,6.410,6.377,49.7,49
4213925,0.000,3.523,0.0,0,6.410,6.447,48.9,48
4213965,0.000,3.605,0.0,0,6.410,6.471,48.5,48
4214005,0.000,3.487,0.0,0,6.410,6.390,49.3,49
4214045,0.000,3.503,0.0,0,6.410,6.378,49.5,49
4214085,0.000,3.650,0.0,0,6.410,6.483,48.2,48
4214125,0.000,3.539,0.0,0,6.410,6.438,48.7,48
4214165,0.000,3.495,0.0,0,6.410,6.472,48.2,48
4214205,0.000,3.673,0.0,0,6.410,6.481,47.8,47
4214245,0.000,3.579,0.0,0,6.410,6.541,46.8,46
4214285,0.000,3.474,0.0,0,6.410,6.501,47.3,47
4214325,0.000,3.635,0.0,0,6.410,6.607,45.9,45
4214365,0.000,3.489,0.0,0,6.410,6.499,47.1,47
4214405,0.000,3.566,0.0,0,6.410,6.533,46.3,46
4214445,0.000,3.709,0.0,0,6.410,6.668,44.4,44
4214485,0.000,3.595,0.0,0,6.410,6.396,47.6,47
4214525,0.000,3.505,0.0,0,6.410,6.279,49.2,49
4214565,0.000,3.492,0.0,0,6.410,6.250,49.8,49
4214605,0.000,3.381,0.0,0,6.410,6.438,47.6,47
4214645,0.000,3.392,0.0,0,6.410,6.519,46.5,46
4214685,0.000,3.467,0.0,0,6.410,6.489,46.7,46
4214725,0.000,3.360,0.0,0,6.410,6.458,47.0,46
4214765,0.000,3.355,0.0,0,6.410,6.442,47.2,47
4214805,0.000,3.389,0.0,0,6.410,6.402,47.7,47
4214845,0.000,3.302,0.0,0,6.410,6.397,47.8,47
4214885,0.000,3.396,0.0,0,6.410,6.464,46.9,46
4214925,0.000,3.290,0.0,0,6.410,6.372,48.1,48
4214965,0.000,3.250,0.0,0,6.410,6.147,51.2,51
4215005,0.000,3.280,0.0,0,6.410,5.990,53.6,53
4215045,0.000,3.254,0.0,0,6.410,6.097,52.7,52
4215085,0.000,3.277,0.0,0,6.410,6.401,49.3,49
4215125,0.000,3.380,0.0,0,6.410,6.395,49.4,49
4215165,0.000,3.386,0.0,0,6.410,6.370,49.9,49
4215205,0.000,3.318,0.0,0,6.410,6.233,51.7,51
4215245,0.000,3.387,0.0,0,6.410,6.295,51.1,51
4215285,0.000,3.436,0.0,0,6.410,6.465,49.0,48
4215325,0.000,3.379,0.0,0,6.410,6.715,45.6,45
4215365,0.000,3.422,0.0,0,6.410,6.498,48.0,48
4215405,0.000,3.255,0.0,0,6.410,6.224,51.4,51
4215445,0.000,3.247,0.0,0,6.410,6.131,52.8,52
4215485,0.000,3.330,0.0,0,6.410,6.351,50.4,50
4215525,0.000,3.365,0.0,0,6.410,6.512,48.5,48
4215565,0.000,3.434,0.0,0,6.410,6.569,47.6,47
4215605,0.000,3.449,0.0,0,6.410,6.505,48.1,48
4215645,0.000,3.178,0.0,0,6.410,6.286,50.9,50
4215685,0.000,3.060,0.0,0,6.410,6.132,53.2,53
4215725,0.000,3.089,0.0,0,6.410,6.213,52.6,52
4215765,0.000,3.225,0.0,0,6.410,6.460,49.6,49
4215805,0.000,3.404,0.0,0,6.410,6.577,48.0,47
4215845,0.000,3.264,0.0,0,6.410,6.538,48.2,48
4215885,0.000,3.155,0.0,0,6.410,6.427,49.5,49
4215925,0.000,3.245,0.0,0,6.410,6.491,48.6,48
4215965,0.000,3.194,0.0,0,6.410,6.491,48.6,48
4216005,0.000,3.170,0.0,0,6.410,6.507,48.3,48
4216045,0.000,3.234,0.0,0,6.410,6.488,48.3,48
4216085,0.000,3.095,0.0,0,6.410,6.479,48.3,48
4216125,0.000,3.242,0.0,0,6.410,6.386,49.5,49
4216165,0.000,3.202,0.0,0,6.410,6.526,47.8,47
4216205,0.000,3.187,0.0,0,6.410,6.564,47.1,47
4216245,0.000,3.395,0.0,0,6.410,6.656,45.5,45
4216285,0.000,3.252,0.0,0,6.410,6.693,44.7,44
4216325,0.000,3.307,0.0,0,6.410,6.653,44.9,44
4216365,0.000,3.044,0.0,0,6.410,6.406,47.9,47
4216405,0.000,3.167,0.0,0,6.410,6.419,47.6,47
4216445,0.000,3.173,0.0,0,6.410,6.593,45.3,45
4216485,0.000,3.127,0.0,0,6.410,6.484,46.6,46
4216525,0.000,3.158,0.0,0,6.410,6.298,48.9,48
4216565,0.000,3.145,0.0,0,6.410,6.287,49.2,49
4216605,0.000,3.251,0.0,0,6.410,6.352,48.5,48
4216645,0.000,3.113,0.0,0,6.410,6.533,46.3,46
4216685,0.000,3.138,0.0,0,6.410,6.496,46.6,46
4216725,0.000,3.240,0.0,0,6.410,6.454,46.9,46
4216765,0.000,3.152,0.0,0,6.410,6.360,48.1,48
4216805,0.000,3.241,0.0,0,6.410,6.347,48.4,48
4216845,0.000,3.132,0.0,0,6.410,6.400,47.8,47
4216885,0.000,3.080,0.0,0,6.410,6.477,46.8,46
4216925,0.000,3.113,0.0,0,6.410,6.545,45.8,45
4216965,0.000,3.042,0.0,0,6.410,6.349,48.2,48
4217005,0.000,3.121,0.0,0,6.410,6.189,50.3,50
4217045,0.000,3.079,0.0,0,6.410,6.284,49.2,49
4217085,0.000,2.983,0.0,0,6.410,6.547,46.0,45
4217125,0.000,3.006,0.0,0,6.410,6.581,45.4,45
4217165,0.000,2.936,0.0,0,6.410,6.554,45.6,45
4217205,0.000,2.949,0.0,0,6.410,6.347,48.1,48
4217245,0.000,2.883,0.0,0,6.410,6.326,48.4,48
4217285,0.000,2.839,0.0,0,6.410,6.487,46.4,46
4217325,0.000,2.831,0.0,0,6.410,6.414,47.4,47
4217365,0.000,2.800,0.0,0,6.410,6.289,49.1,49
4217405,0.000,2.817,0.0,0,6.410,6.169,50.8,50
4217445,0.000,2.793,0.0,0,6.410,6.208,50.6,50
4217485,0.000,2.800,0.0,0,6.410,6.372,48.8,48
4217525,0.000,2.739,0.0,0,6.410,6.349,49.1,49
4217565,0.000,2.726,0.0,0,6.410,6.364,49.0,48
4217605,0.000,2.652,0.0,0,6.410,6.325,49.5,49
4217645,0.000,2.705,0.0,0,6.410,6.307,50.0,49
4217685,0.000,2.599,0.0,0,6.410,6.266,50.8,50
4217725,0.000,2.645,0.0,0,6.410,6.302,50.5,50
4217765,0.000,2.555,0.0,0,6.410,6.400,49.4,49
4217805,0.000,2.615,0.0,0,6.410,6.388,49.6,49
4217845,0.000,2.543,0.0,0,6.410,6.320,50.5,50
4217885,0.000,2.583,0.0,0,6.410,6.304,50.8,50
4217925,0.000,2.492,0.0,0,6.410,6.324,50.6,50
4217965,0.000,2.589,0.0,0,6.410,6.443,49.2,49
4218005,0.000,2.497,0.0,0,6.410,6.381,50.1,50
4218045,0.000,2.586,0.0,0,6.410,6.332,50.7,50
4218085,0.000,2.510,0.0,0,6.410,6.343,50.6,50
4218125,0.000,2.620,0.0,0,6.410,6.487,48.7,48
4218165,0.000,2.493,0.0,0,6.410,6.578,47.5,47
4218205,0.000,2.620,0.0,0,6.410,6.508,48.3,48
4218245,0.000,2.459,0.0,0,6.410,6.375,49.9,49
4218285,0.000,2.599,0.0,0,6.410,6.333,50.4,50
4218325,0.000,2.462,0.0,0,6.410,6.493,48.5,48
4218365,0.000,2.592,0.0,0,6.410,6.390,49.8,49
4218405,0.000,2.468,0.0,0,6.410,6.362,50.3,50
4218445,0.000,2.466,0.0,0,6.410,6.414,49.6,49
4218485,0.000,2.497,0.0,0,6.410,6.461,49.0,49
4218525,0.000,2.445,0.0,0,6.410,6.436,49.3,49
4218565,0.000,2.508,0.0,0,6.410,6.235,51.9,51
4218605,0.000,2.422,0.0,0,6.410,6.227,52.2,52
4218645,0.000,2.492,0.0,0,6.410,6.358,50.8,50
4218685,0.000,2.403,0.0,0,6.410,6.491,49.1,49
4218725,0.000,2.473,0.0,0,6.410,6.475,49.2,49
4218765,0.000,2.469,0.0,0,6.410,6.375,50.4,50
4218805,0.000,2.524,0.0,0,6.410,6.410,50.0,50
4218845,0.000,2.529,0.0,0,6.410,6.394,50.3,50
4218885,0.000,2.504,0.0,0,6.410,6.417,49.9,49
4218925,0.000,2.488,0.0,0,6.410,6.517,48.4,48
4218965,0.000,2.522,0.0,0,6.410,6.670,46.3,46
4219005,0.000,2.553,0.0,0,6.410,6.504,48.1,48
4219045,0.000,2.490,0.0,0,6.410,6.400,49.3,49
4219085,0.000,2.472,0.0,0,6.410,6.277,50.9,50
4219125,0.000,2.313,0.0,0,6.410,6.353,50.0,50
4219165,0.000,2.377,0.0,0,6.410,6.594,47.0,47
4219205,0.000,2.346,0.0,0,6.410,6.804,44.1,44
4219245,0.000,2.384,0.0,0,6.410,6.593,46.4,46
4219285,0.000,2.265,0.0,0,6.410,6.382,48.7,48
4219325,0.000,2.208,0.0,0,6.410,6.200,51.1,51
4219365,0.000,2.206,0.0,0,6.410,6.217,51.3,51
4219405,0.000,2.178,0.0,0,6.410,6.281,50.8,50
4219445,0.000,2.225,0.0,0,6.410,6.356,50.0,49
4219485,0.000,2.205,0.0,0,6.410,6.463,48.6,48
4219525,0.000,2.260,0.0,0,6.410,6.407,49.3,49
4219565,0.000,2.206,0.0,0,6.410,6.344,50.1,50
4219605,0.000,2.211,0.0,0,6.410,6.284,51.1,51
4219645,0.000,2.200,0.0,0,6.410,6.428,49.3,49
4219685,0.000,2.207,0.0,0,6.410,6.517,48.1,48
4219725,0.000,2.220,0.0,0,6.410,6.453,48.8,48
4219765,0.000,2.187,0.0,0,6.410,6.388,49.5,49
4219805,0.000,2.173,0.0,0,6.410,6.433,49.0,49
4219845,0.000,2.070,0.0,0,6.410,6.365,49.9,49
4219885,0.000,2.119,0.0,0,6.410,6.279,51.0,50
4219925,0.000,2.096,0.0,0,6.410,6.404,49.4,49
4219965,0.000,2.043,0.0,0,6.410,6.527,47.8,47
4220005,0.000,2.027,0.0,0,6.410,6.409,49.2,49
4220045,0.000,1.985,0.0,0,6.410,6.309,50.7,50
4220085,0.000,1.960,0.0,0,6.410,6.220,52.0,52
4220125,0.000,1.928,0.0,0,6.410,6.250,51.8,51
4220165,0.000,1.844,0.0,0,6.410,6.350,50.6,50
4220205,0.000,1.803,0.0,0,6.410,6.482,49.0,48
4220245,0.000,1.819,0.0,0,6.410,6.332,50.9,50
4220285,0.000,1.854,0.0,0,6.410,6.230,52.3,52
4220325,0.000,1.946,0.0,0,6.410,6.309,51.4,51
4220365,0.000,1.927,0.0,0,6.410,6.499,49.1,49
4220405,0.000,1.934,0.0,0,6.410,6.532,48.6,48
4220445,0.000,1.937,0.0,0,6.410,6.322,51.2,51
4220485,0.000,1.800,0.0,0,6.410,6.253,52.3,52
4220525,0.000,1.729,0.0,0,6.410,6.313,51.7,51
4220565,0.000,1.796,0.0,0,6.410,6.454,50.0,50
4220605,0.000,1.788,0.0,0,6.410,6.465,49.8,49
4220645,0.000,1.786,0.0,0,6.410,6.417,50.3,50
4220685,0.000,1.714,0.0,0,6.410,6.295,51.9,51
4220725,0.000,1.540,0.0,0,6.410,6.165,53.8,53
4220765,0.000,1.540,0.0,0,6.410,6.180,54.0,53
4220805,0.000,1.506,0.0,0,6.410,6.390,51.5,51
4220845,0.000,1.539,0.0,0,6.410,6.635,48.3,48
4220885,0.000,1.415,0.0,0,6.410,6.486,50.0,49
4220925,0.000,1.415,0.0,0,6.410,6.342,51.7,51
4220965,0.000,1.277,0.0,0,6.410,6.239,53.1,53
4221005,0.000,1.201,0.0,0,6.410,6.426,50.8,50
4221045,0.000,1.201,0.0,0,6.410,6.556,49.2,49
4221085,0.000,1.201,0.0,0,6.410,6.645,47.9,47
4221125,0.000,1.062,0.0,0,6.410,6.478,49.7,49
4221165,0.000,1.062,0.0,0,6.410,6.320,51.6,51
4221205,0.000,0.922,0.0,0,6.410,6.281,52.2,52
4221245,0.000,0.922,0.0,0,6.410,6.470,50.0,49
4221285,0.000,0.922,0.0,0,6.410,6.364,51.3,51
4221325,0.000,0.816,0.0,0,6.410,6.291,52.3,52
4221365,0.000,0.816,0.0,0,6.410,6.313,52.1,52
4221405,0.000,0.816,0.0,0,6.410,6.378,51.4,51
4221445,0.000,0.816,0.0,0,6.410,6.360,51.7,51
4221485,0.000,0.692,0.0,0,6.410,6.438,50.7,50
4221525,0.000,0.692,0.0,0,6.410,6.467,50.3,50
4221565,0.000,0.692,0.0,0,6.410,6.440,50.6,50
4221605,0.000,0.692,0.0,0,6.410,6.387,51.2,51
4221645,0.000,0.000,0.0,0,6.410,6.245,53.1,53
4221685,0.000,0.000,0.0,0,6.410,6.299,52.7,52
4221725,0.000,0.000,0.0,0,6.410,6.296,53.0,52
4221765,0.000,0.000,0.0,0,6.410,6.284,53.4,53
4221805,0.000,0.000,0.0,0,6.410,6.313,53.1,53
4221845,0.000,0.000,0.0,0,6.410,6.371,52.3,52
4221885,0.000,0.000,0.0,0,6.410,6.455,51.3,51
4221925,0.000,0.000,0.0,0,6.410,6.316,53.2,53
4221965,0.000,0.000,0.0,0,6.410,6.300,53.6,53
4222005,0.000,0.000,0.0,0,6.410,6.303,53.7,53
4222045,0.000,0.044,0.0,0,6.410,6.354,53.2,53
4222085,0.000,0.044,0.0,0,6.410,6.533,50.9,50
4222125,0.000,0.044,0.0,0,6.410,6.488,51.5,51
4222165,0.000,0.044,0.0,0,6.410,6.353,53.2,53
4222205,0.000,0.000,0.0,0,6.410,6.321,53.6,53
4222245,0.000,0.000,0.0,0,6.410,6.405,52.5,52
4222285,0.000,0.000,0.0,0,6.410,6.465,51.7,51
4222325,0.000,0.077,0.0,0,6.410,6.409,52.5,52
4222365,0.000,0.077,0.0,0,6.410,6.286,54.0,53
4222405,0.000,0.077,0.0,0,6.410,6.340,53.4,53
4222445,0.000,0.077,0.0,0,6.410,6.354,53.4,53
4222485,0.000,0.206,0.0,0,6.410,6.340,53.8,53
4222525,0.000,0.206,0.0,0,6.410,6.292,54.5,54
4222565,0.000,0.206,0.0,0,6.410,6.313,54.4,54
4222605,0.000,0.206,0.0,0,6.410,6.315,54.5,54
4222645,0.000,0.000,0.0,0,6.410,6.359,54.1,54
4222685,0.000,0.141,0.0,0,6.410,6.440,53.1,53
4222725,0.000,0.141,0.0,0,6.410,6.699,49.7,49
4222765,0.000,0.141,0.0,0,6.410,6.606,50.5,50
4222805,0.000,0.141,0.0,0,6.410,6.335,53.6,53
4222845,0.000,0.000,0.0,0,6.410,6.218,55.1,55
4222885,0.000,0.107,0.0,0,6.410,6.097,57.0,56
4222925,0.000,0.107,0.0,0,6.410,6.355,54.1,54
4222965,0.000,0.107,0.0,0,6.410,6.555,51.6,51
4223005,0.000,0.107,0.0,0,6.410,6.564,51.3,51
4223045,0.000,0.000,0.0,0,6.410,6.509,51.6,51
4223085,0.000,0.128,0.0,0,6.410,6.481,51.7,51
4223125,0.000,0.128,0.0,0,6.410,6.405,52.6,52
4223165,0.000,0.388,0.0,0,6.410,6.469,51.9,51
4223205,0.000,0.388,0.0,0,6.410,6.316,53.9,53
4223245,0.000,0.388,0.0,0,6.410,6.262,54.7,54
4223285,0.000,0.388,0.0,0,6.410,6.196,55.7,55
4223325,0.000,0.000,0.0,0,6.410,6.201,56.0,55
4223365,0.000,0.126,0.0,0,6.410,6.198,56.4,56
4223405,0.000,0.126,0.0,0,6.410,6.218,56.6,56
4223445,0.000,0.126,0.0,0,6.410,6.397,54.4,54
4223485,0.000,0.279,0.0,0,6.410,6.533,52.7,52
4223525,0.000,0.279,0.0,0,6.410,6.560,52.2,52
4223565,0.000,0.279,0.0,0,6.410,6.541,52.2,52
4223605,0.000,0.381,0.0,0,6.410,6.432,53.4,53
4223645,0.000,0.381,0.0,0,6.410,6.459,53.1,53
4223685,0.000,0.381,0.0,0,6.410,6.335,54.7,54
4223725,0.000,0.455,0.0,0,6.410,6.369,54.3,54
4223765,0.000,0.455,0.0,0,6.410,6.530,52.3,52
4223805,0.000,0.455,0.0,0,6.410,6.512,52.6,52
4223845,0.000,0.510,0.0,0,6.410,6.492,52.7,52
4223885,0.000,0.510,0.0,0,6.410,6.382,54.0,53
4223925,0.000,0.510,0.0,0,6.410,6.418,53.5,53
4223965,0.000,0.510,0.0,0,6.410,6.266,55.5,55
4224005,0.000,0.000,0.0,0,6.410,6.344,54.8,54
4224045,0.000,0.000,0.0,0,6.410,6.566,52.1,52
4224085,0.000,0.091,0.0,0,6.410,6.461,53.3,53
4224125,0.000,0.091,0.0,0,6.410,6.504,52.5,52
4224165,0.000,0.321,0.0,0,6.410,6.582,51.4,51
4224205,0.000,0.321,0.0,0,6.410,6.565,51.5,51
4224245,0.000,0.321,0.0,0,6.410,6.304,54.7,54
4224285,0.000,0.490,0.0,0,6.410,6.248,55.6,55
4224325,0.000,0.490,0.0,0,6.410,6.354,54.4,54
4224365,0.000,0.582,0.0,0,6.410,6.474,52.9,52
4224405,0.000,0.582,0.0,0,6.410,6.423,53.5,53
4224445,0.000,0.676,0.0,0,6.410,6.389,53.8,53
4224485,0.000,0.676,0.0,0,6.410,6.338,54.5,54
4224525,0.000,0.729,0.0,0,6.410,6.300,55.2,55
4224565,0.000,0.729,0.0,0,6.410,6.299,55.4,55
4224605,0.000,0.732,0.0,0,6.410,6.312,55.4,55
4224645,0.000,0.732,0.0,0,6.410,6.450,53.8,53
4224685,0.000,0.762,0.0,0,6.410,6.421,54.1,54
4224725,0.000,0.762,0.0,0,6.410,6.301,55.5,55
4224765,0.000,0.762,0.0,0,6.410,6.315,55.4,55
4224805,0.000,0.775,0.0,0,6.410,6.463,53.7,53
4224845,0.000,0.775,0.0,0,6.410,6.573,52.3,52
4224885,0.000,0.792,0.0,0,6.410,6.523,52.8,52
4224925,0.000,0.792,0.0,0,6.410,6.425,53.9,53
4224965,0.000,0.843,0.0,0,6.410,6.451,53.4,53
4225005,0.000,0.843,0.0,0,6.410,6.451,53.4,53
4225045,0.000,0.839,0.0,0,6.410,6.529,52.3,52
4225085,0.000,0.839,0.0,0,6.410,6.364,54.3,54
4225125,0.000,0.848,0.0,0,6.410,6.183,56.7,56
4225165,0.000,0.848,0.0,0,6.410,6.227,56.4,56
4225205,0.000,0.857,0.0,0,6.410,6.476,53.4,53
4225245,0.000,0.857,0.0,0,6.410,6.584,51.9,51
4225285,0.000,0.782,0.0,0,0.000,6.388,0.0,0
4225325,0.000,0.782,0.0,0,0.000,6.079,0.0,0
4225365,0.000,0.809,0.0,0,0.000,5.653,0.0,0
4225405,0.000,0.809,0.0,0,0.000,5.274,0.0,0
4225445,0.000,0.993,0.0,0,0.000,5.072,0.0,0
4225485,0.000,1.135,0.0,0,0.000,4.919,0.0,0
4225525,0.000,1.302,0.0,0,0.000,4.652,0.0,0
4225565,0.000,1.454,0.0,0,0.000,4.384,0.0,0
4225605,0.000,1.493,0.0,0,0.000,4.014,0.0,0
4225645,0.000,1.496,0.0,0,0.000,3.658,0.0,0
4225685,0.000,1.496,0.0,0,0.000,3.465,0.0,0
4225725,0.000,1.496,0.0,0,0.000,3.397,0.0,0
4225765,0.000,1.496,0.0,0,0.000,3.188,0.0,0
4225805,0.000,1.125,0.0,0,0.000,3.131,0.0,0
4225845,0.000,1.199,0.0,0,0.000,2.776,0.0,0
4225885,0.000,1.199,0.0,0,0.000,2.705,0.0,0
4225925,0.000,1.143,0.0,0,0.000,2.493,0.0,0
4225965,0.000,1.143,0.0,0,0.000,2.545,0.0,0
4226005,0.000,1.025,0.0,0,0.000,2.446,0.0,0
4226045,0.000,1.025,0.0,0,0.000,2.247,0.0,0
4226085,0.000,0.963,0.0,0,0.000,2.247,0.0,0
4226125,0.000,0.963,0.0,0,0.000,1.925,0.0,0
4226165,0.000,0.963,0.0,0,0.000,1.748,0.0,0
4226205,0.000,0.963,0.0,0,0.000,1.748,0.0,0
4226245,0.000,0.000,0.0,0,0.000,1.647,0.0,0
4226285,0.000,0.000,0.0,0,0.000,1.647,0.0,0
4226325,0.000,0.000,0.0,0,0.000,1.503,0.0,0
4226365,0.000,0.000,0.0,0,0.000,1.503,0.0,0
4226405,0.000,0.000,0.0,0,0.000,1.276,0.0,0
4226445,0.000,0.000,0.0,0,0.000,1.276,0.0,0
4226485,0.000,0.000,0.0,0,0.000,1.276,0.0,0
4226525,0.000,0.000,0.0,0,0.000,1.027,0.0,0
4226565,0.000,0.000,0.0,0,0.000,1.027,0.0,0
4226605,0.000,0.000,0.0,0,0.000,1.027,0.0,0
4226645,0.000,0.000,0.0,0,0.000,1.027,0.0,0
4226685,0.000,0.000,0.0,0,0.000,0.000,0.0,0
4226725,0.000,0.000,0.0,0,0.000,0.000,0.0,0
4226765,0.000,0.000,0.0,0,0.000,0.000,0.0,0
4226805,0.000,0.000,0.0,0,0.000,0.000,0.0,0
4226845,0.000,0.000,0.0,0,0.000,0.000,0.0,0
4226885,0.000,0.000,0.0,0,0.000,0.000,0.0,0
4226925,0.000,0.000,0.0,0,0.000,0.000,0.0,0
4226965,0.000,0.000,0.0,0,0.000,0.000,0.0,0
4227005,0.000,0.000,0.0,0,0.000,0.000,0.0,0
4227045,0.000,0.000,0.0,0,0.000,0.000,0.0,0
4227085,0.000,0.000,0.0,0,0.000,0.000,0.0,0
4227125,0.000,0.000,0.0,0,0.000,0.000,0.0,0
4227165,0.000,0.000,0.0,0,0.000,0.000,0.0,0
4227205,0.000,0.000,0.0,0,0.000,0.000,0.0,0
4227245,0.000,0.000,0.0,0,0.000,0.000,0.0,0
4227285,0.000,0.000,0.0,0,0.000,0.000,0.0,0
4227325,0.000,0.000,0.0,0,0.000,0.000,0.0,0
4227365,0.000,0.000,0.0,0,0.000,0.000,0.0,0
4227405,0.000,0.000,0.0,0,0.000,0.000,0.0,0
4227445,0.000,0.000,0.0,0,0.000,0.000,0.0,0
4227485,0.000,0.000,0.0,0,0.000,0.000,0.0,0
4227525,0.000,0.000,0.0,0,0.000,0.000,0.0,0
4227565,0.000,0.000,0.0,0,0.000,0.000,0.0,0
4227605,0.000,0.000,0.0,0,0.000,0.000,0.0,0
4227645,0.000,0.000,0.0,0,0.000,0.000,0.0,0
4227685,0.000,0.000,0.0,0,0.000,0.000,0.0,0
4227725,0.000,0.000,0.0,0,0.000,0.000,0.0,0
4227765,0.000,0.000,0.0,0,0.000,0.000,0.0,0
4227805,0.000,0.000,0.0,0,0.000,0.000,0.0,0
4227845,0.000,0.000,0.0,0,0.000,0.000,0.0,0
4227885,0.000,0.000,0.0,0,0.000,0.000,0.0,0
4227925,0.000,0.000,0.0,0,0.000,0.000,0.0,0
4227965,0.000,0.000,0.0,0,0.000,0.000,0.0,0
4228005,0.000,0.000,0.0,0,0.000,0.000,0.0,0
4228045,0.000,0.000,0.0,0,0.000,0.000,0.0,0
4228085,0.000,0.000,0.0,0,0.000,0.000,0.0,0
4228125,0.000,0.000,0.0,0,0.000,0.000,0.0,0
4228165,0.000,0.000,0.0,0,0.000,0.000,0.0,0
4228205,0.000,0.000,0.0,0,0.000,0.000,0.0,0
4228245,0.000,0.000,0.0,0,0.000,0.000,0.0,0
4228285,0.000,0.000,0.0,0,0.000,0.000,0.0,0
4228325,0.000,0.000,0.0,0,0.000,0.000,0.0,0
4228365,0.000,0.000,0.0,0,0.000,0.000,0.0,0
4228405,0.000,0.000,0.0,0,0.000,0.000,0.0,0
4228445,0.000,0.000,0.0,0,0.000,0.000,0.0,0
4228485,0.000,0.000,0.0,0,0.000,0.000,0.0,0
4228525,0.000,0.000,0.0,0,0.000,0.000,0.0,0
4228565,0.000,0.000,0.0,0,0.000,0.000,0.0,0
4228605,0.000,0.000,0.0,0,0.000,0.000,0.0,0
4228645,0.000,0.000,0.0,0,0.000,0.000,0.0,0
4228685,0.000,0.000,0.0,0,0.000,0.000,0.0,0
4228725,0.000,0.000,0.0,0,0.000,0.000,0.0,0
4228765,0.000,0.000,0.0,0,0.000,0.000,0.0,0
4228805,0.000,0.000,0.0,0,0.000,0.000,0.0,0
4228845,0.000,0.000,0.0,0,0.000,0.000,0.0,0
4228885,0.000,0.000,0.0,0,0.000,0.000,0.0,0
4228925,0.000,0.000,0.0,0,0.000,0.000,0.0,0
4228965,0.000,0.000,0.0,0,0.000,0.000,0.0,0
4229005,0.000,0.000,0.0,0,0.000,0.000,0.0,0
4229045,0.000,0.000,0.0,0,0.000,0.000,0.0,0
4229085,0.000,0.000,0.0,0,0.000,0.000,0.0,0
4229125,0.000,0.000,0.0,0,0.000,0.000,0.0,0
4229165,0.000,0.000,0.0,0,0.000,0.000,0.0,0
4229205,0.000,0.000,0.0,0,0.000,0.000,0.0,0
4229245,0.000,0.000,0.0,0,0.000,0.000,0.0,0
4229285,0.000,0.000,0.0,0,0.000,0.000,0.0,0
4229325,0.000,0.000,0.0,0,0.000,0.000,0.0,0
4229365,0.000,0.000,0.0,0,0.000,0.000,0.0,0
4229405,0.000,0.000,0.0,0,0.000,0.000,0.0,0
4229445,0.000,0.000,0.0,0,0.000,0.000,0.0,0
4229485,0.000,0.000,0.0,0,0.000,0.000,0.0,0
4229525,0.000,0.000,0.0,0,0.000,0.000,0.0,0
4229565,0.000,0.000,0.0,0,0.000,0.000,0.0,0
4229605,0.000,0.000,0.0,0,0.000,0.000,0.0,0
4229645,0.000,0.000,0.0,0,0.000,0.000,0.0,0
4229685,0.000,0.000,0.0,0,0.000,0.000,0.0,0
4229725,0.000,0.000,0.0,0,0.000,0.000,0.0,0
4229765,0.000,0.000,0.0,0,0.000,0.000,0.0,0
4229805,0.000,0.000,0.0,0,0.000,0.000,0.0,0
4229845,0.000,0.000,0.0,0,0.000,0.000,0.0,0
4229885,0.000,0.000,0.0,0,0.000,0.000,0.0,0
4229925,0.000,0.000,0.0,0,0.000,0.000,0.0,0
4229965,0.000,0.000,0.0,0,0.000,0.000,0.0,0
4230005,0.000,0.000,0.0,0,0.000,0.000,0.0,0
4230045,0.000,0.000,0.0,0,0.000,0.000,0.0,0
4230085,0.000,0.000,0.0,0,0.000,0.000,0.0,0
4230125,0.000,0.000,0.0,0,0.000,0.000,0.0,0
4230165,0.000,0.000,0.0,0,0.000,0.000,0.0,0
4230205,0.000,0.000,0.0,0,0.000,0.000,0.0,0
4230245,0.000,0.000,0.0,0,0.000,0.000,0.0,0
4230285,0.000,0.000,0.0,0,0.000,0.000,0.0,0
4230325,0.000,0.000,0.0,0,0.000,0.000,0.0,0
4230365,0.000,0.000,0.0,0,0.000,0.000,0.0,0
4230405,0.000,0.000,0.0,0,0.000,0.000,0.0,0
4230445,0.000,0.000,0.0,0,0.000,0.000,0.0,0
4230485,0.000,0.000,0.0,0,0.000,0.000,0.0,0
4230525,0.000,0.000,0.0,0,0.000,0.000,0.0,0
4230565,0.000,0.000,0.0,0,0.000,0.000,0.0,0
4230605,0.000,0.000,0.0,0,0.000,0.000,0.0,0
4230645,0.000,0.000,0.0,0,0.000,0.000,0.0,0
4230685,0.000,0.000,0.0,0,0.000,0.000,0.0,0
4230725,0.000,0.000,0.0,0,0.000,0.000,0.0,0
4230765,0.000,0.000,0.0,0,0.000,0.000,0.0,0
4230805,0.000,0.000,0.0,0,0.000,0.000,0.0,0
4230845,0.000,0.000,0.0,0,0.000,0.000,0.0,0
4230885,0.000,0.000,0.0,0,0.000,0.000,0.0,0
4230925,0.000,0.000,0.0,0,0.000,0.000,0.0,0
4230965,0.000,0.000,0.0,0,0.000,0.000,0.0,0
4231005,0.000,0.000,0.0,0,0.000,0.000,0.0,0
4231045,0.000,0.000,0.0,0,0.000,0.000,0.0,0
4231085,0.000,0.000,0.0,0,0.000,0.000,0.0,0
4231125,0.000,0.000,0.0,0,0.000,0.000,0.0,0
4231165,0.000,0.000,0.0,0,0.000,0.000,0.0,0
4231205,0.000,0.000,0.0,0,0.000,0.000,0.0,0
4231245,0.000,0.000,0.0,0,0.000,0.000,0.0,0
4231285,0.000,0.000,0.0,0,0.000,0.000,0.0,0
4231325,0.000,0.000,0.0,0,0.000,0.000,0.0,0
4231365,0.000,0.000,0.0,0,0.000,0.000,0.0,0
4231405,0.000,0.000,0.0,0,0.000,0.000,0.0,0
4231445,0.000,0.000,0.0,0,0.000,0.000,0.0,0
4231485,0.000,0.000,0.0,0,0.000,0.000,0.0,0
4231525,0.000,0.000,0.0,0,0.000,0.000,0.0,0
4231565,0.000,0.000,0.0,0,0.000,0.000,0.0,0
4231605,0.000,0.000,0.0,0,0.000,0.000,0.0,0
4231645,0.000,0.000,0.0,0,0.000,0.000,0.0,0
4231685,0.000,0.000,0.0,0,0.000,0.000,0.0,0
4231725,0.000,0.000,0.0,0,0.000,0.000,0.0,0
4231765,0.000,0.000,0.0,0,0.000,0.000,0.0,0
4231805,0.000,0.000,0.0,0,0.000,0.000,0.0,0
4231845,0.000,0.000,0.0,0,0.000,0.000,0.0,0
4231885,0.000,0.000,0.0,0,0.000,0.000,0.0,0
4231925,0.000,0.000,0.0,0,0.000,0.000,0.0,0
4231965,0.000,0.000,0.0,0,0.000,0.000,0.0,0
4232005,0.000,0.000,0.0,0,0.000,0.000,0.0,0
4232045,0.000,0.000,0.0,0,0.000,0.000,0.0,0
4232085,0.000,0.000,0.0,0,0.000,0.000,0.0,0
4232125,0.000,0.000,0.0,0,0.000,0.000,0.0,0
4232165,0.000,0.000,0.0,0,0.000,0.000,0.0,0
4232205,0.000,0.000,0.0,0,0.000,0.000,0.0,0
4232245,0.000,0.000,0.0,0,0.000,0.000,0.0,0
4232285,0.000,0.000,0.0,0,0.000,0.000,0.0,0
4232325,0.000,0.000,0.0,0,0.000,0.000,0.0,0
4232365,0.000,0.000,0.0,0,0.000,0.000,0.0,0
4232405,0.000,0.000,0.0,0,0.000,0.000,0.0,0
4232445,0.000,0.000,0.0,0,0.000,0.000,0.0,0
4232485,0.000,0.000,0.0,0,0.000,0.000,0.0,0
4232525,0.000,0.000,0.0,0,0.000,0.000,0.0,0
4232565,0.000,0.000,0.0,0,0.000,0.000,0.0,0
4232605,0.000,0.000,0.0,0,0.000,0.000,0.0,0
4232645,0.000,0.000,0.0,0,0.000,0.000,0.0,0
4232685,0.000,0.000,0.0,0,0.000,0.000,0.0,0
4232725,0.000,0.000,0.0,0,0.000,0.000,0.0,0
4232765,0.000,0.000,0.0,0,0.000,0.000,0.0,0
4232805,0.000,0.000,0.0,0,0.000,0.000,0.0,0
4232845,0.000,0.000,0.0,0,0.000,0.000,0.0,0
4232885,0.000,0.000,0.0,0,0.000,0.000,0.0,0
4232925,0.000,0.000,0.0,0,0.000,0.000,0.0,0
4232965,0.000,0.000,0.0,0,0.000,0.000,0.0,0
4233005,0.000,0.000,0.0,0,0.000,0.000,0.0,0
4233045,0.000,0.000,0.0,0,0.000,0.000,0.0,0
4233085,0.000,0.000,0.0,0,0.000,0.000,0.0,0
4233125,0.000,0.000,0.0,0,0.000,0.000,0.0,0
4233165,0.000,0.000,0.0,0,0.000,0.000,0.0,0
4233205,0.000,0.000,0.0,0,0.000,0.000,0.0,0
4233245,0.000,0.000,0.0,0,0.000,0.000,0.0,0
4233285,0.000,0.000,0.0,0,0.000,0.000,0.0,0
4233325,0.000,0.000,0.0,0,0.000,0.000,0.0,0
4233365,0.000,0.000,0.0,0,0.000,0.000,0.0,0
4233405,0.000,0.000,0.0,0,0.000,0.000,0.0,0
4233445,0.000,0.000,0.0,0,0.000,0.000,0.0,0
4233485,0.000,0.000,0.0,0,0.000,0.000,0.0,0
4233525,0.000,0.000,0.0,0,0.000,0.000,0.0,0
4233565,0.000,0.000,0.0,0,0.000,0.000,0.0,0
4233605,0.000,0.000,0.0,0,0.000,0.000,0.0,0
4233645,0.000,0.000,0.0,0,0.000,0.000,0.0,0
4233685,0.000,0.000,0.0,0,0.000,0.000,0.0,0
4233725,0.000,0.000,0.0,0,0.000,0.000,0.0,0
4233765,0.000,0.000,0.0,0,0.000,0.000,0.0,0
4233805,0.000,0.000,0.0,0,0.000,0.000,0.0,0
4233845,0.000,0.000,0.0,0,0.000,0.000,0.0,0
4233885,0.000,0.000,0.0,0,0.000,0.000,0.0,0
4233925,0.000,0.000,0.0,0,0.000,0.000,0.0,0
4233965,0.000,0.000,0.0,0,0.000,0.000,0.0,0
4234005,0.000,0.000,0.0,0,0.000,0.000,0.0,0
4234045,0.000,0.000,0.0,0,0.000,0.000,0.0,0
4234085,0.000,0.000,0.0,0,0.000,0.000,0.0,0
4234125,0.000,0.000,0.0,0,0.000,0.000,0.0,0
4234165,0.000,0.000,0.0,0,0.000,0.000,0.0,0
4234205,0.000,0.000,0.0,0,0.000,0.000,0.0,0
4234245,0.000,0.000,0.0,0,0.000,0.000,0.0,0
4234285,0.000,0.000,0.0,0,0.000,0.000,0.0,0
4234325,0.000,0.000,0.0,0,0.000,0.000,0.0,0
4234365,0.000,0.000,0.0,0,0.000,0.000,0.0,0
4234405,0.000,0.000,0.0,0,0.000,0.000,0.0,0
4234445,0.000,0.000,0.0,0,0.000,0.000,0.0,0
4234485,0.000,0.000,0.0,0,0.000,0.000,0.0,0
4234525,0.000,0.000,0.0,0,0.000,0.000,0.0,0
4234565,0.000,0.000,0.0,0,0.000,0.000,0.0,0
4234605,0.000,0.000,0.0,0,0.000,0.000,0.0,0
4234645,0.000,0.000,0.0,0,0.000,0.000,0.0,0
4234685,0.000,0.000,0.0,0,0.000,0.000,0.0,0
4234725,0.000,0.000,0.0,0,0.000,0.000,0.0,0
4234765,0.000,0.000,0.0,0,0.000,0.000,0.0,0
4234805,0.000,0.000,0.0,0,0.000,0.000,0.0,0
4234845,0.000,0.000,0.0,0,0.000,0.000,0.0,0
4234885,0.000,0.000,0.0,0,0.000,0.000,0.0,0
4234925,0.000,0.000,0.0,0,0.000,0.000,0.0,0
4234965,0.000,0.000,0.0,0,0.000,0.000,0.0,0
4235005,0.000,0.000,0.0,0,0.000,0.000,0.0,0
4235045,0.000,0.000,0.0,0,0.000,0.000,0.0,0
4235085,0.000,0.000,0.0,0,0.000,0.000,0.0,0
4235125,0.000,0.000,0.0,0,0.000,0.000,0.0,0
4235165,0.000,0.000,0.0,0,0.000,0.000,0.0,0
4235205,0.000,0.000,0.0,0,0.000,0.000,0.0,0
4235245,0.000,0.000,0.0,0,0.000,0.000,0.0,0
4235285,0.000,0.000,0.0,0,0.000,0.000,0.0,0
4235325,0.000,0.000,0.0,0,0.000,0.000,0.0,0
4235365,0.000,0.000,0.0,0,0.000,0.000,0.0,0
4235405,0.000,0.000,0.0,0,0.000,0.000,0.0,0
4235445,0.000,0.000,0.0,0,0.000,0.000,0.0,0
4235485,0.000,0.000,0.0,0,0.000,0.000,0.0,0
4235525,0.000,0.000,0.0,0,0.000,0.000,0.0,0
4235565,0.000,0.000,0.0,0,0.000,0.000,0.0,0
4235605,0.000,0.000,0.0,0,0.000,0.000,0.0,0
4235645,0.000,0.000,0.0,0,0.000,0.000,0.0,0
4235685,0.000,0.000,0.0,0,0.000,0.000,0.0,0
4235725,0.000,0.000,0.0,0,0.000,0.000,0.0,0
4235765,0.000,0.000,0.0,0,0.000,0.000,0.0,0
4235805,0.000,0.000,0.0,0,0.000,0.000,0.0,0
4235845,0.000,0.000,0.0,0,0.000,0.000,0.0,0
4235885,0.000,0.000,0.0,0,0.000,0.000,0.0,0
4235925,0.000,0.000,0.0,0,0.000,0.000,0.0,0
4235965,0.000,0.000,0.0,0,0.000,0.000,0.0,0
4236005,0.000,0.000,0.0,0,0.000,0.000,0.0,0
4236045,0.000,0.000,0.0,0,0.000,0.000,0.0,0
4236085,0.000,0.000,0.0,0,0.000,0.000,0.0,0
4236125,0.000,0.000,0.0,0,0.000,0.000,0.0,0
4236165,0.000,0.000,0.0,0,0.000,0.000,0.0,0
4236205,0.000,0.000,0.0,0,0.000,0.000,0.0,0
4236245,0.000,0.000,0.0,0,0.000,0.000,0.0,0
4236285,0.000,0.000,0.0,0,0.000,0.000,0.0,0
4236325,0.000,0.000,0.0,0,0.000,0.000,0.0,0
4236365,0.000,0.000,0.0,0,0.000,0.000,0.0,0
4236405,0.000,0.000,0.0,0,0.000,0.000,0.0,0
4236445,0.000,0.000,0.0,0,0.000,0.000,0.0,0
4236485,0.000,0.000,0.0,0,0.000,0.000,0.0,0
4236525,0.000,0.000,0.0,0,0.000,0.000,0.0,0
4236565,0.000,0.000,0.0,0,0.000,0.000,0.0,0
4236605,0.000,0.000,0.0,0,0.000,0.000,0.0,0
4236645,0.000,0.000,0.0,0,0.000,0.000,0.0,0
4236685,0.000,0.000,0.0,0,0.000,0.000,0.0,0
4236725,0.000,0.000,0.0,0,0.000,0.000,0.0,0
4236765,0.000,0.000,0.0,0,0.000,0.000,0.0,0
4236805,0.000,0.000,0.0,0,0.000,0.000,0.0,0
4236845,0.000,0.000,0.0,0,0.000,0.000,0.0,0
4236885,0.000,0.000,0.0,0,0.000,0.000,0.0,0
4236925,0.000,0.000,0.0,0,0.000,0.000,0.0,0
4236965,0.000,0.000,0.0,0,0.000,0.000,0.0,0
4237005,0.000,0.000,0.0,0,0.000,0.000,0.0,0
4237045,0.000,0.000,0.0,0,0.000,0.000,0.0,0
4237085,0.000,0.000,0.0,0,0.000,0.000,0.0,0
4237125,0.000,0.000,0.0,0,0.000,0.000,0.0,0
4237165,0.000,0.000,0.0,0,0.000,0.000,0.0,0
4237205,0.000,0.000,0.0,0,0.000,0.000,0.0,0
4237245,0.000,0.000,0.0,0,0.000,0.000,0.0,0
4237285,0.000,0.000,0.0,0,0.000,0.000,0.0,0
4237325,0.000,0.000,0.0,0,0.000,0.000,0.0,0
4237365,0.000,0.000,0.0,0,0.000,0.000,0.0,0
4237405,0.000,0.000,0.0,0,0.000,0.000,0.0,0
4237445,0.000,0.000,0.0,0,0.000,0.000,0.0,0
4237485,0.000,0.000,0.0,0,0.000,0.000,0.0,0
4237525,0.000,0.000,0.0,0,0.000,0.000,0.0,0
4237565,0.000,0.000,0.0,0,0.000,0.000,0.0,0
4237605,0.000,0.000,0.0,0,0.000,0.000,0.0,0
4237645,0.000,0.000,0.0,0,0.000,0.000,0.0,0
4237685,0.000,0.000,0.0,0,0.000,0.000,0.0,0
4237725,0.000,0.000,0.0,0,0.000,0.000,0.0,0
4237765,0.000,0.000,0.0,0,0.000,0.000,0.0,0
4237805,0.000,0.000,0.0,0,0.000,0.000,0.0,0
4237845,0.000,0.000,0.0,0,0.000,0.000,0.0,0
4237885,0.000,0.000,0.0,0,0.000,0.000,0.0,0
4237925,0.000,0.000,0.0,0,0.000,0.000,0.0,0
4237965,0.000,0.000,0.0,0,0.000,0.000,0.0,0
4238005,0.000,0.000,0.0,0,0.000,0.000,0.0,0
4238045,0.000,0.000,0.0,0,0.000,0.000,0.0,0
4238085,0.000,0.000,0.0,0,0.000,0.000,0.0,0
4238125,0.000,0.000,0.0,0,0.000,0.000,0.0,0
4238165,0.000,0.000,0.0,0,0.000,0.000,0.0,0
4238205,0.000,0.000,0.0,0,0.000,0.000,0.0,0
4238245,0.000,0.000,0.0,0,0.000,0.000,0.0,0
4238285,0.000,0.000,0.0,0,0.000,0.000,0.0,0
4238325,0.000,0.000,0.0,0,0.000,0.000,0.0,0
4238365,0.000,0.000,0.0,0,0.000,0.000,0.0,0
4238405,0.000,0.000,0.0,0,0.000,0.000,0.0,0
4238445,0.000,0.000,0.0,0,0.000,0.000,0.0,0
4238485,0.000,0.000,0.0,0,0.000,0.000,0.0,0
4238525,0.000,0.000,0.0,0,0.000,0.000,0.0,0
4238565,0.000,0.000,0.0,0,0.000,0.000,0.0,0
4238605,0.000,0.000,0.0,0,0.000,0.000,0.0,0
4238645,0.000,0.000,0.0,0,0.000,0.000,0.0,0
4238685,0.000,0.000,0.0,0,0.000,0.000,0.0,0
4238725,0.000,0.000,0.0,0,0.000,0.000,0.0,0
4238765,0.000,0.000,0.0,0,0.000,0.000,0.0,0
4238805,0.000,0.000,0.0,0,0.000,0.000,0.0,0
4238845,0.000,0.000,0.0,0,0.000,0.000,0.0,0
4238885,0.000,0.000,0.0,0,0.000,0.000,0.0,0
4238925,0.000,0.000,0.0,0,0.000,0.000,0.0,0
4238965,0.000,0.000,0.0,0,0.000,0.000,0.0,0
4239005,0.000,0.000,0.0,0,0.000,0.000,0.0,0
4239045,0.000,0.000,0.0,0,0.000,0.000,0.0,0
4239085,0.000,0.000,0.0,0,0.000,0.000,0.0,0
4239125,0.000,0.000,0.0,0,0.000,0.000,0.0,0
4239165,0.000,0.000,0.0,0,0.000,0.000,0.0,0
4239205,0.000,0.000,0.0,0,0.000,0.000,0.0,0
4239245,0.000,0.000,0.0,0,0.000,0.000,0.0,0
4239285,0.000,0.000,0.0,0,0.000,0.000,0.0,0
4239325,5.128,0.000,69.7,24,0.000,0.000,0.0,0
4239365,5.128,0.000,77.9,48,0.000,0.000,0.0,0
4239405,5.128,0.002,86.1,72,0.000,0.000,0.0,0
4239445,5.128,0.625,86.3,86,0.000,0.000,0.0,0
4239485,5.128,3.122,60.6,60,0.000,0.002,0.0,0
4239525,5.128,3.621,56.9,56,0.000,0.548,0.0,0
4239565,5.128,3.552,60.2,60,0.000,0.927,0.0,0
4239605,5.128,3.648,61.5,61,0.000,1.743,0.0,0
4239645,5.128,4.072,58.3,58,0.000,2.034,0.0,0
4239685,5.128,4.576,53.3,53,0.000,2.697,0.0,0
4239725,5.128,5.012,48.3,48,0.000,3.046,0.0,0
4239765,5.128,5.248,45.3,45,0.000,3.456,0.0,0
4239805,5.128,5.352,43.8,43,0.000,3.538,0.0,0
4239845,5.128,5.525,41.2,41,0.000,3.553,0.0,0
4239885,5.128,5.524,40.7,40,0.000,3.532,0.0,0
4239925,5.128,5.553,39.7,39,0.000,3.758,0.0,0
4239965,5.128,5.748,36.6,36,0.000,3.635,0.0,0
4240005,5.128,5.850,34.4,34,0.000,3.707,0.0,0
4240045,5.128,5.604,36.5,36,0.000,3.932,0.0,0
4240085,5.128,5.515,36.9,36,0.000,3.678,0.0,0
4240125,5.128,5.386,38.1,38,0.000,3.574,0.0,0
4240165,5.128,5.317,38.6,38,0.000,3.625,0.0,0
4240205,5.128,5.459,36.5,36,0.000,3.579,0.0,0
4240245,5.128,5.570,34.6,34,0.000,3.540,0.0,0
4240285,5.128,5.559,34.1,34,0.000,3.506,0.0,0
4240325,5.128,5.374,36.0,35,0.000,3.431,0.0,0
4240365,5.128,5.184,38.2,38,0.000,3.274,0.0,0
4240405,5.128,5.208,37.9,37,0.000,3.310,0.0,0
4240445,5.128,5.302,36.6,36,0.000,3.383,0.0,0
4240485,5.128,5.313,36.3,36,0.000,3.411,0.0,0
4240525,5.128,5.107,38.7,38,0.000,3.418,0.0,0
4240565,5.128,4.856,42.1,42,0.000,3.232,0.0,0
4240605,5.128,4.751,44.0,43,0.000,3.080,0.0,0
4240645,5.128,4.946,42.1,42,0.000,3.243,0.0,0
4240685,5.128,5.237,38.6,38,0.000,3.385,0.0,0
4240725,5.128,5.302,37.5,37,0.000,3.363,0.0,0
4240765,5.128,5.207,38.6,38,0.000,3.340,0.0,0
4240805,5.128,4.988,41.4,41,0.000,3.213,0.0,0
4240845,5.128,4.829,43.8,43,0.000,3.175,0.0,0
4240885,5.128,4.978,42.3,42,0.000,3.296,0.0,0
4240925,5.128,5.209,39.6,39,0.000,3.374,0.0,0
4240965,5.128,5.318,38.1,38,0.000,3.441,0.0,0
4241005,5.128,5.108,40.6,40,0.000,3.410,0.0,0
4241045,5.128,4.884,43.7,43,0.000,3.204,0.0,0
4241085,5.128,4.898,44.0,44,0.000,3.194,0.0,0
4241125,5.128,5.168,40.9,40,0.000,3.490,0.0,0
4241165,5.128,5.412,37.8,37,0.000,3.554,0.0,0
4241205,5.128,5.413,37.5,37,0.000,3.550,0.0,0
4241245,5.128,5.188,40.2,40,0.000,3.560,0.0,0
4241285,5.128,4.929,43.6,43,0.000,3.151,0.0,0
4241325,5.128,4.897,44.5,44,0.000,3.149,0.0,0
4241365,5.128,5.109,42.2,42,0.000,2.943,0.0,0
4241405,5.128,5.194,41.1,41,0.000,3.061,0.0,0
4241445,5.128,5.142,41.6,41,0.000,2.928,0.0,0
4241485,5.128,4.661,47.8,47,0.000,2.826,0.0,0
4241525,5.128,4.515,50.5,50,0.000,2.269,0.0,0
4241565,5.128,4.720,49.0,48,0.000,2.238,0.0,0
4241605,5.128,5.091,44.8,44,0.000,2.175,0.0,0
4241645,5.128,5.354,41.5,41,0.000,2.029,0.0,0
4241685,5.128,6.148,30.7,30,0.000,1.879,0.0,0
4241725,0.000,5.956,0.0,0,0.000,1.879,0.0,0
4241765,0.000,4.517,0.0,0,0.000,1.598,0.0,0
4241805,0.000,4.069,0.0,0,0.000,1.598,0.0,0
4241845,0.000,3.936,0.0,0,0.000,1.360,0.0,0
4241885,0.000,3.726,0.0,0,0.000,1.256,0.0,0
4241925,0.000,3.414,0.0,0,0.000,1.256,0.0,0
4241965,0.000,3.116,0.0,0,0.000,1.256,0.0,0
4242005,0.000,2.672,0.0,0,0.000,1.068,0.0,0
4242045,0.000,2.526,0.0,0,0.000,1.068,0.0,0
4242085,0.000,2.524,0.0,0,0.000,0.957,0.0,0
4242125,0.000,2.426,0.0,0,0.000,0.957,0.0,0
4242165,0.000,2.237,0.0,0,0.000,0.957,0.0,0
4242205,0.000,1.942,0.0,0,0.000,0.957,0.0,0
4242245,0.000,1.942,0.0,0,0.000,0.147,0.0,0
4242285,0.000,1.584,0.0,0,0.000,0.147,0.0,0
4242325,0.000,1.584,0.0,0,0.000,0.147,0.0,0
4242365,0.000,1.584,0.0,0,0.000,0.147,0.0,0
4242405,0.000,1.584,0.0,0,0.000,0.000,0.0,0
4242445,0.000,0.000,0.0,0,0.000,0.000,0.0,0
4242485,0.000,0.000,0.0,0,0.000,0.000,0.0,0
4242525,0.000,0.000,0.0,0,0.000,0.000,0.0,0
4242565,0.000,0.000,0.0,0,0.000,0.080,0.0,0
4242605,0.000,0.000,0.0,0,0.000,0.457,0.0,0
4242645,0.000,0.000,0.0,0,0.000,0.457,0.0,0
4242685,0.000,0.000,0.0,0,0.000,0.457,0.0,0
4242725,0.000,0.000,0.0,0,0.000,0.457,0.0,0
4242765,0.000,0.000,0.0,0,0.000,0.461,0.0,0
4242805,0.000,0.000,0.0,0,0.000,0.461,0.0,0
4242845,0.000,0.000,0.0,0,0.000,0.461,0.0,0
4242885,0.000,0.000,0.0,0,0.000,0.505,0.0,0
4242925,0.000,0.000,0.0,0,0.000,0.703,0.0,0
4242965,0.000,0.000,0.0,0,0.000,0.703,0.0,0
4243005,0.000,0.000,0.0,0,0.000,0.703,0.0,0
4243045,0.000,0.000,0.0,0,0.000,0.703,0.0,0
4243085,0.000,0.000,0.0,0,0.000,0.000,0.0,0
4243125,0.000,0.000,0.0,0,0.000,0.000,0.0,0
4243165,0.000,0.000,0.0,0,0.000,0.000,0.0,0
4243205,0.000,0.000,0.0,0,0.000,0.000,0.0,0
4243245,0.000,0.000,0.0,0,0.000,0.000,0.0,0
4243285,0.000,0.000,0.0,0,0.000,0.000,0.0,0
4243325,0.000,0.000,0.0,0,0.000,0.000,0.0,0
4243365,0.000,0.000,0.0,0,0.000,0.000,0.0,0
4243405,0.000,0.000,0.0,0,0.000,0.000,0.0,0
4243445,0.000,0.000,0.0,0,0.000,0.000,0.0,0
4243485,0.000,0.000,0.0,0,0.000,0.000,0.0,0
4243525,0.000,0.000,0.0,0,0.000,0.000,0.0,0
4243565,0.000,0.000,0.0,0,0.000,0.000,0.0,0
4243605,0.000,0.000,0.0,0,0.000,0.000,0.0,0
4243645,0.000,0.000,0.0,0,0.000,0.000,0.0,0
4243685,0.000,0.000,0.0,0,0.000,0.000,0.0,0
4243725,0.000,0.000,0.0,0,0.000,0.000,0.0,0
4243765,0.000,0.000,0.0,0,0.000,0.000,0.0,0
4243805,0.000,0.000,0.0,0,0.000,0.000,0.0,0
4243845,0.000,0.000,0.0,0,0.000,0.000,0.0,0
4243885,0.000,0.000,0.0,0,0.000,0.000,0.0,0
4243925,0.000,0.000,0.0,0,0.000,0.000,0.0,0
4243965,0.000,0.000,0.0,0,0.000,0.000,0.0,0
4244005,0.000,0.000,0.0,0,0.000,0.000,0.0,0
4244045,0.000,0.000,0.0,0,0.000,0.000,0.0,0
4244085,0.000,0.000,0.0,0,0.000,0.000,0.0,0
4244125,0.000,0.000,0.0,0,0.000,0.000,0.0,0
4244165,0.000,0.000,0.0,0,0.000,0.000,0.0,0
4244205,0.000,0.000,0.0,0,0.000,0.000,0.0,0
4244245,0.000,0.000,0.0,0,0.000,0.000,0.0,0
4244285,0.000,0.000,0.0,0,0.000,0.000,0.0,0
4244325,0.000,0.000,0.0,0,0.000,0.000,0.0,0
4244365,0.000,0.000,0.0,0,0.000,0.000,0.0,0
4244405,0.000,0.000,0.0,0,0.000,0.000,0.0,0
4244445,0.000,0.000,0.0,0,0.000,0.000,0.0,0
4244485,0.000,0.000,0.0,0,0.000,0.000,0.0,0
4244525,0.000,0.000,0.0,0,0.000,0.000,0.0,0
4244565,0.000,0.000,0.0,0,0.000,0.000,0.0,0
4244605,0.000,0.000,0.0,0,0.000,0.000,0.0,0
4244645,0.000,0.000,0.0,0,0.000,0.000,0.0,0
4244685,0.000,0.000,0.0,0,0.000,0.000,0.0,0
4244725,0.000,0.000,0.0,0,0.000,0.000,0.0,0
4244765,0.000,0.000,0.0,0,0.000,0.000,0.0,0
4244805,0.000,0.000,0.0,0,0.000,0.000,0.0,0
4244845,0.000,0.000,0.0,0,0.000,0.000,0.0,0
4244885,0.000,0.000,0.0,0,0.000,0.000,0.0,0
4244925,0.000,0.000,0.0,0,0.000,0.000,0.0,0
4244965,0.000,0.000,0.0,0,0.000,0.000,0.0,0
4245005,0.000,0.000,0.0,0,0.000,0.000,0.0,0
4245045,0.000,0.000,0.0,0,0.000,0.000,0.0,0
4245085,0.000,0.000,0.0,0,0.000,0.000,0.0,0
4245125,0.000,0.000,0.0,0,0.000,0.000,0.0,0
4245165,0.000,0.000,0.0,0,0.000,0.000,0.0,0
4245205,0.000,0.000,0.0,0,0.000,0.000,0.0,0
4245245,0.000,0.000,0.0,0,0.000,0.000,0.0,0
4245285,0.000,0.000,0.0,0,0.000,0.000,0.0,0
4245325,0.000,0.000,0.0,0,0.000,0.000,0.0,0
4245365,0.000,0.000,0.0,0,0.000,0.000,0.0,0
4245405,0.000,0.000,0.0,0,0.000,0.000,0.0,0
4245445,0.000,0.000,0.0,0,0.000,0.000,0.0,0
4245485,0.000,0.000,0.0,0,0.000,0.000,0.0,0
4245525,0.000,0.000,0.0,0,0.000,0.000,0.0,0
4245565,0.000,0.000,0.0,0,0.000,0.000,0.0,0
4245605,0.000,0.000,0.0,0,0.000,0.000,0.0,0
4245645,0.000,0.000,0.0,0,0.000,0.000,0.0,0
4245685,0.000,0.000,0.0,0,0.000,0.000,0.0,0
4245725,0.000,0.000,0.0,0,0.000,0.000,0.0,0
4245765,0.000,0.000,0.0,0,0.000,0.000,0.0,0
4245805,0.000,0.000,0.0,0,0.000,0.000,0.0,0
4245845,0.000,0.000,0.0,0,0.000,0.000,0.0,0
4245885,0.000,0.000,0.0,0,0.000,0.000,0.0,0
4245925,0.000,0.000,0.0,0,0.000,0.000,0.0,0
4245965,0.000,0.000,0.0,0,0.000,0.000,0.0,0
4246005,0.000,0.000,0.0,0,0.000,0.000,0.0,0
4246045,0.000,0.000,0.0,0,0.000,0.000,0.0,0
4246085,0.000,0.000,0.0,0,0.000,0.000,0.0,0
4246125,0.000,0.000,0.0,0,0.000,0.000,0.0,0
4246165,0.000,0.000,0.0,0,0.000,0.000,0.0,0
4246205,0.000,0.000,0.0,0,0.000,0.000,0.0,0
4246245,0.000,0.000,0.0,0,0.000,0.000,0.0,0
4246285,0.000,0.000,0.0,0,0.000,0.000,0.0,0
4246325,0.000,0.000,0.0,0,0.000,0.000,0.0,0
4246365,0.000,0.000,0.0,0,0.000,0.000,0.0,0
4246405,0.000,0.000,0.0,0,0.000,0.000,0.0,0
4246445,0.000,0.000,0.0,0,0.000,0.000,0.0,0
4246485,0.000,0.000,0.0,0,0.000,0.000,0.0,0
4246525,0.000,0.000,0.0,0,0.000,0.000,0.0,0
4246565,0.000,0.000,0.0,0,0.000,0.000,0.0,0
4246605,0.000,0.000,0.0,0,0.000,0.000,0.0,0
4246645,0.000,0.000,0.0,0,0.000,0.000,0.0,0
4246685,0.000,0.000,0.0,0,0.000,0.000,0.0,0
4246725,0.000,0.000,0.0,0,0.000,0.000,0.0,0
4246765,0.000,0.000,0.0,0,0.000,0.000,0.0,0
4246805,0.000,0.000,0.0,0,0.000,0.000,0.0,0
4246845,0.000,0.000,0.0,0,0.000,0.000,0.0,0
4246885,0.000,0.000,0.0,0,0.000,0.000,0.0,0
4246925,0.000,0.000,0.0,0,0.000,0.000,0.0,0
4246965,0.000,0.000,0.0,0,0.000,0.000,0.0,0
4247005,0.000,0.000,0.0,0,0.000,0.000,0.0,0
4247045,0.000,0.000,0.0,0,0.000,0.000,0.0,0
4247085,0.000,0.000,0.0,0,0.000,0.000,0.0,0
4247125,0.000,0.000,0.0,0,0.000,0.000,0.0,0
4247165,0.000,0.000,0.0,0,0.000,0.000,0.0,0
4247205,0.000,0.000,0.0,0,0.000,0.000,0.0,0
4247245,0.000,0.000,0.0,0,0.000,0.000,0.0,0
4247285,0.000,0.000,0.0,0,0.000,0.000,0.0,0
4247325,0.000,0.000,0.0,0,0.000,0.000,0.0,0
4247365,0.000,0.000,0.0,0,0.000,0.000,0.0,0
4247405,0.000,0.000,0.0,0,0.000,0.000,0.0,0
4247445,0.000,0.000,0.0,0,0.000,0.000,0.0,0
4247485,0.000,0.000,0.0,0,0.000,0.000,0.0,0
4247525,0.000,0.000,0.0,0,0.000,0.000,0.0,0
4247565,0.000,0.000,0.0,0,0.000,0.000,0.0,0
4247605,0.000,0.000,0.0,0,0.000,0.000,0.0,0
4247645,0.000,0.000,0.0,0,0.000,0.000,0.0,0
4247685,0.000,0.000,0.0,0,0.000,0.000,0.0,0
4247725,0.000,0.000,0.0,0,0.000,0.000,0.0,0
4247765,0.000,0.000,0.0,0,0.000,0.000,0.0,0
4247805,0.000,0.000,0.0,0,0.000,0.000,0.0,0
4247845,0.000,0.000,0.0,0,0.000,0.000,0.0,0
4247885,0.000,0.000,0.0,0,0.000,0.000,0.0,0
4247925,0.000,0.000,0.0,0,0.000,0.000,0.0,0
4247965,0.000,0.000,0.0,0,0.000,0.000,0.0,0
4248005,0.000,0.000,0.0,0,0.000,0.000,0.0,0
4248045,0.000,0.000,0.0,0,0.000,0.000,0.0,0
4248085,0.000,0.000,0.0,0,0.000,0.000,0.0,0
4248125,0.000,0.000,0.0,0,0.000,0.000,0.0,0
4248165,0.000,0.000,0.0,0,0.000,0.000,0.0,0
4248205,0.000,0.000,0.0,0,0.000,0.000,0.0,0
4248245,0.000,0.000,0.0,0,0.000,0.000,0.0,0
4248285,0.000,0.000,0.0,0,0.000,0.000,0.0,0
4248325,0.000,0.000,0.0,0,0.000,0.000,0.0,0
4248365,0.000,0.000,0.0,0,0.000,0.000,0.0,0
4248405,0.000,0.000,0.0,0,0.000,0.000,0.0,0
4248445,0.000,0.000,0.0,0,0.000,0.000,0.0,0
4248485,0.000,0.000,0.0,0,0.000,0.000,0.0,0
4248525,0.000,0.000,0.0,0,0.000,0.000,0.0,0
4248565,0.000,0.000,0.0,0,0.000,0.000,0.0,0
4248605,0.000,0.000,0.0,0,0.000,0.000,0.0,0
4248645,0.000,0.000,0.0,0,0.000,0.000,0.0,0
4248685,0.000,0.000,0.0,0,0.000,0.000,0.0,0
4248725,0.000,0.000,0.0,0,0.000,0.000,0.0,0
4248765,0.000,0.000,0.0,0,0.000,0.000,0.0,0
4248805,0.000,0.000,0.0,0,0.000,0.000,0.0,0
4248845,0.000,0.000,0.0,0,0.000,0.000,0.0,0
4248885,0.000,0.000,0.0,0,0.000,0.000,0.0,0
4248925,0.000,0.000,0.0,0,0.000,0.000,0.0,0
4248965,0.000,0.000,0.0,0,0.000,0.000,0.0,0
4249005,0.000,0.000,0.0,0,0.000,0.000,0.0,0
4249045,0.000,0.000,0.0,0,0.000,0.000,0.0,0
4249085,0.000,0.000,0.0,0,0.000,0.000,0.0,0
4249125,0.000,0.000,0.0,0,0.000,0.000,0.0,0
4249165,0.000,0.000,0.0,0,0.000,0.000,0.0,0
4249205,0.000,0.000,0.0,0,0.000,0.000,0.0,0
4249245,0.000,0.000,0.0,0,0.000,0.000,0.0,0
4249285,0.000,0.000,0.0,0,0.000,0.000,0.0,0
4249325,0.000,0.000,0.0,0,0.000,0.000,0.0,0
4249365,0.000,0.000,0.0,0,0.000,0.000,0.0,0
4249405,0.000,0.000,0.0,0,0.000,0.000,0.0,0
4249445,0.000,0.000,0.0,0,0.000,0.000,0.0,0
4249485,0.000,0.000,0.0,0,0.000,0.000,0.0,0
4249525,0.000,0.000,0.0,0,0.000,0.000,0.0,0
4249565,0.000,0.000,0.0,0,0.000,0.000,0.0,0
4249605,0.000,0.000,0.0,0,0.000,0.000,0.0,0
4249645,0.000,0.000,0.0,0,0.000,0.000,0.0,0
4249685,0.000,0.000,0.0,0,0.000,0.000,0.0,0
4249725,0.000,0.000,0.0,0,0.000,0.000,0.0,0
4249765,0.000,0.000,0.0,0,0.000,0.000,0.0,0
4249805,0.000,0.000,0.0,0,0.000,0.000,0.0,0
4249845,0.000,0.000,0.0,0,0.000,0.000,0.0,0
4249885,0.000,0.000,0.0,0,0.000,0.000,0.0,0
4249925,0.000,0.000,0.0,0,0.000,0.000,0.0,0
4249965,0.000,0.000,0.0,0,0.000,0.000,0.0,0
4250005,0.000,0.000,0.0,0,0.000,0.000,0.0,0
4250045,0.000,0.000,0.0,0,0.000,0.000,0.0,0
4250085,0.000,0.000,0.0,0,0.000,0.000,0.0,0
4250125,0.000,0.000,0.0,0,0.000,0.000,0.0,0
4250165,0.000,0.000,0.0,0,0.000,0.000,0.0,0
4250205,0.000,0.000,0.0,0,0.000,0.000,0.0,0
4250245,0.000,0.000,0.0,0,0.000,0.000,0.0,0
4250285,0.000,0.000,0.0,0,0.000,0.000,0.0,0
4250325,0.000,0.000,0.0,0,0.000,0.000,0.0,0
4250365,0.000,0.000,0.0,0,0.000,0.000,0.0,0
4250405,0.000,0.000,0.0,0,0.000,0.000,0.0,0
4250445,0.000,0.000,0.0,0,0.000,0.000,0.0,0
4250485,0.000,0.000,0.0,0,0.000,0.000,0.0,0
4250525,0.000,0.000,0.0,0,0.000,0.000,0.0,0
4250565,0.000,0.000,0.0,0,0.000,0.000,0.0,0
4250605,0.000,0.000,0.0,0,0.000,0.000,0.0,0
4250645,0.000,0.000,0.0,0,0.000,0.000,0.0,0
4250685,0.000,0.000,0.0,0,0.000,0.000,0.0,0
4250725,0.000,0.000,0.0,0,0.000,0.000,0.0,0
4250765,0.000,0.000,0.0,0,0.000,0.000,0.0,0
4250805,0.000,0.000,0.0,0,0.000,0.000,0.0,0
4250845,0.000,0.000,0.0,0,0.000,0.000,0.0,0
4250885,0.000,0.000,0.0,0,0.000,0.000,0.0,0
4250925,0.000,0.000,0.0,0,0.000,0.000,0.0,0
4250965,0.000,0.000,0.0,0,0.000,0.000,0.0,0
4251005,0.000,0.000,0.0,0,0.000,0.000,0.0,0
4251045,0.000,0.000,0.0,0,0.000,0.000,0.0,0
4251085,0.000,0.000,0.0,0,0.000,0.000,0.0,0
4251125,0.000,0.000,0.0,0,0.000,0.000,0.0,0
4251165,0.000,0.000,0.0,0,0.000,0.000,0.0,0
4251205,0.000,0.000,0.0,0,0.000,0.000,0.0,0
4251245,0.000,0.000,0.0,0,0.000,0.000,0.0,0
4251285,0.000,0.000,0.0,0,0.000,0.000,0.0,0
4251325,0.000,0.000,0.0,0,0.000,0.000,0.0,0
4251365,0.000,0.000,0.0,0,0.000,0.000,0.0,0
4251405,0.000,0.000,0.0,0,0.000,0.000,0.0,0
4251445,0.000,0.000,0.0,0,0.000,0.000,0.0,0
4251485,0.000,0.000,0.0,0,0.000,0.000,0.0,0
4251525,0.000,0.000,0.0,0,0.000,0.000,0.0,0
4251565,0.000,0.000,0.0,0,0.000,0.000,0.0,0
4251605,0.000,0.000,0.0,0,0.000,0.000,0.0,0
4251645,0.000,0.000,0.0,0,0.000,0.000,0.0,0
4251685,0.000,0.000,0.0,0,0.000,0.000,0.0,0
4251725,0.000,0.000,0.0,0,0.000,0.000,0.0,0
4251765,0.000,0.000,0.0,0,0.000,0.000,0.0,0
4251805,0.000,0.000,0.0,0,0.000,0.000,0.0,0
4251845,0.000,0.000,0.0,0,0.000,0.000,0.0,0
4251885,0.000,0.000,0.0,0,0.000,0.000,0.0,0
4251925,0.000,0.000,0.0,0,0.000,0.000,0.0,0
4251965,0.000,0.000,0.0,0,0.000,0.000,0.0,0
4252005,0.000,0.000,0.0,0,0.000,0.000,0.0,0
4252045,0.000,0.000,0.0,0,0.000,0.000,0.0,0
4252085,0.000,0.000,0.0,0,0.000,0.000,0.0,0
4252125,0.000,0.000,0.0,0,0.000,0.000,0.0,0
4252165,0.000,0.000,0.0,0,0.000,0.000,0.0,0
4252205,0.000,0.000,0.0,0,0.000,0.000,0.0,0
4252245,0.000,0.000,0.0,0,0.000,0.000,0.0,0
4252285,0.000,0.000,0.0,0,0.000,0.000,0.0,0
4252325,0.000,0.000,0.0,0,0.000,0.000,0.0,0
4252365,0.000,0.000,0.0,0,0.000,0.000,0.0,0
4252405,0.000,0.000,0.0,0,0.000,0.000,0.0,0
4252445,0.000,0.000,0.0,0,0.000,0.000,0.0,0
4252485,0.000,0.000,0.0,0,0.000,0.000,0.0,0
4252525,0.000,0.000,0.0,0,0.000,0.000,0.0,0
4252565,0.000,0.000,0.0,0,0.000,0.000,0.0,0
4252605,0.000,0.000,0.0,0,0.000,0.000,0.0,0
4252645,0.000,0.000,0.0,0,0.000,0.000,0.0,0
4252685,0.000,0.000,0.0,0,0.000,0.000,0.0,0
4252725,0.000,0.000,0.0,0,0.000,0.000,0.0,0
4252765,0.000,0.000,0.0,0,0.000,0.000,0.0,0
4252805,0.000,0.000,0.0,0,0.000,0.000,0.0,0
4252845,0.000,0.000,0.0,0,0.000,0.000,0.0,0
4252885,0.000,0.000,0.0,0,0.000,0.000,0.0,0
4252925,0.000,0.000,0.0,0,0.000,0.000,0.0,0
4252965,0.000,0.000,0.0,0,0.000,0.000,0.0,0
4253005,0.000,0.000,0.0,0,0.000,0.000,0.0,0
4253045,0.000,0.000,0.0,0,0.000,0.000,0.0,0
4253085,0.000,0.000,0.0,0,0.000,0.000,0.0,0
4253125,0.000,0.000,0.0,0,0.000,0.000,0.0,0
4253165,0.000,0.000,0.0,0,0.000,0.000,0.0,0
4253205,0.000,0.000,0.0,0,0.000,0.000,0.0,0
4253245,0.000,0.000,0.0,0,0.000,0.000,0.0,0
4253285,0.000,0.000,0.0,0,0.000,0.000,0.0,0
4253325,0.000,0.000,0.0,0,0.000,0.000,0.0,0
4253365,0.000,0.000,0.0,0,0.000,0.000,0.0,0
4253405,0.000,0.000,0.0,0,0.000,0.000,0.0,0
4253445,0.000,0.000,0.0,0,0.000,0.000,0.0,0
4253485,0.000,0.000,0.0,0,0.000,0.000,0.0,0
4253525,0.000,0.000,0.0,0,0.000,0.000,0.0,0
4253565,0.000,0.000,0.0,0,0.000,0.000,0.0,0
4253605,0.000,0.000,0.0,0,0.000,0.000,0.0,0
4253645,0.000,0.000,0.0,0,0.000,0.000,0.0,0
4253685,0.000,0.000,0.0,0,0.000,0.000,0.0,0
4253725,0.000,0.000,0.0,0,0.000,0.000,0.0,0
4253765,0.000,0.000,0.0,0,0.000,0.000,0.0,0
4253805,0.000,0.000,0.0,0,0.000,0.000,0.0,0
4253845,0.000,0.000,0.0,0,0.000,0.000,0.0,0
4253885,0.000,0.000,0.0,0,0.000,0.000,0.0,0
4253925,0.000,0.000,0.0,0,0.000,0.000,0.0,0
4253965,0.000,0.000,0.0,0,0.000,0.000,0.0,0
4254005,0.000,0.000,0.0,0,0.000,0.000,0.0,0
4254045,0.000,0.000,0.0,0,0.000,0.000,0.0,0
4254085,0.000,0.000,0.0,0,0.000,0.000,0.0,0
4254125,0.000,0.000,0.0,0,0.000,0.000,0.0,0
4254165,0.000,0.000,0.0,0,0.000,0.000,0.0,0
4254205,0.000,0.000,0.0,0,0.000,0.000,0.0,0
4254245,0.000,0.000,0.0,0,0.000,0.000,0.0,0
4254285,0.000,0.000,0.0,0,0.000,0.000,0.0,0
4254325,0.000,0.000,0.0,0,0.000,0.000,0.0,0
4254365,0.000,0.000,0.0,0,0.000,0.000,0.0,0
4254405,0.000,0.000,0.0,0,0.000,0.000,0.0,0
4254445,0.000,0.000,0.0,0,0.000,0.000,0.0,0
4254485,0.000,0.000,0.0,0,0.000,0.000,0.0,0
4254525,0.000,0.000,0.0,0,0.000,0.000,0.0,0
4254565,0.000,0.000,0.0,0,0.000,0.000,0.0,0
4254605,0.000,0.000,0.0,0,0.000,0.000,0.0,0
4254645,0.000,0.000,0.0,0,0.000,0.000,0.0,0
4254685,0.000,0.000,0.0,0,0.000,0.000,0.0,0
4254725,0.000,0.000,0.0,0,0.000,0.000,0.0,0
4254765,0.000,0.000,0.0,0,0.000,0.000,0.0,0
4254805,0.000,0.000,0.0,0,0.000,0.000,0.0,0
4254845,0.000,0.000,0.0,0,0.000,0.000,0.0,0
4254885,0.000,0.000,0.0,0,0.000,0.000,0.0,0
4254925,0.000,0.000,0.0,0,0.000,0.000,0.0,0
4254965,0.000,0.000,0.0,0,0.000,0.000,0.0,0
4255005,0.000,0.000,0.0,0,0.000,0.000,0.0,0
4255045,0.000,0.000,0.0,0,0.000,0.000,0.0,0
4255085,0.000,0.000,0.0,0,0.000,0.000,0.0,0
4255125,0.000,0.000,0.0,0,0.000,0.000,0.0,0
4255165,0.000,0.000,0.0,0,0.000,0.000,0.0,0
4255205,0.000,0.000,0.0,0,0.000,0.000,0.0,0
4255245,0.000,0.000,0.0,0,0.000,0.000,0.0,0
4255285,0.000,0.000,0.0,0,0.000,0.000,0.0,0
4255325,0.000,0.000,0.0,0,0.000,0.000,0.0,0
4255365,0.000,0.000,0.0,0,0.000,0.000,0.0,0
4255405,0.000,0.000,0.0,0,0.000,0.000,0.0,0
4255445,0.000,0.000,0.0,0,0.000,0.000,0.0,0
4255485,0.000,0.000,0.0,0,0.000,0.000,0.0,0
4255525,0.000,0.000,0.0,0,0.000,0.000,0.0,0
4255565,0.000,0.000,0.0,0,0.000,0.000,0.0,0
4255605,0.000,0.000,0.0,0,0.000,0.000,0.0,0
4255645,0.000,0.000,0.0,0,0.000,0.000,0.0,0
4255685,0.000,0.000,0.0,0,0.000,0.000,0.0,0
4255725,0.000,0.000,0.0,0,0.000,0.000,0.0,0
4255765,0.000,0.000,0.0,0,0.000,0.000,0.0,0
4255805,0.000,0.000,0.0,0,0.000,0.000,0.0,0
4255845,0.000,0.000,0.0,0,0.000,0.000,0.0,0
4255885,0.000,0.000,0.0,0,0.000,0.000,0.0,0
4255925,0.000,0.000,0.0,0,0.000,0.000,0.0,0
4255965,0.000,0.000,0.0,0,0.000,0.000,0.0,0
4256005,0.000,0.000,0.0,0,0.000,0.000,0.0,0
4256045,0.000,0.000,0.0,0,0.000,0.000,0.0,0
4256085,0.000,0.000,0.0,0,0.000,0.000,0.0,0
4256125,0.000,0.000,0.0,0,0.000,0.000,0.0,0
4256165,0.000,0.000,0.0,0,0.000,0.000,0.0,0
4256205,0.000,0.000,0.0,0,0.000,0.000,0.0,0
4256245,0.000,0.000,0.0,0,0.000,0.000,0.0,0
4256285,0.000,0.000,0.0,0,0.000,0.000,0.0,0
4256325,0.000,0.000,0.0,0,0.000,0.000,0.0,0
4256365,0.000,0.000,0.0,0,0.000,0.000,0.0,0
4256405,0.000,0.000,0.0,0,0.000,0.000,0.0,0
4256445,0.000,0.000,0.0,0,0.000,0.000,0.0,0
4256485,0.000,0.000,0.0,0,0.000,0.000,0.0,0
4256525,0.000,0.000,0.0,0,0.000,0.000,0.0,0
4256565,0.000,0.000,0.0,0,0.000,0.000,0.0,0
4256605,0.000,0.000,0.0,0,0.000,0.000,0.0,0
4256645,0.000,0.000,0.0,0,0.000,0.000,0.0,0
4256685,0.000,0.000,0.0,0,0.000,0.000,0.0,0
4256725,0.000,0.000,0.0,0,0.000,0.000,0.0,0
4256765,0.000,0.000,0.0,0,0.000,0.000,0.0,0
4256805,0.000,0.000,0.0,0,0.000,0.000,0.0,0
4256845,0.000,0.000,0.0,0,0.000,0.000,0.0,0
4256885,0.000,0.000,0.0,0,0.000,0.000,0.0,0
4256925,0.000,0.000,0.0,0,0.000,0.000,0.0,0
4256965,0.000,0.000,0.0,0,0.000,0.000,0.0,0
4257005,0.000,0.000,0.0,0,0.000,0.000,0.0,0
4257045,0.000,0.000,0.0,0,0.000,0.000,0.0,0
4257085,0.000,0.000,0.0,0,0.000,0.000,0.0,0
4257125,0.000,0.000,0.0,0,0.000,0.000,0.0,0
4257165,0.000,0.000,0.0,0,0.000,0.000,0.0,0
4257205,0.000,0.000,0.0,0,0.000,0.000,0.0,0
4257245,0.000,0.000,0.0,0,0.000,0.000,0.0,0
4257285,0.000,0.000,0.0,0,0.000,0.000,0.0,0
4257325,0.000,0.000,0.0,0,0.000,0.000,0.0,0
4257365,0.000,0.000,0.0,0,0.000,0.000,0.0,0
4257405,0.000,0.000,0.0,0,0.000,0.000,0.0,0
4257445,0.000,0.000,0.0,0,0.000,0.000,0.0,0
4257485,0.000,0.000,0.0,0,0.000,0.000,0.0,0
4257525,0.000,0.000,0.0,0,0.000,0.000,0.0,0
4257565,0.000,0.000,0.0,0,0.000,0.000,0.0,0
4257605,0.000,0.000,0.0,0,0.000,0.000,0.0,0
4257645,0.000,0.000,0.0,0,0.000,0.000,0.0,0
4257685,0.000,0.000,0.0,0,0.000,0.000,0.0,0
4257725,0.000,0.000,0.0,0,0.000,0.000,0.0,0
4257765,0.000,0.000,0.0,0,0.000,0.000,0.0,0
4257805,0.000,0.000,0.0,0,0.000,0.000,0.0,0
4257845,0.000,0.000,0.0,0,0.000,0.000,0.0,0
4257885,0.000,0.000,0.0,0,0.000,0.000,0.0,0
4257925,0.000,0.000,0.0,0,0.000,0.000,0.0,0
4257965,0.000,0.000,0.0,0,0.000,0.000,0.0,0
4258005,0.000,0.000,0.0,0,0.000,0.000,0.0,0
4258045,0.000,0.000,0.0,0,0.000,0.000,0.0,0
4258085,0.000,0.000,0.0,0,0.000,0.000,0.0,0
4258125,0.000,0.000,0.0,0,0.000,0.000,0.0,0
4258165,0.000,0.000,0.0,0,0.000,0.000,0.0,0
4258205,0.000,0.000,0.0,0,0.000,0.000,0.0,0
4258245,0.000,0.000,0.0,0,0.000,0.000,0.0,0
4258285,0.000,0.000,0.0,0,0.000,0.000,0.0,0
4258325,0.000,0.000,0.0,0,0.000,0.000,0.0,0
4258365,0.000,0.000,0.0,0,0.000,0.000,0.0,0
4258405,0.000,0.000,0.0,0,0.000,0.000,0.0,0
4258445,0.000,0.000,0.0,0,0.000,0.000,0.0,0
4258485,0.000,0.000,0.0,0,0.000,0.000,0.0,0
4258525,0.000,0.000,0.0,0,0.000,0.000,0.0,0
4258565,0.000,0.000,0.0,0,0.000,0.000,0.0,0
4258605,0.000,0.000,0.0,0,0.000,0.000,0.0,0
4258645,0.000,0.000,0.0,0,0.000,0.000,0.0,0
4258685,0.000,0.000,0.0,0,0.000,0.000,0.0,0
4258725,0.000,0.000,0.0,0,0.000,0.000,0.0,0
4258765,0.000,0.000,0.0,0,0.000,0.000,0.0,0
4258805,0.000,0.000,0.0,0,0.000,0.000,0.0,0
4258845,0.000,0.000,0.0,0,0.000,0.000,0.0,0
4258885,0.000,0.000,0.0,0,0.000,0.000,0.0,0
4258925,0.000,0.000,0.0,0,0.000,0.000,0.0,0
4258965,0.000,0.000,0.0,0,0.000,0.000,0.0,0
4259005,0.000,0.000,0.0,0,0.000,0.000,0.0,0
4259045,0.000,0.000,0.0,0,0.000,0.000,0.0,0
4259085,0.000,0.000,0.0,0,0.000,0.000,0.0,0
4259125,0.000,0.000,0.0,0,0.000,0.000,0.0,0
4259165,0.000,0.000,0.0,0,0.000,0.000,0.0,0
4259205,0.000,0.000,0.0,0,0.000,0.000,0.0,0
4259245,0.000,0.000,0.0,0,0.000,0.000,0.0,0
4259285,0.000,0.000,0.0,0,0.000,0.000,0.0,0
4259325,0.000,0.000,0.0,0,0.000,0.000,0.0,0
4259365,0.000,0.000,0.0,0,0.000,0.000,0.0,0
4259405,0.000,0.000,0.0,0,0.000,0.000,0.0,0
4259445,0.000,0.000,0.0,0,0.000,0.000,0.0,0
4259485,0.000,0.000,0.0,0,0.000,0.000,0.0,0
4259525,0.000,0.000,0.0,0,0.000,0.000,0.0,0
4259565,0.000,0.000,0.0,0,0.000,0.000,0.0,0
4259605,0.000,0.000,0.0,0,0.000,0.000,0.0,0
4259645,0.000,0.000,0.0,0,0.000,0.000,0.0,0
4259685,0.000,0.000,0.0,0,0.000,0.000,0.0,0
4259725,0.000,0.000,0.0,0,0.000,0.000,0.0,0
4259765,0.000,0.000,0.0,0,0.000,0.000,0.0,0
4259805,0.000,0.000,0.0,0,0.000,0.000,0.0,0
4259845,0.000,0.000,0.0,0,0.000,0.000,0.0,0
4259885,0.000,0.000,0.0,0,0.000,0.000,0.0,0
4259925,0.000,0.000,0.0,0,0.000,0.000,0.0,0
4259965,0.000,0.000,0.0,0,0.000,0.000,0.0,0
4260005,0.000,0.000,0.0,0,0.000,0.000,0.0,0
4260045,0.000,0.000,0.0,0,0.000,0.000,0.0,0
4260085,0.000,0.000,0.0,0,0.000,0.000,0.0,0
4260125,0.000,0.000,0.0,0,0.000,0.000,0.0,0
4260165,0.000,0.000,0.0,0,0.000,0.000,0.0,0
4260205,0.000,0.000,0.0,0,0.000,0.000,0.0,0
4260245,0.000,0.000,0.0,0,0.000,0.000,0.0,0
4260285,0.000,0.000,0.0,0,0.000,0.000,0.0,0
4260325,0.000,0.000,0.0,0,0.000,0.000,0.0,0
4260365,0.000,0.000,0.0,0,0.000,0.000,0.0,0
4260405,0.000,0.000,0.0,0,0.000,0.000,0.0,0
4260445,0.000,0.000,0.0,0,0.000,0.000,0.0,0
4260485,0.000,0.000,0.0,0,0.000,0.000,0.0,0
4260525,0.000,0.000,0.0,0,0.000,0.000,0.0,0
4260565,0.000,0.000,0.0,0,0.000,0.000,0.0,0
4260605,0.000,0.000,0.0,0,0.000,0.000,0.0,0
4260645,0.000,0.000,0.0,0,0.000,0.000,0.0,0
4260685,0.000,0.000,0.0,0,0.000,0.000,0.0,0
4260725,0.000,0.000,0.0,0,0.000,0.000,0.0,0
4260765,0.000,0.000,0.0,0,0.000,0.000,0.0,0
4260805,0.000,0.000,0.0,0,0.000,0.000,0.0,0
4260845,0.000,0.000,0.0,0,0.000,0.000,0.0,0
4260885,0.000,0.000,0.0,0,0.000,0.000,0.0,0
4260925,0.000,0.000,0.0,0,0.000,0.000,0.0,0
4260965,0.000,0.000,0.0,0,0.000,0.000,0.0,0
4261005,0.000,0.000,0.0,0,0.000,0.000,0.0,0
4261045,0.000,0.000,0.0,0,0.000,0.000,0.0,0
4261085,0.000,0.000,0.0,0,0.000,0.000,0.0,0
4261125,0.000,0.000,0.0,0,0.000,0.000,0.0,0
4261165,0.000,0.000,0.0,0,0.000,0.000,0.0,0
4261205,0.000,0.000,0.0,0,0.000,0.000,0.0,0
4261245,0.000,0.000,0.0,0,0.000,0.000,0.0,0
4261285,0.000,0.000,0.0,0,0.000,0.000,0.0,0
4261325,0.000,0.000,0.0,0,0.000,0.000,0.0,0
4261365,0.000,0.000,0.0,0,0.000,0.000,0.0,0
4261405,0.000,0.000,0.0,0,0.000,0.000,0.0,0
4261445,0.000,0.000,0.0,0,0.000,0.000,0.0,0
4261485,0.000,0.000,0.0,0,0.000,0.000,0.0,0
4261525,0.000,0.000,0.0,0,0.000,0.000,0.0,0
4261565,0.000,0.000,0.0,0,0.000,0.000,0.0,0
4261605,0.000,0.000,0.0,0,0.000,0.000,0.0,0
4261645,0.000,0.000,0.0,0,0.000,0.000,0.0,0
4261685,0.000,0.000,0.0,0,0.000,0.000,0.0,0
4261725,0.000,0.000,0.0,0,0.000,0.000,0.0,0
4261765,0.000,0.000,0.0,0,0.000,0.000,0.0,0
4261805,0.000,0.000,0.0,0,0.000,0.000,0.0,0
4261845,0.000,0.000,0.0,0,0.000,0.000,0.0,0
4261885,0.000,0.000,0.0,0,0.000,0.000,0.0,0
4261925,0.000,0.000,0.0,0,0.000,0.000,0.0,0
4261965,0.000,0.000,0.0,0,0.000,0.000,0.0,0
4262005,0.000,0.000,0.0,0,0.000,0.000,0.0,0
4262045,0.000,0.000,0.0,0,0.000,0.000,0.0,0
4262085,0.000,0.000,0.0,0,0.000,0.000,0.0,0
4262125,0.000,0.000,0.0,0,0.000,0.000,0.0,0
4262165,0.000,0.000,0.0,0,0.000,0.000,0.0,0
4262205,0.000,0.000,0.0,0,0.000,0.000,0.0,0
4262245,0.000,0.000,0.0,0,0.000,0.000,0.0,0
4262285,0.000,0.000,0.0,0,0.000,0.000,0.0,0
4262325,0.000,0.000,0.0,0,0.000,0.000,0.0,0
4262365,0.000,0.000,0.0,0,0.000,0.000,0.0,0
4262405,0.000,0.000,0.0,0,0.000,0.000,0.0,0
4262445,0.000,0.000,0.0,0,0.000,0.000,0.0,0
4262485,0.000,0.000,0.0,0,0.000,0.000,0.0,0
4262525,0.000,0.000,0.0,0,0.000,0.000,0.0,0
4262565,0.000,0.000,0.0,0,0.000,0.000,0.0,0
4262605,0.000,0.000,0.0,0,0.000,0.000,0.0,0
4262645,0.000,0.000,0.0,0,0.000,0.000,0.0,0
4262685,0.000,0.000,0.0,0,0.000,0.000,0.0,0
4262725,0.000,0.000,0.0,0,0.000,0.000,0.0,0
4262765,0.000,0.000,0.0,0,0.000,0.000,0.0,0
4262805,0.000,0.000,0.0,0,0.000,0.000,0.0,0
4262845,0.000,0.000,0.0,0,0.000,0.000,0.0,0
4262885,0.000,0.000,0.0,0,0.000,0.000,0.0,0
4262925,0.000,0.000,0.0,0,0.000,0.000,0.0,0
4262965,0.000,0.000,0.0,0,0.000,0.000,0.0,0
4263005,0.000,0.000,0.0,0,0.000,0.000,0.0,0
4263045,0.000,0.000,0.0,0,0.000,0.000,0.0,0
4263085,0.000,0.000,0.0,0,0.000,0.000,0.0,0
4263125,0.000,0.000,0.0,0,0.000,0.000,0.0,0
4263165,0.000,0.000,0.0,0,0.000,0.000,0.0,0
4263205,0.000,0.000,0.0,0,0.000,0.000,0.0,0
4263245,0.000,0.000,0.0,0,0.000,0.000,0.0,0
4263285,0.000,0.000,0.0,0,0.000,0.000,0.0,0
4263325,0.000,0.000,0.0,0,0.000,0.000,0.0,0
4263365,0.000,0.000,0.0,0,0.000,0.000,0.0,0
4263405,0.000,0.000,0.0,0,0.000,0.000,0.0,0
4263445,0.000,0.000,0.0,0,0.000,0.000,0.0,0
4263485,0.000,0.000,0.0,0,0.000,0.000,0.0,0
4263525,0.000,0.000,0.0,0,0.000,0.000,0.0,0
4263565,0.000,0.000,0.0,0,0.000,0.000,0.0,0
4263605,0.000,0.000,0.0,0,0.000,0.000,0.0,0
4263645,0.000,0.000,0.0,0,0.000,0.000,0.0,0
4263685,0.000,0.000,0.0,0,0.000,0.000,0.0,0
4263725,0.000,0.000,0.0,0,0.000,0.000,0.0,0
4263765,0.000,0.000,0.0,0,0.000,0.000,0.0,0
4263805,0.000,0.000,0.0,0,0.000,0.000,0.0,0
4263845,0.000,0.000,0.0,0,0.000,0.000,0.0,0
4263885,0.000,0.000,0.0,0,0.000,0.000,0.0,0
4263925,0.000,0.000,0.0,0,0.000,0.000,0.0,0
4263965,0.000,0.000,0.0,0,0.000,0.000,0.0,0
4264005,0.000,0.000,0.0,0,0.000,0.000,0.0,0
4264045,0.000,0.000,0.0,0,0.000,0.000,0.0,0
4264085,0.000,0.000,0.0,0,0.000,0.000,0.0,0
4264125,0.000,0.000,0.0,0,0.000,0.000,0.0,0
4264165,0.000,0.000,0.0,0,0.000,0.000,0.0,0
4264205,0.000,0.000,0.0,0,0.000,0.000,0.0,0
4264245,0.000,0.000,0.0,0,0.000,0.000,0.0,0
4264285,0.000,0.000,0.0,0,0.000,0.000,0.0,0
4264325,0.000,0.000,0.0,0,0.000,0.000,0.0,0
4264365,0.000,0.000,0.0,0,0.000,0.000,0.0,0
4264405,0.000,0.000,0.0,0,0.000,0.000,0.0,0
4264445,0.000,0.000,0.0,0,0.000,0.000,0.0,0
4264485,0.000,0.000,0.0,0,0.000,0.000,0.0,0
4264525,0.000,0.000,0.0,0,0.000,0.000,0.0,0
4264565,0.000,0.000,0.0,0,0.000,0.000,0.0,0
4264605,0.000,0.000,0.0,0,0.000,0.000,0.0,0
4264645,0.000,0.000,0.0,0,0.000,0.000,0.0,0
4264685,0.000,0.000,0.0,0,0.000,0.000,0.0,0
4264725,0.000,0.000,0.0,0,0.000,0.000,0.0,0
4264765,0.000,0.000,0.0,0,0.000,0.000,0.0,0
4264805,0.000,0.000,0.0,0,0.000,0.000,0.0,0
4264845,0.000,0.000,0.0,0,0.000,0.000,0.0,0
4264885,0.000,0.000,0.0,0,0.000,0.000,0.0,0
4264925,0.000,0.000,0.0,0,0.000,0.000,0.0,0
4264965,0.000,0.000,0.0,0,0.000,0.000,0.0,0
4265005,0.000,0.000,0.0,0,0.000,0.000,0.0,0
4265045,0.000,0.000,0.0,0,0.000,0.000,0.0,0
4265085,0.000,0.000,0.0,0,0.000,0.000,0.0,0
4265125,0.000,0.000,0.0,0,0.000,0.000,0.0,0
4265165,0.000,0.000,0.0,0,0.000,0.000,0.0,0
4265205,0.000,0.000,0.0,0,0.000,0.000,0.0,0
4265245,0.000,0.000,0.0,0,0.000,0.000,0.0,0
4265285,0.000,0.000,0.0,0,0.000,0.000,0.0,0
4265325,0.000,0.000,0.0,0,0.000,0.000,0.0,0
4265365,0.000,0.000,0.0,0,0.000,0.000,0.0,0
4265405,0.000,0.000,0.0,0,0.000,0.000,0.0,0
4265445,0.000,0.000,0.0,0,0.000,0.000,0.0,0
4265485,0.000,0.000,0.0,0,0.000,0.000,0.0,0
4265525,0.000,0.000,0.0,0,0.000,0.000,0.0,0
4265565,0.000,0.000,0.0,0,0.000,0.000,0.0,0
4265605,0.000,0.000,0.0,0,0.000,0.000,0.0,0
4265645,0.000,0.000,0.0,0,0.000,0.000,0.0,0
4265685,0.000,0.000,0.0,0,0.000,0.000,0.0,0
4265725,0.000,0.000,0.0,0,0.000,0.000,0.0,0
4265765,0.000,0.000,0.0,0,0.000,0.000,0.0,0
4265805,0.000,0.000,0.0,0,0.000,0.000,0.0,0
4265845,0.000,0.000,0.0,0,0.000,0.000,0.0,0
4265885,0.000,0.000,0.0,0,0.000,0.000,0.0,0
4265925,0.000,0.000,0.0,0,0.000,0.000,0.0,0
4265965,0.000,0.000,0.0,0,0.000,0.000,0.0,0
4266005,0.000,0.000,0.0,0,0.000,0.000,0.0,0
4266045,0.000,0.000,0.0,0,0.000,0.000,0.0,0
4266085,0.000,0.000,0.0,0,0.000,0.000,0.0,0
4266125,0.000,0.000,0.0,0,0.000,0.000,0.0,0
4266165,0.000,0.000,0.0,0,0.000,0.000,0.0,0
4266205,0.000,0.000,0.0,0,0.000,0.000,0.0,0
4266245,0.000,0.000,0.0,0,0.000,0.000,0.0,0
4266285,0.000,0.000,0.0,0,0.000,0.000,0.0,0
4266325,0.000,0.000,0.0,0,0.000,0.000,0.0,0
4266365,0.000,0.000,0.0,0,0.000,0.000,0.0,0
4266405,0.000,0.000,0.0,0,0.000,0.000,0.0,0
4266445,0.000,0.000,0.0,0,0.000,0.000,0.0,0
4266485,0.000,0.000,0.0,0,0.000,0.000,0.0,0
4266525,0.000,0.000,0.0,0,0.000,0.000,0.0,0
4266565,0.000,0.000,0.0,0,0.000,0.000,0.0,0
4266605,0.000,0.000,0.0,0,0.000,0.000,0.0,0
4266645,0.000,0.000,0.0,0,0.000,0.000,0.0,0
4266685,0.000,0.000,0.0,0,0.000,0.000,0.0,0
4266725,0.000,0.000,0.0,0,0.000,0.000,0.0,0
4266765,0.000,0.000,0.0,0,0.000,0.000,0.0,0
4266805,0.000,0.000,0.0,0,0.000,0.000,0.0,0
4266845,0.000,0.000,0.0,0,0.000,0.000,0.0,0
4266885,0.000,0.000,0.0,0,0.000,0.000,0.0,0
4266925,0.000,0.000,0.0,0,0.000,0.000,0.0,0
4266965,0.000,0.000,0.0,0,0.000,0.000,0.0,0
4267005,0.000,0.000,0.0,0,0.000,0.000,0.0,0
4267045,0.000,0.000,0.0,0,0.000,0.000,0.0,0
4267085,0.000,0.000,0.0,0,0.000,0.000,0.0,0
4267125,0.000,0.000,0.0,0,0.000,0.000,0.0,0
4267165,0.000,0.000,0.0,0,0.000,0.000,0.0,0
4267205,0.000,0.000,0.0,0,0.000,0.000,0.0,0
4267245,0.000,0.000,0.0,0,0.000,0.000,0.0,0
4267285,0.000,0.000,0.0,0,0.000,0.000,0.0,0
4267325,0.000,0.000,0.0,0,0.000,0.000,0.0,0
4267365,0.000,0.000,0.0,0,0.000,0.000,0.0,0
4267405,0.000,0.000,0.0,0,0.000,0.000,0.0,0
4267445,0.000,0.000,0.0,0,0.000,0.000,0.0,0
4267485,0.000,0.000,0.0,0,0.000,0.000,0.0,0
4267525,0.000,0.000,0.0,0,0.000,0.000,0.0,0
4267565,0.000,0.000,0.0,0,0.000,0.000,0.0,0
4267605,0.000,0.000,0.0,0,0.000,0.000,0.0,0
4267645,0.000,0.000,0.0,0,0.000,0.000,0.0,0
4267685,0.000,0.000,0.0,0,0.000,0.000,0.0,0
4267725,0.000,0.000,0.0,0,0.000,0.000,0.0,0
4267765,0.000,0.000,0.0,0,0.000,0.000,0.0,0
4267805,0.000,0.000,0.0,0,0.000,0.000,0.0,0
4267845,0.000,0.000,0.0,0,0.000,0.000,0.0,0
4267885,0.000,0.000,0.0,0,0.000,0.000,0.0,0
4267925,0.000,0.000,0.0,0,0.000,0.000,0.0,0
4267965,0.000,0.000,0.0,0,0.000,0.000,0.0,0
4268005,0.000,0.000,0.0,0,0.000,0.000,0.0,0
4268045,0.000,0.000,0.0,0,0.000,0.000,0.0,0
4268085,0.000,0.000,0.0,0,0.000,0.000,0.0,0
4268125,0.000,0.000,0.0,0,0.000,0.000,0.0,0
4268165,0.000,0.000,0.0,0,0.000,0.000,0.0,0
4268205,0.000,0.000,0.0,0,0.000,0.000,0.0,0
4268245,0.000,0.000,0.0,0,0.000,0.000,0.0,0
4268285,0.000,0.000,0.0,0,0.000,0.000,0.0,0
4268325,0.000,0.000,0.0,0,0.000,0.000,0.0,0
4268365,0.000,0.000,0.0,0,0.000,0.000,0.0,0
4268405,0.000,0.000,0.0,0,0.000,0.000,0.0,0
4268445,0.000,0.000,0.0,0,0.000,0.000,0.0,0
4268485,0.000,0.000,0.0,0,0.000,0.000,0.0,0
4268525,0.000,0.000,0.0,0,0.000,0.000,0.0,0
4268565,0.000,0.000,0.0,0,0.000,0.000,0.0,0
4268605,0.000,0.000,0.0,0,0.000,0.000,0.0,0
4268645,0.000,0.000,0.0,0,0.000,0.000,0.0,0
4268685,0.000,0.000,0.0,0,0.000,0.000,0.0,0
4268725,0.000,0.000,0.0,0,0.000,0.000,0.0,0
4268765,0.000,0.000,0.0,0,0.000,0.000,0.0,0
4268805,0.000,0.000,0.0,0,0.000,0.000,0.0,0
4268845,0.000,0.000,0.0,0,0.000,0.000,0.0,0
4268885,0.000,0.000,0.0,0,0.000,0.000,0.0,0
4268925,0.000,0.000,0.0,0,0.000,0.000,0.0,0
4268965,0.000,0.000,0.0,0,0.000,0.000,0.0,0
4269005,0.000,0.000,0.0,0,0.000,0.000,0.0,0
4269045,0.000,0.000,0.0,0,0.000,0.000,0.0,0
4269085,0.000,0.000,0.0,0,0.000,0.000,0.0,0
4269125,0.000,0.000,0.0,0,0.000,0.000,0.0,0
4269165,0.000,0.000,0.0,0,0.000,0.000,0.0,0
4269205,0.000,0.000,0.0,0,0.000,0.000,0.0,0
4269245,0.000,0.000,0.0,0,0.000,0.000,0.0,0
4269285,0.000,0.000,0.0,0,0.000,0.000,0.0,0
4269325,0.000,0.000,0.0,0,0.000,0.000,0.0,0
4269365,0.000,0.000,0.0,0,0.000,0.000,0.0,0
4269405,0.000,0.000,0.0,0,0.000,0.000,0.0,0
4269445,0.000,0.000,0.0,0,0.000,0.000,0.0,0
4269485,0.000,0.000,0.0,0,0.000,0.000,0.0,0
4269525,0.000,0.000,0.0,0,0.000,0.000,0.0,0
4269565,0.000,0.000,0.0,0,0.000,0.000,0.0,0
4269605,0.000,0.000,0.0,0,0.000,0.000,0.0,0
4269645,0.000,0.000,0.0,0,0.000,0.000,0.0,0
4269685,0.000,0.000,0.0,0,0.000,0.000,0.0,0
4269725,0.000,0.000,0.0,0,0.000,0.000,0.0,0
4269765,0.000,0.000,0.0,0,0.000,0.000,0.0,0
4269805,0.000,0.000,0.0,0,0.000,0.000,0.0,0
4269845,0.000,0.000,0.0,0,0.000,0.000,0.0,0
4269885,0.000,0.000,0.0,0,0.000,0.000,0.0,0
4269925,0.000,0.000,0.0,0,0.000,0.000,0.0,0
4269965,0.000,0.000,0.0,0,0.000,0.000,0.0,0
4270005,0.000,0.000,0.0,0,0.000,0.000,0.0,0
4270045,0.000,0.000,0.0,0,0.000,0.000,0.0,0
4270085,0.000,0.000,0.0,0,0.000,0.000,0.0,0
4270125,0.000,0.000,0.0,0,0.000,0.000,0.0,0
4270165,0.000,0.000,0.0,0,0.000,0.000,0.0,0
4270205,0.000,0.000,0.0,0,0.000,0.000,0.0,0
4270245,0.000,0.000,0.0,0,0.000,0.000,0.0,0
4270285,0.000,0.000,0.0,0,0.000,0.000,0.0,0
4270325,0.000,0.000,0.0,0,0.000,0.000,0.0,0
4270365,0.000,0.000,0.0,0,0.000,0.000,0.0,0
4270405,0.000,0.000,0.0,0,0.000,0.000,0.0,0
4270445,0.000,0.000,0.0,0,0.000,0.000,0.0,0
4270485,0.000,0.000,0.0,0,0.000,0.000,0.0,0
4270525,0.000,0.000,0.0,0,0.000,0.000,0.0,0
4270565,0.000,0.000,0.0,0,0.000,0.000,0.0,0
4270605,0.000,0.000,0.0,0,0.000,0.000,0.0,0
4270645,0.000,0.000,0.0,0,0.000,0.000,0.0,0
4270685,0.000,0.000,0.0,0,0.000,0.000,0.0,0
4270725,0.000,0.000,0.0,0,0.000,0.000,0.0,0
4270765,0.000,0.000,0.0,0,0.000,0.000,0.0,0
4270805,0.000,0.000,0.0,0,0.000,0.000,0.0,0
4270845,0.000,0.000,0.0,0,0.000,0.000,0.0,0
4270885,0.000,0.000,0.0,0,0.000,0.000,0.0,0
4270925,0.000,0.000,0.0,0,0.000,0.000,0.0,0
4270965,0.000,0.000,0.0,0,0.000,0.000,0.0,0
4271005,0.000,0.000,0.0,0,0.000,0.000,0.0,0
4271045,0.000,0.000,0.0,0,0.000,0.000,0.0,0
4271085,0.000,0.000,0.0,0,0.000,0.000,0.0,0
4271125,0.000,0.000,0.0,0,0.000,0.000,0.0,0
4271165,0.000,0.000,0.0,0,0.000,0.000,0.0,0
4271205,0.000,0.000,0.0,0,0.000,0.000,0.0,0
4271245,0.000,0.000,0.0,0,0.000,0.000,0.0,0
4271285,0.000,0.000,0.0,0,0.000,0.000,0.0,0
4271325,0.000,0.000,0.0,0,0.000,0.000,0.0,0
4271365,0.000,0.000,0.0,0,0.000,0.000,0.0,0
4271405,0.000,0.000,0.0,0,0.000,0.000,0.0,0
4271445,0.000,0.000,0.0,0,0.000,0.000,0.0,0
4271485,0.000,0.000,0.0,0,0.000,0.000,0.0,0
4271525,0.000,0.000,0.0,0,0.000,0.000,0.0,0
4271565,0.000,0.000,0.0,0,0.000,0.000,0.0,0
4271605,0.000,0.000,0.0,0,0.000,0.000,0.0,0
4271645,0.000,0.000,0.0,0,0.000,0.000,0.0,0
4271685,0.000,0.000,0.0,0,0.000,0.000,0.0,0
4271725,0.000,0.000,0.0,0,0.000,0.000,0.0,0
4271765,0.000,0.000,0.0,0,0.000,0.000,0.0,0
4271805,0.000,0.000,0.0,0,0.000,0.000,0.0,0
4271845,0.000,0.000,0.0,0,0.000,0.000,0.0,0
4271885,0.000,0.000,0.0,0,0.000,0.000,0.0,0
4271925,0.000,0.000,0.0,0,0.000,0.000,0.0,0
4271965,0.000,0.000,0.0,0,0.000,0.000,0.0,0
4272005,0.000,0.000,0.0,0,0.000,0.000,0.0,0
4272045,0.000,0.000,0.0,0,0.000,0.000,0.0,0
4272085,0.000,0.000,0.0,0,0.000,0.000,0.0,0
4272125,0.000,0.000,0.0,0,0.000,0.000,0.0,0
4272165,0.000,0.000,0.0,0,0.000,0.000,0.0,0
4272205,0.000,0.000,0.0,0,0.000,0.000,0.0,0
4272245,0.000,0.000,0.0,0,0.000,0.000,0.0,0
4272285,0.000,0.000,0.0,0,0.000,0.000,0.0,0
4272325,0.000,0.000,0.0,0,0.000,0.000,0.0,0
4272365,0.000,0.000,0.0,0,0.000,0.000,0.0,0
4272405,0.000,0.000,0.0,0,0.000,0.000,0.0,0
4272445,0.000,0.000,0.0,0,0.000,0.000,0.0,0
4272485,0.000,0.000,0.0,0,0.000,0.000,0.0,0
4272525,0.000,0.000,0.0,0,0.000,0.000,0.0,0
4272565,0.000,0.000,0.0,0,0.000,0.000,0.0,0
4272605,0.000,0.000,0.0,0,0.000,0.000,0.0,0
4272645,0.000,0.000,0.0,0,0.000,0.000,0.0,0
4272685,0.000,0.000,0.0,0,0.000,0.000,0.0,0
4272725,0.000,0.000,0.0,0,0.000,0.000,0.0,0
4272765,0.000,0.000,0.0,0,0.000,0.000,0.0,0
4272805,0.000,0.000,0.0,0,0.000,0.000,0.0,0
4272845,0.000,0.000,0.0,0,0.000,0.000,0.0,0
4272885,0.000,0.000,0.0,0,0.000,0.000,0.0,0
4272925,0.000,0.000,0.0,0,0.000,0.000,0.0,0
4272965,0.000,0.000,0.0,0,0.000,0.000,0.0,0
4273005,0.000,0.000,0.0,0,0.000,0.000,0.0,0
4273045,0.000,0.000,0.0,0,0.000,0.000,0.0,0
4273085,0.000,0.000,0.0,0,0.000,0.000,0.0,0
4273125,0.000,0.000,0.0,0,0.000,0.000,0.0,0
4273165,0.000,0.000,0.0,0,0.000,0.000,0.0,0
4273205,0.000,0.000,0.0,0,0.000,0.000,0.0,0
4273245,0.000,0.000,0.0,0,0.000,0.000,0.0,0
4273285,0.000,0.000,0.0,0,0.000,0.000,0.0,0
4273325,0.000,0.000,0.0,0,0.000,0.000,0.0,0
4273365,0.000,0.000,0.0,0,0.000,0.000,0.0,0
4273405,0.000,0.000,0.0,0,0.000,0.000,0.0,0
4273445,0.000,0.000,0.0,0,0.000,0.000,0.0,0
4273485,0.000,0.000,0.0,0,0.000,0.000,0.0,0
4273525,0.000,0.000,0.0,0,0.000,0.000,0.0,0
4273565,0.000,0.000,0.0,0,0.000,0.000,0.0,0
4273605,0.000,0.000,0.0,0,0.000,0.000,0.0,0
4273645,0.000,0.000,0.0,0,0.000,0.000,0.0,0
4273685,0.000,0.000,0.0,0,0.000,0.000,0.0,0
4273725,0.000,0.000,0.0,0,0.000,0.000,0.0,0
4273765,0.000,0.000,0.0,0,0.000,0.000,0.0,0
4273805,0.000,0.000,0.0,0,0.000,0.000,0.0,0
4273845,0.000,0.000,0.0,0,0.000,0.000,0.0,0
4273885,0.000,0.000,0.0,0,0.000,0.000,0.0,0
4273925,0.000,0.000,0.0,0,0.000,0.000,0.0,0
4273965,0.000,0.000,0.0,0,0.000,0.000,0.0,0
4274005,0.000,0.000,0.0,0,0.000,0.000,0.0,0
4274045,0.000,0.000,0.0,0,0.000,0.000,0.0,0
4274085,0.000,0.000,0.0,0,0.000,0.000,0.0,0
4274125,0.000,0.000,0.0,0,0.000,0.000,0.0,0
4274165,0.000,0.000,0.0,0,0.000,0.000,0.0,0
4274205,0.000,0.000,0.0,0,0.000,0.000,0.0,0
4274245,0.000,0.000,0.0,0,0.000,0.000,0.0,0
4274285,0.000,0.000,0.0,0,0.000,0.000,0.0,0
4274325,0.000,0.000,0.0,0,0.000,0.000,0.0,0
4274365,0.000,0.000,0.0,0,0.000,0.000,0.0,0
4274405,0.000,0.000,0.0,0,0.000,0.000,0.0,0
4274445,0.000,0.000,0.0,0,0.000,0.000,0.0,0
4274485,0.000,0.000,0.0,0,0.000,0.000,0.0,0
4274525,0.000,0.000,0.0,0,0.000,0.000,0.0,0
4274565,0.000,0.000,0.0,0,0.000,0.000,0.0,0
4274605,0.000,0.000,0.0,0,0.000,0.000,0.0,0
4274645,0.000,0.000,0.0,0,0.000,0.000,0.0,0
4274685,0.000,0.000,0.0,0,0.000,0.000,0.0,0
4274725,0.000,0.000,0.0,0,0.000,0.000,0.0,0
4274765,0.000,0.000,0.0,0,0.000,0.000,0.0,0
4274805,0.000,0.000,0.0,0,0.000,0.000,0.0,0
4274845,0.000,0.000,0.0,0,0.000,0.000,0.0,0
4274885,0.000,0.000,0.0,0,0.000,0.000,0.0,0
4274925,0.000,0.000,0.0,0,0.000,0.000,0.0,0
4274965,0.000,0.000,0.0,0,0.000,0.000,0.0,0
4275005,0.000,0.000,0.0,0,0.000,0.000,0.0,0
4275045,0.000,0.000,0.0,0,0.000,0.000,0.0,0
4275085,0.000,0.000,0.0,0,0.000,0.000,0.0,0
4275125,0.000,0.000,0.0,0,0.000,0.000,0.0,0
4275165,0.000,0.000,0.0,0,0.000,0.000,0.0,0
4275205,0.000,0.000,0.0,0,0.000,0.000,0.0,0
4275245,0.000,0.000,0.0,0,0.000,0.000,0.0,0
4275285,0.000,0.000,0.0,0,0.000,0.000,0.0,0
4275325,0.000,0.000,0.0,0,0.000,0.000,0.0,0
4275365,0.000,0.000,0.0,0,0.000,0.000,0.0,0
4275405,0.000,0.000,0.0,0,0.000,0.000,0.0,0
4275445,0.000,0.000,0.0,0,0.000,0.000,0.0,0
4275485,0.000,0.000,0.0,0,0.000,0.000,0.0,0
4275525,0.000,0.000,0.0,0,0.000,0.000,0.0,0
4275565,0.000,0.000,0.0,0,0.000,0.000,0.0,0
4275605,0.000,0.000,0.0,0,0.000,0.000,0.0,0
4275645,0.000,0.000,0.0,0,0.000,0.000,0.0,0
4275685,0.000,0.000,0.0,0,0.000,0.000,0.0,0
4275725,0.000,0.000,0.0,0,0.000,0.000,0.0,0
4275765,0.000,0.000,0.0,0,0.000,0.000,0.0,0
4275805,0.000,0.000,0.0,0,0.000,0.000,0.0,0
4275845,0.000,0.000,0.0,0,0.000,0.000,0.0,0
4275885,0.000,0.000,0.0,0,0.000,0.000,0.0,0
4275925,0.000,0.000,0.0,0,0.000,0.000,0.0,0
4275965,0.000,0.000,0.0,0,0.000,0.000,0.0,0
4276005,0.000,0.000,0.0,0,0.000,0.000,0.0,0
4276045,0.000,0.000,0.0,0,0.000,0.000,0.0,0
4276085,0.000,0.000,0.0,0,0.000,0.000,0.0,0
4276125,0.000,0.000,0.0,0,0.000,0.000,0.0,0
4276165,0.000,0.000,0.0,0,0.000,0.000,0.0,0
4276205,0.000,0.000,0.0,0,0.000,0.000,0.0,0
4276245,0.000,0.000,0.0,0,0.000,0.000,0.0,0
4276285,0.000,0.000,0.0,0,0.000,0.000,0.0,0
4276325,0.000,0.000,0.0,0,0.000,0.000,0.0,0
4276365,0.000,0.000,0.0,0,0.000,0.000,0.0,0
4276405,0.000,0.000,0.0,0,0.000,0.000,0.0,0
4276445,0.000,0.000,0.0,0,0.000,0.000,0.0,0
4276485,0.000,0.000,0.0,0,0.000,0.000,0.0,0
4276525,0.000,0.000,0.0,0,0.000,0.000,0.0,0
4276565,0.000,0.000,0.0,0,0.000,0.000,0.0,0
4276605,0.000,0.000,0.0,0,0.000,0.000,0.0,0
4276645,0.000,0.000,0.0,0,0.000,0.000,0.0,0
4276685,0.000,0.000,0.0,0,0.000,0.000,0.0,0
4276725,0.000,0.000,0.0,0,0.000,0.000,0.0,0
4276765,0.000,0.000,0.0,0,0.000,0.000,0.0,0
4276805,0.000,0.000,0.0,0,0.000,0.000,0.0,0
4276845,0.000,0.000,0.0,0,0.000,0.000,0.0,0
4276885,0.000,0.000,0.0,0,0.000,0.000,0.0,0
4276925,0.000,0.000,0.0,0,0.000,0.000,0.0,0
4276965,0.000,0.000,0.0,0,0.000,0.000,0.0,0
4277005,0.000,0.000,0.0,0,0.000,0.000,0.0,0
4277045,0.000,0.000,0.0,0,0.000,0.000,0.0,0
4277085,0.000,0.000,0.0,0,0.000,0.000,0.0,0
4277125,0.000,0.000,0.0,0,0.000,0.000,0.0,0
4277165,0.000,0.000,0.0,0,0.000,0.000,0.0,0
4277205,0.000,0.000,0.0,0,0.000,0.000,0.0,0
4277245,0.000,0.000,0.0,0,0.000,0.000,0.0,0
4277285,0.000,0.000,0.0,0,0.000,0.000,0.0,0
4277325,0.000,0.000,0.0,0,0.000,0.000,0.0,0
4277365,0.000,0.000,0.0,0,0.000,0.000,0.0,0
4277405,0.000,0.000,0.0,0,0.000,0.000,0.0,0
4277445,0.000,0.000,0.0,0,0.000,0.000,0.0,0
4277485,0.000,0.000,0.0,0,0.000,0.000,0.0,0
4277525,0.000,0.000,0.0,0,0.000,0.000,0.0,0
4277565,0.000,0.000,0.0,0,0.000,0.000,0.0,0
4277605,0.000,0.000,0.0,0,0.000,0.000,0.0,0
4277645,0.000,0.000,0.0,0,0.000,0.000,0.0,0
4277685,0.000,0.000,0.0,0,0.000,0.000,0.0,0
4277725,0.000,0.000,0.0,0,0.000,0.000,0.0,0
4277765,0.000,0.000,0.0,0,0.000,0.000,0.0,0
4277805,0.000,0.000,0.0,0,0.000,0.000,0.0,0
4277845,0.000,0.000,0.0,0,0.000,0.000,0.0,0
4277885,0.000,0.000,0.0,0,0.000,0.000,0.0,0
4277925,0.000,0.000,0.0,0,0.000,0.000,0.0,0
4277965,0.000,0.000,0.0,0,0.000,0.000,0.0,0
4278005,0.000,0.000,0.0,0,0.000,0.000,0.0,0
4278045,0.000,0.000,0.0,0,0.000,0.000,0.0,0
4278085,0.000,0.000,0.0,0,0.000,0.000,0.0,0
4278125,0.000,0.000,0.0,0,0.000,0.000,0.0,0
4278165,0.000,0.000,0.0,0,0.000,0.000,0.0,0
4278205,0.000,0.000,0.0,0,0.000,0.000,0.0,0
4278245,0.000,0.000,0.0,0,0.000,0.000,0.0,0
4278285,0.000,0.000,0.0,0,0.000,0.000,0.0,0
4278325,0.000,0.000,0.0,0,0.000,0.000,0.0,0
4278365,0.000,0.000,0.0,0,0.000,0.000,0.0,0
4278405,0.000,0.000,0.0,0,0.000,0.000,0.0,0
4278445,0.000,0.000,0.0,0,0.000,0.000,0.0,0
4278485,0.000,0.000,0.0,0,0.000,0.000,0.0,0
4278525,0.000,0.000,0.0,0,0.000,0.000,0.0,0
4278565,0.000,0.000,0.0,0,0.000,0.000,0.0,0
