t_ms,spL,vL,uL,dacL,spR,vR,uR,dacR
538425,0.000,0.000,0.0,0,0.000,-0.000,0.0,0
538465,0.000,0.000,0.0,0,0.000,-0.000,0.0,0
538505,0.000,0.000,0.0,0,0.000,-0.000,0.0,0
538545,0.000,0.000,0.0,0,0.000,-0.000,0.0,0
538585,0.000,0.000,0.0,0,0.000,-0.000,0.0,0
538625,0.000,0.000,0.0,0,0.000,-0.000,0.0,0
538665,0.000,0.000,0.0,0,0.000,-0.000,0.0,0
538705,0.000,0.000,0.0,0,0.000,-0.000,0.0,0
538745,0.000,0.000,0.0,0,0.000,-0.000,0.0,0
538785,0.000,0.000,0.0,0,0.000,-0.000,0.0,0
538825,0.000,0.000,0.0,0,0.000,-0.000,0.0,0
538865,0.000,0.000,0.0,0,0.000,-0.000,0.0,0
538905,0.000,0.000,0.0,0,0.000,-0.000,0.0,0
538945,0.000,0.000,0.0,0,0.000,-0.000,0.0,0
538985,0.000,0.000,0.0,0,0.000,-0.000,0.0,0
539025,0.000,0.000,0.0,0,0.000,-0.000,0.0,0
539065,0.000,0.000,0.0,0,0.000,-0.000,0.0,0
539105,0.000,0.000,0.0,0,0.000,-0.000,0.0,0
539145,0.000,0.000,0.0,0,0.000,-0.000,0.0,0
539185,0.000,0.000,0.0,0,0.000,-0.000,0.0,0
539225,0.000,0.000,0.0,0,0.000,-0.000,0.0,0
539265,0.000,0.000,0.0,0,0.000,-0.000,0.0,0
539305,0.000,0.000,0.0,0,0.000,-0.000,0.0,0
539345,0.000,0.000,0.0,0,0.000,-0.000,0.0,0
539385,0.000,0.000,0.0,0,0.000,-0.000,0.0,0
539425,0.000,0.000,0.0,0,0.000,-0.000,0.0,0
539465,0.000,0.000,0.0,0,0.000,-0.000,0.0,0
539505,0.000,0.000,0.0,0,0.000,-0.000,0.0,0
539545,0.000,0.000,0.0,0,0.000,-0.000,0.0,0
539585,0.000,0.000,0.0,0,0.000,-0.000,0.0,0
539625,0.000,0.000,0.0,0,0.000,-0.000,0.0,0
539665,0.000,0.000,0.0,0,0.000,-0.000,0.0,0
539705,0.000,0.000,0.0,0,0.000,-0.000,0.0,0
539745,0.000,0.000,0.0,0,0.000,-0.000,0.0,0
539785,0.000,0.000,0.0,0,0.000,-0.000,0.0,0
539825,0.000,0.000,0.0,0,0.000,-0.000,0.0,0
539865,0.000,0.000,0.0,0,0.000,-0.000,0.0,0
539905,0.000,0.000,0.0,0,0.000,-0.000,0.0,0
539945,0.000,0.000,0.0,0,0.000,-0.000,0.0,0
539985,0.000,0.000,0.0,0,0.000,-0.000,0.0,0
540025,0.000,0.000,0.0,0,0.000,-0.000,0.0,0
540065,0.000,0.000,0.0,0,0.000,-0.000,0.0,0
540105,0.000,0.000,0.0,0,0.000,-0.000,0.0,0
540145,0.000,0.000,0.0,0,0.000,-0.000,0.0,0
540185,0.000,0.000,0.0,0,0.000,-0.000,0.0,0
540225,0.000,0.000,0.0,0,0.000,-0.000,0.0,0
540265,0.000,0.000,0.0,0,0.000,-0.000,0.0,0
540305,0.000,0.000,0.0,0,0.000,-0.000,0.0,0
540345,0.000,0.000,0.0,0,0.000,-0.000,0.0,0
540385,0.000,0.000,0.0,0,0.000,-0.000,0.0,0
540425,0.000,0.000,0.0,0,0.000,-0.000,0.0,0
540465,0.000,0.000,0.0,0,0.000,-0.000,0.0,0
540505,0.000,0.000,0.0,0,0.000,-0.000,0.0,0
540545,0.000,0.000,0.0,0,0.000,-0.000,0.0,0
540585,0.000,0.000,0.0,0,0.000,-0.000,0.0,0
540625,0.000,0.000,0.0,0,0.000,-0.000,0.0,0
540665,0.000,0.000,0.0,0,0.000,-0.000,0.0,0
540705,0.000,0.000,0.0,0,0.000,-0.000,0.0,0
540745,0.000,0.000,0.0,0,0.000,-0.000,0.0,0
540785,0.000,0.000,0.0,0,0.000,-0.000,0.0,0
540825,0.000,0.000,0.0,0,0.000,-0.000,0.0,0
540865,0.000,0.000,0.0,0,0.000,-0.000,0.0,0
540905,0.000,0.000,0.0,0,0.000,-0.000,0.0,0
540945,0.000,0.000,0.0,0,0.000,-0.000,0.0,0
540985,0.000,0.000,0.0,0,0.000,-0.000,0.0,0
541025,0.000,0.000,0.0,0,0.000,-0.000,0.0,0
541065,0.000,0.000,0.0,0,0.000,-0.000,0.0,0
541105,0.000,0.000,0.0,0,0.000,-0.000,0.0,0
541145,0.000,0.000,0.0,0,0.000,-0.000,0.0,0
541185,0.000,0.000,0.0,0,0.000,-0.000,0.0,0
541225,0.000,0.000,0.0,0,0.000,-0.000,0.0,0
541265,0.000,0.000,0.0,0,0.000,-0.000,0.0,0
541305,0.000,0.000,0.0,0,0.000,-0.000,0.0,0
541345,0.000,0.000,0.0,0,0.000,-0.000,0.0,0
541385,0.000,0.000,0.0,0,0.000,-0.000,0.0,0
541425,0.000,0.000,0.0,0,0.000,-0.000,0.0,0
541465,0.000,0.000,0.0,0,0.000,-0.000,0.0,0
541505,0.000,0.000,0.0,0,0.000,-0.000,0.0,0
541545,0.000,0.000,0.0,0,0.000,-0.000,0.0,0
541585,0.000,0.000,0.0,0,0.000,-0.000,0.0,0
541625,0.000,0.000,0.0,0,0.000,-0.000,0.0,0
541665,0.000,0.000,0.0,0,0.000,-0.000,0.0,0
541705,0.000,0.000,0.0,0,0.000,-0.000,0.0,0
541745,0.000,0.000,0.0,0,0.000,-0.000,0.0,0
541785,0.000,0.000,0.0,0,0.000,-0.000,0.0,0
541825,0.000,0.000,0.0,0,0.000,-0.000,0.0,0
541865,0.000,0.000,0.0,0,0.000,-0.000,0.0,0
541905,0.000,0.000,0.0,0,0.000,-0.000,0.0,0
541945,0.000,0.000,0.0,0,0.000,-0.000,0.0,0
541985,0.000,0.000,0.0,0,0.000,-0.000,0.0,0
542025,0.000,0.000,0.0,0,0.000,-0.000,0.0,0
542065,0.000,0.000,0.0,0,0.000,-0.000,0.0,0
542105,0.000,0.000,0.0,0,0.000,-0.000,0.0,0
542145,0.000,0.000,0.0,0,0.000,-0.000,0.0,0
542185,0.000,0.000,0.0,0,0.000,-0.000,0.0,0
542225,0.000,0.000,0.0,0,0.000,-0.000,0.0,0
542265,0.000,0.000,0.0,0,0.000,-0.000,0.0,0
542305,0.000,0.000,0.0,0,0.000,-0.000,0.0,0
542345,0.000,0.000,0.0,0,0.000,-0.000,0.0,0
542385,0.000,0.000,0.0,0,0.000,-0.000,0.0,0
542425,0.000,0.000,0.0,0,0.000,-0.000,0.0,0
542465,0.000,0.000,0.0,0,0.000,-0.000,0.0,0
542505,0.000,0.000,0.0,0,0.000,-0.000,0.0,0
542545,0.000,0.000,0.0,0,0.000,-0.000,0.0,0
542585,0.000,0.000,0.0,0,0.000,-0.000,0.0,0
542625,0.000,0.000,0.0,0,0.000,-0.000,0.0,0
542665,0.000,0.000,0.0,0,0.000,-0.000,0.0,0
542705,0.000,0.000,0.0,0,0.000,-0.000,0.0,0
542745,0.000,0.000,0.0,0,0.000,-0.000,0.0,0
542785,0.000,0.000,0.0,0,0.000,-0.000,0.0,0
542825,0.000,0.000,0.0,0,0.000,-0.000,0.0,0
542865,0.000,0.000,0.0,0,0.000,-0.000,0.0,0
542905,0.000,0.000,0.0,0,0.000,-0.000,0.0,0
542945,0.000,0.000,0.0,0,0.000,-0.000,0.0,0
542985,0.000,0.000,0.0,0,0.000,-0.000,0.0,0
543025,0.000,0.000,0.0,0,0.000,-0.000,0.0,0
543065,0.000,0.000,0.0,0,0.000,-0.000,0.0,0
543105,0.000,0.000,0.0,0,0.000,-0.000,0.0,0
543145,0.000,0.000,0.0,0,0.000,-0.000,0.0,0
543185,0.000,0.000,0.0,0,0.000,-0.000,0.0,0
543225,0.000,0.000,0.0,0,0.000,-0.000,0.0,0
543265,0.000,0.000,0.0,0,0.000,-0.000,0.0,0
543305,0.000,0.000,0.0,0,0.000,-0.000,0.0,0
543345,0.000,0.000,0.0,0,0.000,-0.000,0.0,0
543385,0.000,0.000,0.0,0,0.000,-0.000,0.0,0
543425,0.000,0.000,0.0,0,0.000,-0.000,0.0,0
543465,0.000,0.000,0.0,0,0.000,-0.000,0.0,0
543505,0.000,0.000,0.0,0,0.000,-0.000,0.0,0
543545,0.000,0.000,0.0,0,0.000,-0.000,0.0,0
543585,0.000,0.000,0.0,0,0.000,-0.000,0.0,0
543625,0.000,0.000,0.0,0,0.000,-0.000,0.0,0
543665,0.000,0.000,0.0,0,0.000,-0.000,0.0,0
543705,0.000,0.000,0.0,0,0.000,-0.000,0.0,0
543745,0.000,0.000,0.0,0,0.000,-0.000,0.0,0
543785,0.000,0.000,0.0,0,0.000,-0.000,0.0,0
543825,0.000,0.000,0.0,0,0.000,-0.000,0.0,0
543865,0.000,0.000,0.0,0,0.000,-0.000,0.0,0
543905,0.000,0.000,0.0,0,0.000,-0.000,0.0,0
543945,0.000,0.000,0.0,0,0.000,-0.000,0.0,0
543985,0.000,0.000,0.0,0,0.000,-0.000,0.0,0
544025,0.000,0.000,0.0,0,0.000,-0.000,0.0,0
544065,0.000,0.000,0.0,0,0.000,-0.000,0.0,0
544105,0.000,0.000,0.0,0,0.000,-0.000,0.0,0
544145,0.000,0.000,0.0,0,0.000,-0.000,0.0,0
544185,0.000,0.000,0.0,0,0.000,-0.000,0.0,0
544225,0.000,0.000,0.0,0,0.000,-0.000,0.0,0
544265,0.000,0.000,0.0,0,0.000,-0.000,0.0,0
544305,0.000,0.000,0.0,0,0.000,-0.000,0.0,0
544345,0.000,0.000,0.0,0,0.000,-0.000,0.0,0
544385,0.000,0.000,0.0,0,0.000,-0.000,0.0,0
544425,0.000,0.000,0.0,0,0.000,-0.000,0.0,0
544465,0.000,0.000,0.0,0,0.000,-0.000,0.0,0
544505,0.000,0.000,0.0,0,0.000,-0.000,0.0,0
544545,0.000,0.000,0.0,0,0.000,-0.000,0.0,0
544585,0.000,0.000,0.0,0,0.000,-0.000,0.0,0
544625,0.000,0.000,0.0,0,0.000,-0.000,0.0,0
544665,0.000,0.000,0.0,0,0.000,-0.000,0.0,0
544705,0.000,0.000,0.0,0,0.000,-0.000,0.0,0
544745,0.000,0.000,0.0,0,0.000,-0.000,0.0,0
544785,0.000,0.000,0.0,0,0.000,-0.000,0.0,0
544825,0.000,0.000,0.0,0,0.000,-0.000,0.0,0
544865,0.000,0.000,0.0,0,0.000,-0.000,0.0,0
544905,0.000,0.000,0.0,0,0.000,-0.000,0.0,0
544945,0.000,0.000,0.0,0,0.000,-0.000,0.0,0
544985,0.000,0.000,0.0,0,0.000,-0.000,0.0,0
545025,0.000,0.000,0.0,0,0.000,-0.000,0.0,0
545065,0.000,0.000,0.0,0,0.000,-0.000,0.0,0
545105,0.000,0.000,0.0,0,0.000,-0.000,0.0,0
545145,0.000,0.000,0.0,0,0.000,-0.000,0.0,0
545185,0.000,0.000,0.0,0,0.000,-0.000,0.0,0
545225,0.000,0.000,0.0,0,0.000,-0.000,0.0,0
545265,0.000,0.000,0.0,0,0.000,-0.000,0.0,0
545305,0.000,0.000,0.0,0,0.000,-0.000,0.0,0
545345,0.000,0.000,0.0,0,0.000,-0.000,0.0,0
545385,0.000,0.000,0.0,0,0.000,-0.000,0.0,0
545425,0.000,0.000,0.0,0,0.000,-0.000,0.0,0
545465,0.000,0.000,0.0,0,0.000,-0.000,0.0,0
545505,0.000,0.000,0.0,0,0.000,-0.000,0.0,0
545545,0.000,0.000,0.0,0,0.000,-0.000,0.0,0
545585,0.000,0.000,0.0,0,0.000,-0.000,0.0,0
545625,0.000,0.000,0.0,0,0.000,-0.000,0.0,0
545665,0.000,0.000,0.0,0,0.000,-0.000,0.0,0
545705,0.000,0.000,0.0,0,0.000,-0.000,0.0,0
545745,0.000,0.000,0.0,0,0.000,-0.000,0.0,0
545785,0.000,0.000,0.0,0,0.000,-0.000,0.0,0
545825,0.000,0.000,0.0,0,0.000,-0.000,0.0,0
545865,0.000,0.000,0.0,0,0.000,-0.000,0.0,0
545905,0.000,0.000,0.0,0,0.000,-0.000,0.0,0
545945,0.000,0.000,0.0,0,0.000,-0.000,0.0,0
545985,0.000,0.000,0.0,0,0.000,-0.000,0.0,0
546025,0.000,0.000,0.0,0,0.000,-0.000,0.0,0
546065,0.000,0.000,0.0,0,0.000,-0.000,0.0,0
546105,0.000,0.000,0.0,0,0.000,-0.000,0.0,0
546145,0.000,0.000,0.0,0,0.000,-0.000,0.0,0
546185,0.000,0.000,0.0,0,0.000,-0.000,0.0,0
546225,0.000,0.000,0.0,0,0.000,-0.000,0.0,0
546265,0.000,0.000,0.0,0,0.000,-0.000,0.0,0
546305,0.000,0.000,0.0,0,0.000,-0.000,0.0,0
546345,0.000,0.000,0.0,0,0.000,-0.000,0.0,0
546385,0.000,0.000,0.0,0,0.000,-0.000,0.0,0
546425,0.000,0.000,0.0,0,0.000,-0.000,0.0,0
546465,0.000,0.000,0.0,0,0.000,-0.000,0.0,0
546505,0.000,0.000,0.0,0,0.000,-0.000,0.0,0
546545,0.000,0.000,0.0,0,0.000,-0.000,0.0,0
546585,0.000,0.000,0.0,0,0.000,-0.000,0.0,0
546625,0.000,0.000,0.0,0,0.000,-0.000,0.0,0
546665,0.000,0.000,0.0,0,0.000,-0.000,0.0,0
546705,0.000,0.000,0.0,0,0.000,-0.000,0.0,0
546745,0.000,0.000,0.0,0,0.000,-0.000,0.0,0
546785,0.000,0.000,0.0,0,0.000,-0.000,0.0,0
546825,0.000,0.000,0.0,0,0.000,-0.000,0.0,0
546865,0.000,0.000,0.0,0,0.000,-0.000,0.0,0
546905,0.000,0.000,0.0,0,0.000,-0.000,0.0,0
546945,0.000,0.000,0.0,0,0.000,-0.000,0.0,0
546985,0.000,0.000,0.0,0,0.000,-0.000,0.0,0
547025,0.000,0.000,0.0,0,0.000,-0.000,0.0,0
547065,0.000,0.000,0.0,0,0.000,-0.000,0.0,0
547105,0.000,0.000,0.0,0,0.000,-0.000,0.0,0
547145,0.000,0.000,0.0,0,0.000,-0.000,0.0,0
547185,0.000,0.000,0.0,0,0.000,-0.000,0.0,0
547225,0.000,0.000,0.0,0,0.000,-0.000,0.0,0
547265,0.000,0.000,0.0,0,0.000,-0.000,0.0,0
547305,0.000,0.000,0.0,0,0.000,-0.000,0.0,0
547345,0.000,0.000,0.0,0,0.000,-0.000,0.0,0
547385,0.000,0.000,0.0,0,0.000,-0.000,0.0,0
547425,0.000,0.000,0.0,0,0.000,-0.000,0.0,0
547465,0.000,0.000,0.0,0,0.000,-0.000,0.0,0
547505,0.000,0.000,0.0,0,0.000,-0.000,0.0,0
547545,0.000,0.000,0.0,0,0.000,-0.000,0.0,0
547585,0.000,0.000,0.0,0,0.000,-0.000,0.0,0
547625,0.000,0.000,0.0,0,0.000,-0.000,0.0,0
547665,0.000,0.000,0.0,0,0.000,-0.000,0.0,0
547705,0.000,0.000,0.0,0,0.000,-0.000,0.0,0
547745,0.000,0.000,0.0,0,0.000,-0.000,0.0,0
547785,0.000,0.000,0.0,0,0.000,-0.000,0.0,0
547825,0.000,0.000,0.0,0,0.000,-0.000,0.0,0
547865,0.000,0.000,0.0,0,0.000,-0.000,0.0,0
547905,0.000,0.000,0.0,0,0.000,-0.000,0.0,0
547945,0.000,0.000,0.0,0,0.000,-0.000,0.0,0
547985,0.000,0.000,0.0,0,0.000,-0.000,0.0,0
548025,0.000,0.000,0.0,0,0.000,-0.000,0.0,0
548065,0.000,0.000,0.0,0,0.000,-0.000,0.0,0
548105,0.000,0.000,0.0,0,0.000,-0.000,0.0,0
548145,0.000,0.000,0.0,0,0.000,-0.000,0.0,0
548185,0.000,0.000,0.0,0,0.000,-0.000,0.0,0
548225,0.000,0.000,0.0,0,0.000,-0.000,0.0,0
548265,0.000,0.000,0.0,0,0.000,-0.000,0.0,0
548305,0.000,0.000,0.0,0,0.000,-0.000,0.0,0
548345,0.000,0.000,0.0,0,0.000,-0.000,0.0,0
548385,0.000,0.000,0.0,0,0.000,-0.000,0.0,0
548425,0.000,0.000,0.0,0,0.000,-0.000,0.0,0
548465,0.000,0.000,0.0,0,0.000,-0.000,0.0,0
548505,0.000,0.000,0.0,0,0.000,-0.000,0.0,0
548545,0.000,0.000,0.0,0,0.000,-0.000,0.0,0
548585,0.000,0.000,0.0,0,0.000,-0.000,0.0,0
548625,0.000,0.000,0.0,0,0.000,-0.000,0.0,0
548665,0.000,0.000,0.0,0,0.000,-0.000,0.0,0
548705,0.000,0.000,0.0,0,0.000,-0.000,0.0,0
548745,0.000,0.000,0.0,0,0.000,-0.000,0.0,0
548785,0.000,0.000,0.0,0,0.000,-0.000,0.0,0
548825,0.000,0.000,0.0,0,0.000,-0.000,0.0,0
548865,0.000,0.000,0.0,0,0.000,-0.000,0.0,0
548905,0.000,0.000,0.0,0,0.000,-0.000,0.0,0
548945,0.000,0.000,0.0,0,0.000,-0.000,0.0,0
548985,0.000,0.000,0.0,0,0.000,-0.000,0.0,0
549025,0.000,0.000,0.0,0,0.000,-0.000,0.0,0
549065,0.000,0.000,0.0,0,0.000,-0.000,0.0,0
549105,0.000,0.000,0.0,0,0.000,-0.000,0.0,0
549145,0.000,0.000,0.0,0,0.000,-0.000,0.0,0
549185,0.000,0.000,0.0,0,0.000,-0.000,0.0,0
549225,0.000,0.000,0.0,0,0.000,-0.000,0.0,0
549265,0.000,0.000,0.0,0,0.000,-0.000,0.0,0
549305,0.000,0.000,0.0,0,0.000,-0.000,0.0,0
549345,0.000,0.000,0.0,0,0.000,-0.000,0.0,0
549385,0.000,0.000,0.0,0,0.000,-0.000,0.0,0
549425,0.000,0.000,0.0,0,0.000,-0.000,0.0,0
549465,0.000,0.000,0.0,0,0.000,-0.000,0.0,0
549505,0.000,0.000,0.0,0,0.000,-0.000,0.0,0
549545,0.000,0.000,0.0,0,0.000,-0.000,0.0,0
549585,0.000,0.000,0.0,0,0.000,-0.000,0.0,0
549625,0.000,0.000,0.0,0,0.000,-0.000,0.0,0
549665,0.000,0.000,0.0,0,0.000,-0.000,0.0,0
549705,0.000,0.000,0.0,0,0.000,-0.000,0.0,0
549745,0.000,0.000,0.0,0,0.000,-0.000,0.0,0
549785,0.000,0.000,0.0,0,0.000,-0.000,0.0,0
549825,0.000,0.000,0.0,0,0.000,-0.000,0.0,0
549865,0.000,0.000,0.0,0,0.000,-0.000,0.0,0
549905,0.000,0.000,0.0,0,0.000,-0.000,0.0,0
549945,0.000,0.000,0.0,0,0.000,-0.000,0.0,0
549985,0.000,0.000,0.0,0,0.000,-0.000,0.0,0
550025,0.000,0.000,0.0,0,0.000,-0.000,0.0,0
550065,0.000,0.000,0.0,0,0.000,-0.000,0.0,0
550105,0.000,0.000,0.0,0,0.000,-0.000,0.0,0
550145,0.000,0.000,0.0,0,0.000,-0.000,0.0,0
550185,0.000,0.000,0.0,0,0.000,-0.000,0.0,0
550225,0.000,0.000,0.0,0,0.000,-0.000,0.0,0
550265,0.000,0.000,0.0,0,0.000,-0.000,0.0,0
550305,0.000,0.000,0.0,0,0.000,-0.000,0.0,0
550345,0.000,0.000,0.0,0,0.000,-0.000,0.0,0
550385,0.000,0.000,0.0,0,0.000,-0.000,0.0,0
550425,0.000,0.000,0.0,0,0.000,-0.000,0.0,0
550465,0.000,0.000,0.0,0,0.000,-0.000,0.0,0
550505,0.000,0.000,0.0,0,0.000,-0.000,0.0,0
550545,0.000,0.000,0.0,0,0.000,-0.000,0.0,0
550585,0.000,0.000,0.0,0,0.000,-0.000,0.0,0
550625,0.000,0.000,0.0,0,0.000,-0.000,0.0,0
550665,0.000,0.000,0.0,0,0.000,-0.000,0.0,0
550705,0.000,0.000,0.0,0,0.000,-0.000,0.0,0
550745,0.000,0.000,0.0,0,0.000,-0.000,0.0,0
550785,0.000,0.000,0.0,0,0.000,-0.000,0.0,0
550825,0.000,0.000,0.0,0,0.000,-0.000,0.0,0
550865,0.000,0.000,0.0,0,0.000,-0.000,0.0,0
550905,0.000,0.000,0.0,0,0.000,-0.000,0.0,0
550945,0.000,0.000,0.0,0,0.000,-0.000,0.0,0
550985,0.000,0.000,0.0,0,0.000,-0.000,0.0,0
551025,0.000,0.000,0.0,0,0.000,-0.000,0.0,0
551065,0.000,0.000,0.0,0,0.000,-0.000,0.0,0
551105,0.000,0.000,0.0,0,0.000,-0.000,0.0,0
551145,0.000,0.000,0.0,0,0.000,-0.000,0.0,0
551185,0.000,0.000,0.0,0,0.000,-0.000,0.0,0
551225,0.000,0.000,0.0,0,0.000,-0.000,0.0,0
551265,0.000,0.000,0.0,0,0.000,-0.000,0.0,0
551305,0.000,0.000,0.0,0,0.000,-0.000,0.0,0
551345,0.000,0.000,0.0,0,0.000,-0.000,0.0,0
551385,0.000,0.000,0.0,0,0.000,-0.000,0.0,0
551425,0.000,0.000,0.0,0,0.000,-0.000,0.0,0
551465,0.000,0.000,0.0,0,0.000,-0.000,0.0,0
551505,0.000,0.000,0.0,0,0.000,-0.000,0.0,0
551545,0.000,0.000,0.0,0,0.000,-0.000,0.0,0
551585,0.000,0.000,0.0,0,0.000,-0.000,0.0,0
551625,0.000,0.000,0.0,0,0.000,-0.000,0.0,0
551665,0.000,0.000,0.0,0,0.000,-0.000,0.0,0
551705,0.000,0.000,0.0,0,0.000,-0.000,0.0,0
551745,0.000,0.000,0.0,0,0.000,-0.000,0.0,0
551785,0.000,0.000,0.0,0,0.000,-0.000,0.0,0
551825,0.000,0.000,0.0,0,0.000,-0.000,0.0,0
551865,0.000,0.000,0.0,0,0.000,-0.000,0.0,0
551905,0.000,0.000,0.0,0,0.000,-0.000,0.0,0
551945,0.000,0.000,0.0,0,0.000,-0.000,0.0,0
551985,0.000,0.000,0.0,0,0.000,-0.000,0.0,0
552025,0.000,0.000,0.0,0,0.000,-0.000,0.0,0
552065,0.000,0.000,0.0,0,0.000,-0.000,0.0,0
552105,0.000,0.000,0.0,0,0.000,-0.000,0.0,0
552145,0.000,0.000,0.0,0,0.000,-0.000,0.0,0
552185,0.000,0.000,0.0,0,0.000,-0.000,0.0,0
552225,0.000,0.000,0.0,0,0.000,-0.000,0.0,0
552265,0.000,0.000,0.0,0,0.000,-0.000,0.0,0
552305,0.000,0.000,0.0,0,0.000,-0.000,0.0,0
552345,0.000,0.000,0.0,0,0.000,-0.000,0.0,0
552385,0.000,0.000,0.0,0,0.000,-0.000,0.0,0
552425,0.000,0.000,0.0,0,0.000,-0.000,0.0,0
552465,0.000,0.000,0.0,0,0.000,-0.000,0.0,0
552505,0.000,0.000,0.0,0,0.000,-0.000,0.0,0
552545,0.000,0.000,0.0,0,0.000,-0.000,0.0,0
552585,0.000,0.000,0.0,0,0.000,-0.000,0.0,0
552625,0.000,0.000,0.0,0,0.000,-0.000,0.0,0
552665,0.000,0.000,0.0,0,0.000,-0.000,0.0,0
552705,0.000,0.000,0.0,0,0.000,-0.000,0.0,0
552745,0.000,0.000,0.0,0,0.000,-0.000,0.0,0
552785,0.000,0.000,0.0,0,0.000,-0.000,0.0,0
552825,0.000,0.000,0.0,0,0.000,-0.000,0.0,0
552865,0.000,0.000,0.0,0,0.000,-0.000,0.0,0
552905,0.000,0.000,0.0,0,0.000,-0.000,0.0,0
552945,0.000,0.000,0.0,0,0.000,-0.000,0.0,0
552985,0.000,0.000,0.0,0,0.000,-0.000,0.0,0
553025,0.000,0.000,0.0,0,0.000,-0.000,0.0,0
553065,0.000,0.000,0.0,0,0.000,-0.000,0.0,0
553105,0.000,0.000,0.0,0,0.000,-0.000,0.0,0
553145,0.000,0.000,0.0,0,0.000,-0.000,0.0,0
553185,0.000,0.000,0.0,0,0.000,-0.000,0.0,0
553225,0.000,0.000,0.0,0,0.000,-0.000,0.0,0
553265,0.000,0.000,0.0,0,0.000,-0.000,0.0,0
553305,0.000,0.000,0.0,0,0.000,-0.000,0.0,0
553345,0.000,0.000,0.0,0,0.000,-0.000,0.0,0
553385,0.000,0.000,0.0,0,0.000,-0.000,0.0,0
553425,0.000,0.000,0.0,0,0.000,-0.000,0.0,0
553465,0.000,0.000,0.0,0,0.000,-0.000,0.0,0
553505,0.000,0.000,0.0,0,0.000,-0.000,0.0,0
553545,0.000,0.000,0.0,0,0.000,-0.000,0.0,0
553585,0.000,0.000,0.0,0,0.000,-0.000,0.0,0
553625,0.000,0.000,0.0,0,0.000,-0.000,0.0,0
553665,0.000,0.000,0.0,0,0.000,-0.000,0.0,0
553705,0.000,0.000,0.0,0,0.000,-0.000,0.0,0
553745,0.000,0.000,0.0,0,0.000,-0.000,0.0,0
553785,0.000,0.000,0.0,0,0.000,-0.000,0.0,0
553825,0.000,0.000,0.0,0,0.000,-0.000,0.0,0
553865,0.000,0.000,0.0,0,0.000,-0.000,0.0,0
553905,0.000,0.000,0.0,0,0.000,-0.000,0.0,0
553945,0.000,0.000,0.0,0,0.000,-0.000,0.0,0
553985,0.000,0.000,0.0,0,0.000,-0.000,0.0,0
554025,0.000,0.000,0.0,0,0.000,-0.000,0.0,0
554065,0.000,0.000,0.0,0,0.000,-0.000,0.0,0
554105,0.000,0.000,0.0,0,0.000,-0.000,0.0,0
554145,0.000,0.000,0.0,0,0.000,-0.000,0.0,0
554185,0.000,0.000,0.0,0,0.000,-0.000,0.0,0
554225,0.000,0.000,0.0,0,0.000,-0.000,0.0,0
554265,0.000,0.000,0.0,0,0.000,-0.000,0.0,0
554305,0.000,0.000,0.0,0,0.000,-0.000,0.0,0
554345,0.000,0.000,0.0,0,0.000,-0.000,0.0,0
554385,0.000,0.000,0.0,0,0.000,-0.000,0.0,0
554425,0.000,0.000,0.0,0,0.000,-0.000,0.0,0
554465,0.000,0.000,0.0,0,0.000,-0.000,0.0,0
554505,0.000,0.000,0.0,0,0.000,-0.000,0.0,0
554545,0.000,0.000,0.0,0,0.000,-0.000,0.0,0
554585,0.000,0.000,0.0,0,0.000,-0.000,0.0,0
554625,0.000,0.000,0.0,0,0.000,-0.000,0.0,0
554665,0.000,0.000,0.0,0,0.000,-0.000,0.0,0
554705,0.000,0.000,0.0,0,0.000,-0.000,0.0,0
554745,0.000,0.000,0.0,0,0.000,-0.000,0.0,0
554785,0.000,0.000,0.0,0,0.000,-0.000,0.0,0
554825,0.000,0.000,0.0,0,0.000,-0.000,0.0,0
554865,0.000,0.000,0.0,0,0.000,-0.000,0.0,0
554905,0.000,0.000,0.0,0,0.000,-0.000,0.0,0
554945,0.000,0.000,0.0,0,0.000,-0.000,0.0,0
554985,0.000,0.000,0.0,0,0.000,-0.000,0.0,0
555025,0.000,0.000,0.0,0,0.000,-0.000,0.0,0
555065,0.000,0.000,0.0,0,0.000,-0.000,0.0,0
555105,0.000,0.000,0.0,0,0.000,-0.000,0.0,0
555145,0.000,0.000,0.0,0,0.000,-0.000,0.0,0
555185,0.000,0.000,0.0,0,0.000,-0.000,0.0,0
555225,0.000,0.000,0.0,0,0.000,-0.000,0.0,0
555265,0.000,0.000,0.0,0,0.000,-0.000,0.0,0
555305,0.000,0.000,0.0,0,0.000,-0.000,0.0,0
555345,0.000,0.000,0.0,0,0.000,-0.000,0.0,0
555385,0.000,0.000,0.0,0,0.000,-0.000,0.0,0
555425,0.000,0.000,0.0,0,0.000,-0.000,0.0,0
555465,0.000,0.000,0.0,0,0.000,-0.000,0.0,0
555505,0.000,0.000,0.0,0,0.000,-0.000,0.0,0
555545,0.000,0.000,0.0,0,0.000,-0.000,0.0,0
555585,0.000,0.000,0.0,0,0.000,-0.000,0.0,0
555625,0.000,0.000,0.0,0,0.000,-0.000,0.0,0
555665,0.000,0.000,0.0,0,0.000,-0.000,0.0,0
555705,0.000,0.000,0.0,0,0.000,-0.000,0.0,0
555745,0.000,0.000,0.0,0,0.000,-0.000,0.0,0
555785,0.000,0.000,0.0,0,0.000,-0.000,0.0,0
555825,0.000,0.000,0.0,0,0.000,-0.000,0.0,0
555865,0.000,0.000,0.0,0,0.000,-0.000,0.0,0
555905,0.000,0.000,0.0,0,0.000,-0.000,0.0,0
555945,0.000,0.000,0.0,0,0.000,-0.000,0.0,0
555985,0.000,0.000,0.0,0,0.000,-0.000,0.0,0
556025,0.000,0.000,0.0,0,0.000,-0.000,0.0,0
556065,0.000,0.000,0.0,0,0.000,-0.000,0.0,0
556105,0.000,0.000,0.0,0,0.000,-0.000,0.0,0
556145,0.000,0.000,0.0,0,0.000,-0.000,0.0,0
556185,0.000,0.000,0.0,0,0.000,-0.000,0.0,0
556225,0.000,0.000,0.0,0,0.000,-0.000,0.0,0
556265,0.000,0.000,0.0,0,0.000,-0.000,0.0,0
556305,0.000,0.000,0.0,0,0.000,-0.000,0.0,0
556345,0.000,0.000,0.0,0,0.000,-0.000,0.0,0
556385,0.000,0.000,0.0,0,0.000,-0.000,0.0,0
556425,0.000,0.000,0.0,0,0.000,-0.000,0.0,0
556465,0.000,0.000,0.0,0,0.000,-0.000,0.0,0
556505,0.000,0.000,0.0,0,0.000,-0.000,0.0,0
556545,0.000,0.000,0.0,0,0.000,-0.000,0.0,0
556585,0.000,0.000,0.0,0,0.000,-0.000,0.0,0
556625,0.000,0.000,0.0,0,0.000,-0.000,0.0,0
556665,0.000,0.000,0.0,0,0.000,-0.000,0.0,0
556705,0.000,0.000,0.0,0,0.000,-0.000,0.0,0
556745,0.000,0.000,0.0,0,0.000,-0.000,0.0,0
556785,0.000,0.000,0.0,0,0.000,-0.000,0.0,0
556825,0.000,0.000,0.0,0,0.000,-0.000,0.0,0
556865,0.000,0.000,0.0,0,0.000,-0.000,0.0,0
556905,0.000,0.000,0.0,0,0.000,-0.000,0.0,0
556945,0.000,0.000,0.0,0,0.000,-0.000,0.0,0
556985,0.000,0.000,0.0,0,0.000,-0.000,0.0,0
557025,0.000,0.000,0.0,0,0.000,-0.000,0.0,0
557065,0.000,0.000,0.0,0,0.000,-0.000,0.0,0
557105,0.000,0.000,0.0,0,0.000,-0.000,0.0,0
557145,0.000,0.000,0.0,0,0.000,-0.000,0.0,0
557185,0.000,0.000,0.0,0,0.000,-0.000,0.0,0
557225,0.000,0.000,0.0,0,0.000,-0.000,0.0,0
557265,0.000,0.000,0.0,0,0.000,-0.000,0.0,0
557305,0.000,0.000,0.0,0,0.000,-0.000,0.0,0
557345,0.000,0.000,0.0,0,0.000,-0.000,0.0,0
557385,0.000,0.000,0.0,0,0.000,-0.000,0.0,0
557425,0.000,0.000,0.0,0,0.000,-0.000,0.0,0
557465,0.000,0.000,0.0,0,0.000,-0.000,0.0,0
557505,0.000,0.000,0.0,0,0.000,-0.000,0.0,0
557545,0.000,0.000,0.0,0,0.000,-0.000,0.0,0
557585,0.000,0.000,0.0,0,0.000,-0.000,0.0,0
557625,0.000,0.000,0.0,0,0.000,-0.000,0.0,0
557665,0.000,0.000,0.0,0,0.000,-0.000,0.0,0
557705,0.000,0.000,0.0,0,0.000,-0.000,0.0,0
557745,0.000,0.000,0.0,0,0.000,-0.000,0.0,0
557785,0.000,0.000,0.0,0,0.000,-0.000,0.0,0
557825,0.000,0.000,0.0,0,0.000,-0.000,0.0,0
557865,0.000,0.000,0.0,0,0.000,-0.000,0.0,0
557905,0.000,0.000,0.0,0,0.000,-0.000,0.0,0
557945,0.000,0.000,0.0,0,0.000,-0.000,0.0,0
557985,0.000,0.000,0.0,0,0.000,-0.000,0.0,0
558025,0.000,0.000,0.0,0,0.000,-0.000,0.0,0
558065,0.000,0.000,0.0,0,0.000,-0.000,0.0,0
558105,0.000,0.000,0.0,0,0.000,-0.000,0.0,0
558145,0.000,0.000,0.0,0,0.000,-0.000,0.0,0
558185,0.000,0.000,0.0,0,0.000,-0.000,0.0,0
558225,0.000,0.000,0.0,0,0.000,-0.000,0.0,0
558265,0.000,0.000,0.0,0,0.000,-0.000,0.0,0
558305,0.000,0.000,0.0,0,0.000,-0.000,0.0,0
558345,0.000,0.000,0.0,0,0.000,-0.000,0.0,0
558385,0.000,0.000,0.0,0,0.000,-0.000,0.0,0
558425,0.000,0.000,0.0,0,0.000,-0.000,0.0,0
558465,0.000,0.000,0.0,0,0.000,-0.000,0.0,0
558505,0.000,0.000,0.0,0,0.000,-0.000,0.0,0
558545,0.000,0.000,0.0,0,0.000,-0.000,0.0,0
558585,0.000,0.000,0.0,0,0.000,-0.000,0.0,0
558625,0.000,0.000,0.0,0,0.000,-0.000,0.0,0
558665,0.000,0.000,0.0,0,0.000,-0.000,0.0,0
558705,0.000,0.000,0.0,0,0.000,-0.000,0.0,0
558745,0.000,0.000,0.0,0,0.000,-0.000,0.0,0
558785,0.000,0.000,0.0,0,0.000,-0.000,0.0,0
558825,0.000,0.000,0.0,0,0.000,-0.000,0.0,0
558865,0.000,0.000,0.0,0,0.000,-0.000,0.0,0
558905,0.000,0.000,0.0,0,0.000,-0.000,0.0,0
558945,0.000,0.000,0.0,0,0.000,-0.000,0.0,0
558985,0.000,0.000,0.0,0,0.000,-0.000,0.0,0
559025,0.000,0.000,0.0,0,0.000,-0.000,0.0,0
559065,0.000,0.000,0.0,0,0.000,-0.000,0.0,0
559105,0.000,0.000,0.0,0,0.000,-0.000,0.0,0
559145,0.000,0.000,0.0,0,0.000,-0.000,0.0,0
559185,0.000,0.000,0.0,0,0.000,-0.000,0.0,0
559225,0.000,0.000,0.0,0,0.000,-0.000,0.0,0
559265,0.000,0.000,0.0,0,0.000,-0.000,0.0,0
559305,0.000,0.000,0.0,0,0.000,-0.000,0.0,0
559345,0.000,0.000,0.0,0,0.000,-0.000,0.0,0
559385,0.000,0.000,0.0,0,0.000,-0.000,0.0,0
559425,0.000,0.000,0.0,0,0.000,-0.000,0.0,0
559465,0.000,0.000,0.0,0,0.000,-0.000,0.0,0
559505,0.000,0.000,0.0,0,0.000,-0.000,0.0,0
559545,0.000,0.000,0.0,0,0.000,-0.000,0.0,0
559585,0.000,0.000,0.0,0,0.000,-0.000,0.0,0
559625,0.000,0.000,0.0,0,0.000,-0.000,0.0,0
559665,0.000,0.000,0.0,0,0.000,-0.000,0.0,0
559705,0.000,0.000,0.0,0,0.000,-0.000,0.0,0
559745,0.000,0.000,0.0,0,0.000,-0.000,0.0,0
559785,0.000,0.000,0.0,0,0.000,-0.000,0.0,0
559825,0.000,0.000,0.0,0,0.000,-0.000,0.0,0
559865,0.000,0.000,0.0,0,0.000,-0.000,0.0,0
559905,0.000,0.000,0.0,0,0.000,-0.000,0.0,0
559945,0.000,0.000,0.0,0,0.000,-0.000,0.0,0
559985,0.000,0.000,0.0,0,0.000,-0.000,0.0,0
560025,0.000,0.000,0.0,0,0.000,-0.000,0.0,0
560065,0.000,0.000,0.0,0,0.000,-0.000,0.0,0
560105,0.000,0.000,0.0,0,0.000,-0.000,0.0,0
560145,0.000,0.000,0.0,0,0.000,-0.000,0.0,0
560185,0.000,0.000,0.0,0,0.000,-0.000,0.0,0
560225,0.000,0.000,0.0,0,0.000,-0.000,0.0,0
560265,0.000,0.000,0.0,0,0.000,-0.000,0.0,0
560305,0.000,0.000,0.0,0,0.000,-0.000,0.0,0
560345,0.000,0.000,0.0,0,0.000,-0.000,0.0,0
560385,0.000,0.000,0.0,0,0.000,-0.000,0.0,0
560425,0.000,0.000,0.0,0,0.000,-0.000,0.0,0
560465,0.000,0.000,0.0,0,0.000,-0.000,0.0,0
560505,0.000,0.000,0.0,0,0.000,-0.000,0.0,0
560545,0.000,0.000,0.0,0,0.000,-0.000,0.0,0
560585,0.000,0.000,0.0,0,0.000,-0.000,0.0,0
560625,0.000,0.000,0.0,0,0.000,-0.000,0.0,0
560665,0.000,0.000,0.0,0,0.000,-0.000,0.0,0
560705,0.000,0.000,0.0,0,0.000,-0.000,0.0,0
560745,0.000,0.000,0.0,0,0.000,-0.000,0.0,0
560785,0.000,0.000,0.0,0,0.000,-0.000,0.0,0
560825,0.000,0.000,0.0,0,0.000,-0.000,0.0,0
560865,0.000,0.000,0.0,0,0.000,-0.000,0.0,0
560905,0.000,0.000,0.0,0,0.000,-0.000,0.0,0
560945,0.000,0.000,0.0,0,0.000,-0.000,0.0,0
560985,0.000,0.000,0.0,0,0.000,-0.000,0.0,0
561025,0.000,0.000,0.0,0,0.000,-0.000,0.0,0
561065,0.000,0.000,0.0,0,0.000,-0.000,0.0,0
561105,0.000,0.000,0.0,0,0.000,-0.000,0.0,0
561145,0.000,0.000,0.0,0,0.000,-0.000,0.0,0
561185,0.000,0.000,0.0,0,0.000,-0.000,0.0,0
561225,0.000,0.000,0.0,0,0.000,-0.000,0.0,0
561265,0.000,0.000,0.0,0,0.000,-0.000,0.0,0
561305,0.000,0.000,0.0,0,0.000,-0.000,0.0,0
561345,0.000,0.000,0.0,0,0.000,-0.000,0.0,0
561385,0.000,0.000,0.0,0,0.000,-0.000,0.0,0
561425,0.000,0.000,0.0,0,0.000,-0.000,0.0,0
561465,0.000,0.000,0.0,0,0.000,-0.000,0.0,0
561505,0.000,0.000,0.0,0,0.000,-0.000,0.0,0
561545,0.000,0.000,0.0,0,0.000,-0.000,0.0,0
561585,0.000,0.000,0.0,0,0.000,-0.000,0.0,0
561625,0.000,0.000,0.0,0,0.000,-0.000,0.0,0
561665,0.000,0.000,0.0,0,0.000,-0.000,0.0,0
561705,0.000,0.000,0.0,0,0.000,-0.000,0.0,0
561745,0.000,0.000,0.0,0,0.000,-0.000,0.0,0
561785,0.000,0.000,0.0,0,0.000,-0.000,0.0,0
561825,0.000,0.000,0.0,0,0.000,-0.000,0.0,0
561865,0.000,0.000,0.0,0,0.000,-0.000,0.0,0
561905,0.000,0.000,0.0,0,0.000,-0.000,0.0,0
561945,0.000,0.000,0.0,0,0.000,-0.000,0.0,0
561985,0.000,0.000,0.0,0,0.000,-0.000,0.0,0
562025,0.000,0.000,0.0,0,0.000,-0.000,0.0,0
562065,0.000,0.000,0.0,0,0.000,-0.000,0.0,0
562105,0.000,0.000,0.0,0,0.000,-0.000,0.0,0
562145,0.000,0.000,0.0,0,0.000,-0.000,0.0,0
562185,0.000,0.000,0.0,0,0.000,-0.000,0.0,0
562225,0.000,0.000,0.0,0,0.000,-0.000,0.0,0
562265,0.000,0.000,0.0,0,0.000,-0.000,0.0,0
562305,0.000,0.000,0.0,0,0.000,-0.000,0.0,0
562345,0.000,0.000,0.0,0,0.000,-0.000,0.0,0
562385,0.000,0.000,0.0,0,0.000,-0.000,0.0,0
562425,0.000,0.000,0.0,0,0.000,-0.000,0.0,0
562465,0.000,0.000,0.0,0,0.000,-0.000,0.0,0
562505,0.000,0.000,0.0,0,0.000,-0.000,0.0,0
562545,0.000,0.000,0.0,0,0.000,-0.000,0.0,0
562585,0.000,0.000,0.0,0,0.000,-0.000,0.0,0
562625,0.000,0.000,0.0,0,0.000,-0.000,0.0,0
562665,0.000,0.000,0.0,0,0.000,-0.000,0.0,0
562705,0.000,0.000,0.0,0,0.000,-0.000,0.0,0
562745,0.000,0.000,0.0,0,0.000,-0.000,0.0,0
562785,0.000,0.000,0.0,0,0.000,-0.000,0.0,0
562825,0.000,0.000,0.0,0,0.000,-0.000,0.0,0
562865,0.000,0.000,0.0,0,0.000,-0.000,0.0,0
562905,0.000,0.000,0.0,0,0.000,-0.000,0.0,0
562945,0.000,0.000,0.0,0,0.000,-0.000,0.0,0
562985,0.000,0.000,0.0,0,0.000,-0.000,0.0,0
563025,0.000,0.000,0.0,0,0.000,-0.000,0.0,0
563065,0.000,0.000,0.0,0,0.000,-0.000,0.0,0
563105,0.000,0.000,0.0,0,0.000,-0.000,0.0,0
563145,0.000,0.000,0.0,0,0.000,-0.000,0.0,0
563185,0.000,0.000,0.0,0,0.000,-0.000,0.0,0
563225,0.000,0.000,0.0,0,0.000,-0.000,0.0,0
563265,0.000,0.000,0.0,0,0.000,-0.000,0.0,0
563305,0.000,0.000,0.0,0,0.000,-0.000,0.0,0
563345,0.000,0.000,0.0,0,0.000,-0.000,0.0,0
563385,0.000,0.000,0.0,0,0.000,-0.000,0.0,0
563425,0.000,0.000,0.0,0,0.000,-0.000,0.0,0
563465,0.000,0.000,0.0,0,0.000,-0.000,0.0,0
563505,0.000,0.000,0.0,0,0.000,-0.000,0.0,0
563545,0.000,0.000,0.0,0,0.000,-0.000,0.0,0
563585,0.000,0.000,0.0,0,0.000,-0.000,0.0,0
563625,0.000,0.000,0.0,0,0.000,-0.000,0.0,0
563665,0.000,0.000,0.0,0,0.000,-0.000,0.0,0
563705,0.000,0.000,0.0,0,0.000,-0.000,0.0,0
563745,0.000,0.000,0.0,0,0.000,-0.000,0.0,0
563785,0.000,0.000,0.0,0,0.000,-0.000,0.0,0
563825,0.000,0.000,0.0,0,0.000,-0.000,0.0,0
563865,0.000,0.000,0.0,0,0.000,-0.000,0.0,0
563905,0.000,0.000,0.0,0,0.000,-0.000,0.0,0
563945,0.000,0.000,0.0,0,0.000,-0.000,0.0,0
563985,0.000,0.000,0.0,0,0.000,-0.000,0.0,0
564025,0.000,0.000,0.0,0,0.000,-0.000,0.0,0
564065,0.000,0.000,0.0,0,0.000,-0.000,0.0,0
564105,0.000,0.000,0.0,0,0.000,-0.000,0.0,0
564145,0.000,0.000,0.0,0,0.000,-0.000,0.0,0
564185,0.000,0.000,0.0,0,0.000,-0.000,0.0,0
564225,0.000,0.000,0.0,0,0.000,-0.000,0.0,0
564265,0.000,0.000,0.0,0,0.000,-0.000,0.0,0
564305,0.000,0.000,0.0,0,0.000,-0.000,0.0,0
564345,0.000,0.000,0.0,0,0.000,-0.000,0.0,0
564385,0.000,0.000,0.0,0,0.000,-0.000,0.0,0
564425,0.000,0.000,0.0,0,0.000,-0.000,0.0,0
564465,0.000,0.000,0.0,0,0.000,-0.000,0.0,0
564505,0.000,0.000,0.0,0,0.000,-0.000,0.0,0
564545,0.000,0.000,0.0,0,0.000,-0.000,0.0,0
564585,0.000,0.000,0.0,0,0.000,-0.000,0.0,0
564625,0.000,0.000,0.0,0,0.000,-0.000,0.0,0
564665,0.000,0.000,0.0,0,0.000,-0.000,0.0,0
564705,0.000,0.000,0.0,0,0.000,-0.000,0.0,0
564745,0.000,0.000,0.0,0,0.000,-0.000,0.0,0
564785,0.000,0.000,0.0,0,0.000,-0.000,0.0,0
564825,0.000,0.000,0.0,0,0.000,-0.000,0.0,0
564865,0.000,0.000,0.0,0,0.000,-0.000,0.0,0
564905,0.000,0.000,0.0,0,0.000,-0.000,0.0,0
564945,0.000,0.000,0.0,0,0.000,-0.000,0.0,0
564985,0.000,0.000,0.0,0,0.000,-0.000,0.0,0
565025,0.000,0.000,0.0,0,0.000,-0.000,0.0,0
565065,0.000,0.000,0.0,0,0.000,-0.000,0.0,0
565105,0.000,0.000,0.0,0,0.000,-0.000,0.0,0
565145,0.000,0.000,0.0,0,0.000,-0.000,0.0,0
565185,0.000,0.000,0.0,0,0.000,-0.000,0.0,0
565225,0.000,0.000,0.0,0,0.000,-0.000,0.0,0
565265,0.000,0.000,0.0,0,0.000,-0.000,0.0,0
565305,0.000,0.000,0.0,0,0.000,-0.000,0.0,0
565345,0.000,0.000,0.0,0,0.000,-0.000,0.0,0
565385,0.000,0.000,0.0,0,0.000,-0.000,0.0,0
565425,0.000,0.000,0.0,0,0.000,-0.000,0.0,0
565465,0.000,0.000,0.0,0,0.000,-0.000,0.0,0
565505,0.000,0.000,0.0,0,0.000,-0.000,0.0,0
565545,0.000,0.000,0.0,0,0.000,-0.000,0.0,0
565585,0.000,0.000,0.0,0,0.000,-0.000,0.0,0
565625,0.000,0.000,0.0,0,0.000,-0.000,0.0,0
565665,0.000,0.000,0.0,0,0.000,-0.000,0.0,0
565705,0.000,0.000,0.0,0,0.000,-0.000,0.0,0
565745,0.000,0.000,0.0,0,0.000,-0.000,0.0,0
565785,0.000,0.000,0.0,0,0.000,-0.000,0.0,0
565825,0.000,0.000,0.0,0,0.000,-0.000,0.0,0
565865,0.000,0.000,0.0,0,0.000,-0.000,0.0,0
565905,0.000,0.000,0.0,0,0.000,-0.000,0.0,0
565945,0.000,0.000,0.0,0,0.000,-0.000,0.0,0
565985,0.000,0.000,0.0,0,0.000,-0.000,0.0,0
566025,0.000,0.000,0.0,0,0.000,-0.000,0.0,0
566065,0.000,0.000,0.0,0,0.000,-0.000,0.0,0
566105,0.000,0.000,0.0,0,0.000,-0.000,0.0,0
566145,0.000,0.000,0.0,0,0.000,-0.000,0.0,0
566185,0.000,0.000,0.0,0,0.000,-0.000,0.0,0
566225,0.000,0.000,0.0,0,0.000,-0.000,0.0,0
566265,0.000,0.000,0.0,0,0.000,-0.000,0.0,0
566305,0.000,0.000,0.0,0,0.000,-0.000,0.0,0
566345,0.000,0.000,0.0,0,0.000,-0.000,0.0,0
566385,0.000,0.000,0.0,0,0.000,-0.000,0.0,0
566425,0.000,0.000,0.0,0,0.000,-0.000,0.0,0
566465,0.000,0.000,0.0,0,0.000,-0.000,0.0,0
566505,0.000,0.000,0.0,0,0.000,-0.000,0.0,0
566545,0.000,0.000,0.0,0,0.000,-0.000,0.0,0
566585,0.000,0.000,0.0,0,0.000,-0.000,0.0,0
566625,0.000,0.000,0.0,0,0.000,-0.000,0.0,0
566665,0.000,0.000,0.0,0,0.000,-0.000,0.0,0
566705,0.000,0.000,0.0,0,0.000,-0.000,0.0,0
566745,0.000,0.000,0.0,0,0.000,-0.000,0.0,0
566785,0.000,0.000,0.0,0,0.000,-0.000,0.0,0
566825,0.000,0.000,0.0,0,0.000,-0.000,0.0,0
566865,0.000,0.000,0.0,0,0.000,-0.000,0.0,0
566905,0.000,0.000,0.0,0,0.000,-0.000,0.0,0
566945,0.000,0.000,0.0,0,0.000,-0.000,0.0,0
566985,0.000,0.000,0.0,0,0.000,-0.000,0.0,0
567025,0.000,0.000,0.0,0,0.000,-0.000,0.0,0
567065,0.000,0.000,0.0,0,0.000,-0.000,0.0,0
567105,0.000,0.000,0.0,0,0.000,-0.000,0.0,0
567145,0.000,0.000,0.0,0,0.000,-0.000,0.0,0
567185,0.000,0.000,0.0,0,0.000,-0.000,0.0,0
567225,0.000,0.000,0.0,0,0.000,-0.000,0.0,0
567265,0.000,0.000,0.0,0,0.000,-0.000,0.0,0
567305,0.000,0.000,0.0,0,0.000,-0.000,0.0,0
567345,0.000,0.000,0.0,0,0.000,-0.000,0.0,0
567385,0.000,0.000,0.0,0,0.000,-0.000,0.0,0
567425,0.000,0.000,0.0,0,0.000,-0.000,0.0,0
567465,0.000,0.000,0.0,0,0.000,-0.000,0.0,0
567505,0.000,0.000,0.0,0,0.000,-0.000,0.0,0
567545,0.000,0.000,0.0,0,0.000,-0.000,0.0,0
567585,0.000,0.000,0.0,0,0.000,-0.000,0.0,0
567625,0.000,0.000,0.0,0,0.000,-0.000,0.0,0
567665,0.000,0.000,0.0,0,0.000,-0.000,0.0,0
567705,0.000,0.000,0.0,0,0.000,-0.000,0.0,0
567745,0.000,0.000,0.0,0,0.000,-0.000,0.0,0
567785,0.000,0.000,0.0,0,0.000,-0.000,0.0,0
567825,0.000,0.000,0.0,0,0.000,-0.000,0.0,0
567865,0.000,0.000,0.0,0,0.000,-0.000,0.0,0
567905,0.000,0.000,0.0,0,0.000,-0.000,0.0,0
567945,0.000,0.000,0.0,0,0.000,-0.000,0.0,0
567985,0.000,0.000,0.0,0,0.000,-0.000,0.0,0
568025,0.000,0.000,0.0,0,0.000,-0.000,0.0,0
568065,0.000,0.000,0.0,0,0.000,-0.000,0.0,0
568105,0.000,0.000,0.0,0,0.000,-0.000,0.0,0
568145,0.000,0.000,0.0,0,0.000,-0.000,0.0,0
568185,0.000,0.000,0.0,0,0.000,-0.000,0.0,0
568225,0.000,0.000,0.0,0,0.000,-0.000,0.0,0
568265,0.000,0.000,0.0,0,0.000,-0.000,0.0,0
568305,0.000,0.000,0.0,0,0.000,-0.000,0.0,0
568345,0.000,0.000,0.0,0,0.000,-0.000,0.0,0
568385,0.000,0.000,0.0,0,0.000,-0.000,0.0,0
568425,0.000,0.000,0.0,0,0.000,-0.000,0.0,0
568465,0.000,0.000,0.0,0,0.000,-0.000,0.0,0
568505,0.000,0.000,0.0,0,0.000,-0.000,0.0,0
568545,0.000,0.000,0.0,0,0.000,-0.000,0.0,0
568585,0.000,0.000,0.0,0,0.000,-0.000,0.0,0
568625,0.000,0.000,0.0,0,0.000,-0.000,0.0,0
568665,0.000,0.000,0.0,0,0.000,-0.000,0.0,0
568705,0.000,0.000,0.0,0,0.000,-0.000,0.0,0
568745,0.000,0.000,0.0,0,0.000,-0.000,0.0,0
568785,0.000,0.000,0.0,0,0.000,-0.000,0.0,0
568825,0.000,0.000,0.0,0,0.000,-0.000,0.0,0
568865,0.000,0.000,0.0,0,0.000,-0.000,0.0,0
568905,0.000,0.000,0.0,0,0.000,-0.000,0.0,0
568945,0.000,0.000,0.0,0,0.000,-0.000,0.0,0
568985,0.000,0.000,0.0,0,0.000,-0.000,0.0,0
569025,0.000,0.000,0.0,0,0.000,-0.000,0.0,0
569065,0.000,0.000,0.0,0,0.000,-0.000,0.0,0
569105,0.000,0.000,0.0,0,0.000,-0.000,0.0,0
569145,0.000,0.000,0.0,0,0.000,-0.000,0.0,0
569185,0.000,0.000,0.0,0,0.000,-0.000,0.0,0
569225,0.000,0.000,0.0,0,0.000,-0.000,0.0,0
569265,0.000,0.000,0.0,0,0.000,-0.000,0.0,0
569305,0.000,0.000,0.0,0,0.000,-0.000,0.0,0
569345,0.000,0.000,0.0,0,0.000,-0.000,0.0,0
569385,0.000,0.000,0.0,0,0.000,-0.000,0.0,0
569425,0.000,0.000,0.0,0,0.000,-0.000,0.0,0
569465,0.000,0.000,0.0,0,0.000,-0.000,0.0,0
569505,0.000,0.000,0.0,0,0.000,-0.000,0.0,0
569545,0.000,0.000,0.0,0,0.000,-0.000,0.0,0
569585,0.000,0.000,0.0,0,0.000,-0.000,0.0,0
569625,0.000,0.000,0.0,0,0.000,-0.000,0.0,0
569665,0.000,0.000,0.0,0,0.000,-0.000,0.0,0
569705,0.000,0.000,0.0,0,0.000,-0.000,0.0,0
569745,0.000,0.000,0.0,0,0.000,-0.000,0.0,0
569785,0.000,0.000,0.0,0,0.000,-0.000,0.0,0
569825,0.000,0.000,0.0,0,0.000,-0.000,0.0,0
569865,0.000,0.000,0.0,0,0.000,-0.000,0.0,0
569905,0.000,0.000,0.0,0,0.000,-0.000,0.0,0
569945,0.000,0.000,0.0,0,0.000,-0.000,0.0,0
569985,0.000,0.000,0.0,0,0.000,-0.000,0.0,0
570025,0.000,0.000,0.0,0,0.000,-0.000,0.0,0
570065,0.000,0.000,0.0,0,0.000,-0.000,0.0,0
570105,0.000,0.000,0.0,0,0.000,-0.000,0.0,0
570145,0.000,0.000,0.0,0,0.000,-0.000,0.0,0
570185,0.000,0.000,0.0,0,0.000,-0.000,0.0,0
570225,0.000,0.000,0.0,0,0.000,-0.000,0.0,0
570265,0.000,0.000,0.0,0,0.000,-0.000,0.0,0
570305,0.000,0.000,0.0,0,0.000,-0.000,0.0,0
570345,0.000,0.000,0.0,0,0.000,-0.000,0.0,0
570385,0.000,0.000,0.0,0,0.000,-0.000,0.0,0
570425,0.000,0.000,0.0,0,0.000,-0.000,0.0,0
570465,0.000,0.000,0.0,0,0.000,-0.000,0.0,0
570505,0.000,0.000,0.0,0,0.000,-0.000,0.0,0
570545,0.000,0.000,0.0,0,0.000,-0.000,0.0,0
570585,0.000,0.000,0.0,0,0.000,-0.000,0.0,0
570625,0.000,0.000,0.0,0,0.000,-0.000,0.0,0
570665,0.000,0.000,0.0,0,0.000,-0.000,0.0,0
570705,0.000,0.000,0.0,0,0.000,-0.000,0.0,0
570745,0.000,0.000,0.0,0,0.000,-0.000,0.0,0
570785,0.000,0.000,0.0,0,0.000,-0.000,0.0,0
570825,0.000,0.000,0.0,0,0.000,-0.000,0.0,0
570865,0.000,0.000,0.0,0,0.000,-0.000,0.0,0
570905,0.000,0.000,0.0,0,0.000,-0.000,0.0,0
570945,0.000,0.000,0.0,0,0.000,-0.000,0.0,0
570985,0.000,0.000,0.0,0,0.000,-0.000,0.0,0
571025,0.000,0.000,0.0,0,0.000,-0.000,0.0,0
571065,0.000,0.000,0.0,0,0.000,-0.000,0.0,0
571105,0.000,0.000,0.0,0,0.000,-0.000,0.0,0
571145,0.000,0.000,0.0,0,0.000,-0.000,0.0,0
571185,0.000,0.000,0.0,0,0.000,-0.000,0.0,0
571225,0.000,0.000,0.0,0,0.000,-0.000,0.0,0
571265,0.000,0.000,0.0,0,0.000,-0.000,0.0,0
571305,0.000,0.000,0.0,0,0.000,-0.000,0.0,0
571345,0.000,0.000,0.0,0,0.000,-0.000,0.0,0
571385,0.000,0.000,0.0,0,0.000,-0.000,0.0,0
571425,0.000,0.000,0.0,0,0.000,-0.000,0.0,0
571465,0.000,0.000,0.0,0,0.000,-0.000,0.0,0
571505,0.000,0.000,0.0,0,0.000,-0.000,0.0,0
571545,0.000,0.000,0.0,0,0.000,-0.000,0.0,0
571585,0.000,0.000,0.0,0,0.000,-0.000,0.0,0
571625,0.000,0.000,0.0,0,0.000,-0.000,0.0,0
571665,0.000,0.000,0.0,0,0.000,-0.000,0.0,0
571705,0.000,0.000,0.0,0,0.000,-0.000,0.0,0
571745,0.000,0.000,0.0,0,0.000,-0.000,0.0,0
571785,0.000,0.000,0.0,0,0.000,-0.000,0.0,0
571825,0.000,0.000,0.0,0,0.000,-0.000,0.0,0
571865,0.000,0.000,0.0,0,0.000,-0.000,0.0,0
571905,0.000,0.000,0.0,0,0.000,-0.000,0.0,0
571945,0.000,0.000,0.0,0,0.000,-0.000,0.0,0
571985,0.000,0.000,0.0,0,0.000,-0.000,0.0,0
572025,0.000,0.000,0.0,0,0.000,-0.000,0.0,0
572065,0.000,0.000,0.0,0,0.000,-0.000,0.0,0
572105,0.000,0.000,0.0,0,0.000,-0.000,0.0,0
572145,0.000,0.000,0.0,0,0.000,-0.000,0.0,0
572185,0.000,0.000,0.0,0,0.000,-0.000,0.0,0
572225,0.000,0.000,0.0,0,0.000,-0.000,0.0,0
572265,0.000,0.000,0.0,0,0.000,-0.000,0.0,0
572305,0.000,0.000,0.0,0,0.000,-0.000,0.0,0
572345,0.000,0.000,0.0,0,0.000,-0.000,0.0,0
572385,0.000,0.000,0.0,0,0.000,-0.000,0.0,0
572425,0.000,0.000,0.0,0,0.000,-0.000,0.0,0
572465,0.000,0.000,0.0,0,0.000,-0.000,0.0,0
572505,0.000,0.000,0.0,0,0.000,-0.000,0.0,0
572545,0.000,0.000,0.0,0,0.000,-0.000,0.0,0
572585,0.000,0.000,0.0,0,0.000,-0.000,0.0,0
572625,0.000,0.000,0.0,0,0.000,-0.000,0.0,0
572665,0.000,0.000,0.0,0,0.000,-0.000,0.0,0
572705,0.000,0.000,0.0,0,0.000,-0.000,0.0,0
572745,0.000,0.000,0.0,0,0.000,-0.000,0.0,0
572785,0.000,0.000,0.0,0,0.000,-0.000,0.0,0
572825,0.000,0.000,0.0,0,0.000,-0.000,0.0,0
572865,0.000,0.000,0.0,0,0.000,-0.000,0.0,0
572905,0.000,0.000,0.0,0,0.000,-0.000,0.0,0
572945,0.000,0.000,0.0,0,0.000,-0.000,0.0,0
572985,0.000,0.000,0.0,0,0.000,-0.000,0.0,0
573025,0.000,0.000,0.0,0,0.000,-0.000,0.0,0
573065,0.000,0.000,0.0,0,0.000,-0.000,0.0,0
573105,0.000,0.000,0.0,0,0.000,-0.000,0.0,0
573145,0.000,0.000,0.0,0,0.000,-0.000,0.0,0
573185,0.000,0.000,0.0,0,0.000,-0.000,0.0,0
573225,0.000,0.000,0.0,0,0.000,-0.000,0.0,0
573265,0.000,0.000,0.0,0,0.000,-0.000,0.0,0
573305,0.000,0.000,0.0,0,0.000,-0.000,0.0,0
573345,0.000,0.000,0.0,0,0.000,-0.000,0.0,0
573385,0.000,0.000,0.0,0,0.000,-0.000,0.0,0
573425,0.000,0.000,0.0,0,0.000,-0.000,0.0,0
573465,0.000,0.000,0.0,0,0.000,-0.000,0.0,0
573505,0.000,0.000,0.0,0,0.000,-0.000,0.0,0
573545,0.000,0.000,0.0,0,0.000,-0.000,0.0,0
573585,0.000,0.000,0.0,0,0.000,-0.000,0.0,0
573625,0.000,0.000,0.0,0,0.000,-0.000,0.0,0
573665,0.000,0.000,0.0,0,0.000,-0.000,0.0,0
573705,0.000,0.000,0.0,0,0.000,-0.000,0.0,0
573745,0.000,0.000,0.0,0,0.000,-0.000,0.0,0
573785,0.000,0.000,0.0,0,0.000,-0.000,0.0,0
573825,0.000,0.000,0.0,0,0.000,-0.000,0.0,0
573865,0.000,0.000,0.0,0,0.000,-0.000,0.0,0
573905,0.000,0.000,0.0,0,0.000,-0.000,0.0,0
573945,0.000,0.000,0.0,0,0.000,-0.000,0.0,0
573985,0.000,0.000,0.0,0,0.000,-0.000,0.0,0
574025,0.000,0.000,0.0,0,0.000,-0.000,0.0,0
574065,0.000,0.000,0.0,0,0.000,-0.000,0.0,0
574105,0.000,0.000,0.0,0,0.000,-0.000,0.0,0
574145,0.000,0.000,0.0,0,0.000,-0.000,0.0,0
574185,0.000,0.000,0.0,0,0.000,-0.000,0.0,0
574225,0.000,0.000,0.0,0,0.000,-0.000,0.0,0
574265,0.000,0.000,0.0,0,0.000,-0.000,0.0,0
574305,0.000,0.000,0.0,0,0.000,-0.000,0.0,0
574345,0.000,0.000,0.0,0,0.000,-0.000,0.0,0
574385,0.000,0.000,0.0,0,0.000,-0.000,0.0,0
574425,0.000,0.000,0.0,0,0.000,-0.000,0.0,0
574465,0.000,0.000,0.0,0,0.000,-0.000,0.0,0
574505,0.000,0.000,0.0,0,0.000,-0.000,0.0,0
574545,0.000,0.000,0.0,0,0.000,-0.000,0.0,0
574585,0.000,0.000,0.0,0,0.000,-0.000,0.0,0
574625,0.000,0.000,0.0,0,0.000,-0.000,0.0,0
574665,0.000,0.000,0.0,0,0.000,-0.000,0.0,0
574705,0.000,0.000,0.0,0,0.000,-0.000,0.0,0
574745,0.000,0.000,0.0,0,0.000,-0.000,0.0,0
574785,0.000,0.000,0.0,0,0.000,-0.000,0.0,0
574825,0.000,0.000,0.0,0,0.000,-0.000,0.0,0
574865,0.000,0.000,0.0,0,0.000,-0.000,0.0,0
574905,0.000,0.000,0.0,0,0.000,-0.000,0.0,0
574945,0.000,0.000,0.0,0,0.000,-0.000,0.0,0
574985,0.000,0.000,0.0,0,0.000,-0.000,0.0,0
575025,0.000,0.000,0.0,0,0.000,-0.000,0.0,0
575065,0.000,0.000,0.0,0,0.000,-0.000,0.0,0
575105,0.000,0.000,0.0,0,0.000,-0.000,0.0,0
575145,0.000,0.000,0.0,0,0.000,-0.000,0.0,0
575185,0.000,0.000,0.0,0,0.000,-0.000,0.0,0
575225,0.000,0.000,0.0,0,0.000,-0.000,0.0,0
575265,0.000,0.000,0.0,0,0.000,-0.000,0.0,0
575305,0.000,0.000,0.0,0,0.000,-0.000,0.0,0
575345,0.000,0.000,0.0,0,0.000,-0.000,0.0,0
575385,0.000,0.000,0.0,0,0.000,-0.000,0.0,0
575425,0.000,0.000,0.0,0,0.000,-0.000,0.0,0
575465,0.000,0.000,0.0,0,0.000,-0.000,0.0,0
575505,0.000,0.000,0.0,0,0.000,-0.000,0.0,0
575545,0.000,0.000,0.0,0,0.000,-0.000,0.0,0
575585,0.000,0.000,0.0,0,0.000,-0.000,0.0,0
575625,0.000,0.000,0.0,0,0.000,-0.000,0.0,0
575665,1.282,0.000,17.4,17,0.000,-0.000,0.0,0
575705,1.282,0.000,19.5,19,0.000,-0.000,0.0,0
575745,1.282,0.000,21.5,21,0.000,-0.000,0.0,0
575785,1.282,0.000,23.6,23,0.000,-0.000,0.0,0
575825,1.282,0.000,25.6,25,0.000,-0.000,0.0,0
575865,1.282,0.163,25.5,25,0.000,-0.196,0.0,0
575905,1.282,0.465,23.4,23,0.000,-0.196,0.0,0
575945,1.282,0.465,24.7,24,0.000,-0.438,0.0,0
575985,1.282,0.757,22.0,22,0.000,-0.438,0.0,0
576025,1.282,0.936,20.6,20,0.000,-0.438,0.0,0
576065,1.282,1.130,18.7,18,0.000,-0.522,0.0,0
576105,1.282,1.321,16.5,16,0.000,-0.522,0.0,0
576145,1.282,1.374,15.7,15,0.000,-0.578,0.0,0
576185,1.282,1.450,14.6,14,0.000,-0.578,0.0,0
576225,1.282,1.450,14.3,14,0.000,-0.578,0.0,0
576265,1.282,1.521,13.1,13,0.000,-0.637,0.0,0
576305,1.282,1.411,14.2,14,0.000,-0.637,0.0,0
576345,1.282,1.338,14.9,14,0.000,-0.637,0.0,0
576385,1.282,1.338,14.9,14,0.000,-0.608,0.0,0
576425,1.282,1.347,14.6,14,0.000,-0.608,0.0,0
576465,1.282,1.253,15.7,15,0.000,-0.608,0.0,0
576505,1.282,1.253,15.8,15,0.000,-0.588,0.0,0
576545,1.282,1.156,17.1,17,0.000,-0.588,0.0,0
576585,1.282,1.156,17.3,17,0.000,-0.588,0.0,0
576625,1.282,1.121,17.9,17,0.000,-0.564,0.0,0
576665,1.282,1.097,18.5,18,0.000,-0.564,0.0,0
576705,1.282,1.097,18.8,18,0.000,-0.564,0.0,0
576745,1.282,1.096,19.1,19,0.000,-0.564,0.0,0
576785,1.282,1.135,18.9,18,0.000,-0.536,0.0,0
576825,1.282,1.135,19.2,19,0.000,-0.536,0.0,0
576865,1.282,1.162,19.0,19,0.000,-0.536,0.0,0
576905,1.282,1.230,18.3,18,0.000,-0.549,0.0,0
576945,1.282,1.319,17.3,17,0.000,-0.549,0.0,0
576985,1.282,1.330,17.1,17,0.000,-0.611,0.0,0
577025,1.282,1.330,17.0,17,0.000,-0.611,0.0,0
577065,1.282,1.390,16.1,16,0.000,-0.611,0.0,0
577105,1.282,1.463,15.0,14,0.000,-0.642,0.0,0
577145,1.282,1.431,15.1,15,0.000,-0.642,0.0,0
577185,1.282,1.400,15.3,15,0.000,-0.642,0.0,0
577225,1.282,1.391,15.2,15,0.000,-0.630,0.0,0
577265,1.282,1.391,15.0,15,0.000,-0.630,0.0,0
577305,1.282,1.355,15.3,15,0.000,-0.670,0.0,0
577345,1.282,1.337,15.4,15,0.000,-0.670,0.0,0
577385,1.282,1.337,15.3,15,0.000,-0.670,0.0,0
577425,1.282,1.282,16.0,16,0.000,-0.635,0.0,0
577465,1.282,1.221,16.8,16,0.000,-0.635,0.0,0
577505,1.282,1.221,16.9,16,0.000,-0.635,0.0,0
577545,1.282,1.221,17.0,16,0.000,-0.597,0.0,0
577585,1.282,1.217,17.1,17,0.000,-0.597,0.0,0
577625,1.282,1.217,17.2,17,0.000,-0.597,0.0,0
577665,1.282,1.190,17.7,17,0.000,-0.596,0.0,0
577705,1.282,1.205,17.7,17,0.000,-0.596,0.0,0
577745,1.282,1.223,17.5,17,0.000,-0.596,0.0,0
577785,1.282,1.223,17.6,17,0.000,-0.603,0.0,0
577825,1.282,1.260,17.2,17,0.000,-0.603,0.0,0
577865,1.282,1.327,16.4,16,0.000,-0.603,0.0,0
577905,1.282,1.320,16.4,16,0.000,-0.604,0.0,0
577945,1.282,1.320,16.3,16,0.000,-0.604,0.0,0
577985,1.282,1.284,16.7,16,0.000,-0.616,0.0,0
578025,1.282,1.301,16.5,16,0.000,-0.616,0.0,0
578065,1.282,1.295,16.5,16,0.000,-0.616,0.0,0
578105,1.282,1.295,16.5,16,0.000,-0.641,0.0,0
578145,1.282,1.282,16.7,16,0.000,-0.641,0.0,0
578185,1.282,1.258,17.0,17,0.000,-0.641,0.0,0
578225,1.282,1.243,17.2,17,0.000,-0.600,0.0,0
578265,1.282,1.243,17.3,17,0.000,-0.600,0.0,0
578305,1.282,1.257,17.2,17,0.000,-0.600,0.0,0
578345,1.282,1.302,16.6,16,0.000,-0.614,0.0,0
578385,1.282,1.274,16.9,16,0.000,-0.614,0.0,0
578425,1.282,1.274,16.9,16,0.000,-0.640,0.0,0
578465,1.282,1.279,16.9,16,0.000,-0.640,0.0,0
578505,1.282,1.332,16.2,16,0.000,-0.640,0.0,0
578545,1.282,1.322,16.2,16,0.000,-0.620,0.0,0
578585,1.282,1.322,16.2,16,0.000,-0.620,0.0,0
578625,1.282,1.329,16.0,16,0.000,-0.620,0.0,0
578665,1.282,1.382,15.2,15,0.000,-0.642,0.0,0
578705,1.282,1.342,15.6,15,0.000,-0.642,0.0,0
578745,1.282,1.300,16.0,16,0.000,-0.661,0.0,0
578785,1.282,1.300,16.0,15,0.000,-0.661,0.0,0
578825,1.282,1.292,16.1,16,0.000,-0.661,0.0,0
578865,1.282,1.232,16.8,16,0.000,-0.661,0.0,0
578905,1.282,1.232,16.9,16,0.000,-0.615,0.0,0
578945,1.282,1.204,17.3,17,0.000,-0.615,0.0,0
578985,1.282,1.199,17.5,17,0.000,-0.615,0.0,0
579025,1.282,1.199,17.7,17,0.000,-0.587,0.0,0
579065,1.282,1.176,18.1,18,0.000,-0.587,0.0,0
579105,1.282,1.199,18.0,17,0.000,-0.618,0.0,0
579145,1.282,1.199,18.1,18,0.000,-0.618,0.0,0
579185,1.282,1.242,17.7,17,0.000,-0.618,0.0,0
579225,1.282,1.230,17.9,17,0.000,-0.618,0.0,0
579265,1.282,1.280,17.3,17,0.000,-0.597,0.0,0
579305,1.282,1.369,16.2,16,0.000,-0.597,0.0,0
579345,1.282,1.369,16.1,16,0.000,-0.621,0.0,0
579385,1.282,1.343,16.3,16,0.000,-0.621,0.0,0
579425,1.282,1.388,15.6,15,0.000,-0.684,0.0,0
579465,1.282,1.448,14.6,14,0.000,-0.684,0.0,0
579505,1.282,1.383,15.2,15,0.000,-0.684,0.0,0
579545,1.282,1.383,15.0,14,0.000,-0.656,0.0,0
579585,1.282,1.331,15.5,15,0.000,-0.656,0.0,0
579625,1.282,1.342,15.3,15,0.000,-0.656,0.0,0
579665,1.282,1.342,15.2,15,0.000,-0.638,0.0,0
579705,1.282,1.256,16.3,16,0.000,-0.638,0.0,0
579745,1.282,1.224,16.7,16,0.000,-0.638,0.0,0
579785,1.282,1.224,16.8,16,0.000,-0.621,0.0,0
579825,1.282,1.197,17.3,17,0.000,-0.621,0.0,0
579865,1.282,1.128,18.3,18,0.000,-0.621,0.0,0
579905,1.282,1.128,18.6,18,0.000,-0.575,0.0,0
579945,1.282,1.164,18.3,18,0.000,-0.575,0.0,0
579985,1.282,1.188,18.2,18,0.000,-0.575,0.0,0
580025,1.282,1.188,18.3,18,0.000,-0.575,0.0,0
580065,1.282,1.150,19.0,19,0.000,-0.564,0.0,0
580105,1.282,1.251,17.8,17,0.000,-0.564,0.0,0
580145,1.282,1.338,16.8,16,0.000,-0.614,0.0,0
580185,1.282,1.285,17.4,17,0.000,-0.614,0.0,0
580225,1.282,1.285,17.4,17,0.000,-0.614,0.0,0
580265,1.282,1.313,17.0,16,0.000,-0.609,0.0,0
580305,1.282,1.438,15.2,15,0.000,-0.609,0.0,0
580345,1.282,1.394,15.5,15,0.000,-0.641,0.0,0
580385,1.282,1.394,15.4,15,0.000,-0.641,0.0,0
580425,1.282,1.318,16.2,16,0.000,-0.641,0.0,0
580465,1.282,1.350,15.7,15,0.000,-0.643,0.0,0
580505,1.282,1.270,16.6,16,0.000,-0.643,0.0,0
580545,1.282,1.270,16.7,16,0.000,-0.643,0.0,0
580585,1.282,1.183,17.8,17,0.000,-0.643,0.0,0
580625,1.282,1.178,18.0,18,0.000,-0.586,0.0,0
580665,1.282,1.178,18.2,18,0.000,-0.586,0.0,0
580705,1.282,1.175,18.4,18,0.000,-0.586,0.0,0
580745,1.282,1.270,17.3,17,0.000,-0.568,0.0,0
580785,1.282,1.391,15.8,15,0.000,-0.568,0.0,0
580825,1.282,1.391,15.6,15,0.000,-0.568,0.0,0
580865,1.282,1.267,17.2,17,0.000,-0.539,0.0,0
580905,1.282,1.267,17.2,17,0.000,-0.539,0.0,0
580945,1.282,1.181,18.4,18,0.000,-0.539,0.0,0
580985,1.282,1.689,11.9,11,0.000,-0.539,0.0,0
581025,1.282,1.689,11.2,11,0.000,-0.000,0.0,0
581065,1.282,1.403,14.2,14,0.000,-0.149,0.0,0
581105,1.282,1.403,14.0,14,0.000,-0.149,0.0,0
581145,1.282,1.192,16.5,16,0.000,-0.149,0.0,0
581185,1.282,1.192,16.7,16,0.000,-0.149,0.0,0
581225,1.282,1.197,16.8,16,0.000,-0.239,0.0,0
581265,1.282,1.313,15.4,15,0.000,-0.239,0.0,0
581305,1.282,1.453,13.6,13,0.000,-0.239,0.0,0
581345,1.282,1.453,13.3,13,0.000,-0.239,0.0,0
581385,1.282,1.252,15.8,15,0.000,-0.000,0.0,0
581425,1.282,1.252,15.8,15,0.000,-0.118,0.0,0
581465,1.282,1.252,15.8,15,0.000,-0.118,0.0,0
581505,1.282,1.023,19.0,19,0.000,-0.118,0.0,0
581545,1.282,1.126,18.1,18,0.000,-0.118,0.0,0
581585,1.282,1.417,14.6,14,0.000,-0.000,0.0,0
581625,1.282,1.405,14.6,14,0.000,-0.000,0.0,0
581665,1.282,1.405,14.4,14,0.000,-0.000,0.0,0
581705,1.282,1.405,14.2,14,0.000,-0.000,0.0,0
581745,1.282,1.405,14.0,13,0.000,-0.071,0.0,0
581785,1.282,1.099,17.9,17,0.000,-0.071,0.0,0
581825,1.282,1.099,18.2,18,0.000,-0.071,0.0,0
581865,1.282,0.965,20.4,20,0.000,-0.071,0.0,0
581905,1.282,1.319,16.0,16,0.000,-0.000,0.0,0
581945,1.282,1.918,7.9,7,0.000,-0.000,0.0,0
581985,1.282,1.918,6.9,6,0.000,-0.000,0.0,0
582025,1.282,1.918,5.9,5,0.000,-0.000,0.0,0
582065,1.282,1.918,4.9,4,0.000,-0.000,0.0,0
582105,0.000,0.000,0.0,0,0.000,-0.000,0.0,0
582145,0.000,0.000,0.0,0,0.000,-0.000,0.0,0
582185,0.000,0.000,0.0,0,0.000,-0.000,0.0,0
582225,0.000,0.000,0.0,0,0.000,-0.000,0.0,0
582265,0.000,0.000,0.0,0,0.000,-0.000,0.0,0
582305,0.000,0.000,0.0,0,0.000,-0.000,0.0,0
582345,0.000,0.000,0.0,0,0.000,-0.000,0.0,0
582385,0.000,0.000,0.0,0,0.000,-0.000,0.0,0
582425,0.000,0.000,0.0,0,0.000,-0.000,0.0,0
582465,0.000,0.000,0.0,0,0.000,-0.000,0.0,0
582505,0.000,0.000,0.0,0,0.000,-0.000,0.0,0
582545,0.000,0.000,0.0,0,0.000,-0.000,0.0,0
582585,0.000,0.000,0.0,0,0.000,-0.000,0.0,0
582625,0.000,0.000,0.0,0,0.000,-0.000,0.0,0
582665,0.000,0.000,0.0,0,0.000,-0.000,0.0,0
582705,0.000,0.000,0.0,0,0.000,-0.000,0.0,0
582745,0.000,0.000,0.0,0,0.000,-0.000,0.0,0
582785,0.000,0.000,0.0,0,0.000,-0.000,0.0,0
582825,0.000,0.000,0.0,0,0.000,-0.000,0.0,0
582865,0.000,0.000,0.0,0,0.000,-0.000,0.0,0
582905,0.000,0.000,0.0,0,0.000,-0.000,0.0,0
582945,0.000,0.000,0.0,0,0.000,-0.000,0.0,0
582985,0.000,0.000,0.0,0,0.000,-0.000,0.0,0
583025,0.000,0.000,0.0,0,0.000,-0.000,0.0,0
583065,0.000,0.000,0.0,0,0.000,-0.000,0.0,0
583105,0.000,0.000,0.0,0,0.000,-0.000,0.0,0
583145,0.000,0.000,0.0,0,0.000,-0.000,0.0,0
583185,0.000,0.000,0.0,0,0.000,-0.000,0.0,0
583225,0.000,0.000,0.0,0,0.000,-0.000,0.0,0
583265,0.000,0.000,0.0,0,0.000,-0.000,0.0,0
583305,0.000,0.000,0.0,0,0.000,-0.000,0.0,0
583345,0.000,0.000,0.0,0,0.000,-0.000,0.0,0
583385,0.000,0.000,0.0,0,0.000,-0.000,0.0,0
583425,0.000,0.000,0.0,0,0.000,-0.000,0.0,0
583465,0.000,0.000,0.0,0,0.000,-0.000,0.0,0
583505,0.000,0.000,0.0,0,0.000,-0.000,0.0,0
583545,0.000,0.000,0.0,0,0.000,-0.000,0.0,0
583585,0.000,0.000,0.0,0,0.000,-0.000,0.0,0
583625,0.000,0.000,0.0,0,0.000,-0.000,0.0,0
583665,0.000,0.000,0.0,0,0.000,-0.000,0.0,0
583705,0.000,0.000,0.0,0,0.000,-0.000,0.0,0
583745,0.000,0.000,0.0,0,0.000,-0.000,0.0,0
583785,0.000,0.000,0.0,0,0.000,-0.000,0.0,0
583825,0.000,0.000,0.0,0,0.000,-0.000,0.0,0
583865,0.000,0.000,0.0,0,0.000,-0.000,0.0,0
583905,0.000,0.000,0.0,0,0.000,-0.000,0.0,0
583945,0.000,0.000,0.0,0,0.000,-0.000,0.0,0
583985,0.000,0.000,0.0,0,0.000,-0.000,0.0,0
584025,0.000,0.000,0.0,0,0.000,-0.000,0.0,0
584065,0.000,0.000,0.0,0,0.000,-0.000,0.0,0
584105,0.000,0.000,0.0,0,0.000,-0.000,0.0,0
584145,0.000,0.000,0.0,0,0.000,-0.000,0.0,0
584185,0.000,0.000,0.0,0,0.000,-0.000,0.0,0
584225,0.000,0.000,0.0,0,0.000,-0.000,0.0,0
584265,0.000,0.000,0.0,0,0.000,-0.000,0.0,0
584305,0.000,0.000,0.0,0,0.000,-0.000,0.0,0
584345,0.000,0.000,0.0,0,0.000,-0.000,0.0,0
584385,0.000,0.000,0.0,0,0.000,-0.000,0.0,0
584425,0.000,0.000,0.0,0,0.000,-0.000,0.0,0
584465,0.000,0.000,0.0,0,0.000,-0.000,0.0,0
584505,0.000,0.000,0.0,0,0.000,-0.000,0.0,0
584545,0.000,0.000,0.0,0,0.000,-0.000,0.0,0
584585,0.000,0.000,0.0,0,0.000,-0.000,0.0,0
584625,0.000,0.000,0.0,0,0.000,-0.000,0.0,0
584665,0.000,0.000,0.0,0,0.000,-0.000,0.0,0
584705,0.000,0.000,0.0,0,0.000,-0.000,0.0,0
584745,0.000,0.000,0.0,0,0.000,-0.000,0.0,0
584785,0.000,0.000,0.0,0,0.000,-0.000,0.0,0
584825,0.000,0.000,0.0,0,0.000,-0.000,0.0,0
584865,0.000,0.000,0.0,0,0.000,-0.000,0.0,0
584905,0.000,0.000,0.0,0,0.000,-0.000,0.0,0
584945,0.000,0.000,0.0,0,0.000,-0.000,0.0,0
584985,0.000,0.000,0.0,0,0.000,-0.000,0.0,0
585025,0.000,0.000,0.0,0,0.000,-0.000,0.0,0
585065,0.000,0.000,0.0,0,0.000,-0.000,0.0,0
585105,0.000,0.000,0.0,0,0.000,-0.000,0.0,0
585145,0.000,0.000,0.0,0,0.000,-0.000,0.0,0
585185,0.000,0.000,0.0,0,0.000,-0.000,0.0,0
585225,0.000,0.000,0.0,0,0.000,-0.000,0.0,0
585265,0.000,0.000,0.0,0,0.000,-0.000,0.0,0
585305,0.000,0.000,0.0,0,0.000,-0.000,0.0,0
585345,0.000,0.000,0.0,0,0.000,-0.000,0.0,0
585385,0.000,0.000,0.0,0,0.000,-0.000,0.0,0
585425,0.000,0.000,0.0,0,0.000,-0.000,0.0,0
585465,0.000,0.000,0.0,0,0.000,-0.000,0.0,0
585505,0.000,0.000,0.0,0,0.000,-0.000,0.0,0
585545,0.000,0.000,0.0,0,0.000,-0.000,0.0,0
585585,0.000,0.000,0.0,0,0.000,-0.000,0.0,0
585625,0.000,0.000,0.0,0,0.000,-0.000,0.0,0
585665,0.000,0.000,0.0,0,0.000,-0.000,0.0,0
585705,0.000,0.000,0.0,0,0.000,-0.000,0.0,0
585745,0.000,0.000,0.0,0,0.000,-0.000,0.0,0
585785,0.000,0.000,0.0,0,0.000,-0.000,0.0,0
585825,0.000,0.000,0.0,0,0.000,-0.000,0.0,0
585865,0.000,0.000,0.0,0,0.000,-0.000,0.0,0
585905,0.000,0.000,0.0,0,0.000,-0.000,0.0,0
585945,0.000,0.000,0.0,0,0.000,-0.000,0.0,0
585985,0.000,0.000,0.0,0,0.000,-0.000,0.0,0
586025,0.000,0.000,0.0,0,0.000,-0.000,0.0,0
586065,0.000,0.000,0.0,0,0.000,-0.000,0.0,0
586105,0.000,0.000,0.0,0,0.000,-0.000,0.0,0
586145,0.000,0.000,0.0,0,0.000,-0.000,0.0,0
586185,0.000,0.000,0.0,0,0.000,-0.000,0.0,0
586225,0.000,0.000,0.0,0,0.000,-0.000,0.0,0
586265,0.000,0.000,0.0,0,0.000,-0.000,0.0,0
586305,0.000,0.000,0.0,0,0.000,-0.000,0.0,0
586345,0.000,0.000,0.0,0,0.000,-0.000,0.0,0
586385,0.000,0.000,0.0,0,0.000,-0.000,0.0,0
586425,0.000,0.000,0.0,0,0.000,-0.000,0.0,0
586465,0.000,0.000,0.0,0,0.000,-0.000,0.0,0
586505,0.000,0.000,0.0,0,0.000,-0.000,0.0,0
586545,0.000,0.000,0.0,0,0.000,-0.000,0.0,0
586585,0.000,0.000,0.0,0,0.000,-0.000,0.0,0
586625,0.000,0.000,0.0,0,0.000,-0.000,0.0,0
586665,0.000,0.000,0.0,0,0.000,-0.000,0.0,0
586705,0.000,0.000,0.0,0,0.000,-0.000,0.0,0
586745,0.000,0.000,0.0,0,0.000,-0.000,0.0,0
586785,0.000,0.000,0.0,0,0.000,-0.000,0.0,0
586825,0.000,0.000,0.0,0,0.000,-0.000,0.0,0
586865,0.000,0.000,0.0,0,0.000,-0.000,0.0,0
586905,0.000,0.000,0.0,0,0.000,-0.000,0.0,0
586945,0.000,0.000,0.0,0,0.000,-0.000,0.0,0
586985,0.000,0.000,0.0,0,0.000,-0.000,0.0,0
587025,0.000,0.000,0.0,0,0.000,-0.000,0.0,0
587065,0.000,0.000,0.0,0,0.000,-0.000,0.0,0
587105,0.000,0.000,0.0,0,0.000,-0.000,0.0,0
587145,0.000,0.000,0.0,0,0.000,-0.000,0.0,0
587185,0.000,0.000,0.0,0,0.000,-0.000,0.0,0
587225,0.000,0.000,0.0,0,0.000,-0.000,0.0,0
587265,0.000,0.000,0.0,0,0.000,-0.000,0.0,0
587305,0.000,0.000,0.0,0,0.000,-0.000,0.0,0
587345,0.000,0.000,0.0,0,0.000,-0.000,0.0,0
587385,0.000,0.000,0.0,0,0.000,-0.000,0.0,0
587425,0.000,0.000,0.0,0,0.000,-0.000,0.0,0
587465,0.000,0.000,0.0,0,0.000,-0.000,0.0,0
587505,0.000,0.000,0.0,0,0.000,-0.000,0.0,0
587545,0.000,0.000,0.0,0,0.000,-0.000,0.0,0
587585,0.000,0.000,0.0,0,0.000,-0.000,0.0,0
587625,0.000,0.000,0.0,0,0.000,-0.000,0.0,0
587665,0.000,0.000,0.0,0,0.000,-0.000,0.0,0
587705,0.000,0.000,0.0,0,0.000,-0.000,0.0,0
587745,0.000,0.000,0.0,0,0.000,-0.000,0.0,0
587785,0.000,0.000,0.0,0,0.000,-0.000,0.0,0
587825,0.000,0.000,0.0,0,0.000,-0.000,0.0,0
587865,0.000,0.000,0.0,0,0.000,-0.000,0.0,0
587905,0.000,0.000,0.0,0,0.000,-0.000,0.0,0
587945,0.000,0.000,0.0,0,0.000,-0.000,0.0,0
587985,0.000,0.000,0.0,0,0.000,-0.000,0.0,0
588025,0.000,0.000,0.0,0,0.000,-0.000,0.0,0
588065,0.000,0.000,0.0,0,0.000,-0.000,0.0,0
588105,0.000,0.000,0.0,0,0.000,-0.000,0.0,0
588145,0.000,0.000,0.0,0,0.000,-0.000,0.0,0
588185,0.000,0.000,0.0,0,0.000,-0.000,0.0,0
588225,0.000,0.000,0.0,0,0.000,-0.000,0.0,0
588265,0.000,0.000,0.0,0,0.000,-0.000,0.0,0
588305,0.000,0.000,0.0,0,0.000,-0.000,0.0,0
588345,0.000,0.000,0.0,0,0.000,-0.000,0.0,0
588385,0.000,0.000,0.0,0,0.000,-0.000,0.0,0
588425,0.000,0.000,0.0,0,0.000,-0.000,0.0,0
588465,0.000,0.000,0.0,0,0.000,-0.000,0.0,0
588505,0.000,0.000,0.0,0,0.000,-0.000,0.0,0
588545,0.000,0.000,0.0,0,0.000,-0.000,0.0,0
588585,0.000,0.000,0.0,0,0.000,-0.000,0.0,0
588625,0.000,0.000,0.0,0,0.000,-0.000,0.0,0
588665,0.000,0.000,0.0,0,0.000,-0.000,0.0,0
588705,0.000,0.000,0.0,0,0.000,-0.000,0.0,0
588745,0.000,0.000,0.0,0,0.000,-0.000,0.0,0
588785,0.000,0.000,0.0,0,0.000,-0.000,0.0,0
588825,0.000,0.000,0.0,0,0.000,-0.000,0.0,0
588865,0.000,0.000,0.0,0,0.000,-0.000,0.0,0
588905,0.000,0.000,0.0,0,0.000,-0.000,0.0,0
588945,0.000,0.000,0.0,0,0.000,-0.000,0.0,0
588985,0.000,0.000,0.0,0,0.000,-0.000,0.0,0
589025,0.000,0.000,0.0,0,0.000,-0.000,0.0,0
589065,0.000,0.000,0.0,0,0.000,-0.000,0.0,0
589105,0.000,0.000,0.0,0,0.000,-0.000,0.0,0
589145,0.000,0.000,0.0,0,0.000,-0.000,0.0,0
589185,0.000,0.000,0.0,0,0.000,-0.000,0.0,0
589225,0.000,0.000,0.0,0,0.000,-0.000,0.0,0
589265,0.000,0.000,0.0,0,0.000,-0.000,0.0,0
589305,0.000,0.000,0.0,0,0.000,-0.000,0.0,0
589345,0.000,0.000,0.0,0,0.000,-0.000,0.0,0
589385,0.000,0.000,0.0,0,0.000,-0.000,0.0,0
589425,0.000,0.000,0.0,0,0.000,-0.000,0.0,0
589465,0.000,0.000,0.0,0,0.000,-0.000,0.0,0
589505,0.000,0.000,0.0,0,0.000,-0.000,0.0,0
589545,0.000,0.000,0.0,0,0.000,-0.000,0.0,0
589585,0.000,0.000,0.0,0,0.000,-0.000,0.0,0
589625,0.000,0.000,0.0,0,0.000,-0.000,0.0,0
589665,0.000,0.000,0.0,0,0.000,-0.000,0.0,0
589705,0.000,0.000,0.0,0,0.000,-0.000,0.0,0
589745,0.000,0.000,0.0,0,0.000,-0.000,0.0,0
589785,0.000,0.000,0.0,0,0.000,-0.000,0.0,0
589825,0.000,0.000,0.0,0,0.000,-0.000,0.0,0
589865,0.000,0.000,0.0,0,0.000,-0.000,0.0,0
589905,0.000,0.000,0.0,0,0.000,-0.000,0.0,0
589945,0.000,0.000,0.0,0,0.000,-0.000,0.0,0
589985,0.000,0.000,0.0,0,0.000,-0.000,0.0,0
590025,0.000,0.000,0.0,0,0.000,-0.000,0.0,0
590065,0.000,0.000,0.0,0,0.000,-0.000,0.0,0
590105,0.000,0.000,0.0,0,0.000,-0.000,0.0,0
590145,0.000,0.000,0.0,0,0.000,-0.000,0.0,0
590185,0.000,0.000,0.0,0,0.000,-0.000,0.0,0
590225,0.000,0.000,0.0,0,0.000,-0.000,0.0,0
590265,0.000,0.000,0.0,0,0.000,-0.000,0.0,0
590305,0.000,0.000,0.0,0,0.000,-0.000,0.0,0
590345,0.000,0.000,0.0,0,0.000,-0.000,0.0,0
590385,0.000,0.000,0.0,0,0.000,-0.000,0.0,0
590425,0.000,0.000,0.0,0,0.000,-0.000,0.0,0
590465,0.000,0.000,0.0,0,0.000,-0.000,0.0,0
590505,0.000,0.000,0.0,0,0.000,-0.000,0.0,0
590545,0.000,0.000,0.0,0,0.000,-0.000,0.0,0
590585,0.000,0.000,0.0,0,0.000,-0.000,0.0,0
590625,0.000,0.000,0.0,0,0.000,-0.000,0.0,0
590665,0.000,0.000,0.0,0,0.000,-0.000,0.0,0
590705,0.000,0.000,0.0,0,0.000,-0.000,0.0,0
590745,0.000,0.000,0.0,0,0.000,-0.000,0.0,0
590785,0.000,0.000,0.0,0,0.000,-0.000,0.0,0
590825,0.000,0.000,0.0,0,0.000,-0.000,0.0,0
590865,0.000,0.000,0.0,0,0.000,-0.000,0.0,0
590905,0.000,0.000,0.0,0,0.000,-0.000,0.0,0
590945,0.000,0.000,0.0,0,0.000,-0.000,0.0,0
590985,0.000,0.000,0.0,0,0.000,-0.000,0.0,0
591025,0.000,0.000,0.0,0,0.000,-0.000,0.0,0
591065,0.000,0.000,0.0,0,0.000,-0.000,0.0,0
591105,0.000,0.000,0.0,0,0.000,-0.000,0.0,0
591145,0.000,0.000,0.0,0,0.000,-0.000,0.0,0
591185,0.000,0.000,0.0,0,0.000,-0.000,0.0,0
591225,0.000,0.000,0.0,0,0.000,-0.000,0.0,0
591265,0.000,0.000,0.0,0,0.000,-0.000,0.0,0
591305,0.000,0.000,0.0,0,0.000,-0.000,0.0,0
591345,0.000,0.000,0.0,0,0.000,-0.000,0.0,0
591385,0.000,0.000,0.0,0,0.000,-0.000,0.0,0
591425,0.000,0.000,0.0,0,0.000,-0.000,0.0,0
591465,0.000,0.000,0.0,0,0.000,-0.000,0.0,0
591505,0.000,0.000,0.0,0,0.000,-0.000,0.0,0
591545,0.000,0.000,0.0,0,0.000,-0.000,0.0,0
591585,0.000,0.000,0.0,0,0.000,-0.000,0.0,0
591625,0.000,0.000,0.0,0,0.000,-0.000,0.0,0
591665,0.000,0.000,0.0,0,0.000,-0.000,0.0,0
591705,0.000,0.000,0.0,0,0.000,-0.000,0.0,0
591745,0.000,0.000,0.0,0,0.000,-0.000,0.0,0
591785,0.000,0.000,0.0,0,0.000,-0.000,0.0,0
591825,0.000,0.000,0.0,0,0.000,-0.000,0.0,0
591865,0.000,0.000,0.0,0,0.000,-0.000,0.0,0
591905,0.000,0.000,0.0,0,0.000,-0.000,0.0,0
591945,0.000,0.000,0.0,0,0.000,-0.000,0.0,0
591985,0.000,0.000,0.0,0,0.000,-0.000,0.0,0
592025,0.000,0.000,0.0,0,0.000,-0.000,0.0,0
592065,0.000,0.000,0.0,0,0.000,-0.000,0.0,0
592105,0.000,0.000,0.0,0,0.000,-0.000,0.0,0
592145,0.000,0.000,0.0,0,0.000,-0.000,0.0,0
592185,0.000,0.000,0.0,0,0.000,-0.000,0.0,0
592225,0.000,0.000,0.0,0,0.000,-0.000,0.0,0
592265,0.000,0.000,0.0,0,0.000,-0.000,0.0,0
592305,0.000,0.000,0.0,0,0.000,-0.000,0.0,0
592345,0.000,0.000,0.0,0,0.000,-0.000,0.0,0
592385,0.000,0.000,0.0,0,0.000,-0.000,0.0,0
592425,0.000,0.000,0.0,0,0.000,-0.000,0.0,0
592465,0.000,0.000,0.0,0,0.000,-0.000,0.0,0
592505,0.000,0.000,0.0,0,0.000,-0.000,0.0,0
592545,0.000,0.000,0.0,0,0.000,-0.000,0.0,0
592585,0.000,0.000,0.0,0,0.000,-0.000,0.0,0
592625,0.000,0.000,0.0,0,0.000,-0.000,0.0,0
592665,0.000,0.000,0.0,0,0.000,-0.000,0.0,0
592705,0.000,0.000,0.0,0,0.000,-0.000,0.0,0
592745,0.000,0.000,0.0,0,0.000,-0.000,0.0,0
592785,0.000,0.000,0.0,0,0.000,-0.000,0.0,0
592825,0.000,0.000,0.0,0,0.000,-0.000,0.0,0
592865,0.000,0.000,0.0,0,0.000,-0.000,0.0,0
592905,0.000,0.000,0.0,0,0.000,-0.000,0.0,0
592945,0.000,0.000,0.0,0,0.000,-0.000,0.0,0
592985,0.000,0.000,0.0,0,0.000,-0.000,0.0,0
593025,0.000,0.000,0.0,0,0.000,-0.000,0.0,0
593065,0.000,0.000,0.0,0,0.000,-0.000,0.0,0
593105,0.000,0.000,0.0,0,0.000,-0.000,0.0,0
593145,0.000,0.000,0.0,0,0.000,-0.000,0.0,0
593185,0.000,0.000,0.0,0,0.000,-0.000,0.0,0
593225,0.000,0.000,0.0,0,0.000,-0.000,0.0,0
593265,0.000,0.000,0.0,0,0.000,-0.000,0.0,0
593305,0.000,0.000,0.0,0,0.000,-0.000,0.0,0
593345,0.000,0.000,0.0,0,0.000,-0.000,0.0,0
593385,0.000,0.000,0.0,0,0.000,-0.000,0.0,0
593425,0.000,0.000,0.0,0,0.000,-0.000,0.0,0
593465,0.000,0.000,0.0,0,0.000,-0.000,0.0,0
593505,0.000,0.000,0.0,0,0.000,-0.000,0.0,0
593545,0.000,0.000,0.0,0,0.000,-0.000,0.0,0
593585,0.000,0.000,0.0,0,0.000,-0.000,0.0,0
593625,0.000,0.000,0.0,0,0.000,-0.000,0.0,0
593665,0.000,0.000,0.0,0,0.000,-0.000,0.0,0
593705,0.000,0.000,0.0,0,0.000,-0.000,0.0,0
593745,0.000,0.000,0.0,0,0.000,-0.000,0.0,0
593785,0.000,0.000,0.0,0,0.000,-0.000,0.0,0
593825,0.000,0.000,0.0,0,0.000,-0.000,0.0,0
593865,0.000,0.000,0.0,0,0.000,-0.000,0.0,0
593905,0.000,0.000,0.0,0,0.000,-0.000,0.0,0
593945,0.000,0.000,0.0,0,0.000,-0.000,0.0,0
593985,0.000,0.000,0.0,0,0.000,-0.000,0.0,0
594025,0.000,0.000,0.0,0,0.000,-0.000,0.0,0
594065,0.000,0.000,0.0,0,0.000,-0.000,0.0,0
594105,0.000,0.000,0.0,0,0.000,-0.000,0.0,0
594145,0.000,0.000,0.0,0,0.000,-0.000,0.0,0
594185,0.000,0.000,0.0,0,0.000,-0.000,0.0,0
594225,0.000,0.000,0.0,0,0.000,-0.000,0.0,0
594265,0.000,0.000,0.0,0,0.000,-0.000,0.0,0
594305,0.000,0.000,0.0,0,0.000,-0.000,0.0,0
594345,0.000,0.000,0.0,0,0.000,-0.000,0.0,0
594385,0.000,0.000,0.0,0,0.000,-0.000,0.0,0
594425,0.000,0.000,0.0,0,0.000,-0.000,0.0,0
594465,0.000,0.000,0.0,0,0.000,-0.000,0.0,0
594505,0.000,0.000,0.0,0,0.000,-0.000,0.0,0
594545,0.000,0.000,0.0,0,0.000,-0.000,0.0,0
594585,0.000,0.000,0.0,0,0.000,-0.000,0.0,0
594625,0.000,0.000,0.0,0,0.000,-0.000,0.0,0
594665,0.000,0.000,0.0,0,0.000,-0.000,0.0,0
594705,0.000,0.000,0.0,0,0.000,-0.000,0.0,0
594745,0.000,0.000,0.0,0,0.000,-0.000,0.0,0
594785,0.000,0.000,0.0,0,0.000,-0.000,0.0,0
594825,0.000,0.000,0.0,0,0.000,-0.000,0.0,0
594865,0.000,0.000,0.0,0,0.000,-0.000,0.0,0
594905,0.000,0.000,0.0,0,0.000,-0.000,0.0,0
594945,0.000,0.000,0.0,0,0.000,-0.000,0.0,0
594985,0.000,0.000,0.0,0,0.000,-0.000,0.0,0
595025,0.000,0.000,0.0,0,0.000,-0.000,0.0,0
595065,0.000,0.000,0.0,0,0.000,-0.000,0.0,0
595105,0.000,0.000,0.0,0,0.000,-0.000,0.0,0
595145,0.000,0.000,0.0,0,0.000,-0.000,0.0,0
595185,0.000,0.000,0.0,0,0.000,-0.000,0.0,0
595225,0.000,0.000,0.0,0,0.000,-0.000,0.0,0
595265,0.000,0.000,0.0,0,0.000,-0.000,0.0,0
595305,0.000,0.000,0.0,0,0.000,-0.000,0.0,0
595345,0.000,0.000,0.0,0,0.000,-0.000,0.0,0
595385,0.000,0.000,0.0,0,0.000,-0.000,0.0,0
595425,0.000,0.000,0.0,0,0.000,-0.000,0.0,0
595465,0.000,0.000,0.0,0,0.000,-0.000,0.0,0
595505,0.000,0.000,0.0,0,0.000,-0.000,0.0,0
595545,0.000,0.000,0.0,0,0.000,-0.000,0.0,0
595585,0.000,0.000,0.0,0,0.000,-0.000,0.0,0
595625,0.000,0.000,0.0,0,0.000,-0.000,0.0,0
595665,0.000,0.000,0.0,0,0.000,-0.000,0.0,0
595705,0.000,0.000,0.0,0,0.000,-0.000,0.0,0
595745,0.000,0.000,0.0,0,0.000,-0.000,0.0,0
595785,0.000,0.000,0.0,0,0.000,-0.000,0.0,0
595825,0.000,0.000,0.0,0,0.000,-0.000,0.0,0
595865,0.000,0.000,0.0,0,0.000,-0.000,0.0,0
595905,0.000,0.000,0.0,0,0.000,-0.000,0.0,0
595945,0.000,0.000,0.0,0,0.000,-0.000,0.0,0
595985,0.000,0.000,0.0,0,0.000,-0.000,0.0,0
596025,0.000,0.000,0.0,0,0.000,-0.000,0.0,0
596065,0.000,0.000,0.0,0,0.000,-0.000,0.0,0
596105,0.000,0.000,0.0,0,0.000,-0.000,0.0,0
596145,0.000,0.000,0.0,0,0.000,-0.000,0.0,0
596185,0.000,0.000,0.0,0,0.000,-0.000,0.0,0
596225,0.000,0.000,0.0,0,0.000,-0.000,0.0,0
596265,0.000,0.000,0.0,0,0.000,-0.000,0.0,0
596305,0.000,0.000,0.0,0,0.000,-0.000,0.0,0
596345,0.000,0.000,0.0,0,0.000,-0.000,0.0,0
596385,0.000,0.000,0.0,0,0.000,-0.000,0.0,0
596425,0.000,0.000,0.0,0,0.000,-0.000,0.0,0
596465,0.000,0.000,0.0,0,0.000,-0.000,0.0,0
596505,0.000,0.000,0.0,0,0.000,-0.000,0.0,0
596545,0.000,0.000,0.0,0,0.000,-0.000,0.0,0
596585,0.000,0.000,0.0,0,0.000,-0.000,0.0,0
596625,0.000,0.000,0.0,0,0.000,-0.000,0.0,0
596665,0.000,0.000,0.0,0,0.000,-0.000,0.0,0
596705,0.000,0.000,0.0,0,0.000,-0.000,0.0,0
596745,0.000,0.000,0.0,0,0.000,-0.000,0.0,0
596785,0.000,0.000,0.0,0,0.000,-0.000,0.0,0
596825,0.000,0.000,0.0,0,0.000,-0.000,0.0,0
596865,0.000,0.000,0.0,0,0.000,-0.000,0.0,0
596905,0.000,0.000,0.0,0,0.000,-0.000,0.0,0
596945,0.000,0.000,0.0,0,0.000,-0.000,0.0,0
596985,0.000,0.000,0.0,0,0.000,-0.000,0.0,0
597025,0.000,0.000,0.0,0,0.000,-0.000,0.0,0
597065,0.000,0.000,0.0,0,0.000,-0.000,0.0,0
597105,0.000,0.000,0.0,0,0.000,-0.000,0.0,0
597145,0.000,0.000,0.0,0,0.000,-0.000,0.0,0
597185,0.000,0.000,0.0,0,0.000,-0.000,0.0,0
597225,0.000,0.000,0.0,0,0.000,-0.000,0.0,0
597265,0.000,0.000,0.0,0,0.000,-0.000,0.0,0
597305,0.000,0.000,0.0,0,0.000,-0.000,0.0,0
597345,0.000,0.000,0.0,0,0.000,-0.000,0.0,0
597385,0.000,0.000,0.0,0,0.000,-0.000,0.0,0
597425,0.000,0.000,0.0,0,0.000,-0.000,0.0,0
597465,0.000,0.000,0.0,0,0.000,-0.000,0.0,0
597505,0.000,0.000,0.0,0,0.000,-0.000,0.0,0
597545,0.000,0.000,0.0,0,0.000,-0.000,0.0,0
597585,0.000,0.000,0.0,0,0.000,-0.000,0.0,0
597625,0.000,0.000,0.0,0,0.000,-0.000,0.0,0
597665,0.000,0.000,0.0,0,0.000,-0.000,0.0,0
597705,0.000,0.000,0.0,0,0.000,-0.000,0.0,0
597745,0.000,0.000,0.0,0,0.000,-0.000,0.0,0
597785,0.000,0.000,0.0,0,0.000,-0.000,0.0,0
597825,0.000,0.000,0.0,0,0.000,-0.000,0.0,0
597865,0.000,0.000,0.0,0,0.000,-0.000,0.0,0
597905,0.000,0.000,0.0,0,0.000,-0.000,0.0,0
597945,0.000,0.000,0.0,0,0.000,-0.000,0.0,0
597985,0.000,0.000,0.0,0,0.000,-0.000,0.0,0
598025,0.000,0.000,0.0,0,0.000,-0.000,0.0,0
598065,0.000,0.000,0.0,0,0.000,-0.000,0.0,0
598105,0.000,0.000,0.0,0,0.000,-0.000,0.0,0
598145,0.000,0.000,0.0,0,0.000,-0.000,0.0,0
598185,0.000,0.000,0.0,0,0.000,-0.000,0.0,0
598225,0.000,0.000,0.0,0,0.000,-0.000,0.0,0
598265,0.000,0.000,0.0,0,0.000,-0.000,0.0,0
598305,0.000,0.000,0.0,0,0.000,-0.000,0.0,0
598345,0.000,0.000,0.0,0,0.000,-0.000,0.0,0
598385,0.000,0.000,0.0,0,0.000,-0.000,0.0,0
598425,0.000,0.000,0.0,0,0.000,-0.000,0.0,0
598465,0.000,0.000,0.0,0,0.000,-0.000,0.0,0
598505,0.000,0.000,0.0,0,0.000,-0.000,0.0,0
598545,0.000,0.000,0.0,0,0.000,-0.000,0.0,0
598585,0.000,0.000,0.0,0,0.000,-0.000,0.0,0
598625,0.000,0.000,0.0,0,0.000,-0.000,0.0,0
598665,0.000,0.000,0.0,0,0.000,-0.000,0.0,0
598705,0.000,0.000,0.0,0,0.000,-0.000,0.0,0
598745,0.000,0.000,0.0,0,0.000,-0.000,0.0,0
598785,0.000,0.000,0.0,0,0.000,-0.000,0.0,0
598825,0.000,0.000,0.0,0,0.000,-0.000,0.0,0
598865,0.000,0.000,0.0,0,0.000,-0.000,0.0,0
598905,0.000,0.000,0.0,0,0.000,-0.000,0.0,0
598945,0.000,0.000,0.0,0,0.000,-0.000,0.0,0
598985,0.000,0.000,0.0,0,0.000,-0.000,0.0,0
599025,0.000,0.000,0.0,0,0.000,-0.000,0.0,0
599065,0.000,0.000,0.0,0,0.000,-0.000,0.0,0
599105,0.000,0.000,0.0,0,0.000,-0.000,0.0,0
599145,0.000,0.000,0.0,0,0.000,-0.000,0.0,0
599185,0.000,0.000,0.0,0,0.000,-0.000,0.0,0
599225,0.000,0.000,0.0,0,0.000,-0.000,0.0,0
599265,0.000,0.000,0.0,0,0.000,-0.000,0.0,0
599305,0.000,0.000,0.0,0,0.000,-0.000,0.0,0
599345,0.000,0.000,0.0,0,0.000,-0.000,0.0,0
599385,0.000,0.000,0.0,0,0.000,-0.000,0.0,0
599425,0.000,0.000,0.0,0,0.000,-0.000,0.0,0
599465,0.000,0.000,0.0,0,0.000,-0.000,0.0,0
599505,0.000,0.000,0.0,0,0.000,-0.000,0.0,0
599545,0.000,0.000,0.0,0,0.000,-0.000,0.0,0
599585,0.000,0.000,0.0,0,0.000,-0.000,0.0,0
599625,0.000,0.000,0.0,0,0.000,-0.000,0.0,0
599665,0.000,0.000,0.0,0,0.000,-0.000,0.0,0
599705,0.000,0.000,0.0,0,0.000,-0.000,0.0,0
599745,0.000,0.000,0.0,0,0.000,-0.000,0.0,0
599785,0.000,0.000,0.0,0,0.000,-0.000,0.0,0
599825,0.000,0.000,0.0,0,0.000,-0.000,0.0,0
599865,0.000,0.000,0.0,0,0.000,-0.000,0.0,0
599905,0.000,0.000,0.0,0,0.000,-0.000,0.0,0
599945,0.000,0.000,0.0,0,0.000,-0.000,0.0,0
599985,0.000,0.000,0.0,0,0.000,-0.000,0.0,0
600025,0.000,0.000,0.0,0,0.000,-0.000,0.0,0
600065,0.000,0.000,0.0,0,0.000,-0.000,0.0,0
600105,0.000,0.000,0.0,0,0.000,-0.000,0.0,0
600145,0.000,0.000,0.0,0,0.000,-0.000,0.0,0
600185,0.000,0.000,0.0,0,0.000,-0.000,0.0,0
600225,0.000,0.000,0.0,0,0.000,-0.000,0.0,0
600265,0.000,0.000,0.0,0,0.000,-0.000,0.0,0
600305,0.000,0.000,0.0,0,0.000,-0.000,0.0,0
600345,0.000,0.000,0.0,0,0.000,-0.000,0.0,0
600385,0.000,0.000,0.0,0,0.000,-0.000,0.0,0
600425,0.000,0.000,0.0,0,0.000,-0.000,0.0,0
600465,0.000,0.000,0.0,0,0.000,-0.000,0.0,0
600505,0.000,0.000,0.0,0,0.000,-0.000,0.0,0
600545,0.000,0.000,0.0,0,0.000,-0.000,0.0,0
600585,0.000,0.000,0.0,0,0.000,-0.000,0.0,0
600625,0.000,0.000,0.0,0,0.000,-0.000,0.0,0
600665,0.000,0.000,0.0,0,0.000,-0.000,0.0,0
600705,0.000,0.000,0.0,0,0.000,-0.000,0.0,0
600745,0.000,0.000,0.0,0,0.000,-0.000,0.0,0
600785,0.000,0.000,0.0,0,0.000,-0.000,0.0,0
600825,0.000,0.000,0.0,0,0.000,-0.000,0.0,0
600865,0.000,0.000,0.0,0,0.000,-0.000,0.0,0
600905,0.000,0.000,0.0,0,0.000,-0.000,0.0,0
600945,0.000,0.000,0.0,0,0.000,-0.000,0.0,0
600985,0.000,0.000,0.0,0,0.000,-0.000,0.0,0
601025,0.000,0.000,0.0,0,0.000,-0.000,0.0,0
601065,0.000,0.000,0.0,0,0.000,-0.000,0.0,0
601105,0.000,0.000,0.0,0,0.000,-0.000,0.0,0
601145,0.000,0.000,0.0,0,0.000,-0.000,0.0,0
601185,0.000,0.000,0.0,0,0.000,-0.000,0.0,0
601225,0.000,0.000,0.0,0,0.000,-0.000,0.0,0
601265,0.000,0.000,0.0,0,0.000,-0.000,0.0,0
601305,0.000,0.000,0.0,0,0.000,-0.000,0.0,0
601345,0.000,0.000,0.0,0,0.000,-0.000,0.0,0
601385,0.000,0.000,0.0,0,0.000,-0.000,0.0,0
601425,0.000,0.000,0.0,0,0.000,-0.000,0.0,0
601465,0.000,0.000,0.0,0,0.000,-0.000,0.0,0
601505,0.000,0.000,0.0,0,0.000,-0.000,0.0,0
601545,0.000,0.000,0.0,0,0.000,-0.000,0.0,0
601585,0.000,0.000,0.0,0,0.000,-0.000,0.0,0
601625,0.000,0.000,0.0,0,0.000,-0.000,0.0,0
601665,0.000,0.000,0.0,0,0.000,-0.000,0.0,0
601705,0.000,0.000,0.0,0,0.000,-0.000,0.0,0
601745,0.000,0.000,0.0,0,0.000,-0.000,0.0,0
601785,0.000,0.000,0.0,0,0.000,-0.000,0.0,0
601825,0.000,0.000,0.0,0,0.000,-0.000,0.0,0
601865,0.000,0.000,0.0,0,0.000,-0.000,0.0,0
601905,0.000,0.000,0.0,0,0.000,-0.000,0.0,0
601945,0.000,0.000,0.0,0,0.000,-0.000,0.0,0
601985,0.000,0.000,0.0,0,0.000,-0.000,0.0,0
602025,0.000,0.000,0.0,0,0.000,-0.000,0.0,0
602065,0.000,0.000,0.0,0,0.000,-0.000,0.0,0
602105,0.000,0.000,0.0,0,0.000,-0.000,0.0,0
602145,0.000,0.000,0.0,0,0.000,-0.000,0.0,0
602185,0.000,0.000,0.0,0,0.000,-0.000,0.0,0
602225,0.000,0.000,0.0,0,0.000,-0.000,0.0,0
602265,0.000,0.000,0.0,0,0.000,-0.000,0.0,0
602305,0.000,0.000,0.0,0,0.000,-0.000,0.0,0
602345,0.000,0.000,0.0,0,0.000,-0.000,0.0,0
602385,0.000,0.000,0.0,0,0.000,-0.000,0.0,0
602425,0.000,0.000,0.0,0,0.000,-0.000,0.0,0
602465,0.000,0.000,0.0,0,0.000,-0.000,0.0,0
602505,0.000,0.000,0.0,0,0.000,-0.000,0.0,0
602545,0.000,0.000,0.0,0,0.000,-0.000,0.0,0
602585,0.000,0.000,0.0,0,0.000,-0.000,0.0,0
602625,0.000,0.000,0.0,0,0.000,-0.000,0.0,0
602665,0.000,0.000,0.0,0,0.000,-0.000,0.0,0
602705,0.000,0.000,0.0,0,0.000,-0.000,0.0,0
602745,0.000,0.000,0.0,0,0.000,-0.000,0.0,0
602785,0.000,0.000,0.0,0,0.000,-0.000,0.0,0
602825,0.000,0.000,0.0,0,0.000,-0.000,0.0,0
602865,0.000,0.000,0.0,0,0.000,-0.000,0.0,0
602905,0.000,0.000,0.0,0,0.000,-0.000,0.0,0
602945,0.000,0.000,0.0,0,0.000,-0.000,0.0,0
602985,0.000,0.000,0.0,0,0.000,-0.000,0.0,0
603025,0.000,0.000,0.0,0,0.000,-0.000,0.0,0
603065,0.000,0.000,0.0,0,0.000,-0.000,0.0,0
603105,0.000,0.000,0.0,0,0.000,-0.000,0.0,0
603145,0.000,0.000,0.0,0,0.000,-0.000,0.0,0
603185,0.000,0.000,0.0,0,0.000,-0.000,0.0,0
603225,0.000,0.000,0.0,0,0.000,-0.000,0.0,0
603265,0.000,0.000,0.0,0,0.000,-0.000,0.0,0
603305,0.000,0.000,0.0,0,0.000,-0.000,0.0,0
603345,0.000,0.000,0.0,0,0.000,-0.000,0.0,0
603385,0.000,0.000,0.0,0,0.000,-0.000,0.0,0
603425,0.000,0.000,0.0,0,0.000,-0.000,0.0,0
603465,0.000,0.000,0.0,0,0.000,-0.000,0.0,0
603505,0.000,0.000,0.0,0,0.000,-0.000,0.0,0
603545,0.000,0.000,0.0,0,0.000,-0.000,0.0,0
603585,0.000,0.000,0.0,0,0.000,-0.000,0.0,0
603625,0.000,0.000,0.0,0,0.000,-0.000,0.0,0
603665,0.000,0.000,0.0,0,0.000,-0.000,0.0,0
603705,0.000,0.000,0.0,0,0.000,-0.000,0.0,0
603745,0.000,0.000,0.0,0,0.000,-0.000,0.0,0
603785,0.000,0.000,0.0,0,0.000,-0.000,0.0,0
603825,0.000,0.000,0.0,0,0.000,-0.000,0.0,0
603865,0.000,0.000,0.0,0,0.000,-0.000,0.0,0
603905,0.000,0.000,0.0,0,0.000,-0.000,0.0,0
603945,0.000,0.000,0.0,0,0.000,-0.000,0.0,0
603985,0.000,0.000,0.0,0,0.000,-0.000,0.0,0
604025,0.000,0.000,0.0,0,0.000,-0.000,0.0,0
604065,0.000,0.000,0.0,0,0.000,-0.000,0.0,0
604105,0.000,0.000,0.0,0,0.000,-0.000,0.0,0
604145,0.000,0.000,0.0,0,0.000,-0.000,0.0,0
604185,0.000,0.000,0.0,0,0.000,-0.000,0.0,0
604225,0.000,0.000,0.0,0,0.000,-0.000,0.0,0
604265,0.000,0.000,0.0,0,0.000,-0.000,0.0,0
604305,0.000,0.000,0.0,0,0.000,-0.000,0.0,0
604345,0.000,0.000,0.0,0,0.000,-0.000,0.0,0
604385,0.000,0.000,0.0,0,0.000,-0.000,0.0,0
604425,0.000,0.000,0.0,0,0.000,-0.000,0.0,0
604465,0.000,0.000,0.0,0,0.000,-0.000,0.0,0
604505,0.000,0.000,0.0,0,0.000,-0.000,0.0,0
604545,0.000,0.000,0.0,0,0.000,-0.000,0.0,0
604585,0.000,0.000,0.0,0,0.000,-0.000,0.0,0
604625,0.000,0.000,0.0,0,0.000,-0.000,0.0,0
604665,0.000,0.000,0.0,0,0.000,-0.000,0.0,0
604705,0.000,0.000,0.0,0,0.000,-0.000,0.0,0
604745,0.000,0.000,0.0,0,0.000,-0.000,0.0,0
604785,0.000,0.000,0.0,0,0.000,-0.000,0.0,0
604825,0.000,0.000,0.0,0,0.000,-0.000,0.0,0
604865,0.000,0.000,0.0,0,0.000,-0.000,0.0,0
604905,0.000,0.000,0.0,0,0.000,-0.000,0.0,0
604945,0.000,0.000,0.0,0,0.000,-0.000,0.0,0
604985,0.000,0.000,0.0,0,0.000,-0.000,0.0,0
605025,0.000,0.000,0.0,0,0.000,-0.000,0.0,0
605065,0.000,0.000,0.0,0,0.000,-0.000,0.0,0
605105,0.000,0.000,0.0,0,0.000,-0.000,0.0,0
605145,0.000,0.000,0.0,0,0.000,-0.000,0.0,0
605185,0.000,0.000,0.0,0,0.000,-0.000,0.0,0
605225,0.000,0.000,0.0,0,0.000,-0.000,0.0,0
605265,0.000,0.000,0.0,0,0.000,-0.000,0.0,0
605305,0.000,0.000,0.0,0,0.000,-0.000,0.0,0
605345,0.000,0.000,0.0,0,0.000,-0.000,0.0,0
605385,0.000,0.000,0.0,0,0.000,-0.000,0.0,0
605425,0.000,0.000,0.0,0,0.000,-0.000,0.0,0
605465,0.000,0.000,0.0,0,0.000,-0.000,0.0,0
605505,0.000,0.000,0.0,0,0.000,-0.000,0.0,0
605545,0.000,0.000,0.0,0,0.000,-0.000,0.0,0
605585,0.000,0.000,0.0,0,0.000,-0.000,0.0,0
605625,0.000,0.000,0.0,0,0.000,-0.000,0.0,0
605665,0.000,0.000,0.0,0,0.000,-0.000,0.0,0
605705,0.000,0.000,0.0,0,0.000,-0.000,0.0,0
605745,0.000,0.000,0.0,0,0.000,-0.000,0.0,0
605785,0.000,0.000,0.0,0,0.000,-0.000,0.0,0
605825,0.000,0.000,0.0,0,0.000,-0.000,0.0,0
605865,0.000,0.000,0.0,0,0.000,-0.000,0.0,0
605905,0.000,0.000,0.0,0,0.000,-0.000,0.0,0
605945,0.000,0.000,0.0,0,0.000,-0.000,0.0,0
605985,0.000,0.000,0.0,0,0.000,-0.000,0.0,0
606025,0.000,0.000,0.0,0,0.000,-0.000,0.0,0
606065,0.000,0.000,0.0,0,0.000,-0.000,0.0,0
606105,0.000,0.000,0.0,0,0.000,-0.000,0.0,0
606145,0.000,0.000,0.0,0,0.000,-0.000,0.0,0
606185,0.000,0.000,0.0,0,0.000,-0.000,0.0,0
606225,0.000,0.000,0.0,0,0.000,-0.000,0.0,0
606265,0.000,0.000,0.0,0,0.000,-0.000,0.0,0
606305,0.000,0.000,0.0,0,0.000,-0.000,0.0,0
606345,0.000,0.000,0.0,0,0.000,-0.000,0.0,0
606385,0.000,0.000,0.0,0,0.000,-0.000,0.0,0
606425,0.000,0.000,0.0,0,0.000,-0.000,0.0,0
606465,0.000,0.000,0.0,0,0.000,-0.000,0.0,0
606505,0.000,0.000,0.0,0,0.000,-0.000,0.0,0
606545,0.000,0.000,0.0,0,0.000,-0.000,0.0,0
606585,0.000,0.000,0.0,0,0.000,-0.000,0.0,0
606625,0.000,0.000,0.0,0,0.000,-0.000,0.0,0
606665,0.000,0.000,0.0,0,0.000,-0.000,0.0,0
606705,0.000,0.000,0.0,0,0.000,-0.000,0.0,0
606745,0.000,0.000,0.0,0,0.000,-0.000,0.0,0
606785,0.000,0.000,0.0,0,0.000,-0.000,0.0,0
606825,0.000,0.000,0.0,0,0.000,-0.000,0.0,0
606865,0.000,0.000,0.0,0,0.000,-0.000,0.0,0
606905,0.000,0.000,0.0,0,0.000,-0.000,0.0,0
606945,0.000,0.000,0.0,0,0.000,-0.000,0.0,0
606985,0.000,0.000,0.0,0,0.000,-0.000,0.0,0
607025,0.000,0.000,0.0,0,0.000,-0.000,0.0,0
607065,0.000,0.000,0.0,0,0.000,-0.000,0.0,0
607105,0.000,0.000,0.0,0,0.000,-0.000,0.0,0
607145,0.000,0.000,0.0,0,0.000,-0.000,0.0,0
607185,0.000,0.000,0.0,0,0.000,-0.000,0.0,0
607225,0.000,0.000,0.0,0,0.000,-0.000,0.0,0
607265,0.000,0.000,0.0,0,0.000,-0.000,0.0,0
607305,0.000,0.000,0.0,0,0.000,-0.000,0.0,0
607345,0.000,0.000,0.0,0,0.000,-0.000,0.0,0
607385,0.000,0.000,0.0,0,0.000,-0.000,0.0,0
607425,0.000,0.000,0.0,0,0.000,-0.000,0.0,0
607465,0.000,0.000,0.0,0,0.000,-0.000,0.0,0
607505,0.000,0.000,0.0,0,0.000,-0.000,0.0,0
607545,0.000,0.000,0.0,0,0.000,-0.000,0.0,0
607585,0.000,0.000,0.0,0,0.000,-0.000,0.0,0
607625,0.000,0.000,0.0,0,0.000,-0.000,0.0,0
607665,0.000,0.000,0.0,0,0.000,-0.000,0.0,0
607705,0.000,0.000,0.0,0,0.000,-0.000,0.0,0
607745,0.000,0.000,0.0,0,0.000,-0.000,0.0,0
607785,0.000,0.000,0.0,0,0.000,-0.000,0.0,0
607825,0.000,0.000,0.0,0,0.000,-0.000,0.0,0
607865,0.000,0.000,0.0,0,0.000,-0.000,0.0,0
607905,0.000,0.000,0.0,0,0.000,-0.000,0.0,0
607945,0.000,0.000,0.0,0,0.000,-0.000,0.0,0
607985,0.000,0.000,0.0,0,0.000,-0.000,0.0,0
608025,0.000,0.000,0.0,0,0.000,-0.000,0.0,0
608065,0.000,0.000,0.0,0,0.000,-0.000,0.0,0
608105,0.000,0.000,0.0,0,0.000,-0.000,0.0,0
608145,0.000,0.000,0.0,0,0.000,-0.000,0.0,0
608185,0.000,0.000,0.0,0,0.000,-0.000,0.0,0
608225,0.000,0.000,0.0,0,0.000,-0.000,0.0,0
608265,0.000,0.000,0.0,0,0.000,-0.000,0.0,0
608305,0.000,0.000,0.0,0,0.000,-0.000,0.0,0
608345,0.000,0.000,0.0,0,0.000,-0.000,0.0,0
608385,0.000,0.000,0.0,0,0.000,-0.000,0.0,0
608425,0.000,0.000,0.0,0,0.000,-0.000,0.0,0
608465,0.000,0.000,0.0,0,0.000,-0.000,0.0,0
608505,0.000,0.000,0.0,0,0.000,-0.000,0.0,0
608545,0.000,0.000,0.0,0,0.000,-0.000,0.0,0
608585,0.000,0.000,0.0,0,0.000,-0.000,0.0,0
608625,0.000,0.000,0.0,0,0.000,-0.000,0.0,0
608665,0.000,0.000,0.0,0,0.000,-0.000,0.0,0
608705,0.000,0.000,0.0,0,0.000,-0.000,0.0,0
608745,0.000,0.000,0.0,0,0.000,-0.000,0.0,0
608785,0.000,0.000,0.0,0,0.000,-0.000,0.0,0
608825,0.000,0.000,0.0,0,0.000,-0.000,0.0,0
608865,0.000,0.000,0.0,0,0.000,-0.000,0.0,0
608905,0.000,0.000,0.0,0,0.000,-0.000,0.0,0
608945,0.000,0.000,0.0,0,0.000,-0.000,0.0,0
608985,0.000,0.000,0.0,0,0.000,-0.000,0.0,0
609025,0.000,0.000,0.0,0,0.000,-0.000,0.0,0
609065,0.000,0.000,0.0,0,0.000,-0.000,0.0,0
609105,0.000,0.000,0.0,0,0.000,-0.000,0.0,0
609145,0.000,0.000,0.0,0,0.000,-0.000,0.0,0
609185,0.000,0.000,0.0,0,0.000,-0.000,0.0,0
609225,0.000,0.000,0.0,0,0.000,-0.000,0.0,0
609265,0.000,0.000,0.0,0,0.000,-0.000,0.0,0
609305,0.000,0.000,0.0,0,0.000,-0.000,0.0,0
609345,0.000,0.000,0.0,0,0.000,-0.000,0.0,0
609385,0.000,0.000,0.0,0,0.000,-0.000,0.0,0
609425,0.000,0.000,0.0,0,0.000,-0.000,0.0,0
609465,0.000,0.000,0.0,0,0.000,-0.000,0.0,0
609505,0.000,0.000,0.0,0,0.000,-0.000,0.0,0
609545,0.000,0.000,0.0,0,0.000,-0.000,0.0,0
609585,0.000,0.000,0.0,0,0.000,-0.000,0.0,0
609625,0.000,0.000,0.0,0,0.000,-0.000,0.0,0
609665,0.000,0.000,0.0,0,0.000,-0.000,0.0,0
609705,0.000,0.000,0.0,0,0.000,-0.000,0.0,0
609745,0.000,0.000,0.0,0,0.000,-0.000,0.0,0
609785,0.000,0.000,0.0,0,0.000,-0.000,0.0,0
609825,0.000,0.000,0.0,0,0.000,-0.000,0.0,0
609865,0.000,0.000,0.0,0,1.282,-0.000,16.4,12
609905,0.000,0.000,0.0,0,1.282,0.000,18.5,18
609945,0.000,0.000,0.0,0,1.282,0.000,20.5,20
609985,0.000,0.000,0.0,0,1.282,0.001,22.6,22
610025,0.000,0.000,0.0,0,1.282,0.001,24.6,24
610065,0.000,0.000,0.0,0,1.282,0.001,26.7,26
610105,0.000,0.001,0.0,0,1.282,0.248,25.3,25
610145,0.000,0.001,0.0,0,1.282,0.521,23.5,23
610185,0.000,0.001,0.0,0,1.282,0.521,24.7,24
610225,0.000,0.198,0.0,0,1.282,0.752,22.8,22
610265,0.000,0.198,0.0,0,1.282,0.891,21.9,21
610305,0.000,0.198,0.0,0,1.282,0.891,22.5,22
610345,0.000,0.198,0.0,0,1.282,1.030,21.2,21
610385,0.000,0.000,0.0,0,1.282,1.182,19.6,19
610425,0.000,0.000,0.0,0,1.282,1.270,18.6,18
610465,0.000,0.000,0.0,0,1.282,1.282,18.5,18
610505,0.000,0.000,0.0,0,1.282,1.282,18.5,18
610545,0.000,0.075,0.0,0,1.282,1.341,17.7,17
610585,0.000,0.075,0.0,0,1.282,1.373,17.1,17
610625,0.000,0.443,0.0,0,1.282,1.342,17.4,17
610665,0.000,0.700,0.0,0,1.282,1.370,16.9,16
610705,0.000,0.700,0.0,0,1.282,1.370,16.8,16
610745,0.000,0.869,0.0,0,1.282,1.377,16.5,16
610785,0.000,0.869,0.0,0,1.282,1.358,16.6,16
610825,0.000,0.869,0.0,0,1.282,1.387,16.2,16
610865,0.000,0.869,0.0,0,1.282,1.386,16.0,16
610905,0.000,0.000,0.0,0,1.282,1.386,15.8,15
610945,0.000,0.000,0.0,0,1.282,1.364,16.0,15
610985,0.000,0.000,0.0,0,1.282,1.356,15.9,15
611025,0.000,0.087,0.0,0,1.282,1.317,16.3,16
611065,0.000,0.087,0.0,0,1.282,1.317,16.3,16
611105,0.000,0.430,0.0,0,1.282,1.266,16.9,16
611145,0.000,0.651,0.0,0,1.282,1.276,16.8,16
611185,0.000,0.651,0.0,0,1.282,1.276,16.8,16
611225,0.000,0.724,0.0,0,1.282,1.242,17.3,17
611265,0.000,0.724,0.0,0,1.282,1.214,17.7,17
611305,0.000,0.724,0.0,0,1.282,1.260,17.2,17
611345,0.000,0.724,0.0,0,1.282,1.260,17.3,17
611385,0.000,0.000,0.0,0,1.282,1.252,17.4,17
611425,0.000,0.123,0.0,0,1.282,1.198,18.1,18
611465,0.000,0.123,0.0,0,1.282,1.198,18.3,18
611505,0.000,0.444,0.0,0,1.282,1.237,17.9,17
611545,0.000,0.679,0.0,0,1.282,1.268,17.6,17
611585,0.000,0.679,0.0,0,1.282,1.283,17.4,17
611625,0.000,0.679,0.0,0,1.282,1.283,17.4,17
611665,0.000,0.679,0.0,0,1.282,1.289,17.3,17
611705,0.000,0.000,0.0,0,1.282,1.264,17.6,17
611745,0.000,0.126,0.0,0,1.282,1.294,17.3,17
611785,0.000,0.126,0.0,0,1.282,1.294,17.2,17
611825,0.000,0.497,0.0,0,1.282,1.355,16.4,16
611865,0.000,0.706,0.0,0,1.282,1.313,16.9,16
611905,0.000,0.706,0.0,0,1.282,1.325,16.6,16
611945,0.000,0.866,0.0,0,1.282,1.377,15.9,15
611985,0.000,0.963,0.0,0,1.282,1.377,15.8,15
612025,0.000,0.963,0.0,0,1.282,1.344,16.1,16
612065,0.000,0.963,0.0,0,1.282,1.345,15.9,15
612105,0.000,0.963,0.0,0,1.282,1.403,15.1,15
612145,0.000,0.779,0.0,0,1.282,1.403,14.9,14
612185,0.000,0.779,0.0,0,1.282,1.314,15.9,15
612225,0.000,0.896,0.0,0,1.282,1.300,16.1,16
612265,0.000,0.947,0.0,0,1.282,1.334,15.6,15
612305,0.000,0.947,0.0,0,1.282,1.334,15.5,15
612345,0.000,0.936,0.0,0,1.282,1.222,16.9,16
612385,0.000,0.936,0.0,0,1.282,1.222,17.0,17
612425,0.000,0.916,0.0,0,1.282,1.141,18.2,18
612465,0.000,0.916,0.0,0,1.282,1.161,18.2,18
612505,0.000,0.907,0.0,0,1.282,1.161,18.4,18
612545,0.000,0.907,0.0,0,1.282,1.105,19.4,19
612585,0.000,0.893,0.0,0,1.282,1.105,19.6,19
612625,0.000,0.893,0.0,0,1.282,1.078,20.3,20
612665,0.000,0.935,0.0,0,1.282,1.150,19.6,19
612705,0.000,0.935,0.0,0,1.282,1.147,19.9,19
612745,0.000,0.950,0.0,0,1.282,1.147,20.1,20
612785,0.000,0.992,0.0,0,1.282,1.175,19.9,19
612825,0.000,0.992,0.0,0,1.282,1.289,18.6,18
612865,0.000,1.061,0.0,0,1.282,1.289,18.5,18
612905,0.000,1.063,0.0,0,1.282,1.289,18.5,18
612945,0.000,1.063,0.0,0,1.282,1.269,18.8,18
612985,0.000,1.078,0.0,0,1.282,1.344,17.8,17
613025,0.000,1.140,0.0,0,1.282,1.357,17.5,17
613065,0.000,1.140,0.0,0,1.282,1.321,17.9,17
613105,0.000,1.112,0.0,0,1.282,1.321,17.8,17
613145,0.000,1.102,0.0,0,1.282,1.337,17.5,17
613185,0.000,1.102,0.0,0,1.282,1.345,17.3,17
613225,0.000,1.128,0.0,0,1.282,1.289,18.0,17
613265,0.000,1.128,0.0,0,1.282,1.289,17.9,17
613305,0.000,1.086,0.0,0,1.282,1.297,17.8,17
613345,0.000,1.078,0.0,0,1.282,1.322,17.5,17
613385,0.000,1.078,0.0,0,1.282,1.287,17.9,17
613425,0.000,1.120,0.0,0,1.282,1.287,17.9,17
613465,0.000,1.071,0.0,0,1.282,1.282,17.9,17
613505,0.000,1.071,0.0,0,1.282,1.306,17.6,17
613545,0.000,1.048,0.0,0,1.282,1.306,17.6,17
613585,0.000,1.048,0.0,0,1.282,1.231,18.6,18
613625,0.000,1.053,0.0,0,1.282,1.222,18.7,18
613665,0.000,1.053,0.0,0,1.282,1.252,18.5,18
613705,0.000,1.005,0.0,0,1.282,1.252,18.5,18
613745,0.000,0.989,0.0,0,1.282,1.184,19.4,19
613785,0.000,0.989,0.0,0,1.282,1.184,19.6,19
613825,0.000,1.022,0.0,0,1.282,1.175,19.9,19
613865,0.000,1.022,0.0,0,1.282,1.251,19.0,19
613905,0.000,0.992,0.0,0,1.282,1.202,19.7,19
613945,0.000,0.992,0.0,0,1.282,1.202,19.8,19
613985,0.000,0.989,0.0,0,0.000,1.188,0.0,0
614025,0.000,1.042,0.0,0,0.000,1.263,0.0,0
614065,0.000,1.042,0.0,0,0.000,1.263,0.0,0
614105,0.000,1.042,0.0,0,0.000,1.109,0.0,0
614145,0.000,0.915,0.0,0,0.000,1.109,0.0,0
614185,0.000,0.915,0.0,0,0.000,1.109,0.0,0
614225,0.000,0.915,0.0,0,0.000,1.109,0.0,0
614265,0.000,0.915,0.0,0,0.000,0.000,0.0,0
614305,0.000,0.000,0.0,0,0.000,0.000,0.0,0
614345,0.000,0.000,0.0,0,0.000,0.000,0.0,0
614385,0.000,0.000,0.0,0,0.000,0.000,0.0,0
614425,0.000,0.000,0.0,0,0.000,0.000,0.0,0
614465,0.000,0.000,0.0,0,0.000,0.000,0.0,0
614505,0.000,0.000,0.0,0,0.000,0.000,0.0,0
614545,0.000,0.000,0.0,0,0.000,0.000,0.0,0
614585,0.000,0.000,0.0,0,0.000,0.000,0.0,0
614625,0.000,0.000,0.0,0,0.000,0.000,0.0,0
614665,0.000,0.000,0.0,0,0.000,0.000,0.0,0
614705,0.000,0.000,0.0,0,0.000,0.000,0.0,0
614745,0.000,0.000,0.0,0,0.000,0.000,0.0,0
614785,0.000,0.000,0.0,0,0.000,0.000,0.0,0
614825,0.000,0.000,0.0,0,0.000,0.000,0.0,0
614865,0.000,0.000,0.0,0,0.000,0.000,0.0,0
614905,0.000,0.000,0.0,0,0.000,0.000,0.0,0
614945,0.000,0.000,0.0,0,0.000,0.000,0.0,0
614985,0.000,0.000,0.0,0,0.000,0.000,0.0,0
615025,0.000,0.000,0.0,0,0.000,0.000,0.0,0
615065,0.000,0.000,0.0,0,0.000,0.000,0.0,0
615105,0.000,0.000,0.0,0,0.000,0.000,0.0,0
615145,0.000,0.000,0.0,0,0.000,0.000,0.0,0
615185,0.000,0.000,0.0,0,0.000,0.000,0.0,0
615225,0.000,0.000,0.0,0,0.000,0.000,0.0,0
615265,0.000,0.000,0.0,0,0.000,0.000,0.0,0
615305,0.000,0.000,0.0,0,0.000,0.000,0.0,0
615345,0.000,0.000,0.0,0,0.000,0.000,0.0,0
615385,0.000,0.000,0.0,0,0.000,0.000,0.0,0
615425,0.000,0.000,0.0,0,0.000,0.000,0.0,0
615465,0.000,0.000,0.0,0,0.000,0.000,0.0,0
615505,0.000,0.000,0.0,0,0.000,0.000,0.0,0
615545,0.000,0.000,0.0,0,0.000,0.000,0.0,0
615585,0.000,0.000,0.0,0,0.000,0.000,0.0,0
615625,0.000,0.000,0.0,0,0.000,0.000,0.0,0
615665,0.000,0.000,0.0,0,0.000,0.000,0.0,0
615705,0.000,0.000,0.0,0,0.000,0.000,0.0,0
615745,0.000,0.000,0.0,0,0.000,0.000,0.0,0
615785,0.000,0.000,0.0,0,0.000,0.000,0.0,0
615825,0.000,0.000,0.0,0,0.000,0.000,0.0,0
615865,0.000,0.000,0.0,0,0.000,0.000,0.0,0
615905,0.000,0.000,0.0,0,0.000,0.000,0.0,0
615945,0.000,0.000,0.0,0,0.000,0.000,0.0,0
615985,0.000,0.000,0.0,0,0.000,0.000,0.0,0
616025,0.000,0.000,0.0,0,0.000,0.000,0.0,0
616065,0.000,0.000,0.0,0,0.000,0.000,0.0,0
616105,0.000,0.000,0.0,0,0.000,0.000,0.0,0
616145,0.000,0.000,0.0,0,0.000,0.000,0.0,0
616185,0.000,0.000,0.0,0,0.000,0.000,0.0,0
616225,0.000,0.000,0.0,0,0.000,0.000,0.0,0
616265,0.000,0.000,0.0,0,0.000,0.000,0.0,0
616305,0.000,0.000,0.0,0,0.000,0.000,0.0,0
616345,0.000,0.000,0.0,0,0.000,0.000,0.0,0
616385,0.000,0.000,0.0,0,0.000,0.000,0.0,0
616425,0.000,0.000,0.0,0,0.000,0.000,0.0,0
616465,0.000,0.000,0.0,0,0.000,0.000,0.0,0
616505,0.000,0.000,0.0,0,0.000,0.000,0.0,0
616545,0.000,0.000,0.0,0,0.000,0.000,0.0,0
616585,0.000,0.000,0.0,0,0.000,0.000,0.0,0
616625,0.000,0.000,0.0,0,0.000,0.000,0.0,0
616665,0.000,0.000,0.0,0,0.000,0.000,0.0,0
616705,0.000,0.000,0.0,0,0.000,0.000,0.0,0
616745,0.000,0.000,0.0,0,0.000,0.000,0.0,0
616785,0.000,0.000,0.0,0,0.000,0.000,0.0,0
616825,0.000,0.000,0.0,0,0.000,0.000,0.0,0
616865,0.000,0.000,0.0,0,0.000,0.000,0.0,0
616905,0.000,0.000,0.0,0,0.000,0.000,0.0,0
616945,0.000,0.000,0.0,0,0.000,0.000,0.0,0
616985,0.000,0.000,0.0,0,0.000,0.000,0.0,0
617025,0.000,0.000,0.0,0,0.000,0.000,0.0,0
617065,0.000,0.000,0.0,0,0.000,0.000,0.0,0
617105,0.000,0.000,0.0,0,0.000,0.000,0.0,0
617145,0.000,0.000,0.0,0,0.000,0.000,0.0,0
617185,0.000,0.000,0.0,0,0.000,0.000,0.0,0
617225,0.000,0.000,0.0,0,0.000,0.000,0.0,0
617265,0.000,0.000,0.0,0,0.000,0.000,0.0,0
617305,0.000,0.000,0.0,0,0.000,0.000,0.0,0
617345,0.000,0.000,0.0,0,0.000,0.000,0.0,0
617385,0.000,0.000,0.0,0,0.000,0.000,0.0,0
617425,0.000,0.000,0.0,0,0.000,0.000,0.0,0
617465,0.000,0.000,0.0,0,0.000,0.000,0.0,0
617505,0.000,0.000,0.0,0,0.000,0.000,0.0,0
617545,0.000,0.000,0.0,0,0.000,0.000,0.0,0
617585,0.000,0.000,0.0,0,0.000,0.000,0.0,0
617625,0.000,0.000,0.0,0,0.000,0.000,0.0,0
617665,0.000,0.000,0.0,0,0.000,0.000,0.0,0
617705,0.000,0.000,0.0,0,0.000,0.000,0.0,0
617745,0.000,0.000,0.0,0,0.000,0.000,0.0,0
617785,0.000,0.000,0.0,0,0.000,0.000,0.0,0
617825,0.000,0.000,0.0,0,0.000,0.000,0.0,0
617865,0.000,0.000,0.0,0,0.000,0.000,0.0,0
617905,0.000,0.000,0.0,0,0.000,0.000,0.0,0
617945,0.000,0.000,0.0,0,0.000,0.000,0.0,0
617985,0.000,0.000,0.0,0,0.000,0.000,0.0,0
618025,0.000,0.000,0.0,0,0.000,0.000,0.0,0
618065,0.000,0.000,0.0,0,0.000,0.000,0.0,0
618105,0.000,0.000,0.0,0,0.000,0.000,0.0,0
618145,0.000,0.000,0.0,0,0.000,0.000,0.0,0
618185,0.000,0.000,0.0,0,0.000,0.000,0.0,0
618225,0.000,0.000,0.0,0,0.000,0.000,0.0,0
618265,0.000,0.000,0.0,0,0.000,0.000,0.0,0
618305,0.000,0.000,0.0,0,0.000,0.000,0.0,0
618345,0.000,0.000,0.0,0,0.000,0.000,0.0,0
618385,0.000,0.000,0.0,0,0.000,0.000,0.0,0
618425,0.000,0.000,0.0,0,0.000,0.000,0.0,0
618465,0.000,0.000,0.0,0,0.000,0.000,0.0,0
618505,0.000,0.000,0.0,0,0.000,0.000,0.0,0
618545,0.000,0.000,0.0,0,0.000,0.000,0.0,0
618585,0.000,0.000,0.0,0,0.000,0.000,0.0,0
618625,0.000,0.000,0.0,0,0.000,0.000,0.0,0
618665,0.000,0.000,0.0,0,0.000,0.000,0.0,0
618705,0.000,0.000,0.0,0,0.000,0.000,0.0,0
618745,0.000,0.000,0.0,0,0.000,0.000,0.0,0
618785,0.000,0.000,0.0,0,0.000,0.000,0.0,0
618825,0.000,0.000,0.0,0,0.000,0.000,0.0,0
618865,0.000,0.000,0.0,0,0.000,0.000,0.0,0
618905,0.000,0.000,0.0,0,0.000,0.000,0.0,0
618945,0.000,0.000,0.0,0,0.000,0.000,0.0,0
618985,0.000,0.000,0.0,0,0.000,0.000,0.0,0
619025,0.000,0.000,0.0,0,0.000,0.000,0.0,0
619065,0.000,0.000,0.0,0,0.000,0.000,0.0,0
619105,0.000,0.000,0.0,0,0.000,0.000,0.0,0
619145,0.000,0.000,0.0,0,0.000,0.000,0.0,0
619185,0.000,0.000,0.0,0,0.000,0.000,0.0,0
619225,0.000,0.000,0.0,0,0.000,0.000,0.0,0
619265,0.000,0.000,0.0,0,0.000,0.000,0.0,0
619305,0.000,0.000,0.0,0,0.000,0.000,0.0,0
619345,0.000,0.000,0.0,0,0.000,0.000,0.0,0
619385,0.000,0.000,0.0,0,0.000,0.000,0.0,0
619425,0.000,0.000,0.0,0,0.000,0.000,0.0,0
619465,0.000,0.000,0.0,0,0.000,0.000,0.0,0
619505,0.000,0.000,0.0,0,0.000,0.000,0.0,0
619545,0.000,0.000,0.0,0,0.000,0.000,0.0,0
619585,0.000,0.000,0.0,0,0.000,0.000,0.0,0
619625,0.000,0.000,0.0,0,0.000,0.000,0.0,0
619665,0.000,0.000,0.0,0,0.000,0.000,0.0,0
619705,0.000,0.000,0.0,0,0.000,0.000,0.0,0
619745,0.000,0.000,0.0,0,0.000,0.000,0.0,0
619785,0.000,0.000,0.0,0,0.000,0.000,0.0,0
619825,0.000,0.000,0.0,0,0.000,0.000,0.0,0
619865,0.000,0.000,0.0,0,0.000,0.000,0.0,0
619905,0.000,0.000,0.0,0,0.000,0.000,0.0,0
619945,0.000,0.000,0.0,0,0.000,0.000,0.0,0
619985,0.000,0.000,0.0,0,0.000,0.000,0.0,0
620025,0.000,0.000,0.0,0,0.000,0.000,0.0,0
620065,0.000,0.000,0.0,0,0.000,0.000,0.0,0
620105,0.000,0.000,0.0,0,0.000,0.000,0.0,0
620145,0.000,0.000,0.0,0,0.000,0.000,0.0,0
620185,0.000,0.000,0.0,0,0.000,0.000,0.0,0
620225,0.000,0.000,0.0,0,0.000,0.000,0.0,0
620265,0.000,0.000,0.0,0,0.000,0.000,0.0,0
620305,0.000,0.000,0.0,0,0.000,0.000,0.0,0
620345,0.000,0.000,0.0,0,0.000,0.000,0.0,0
620385,0.000,0.000,0.0,0,0.000,0.000,0.0,0
620425,0.000,0.000,0.0,0,0.000,0.000,0.0,0
620465,0.000,0.000,0.0,0,0.000,0.000,0.0,0
620505,0.000,0.000,0.0,0,0.000,0.000,0.0,0
620545,0.000,0.000,0.0,0,0.000,0.000,0.0,0
620585,0.000,0.000,0.0,0,0.000,0.000,0.0,0
620625,0.000,0.000,0.0,0,0.000,0.000,0.0,0
620665,0.000,0.000,0.0,0,0.000,0.000,0.0,0
620705,0.000,0.000,0.0,0,0.000,0.000,0.0,0
620745,0.000,0.000,0.0,0,0.000,0.000,0.0,0
620785,0.000,0.000,0.0,0,0.000,0.000,0.0,0
620825,0.000,0.000,0.0,0,0.000,0.000,0.0,0
620865,0.000,0.000,0.0,0,0.000,0.000,0.0,0
620905,0.000,0.000,0.0,0,0.000,0.000,0.0,0
620945,0.000,0.000,0.0,0,0.000,0.000,0.0,0
620985,0.000,0.000,0.0,0,0.000,0.000,0.0,0
621025,0.000,0.000,0.0,0,0.000,0.000,0.0,0
621065,0.000,0.000,0.0,0,0.000,0.000,0.0,0
621105,0.000,0.000,0.0,0,0.000,0.000,0.0,0
621145,0.000,0.000,0.0,0,0.000,0.000,0.0,0
621185,0.000,0.000,0.0,0,0.000,0.000,0.0,0
621225,0.000,0.000,0.0,0,0.000,0.000,0.0,0
621265,0.000,0.000,0.0,0,0.000,0.000,0.0,0
621305,0.000,0.000,0.0,0,0.000,0.000,0.0,0
621345,0.000,0.000,0.0,0,0.000,0.000,0.0,0
621385,0.000,0.000,0.0,0,0.000,0.000,0.0,0
621425,0.000,0.000,0.0,0,0.000,0.000,0.0,0
621465,0.000,0.000,0.0,0,0.000,0.000,0.0,0
621505,0.000,0.000,0.0,0,0.000,0.000,0.0,0
621545,0.000,0.000,0.0,0,0.000,0.000,0.0,0
621585,0.000,0.000,0.0,0,0.000,0.000,0.0,0
621625,0.000,0.000,0.0,0,0.000,0.000,0.0,0
621665,0.000,0.000,0.0,0,0.000,0.000,0.0,0
621705,0.000,0.000,0.0,0,0.000,0.000,0.0,0
621745,0.000,0.000,0.0,0,0.000,0.000,0.0,0
621785,0.000,0.000,0.0,0,0.000,0.000,0.0,0
621825,0.000,0.000,0.0,0,0.000,0.000,0.0,0
621865,0.000,0.000,0.0,0,0.000,0.000,0.0,0
621905,0.000,0.000,0.0,0,0.000,0.000,0.0,0
621945,0.000,0.000,0.0,0,0.000,0.000,0.0,0
621985,0.000,0.000,0.0,0,0.000,0.000,0.0,0
622025,0.000,0.000,0.0,0,0.000,0.000,0.0,0
622065,0.000,0.000,0.0,0,0.000,0.000,0.0,0
622105,0.000,0.000,0.0,0,0.000,0.000,0.0,0
622145,0.000,0.000,0.0,0,0.000,0.000,0.0,0
622185,0.000,0.000,0.0,0,0.000,0.000,0.0,0
622225,0.000,0.000,0.0,0,0.000,0.000,0.0,0
622265,0.000,0.000,0.0,0,0.000,0.000,0.0,0
622305,0.000,0.000,0.0,0,0.000,0.000,0.0,0
622345,0.000,0.000,0.0,0,0.000,0.000,0.0,0
622385,0.000,0.000,0.0,0,0.000,0.000,0.0,0
622425,0.000,0.000,0.0,0,0.000,0.000,0.0,0
622465,0.000,0.000,0.0,0,0.000,0.000,0.0,0
622505,0.000,0.000,0.0,0,0.000,0.000,0.0,0
622545,0.000,0.000,0.0,0,0.000,0.000,0.0,0
622585,0.000,0.000,0.0,0,0.000,0.000,0.0,0
622625,0.000,0.000,0.0,0,0.000,0.000,0.0,0
622665,0.000,0.000,0.0,0,0.000,0.000,0.0,0
622705,0.000,0.000,0.0,0,0.000,0.000,0.0,0
622745,0.000,0.000,0.0,0,0.000,0.000,0.0,0
622785,0.000,0.000,0.0,0,0.000,0.000,0.0,0
622825,0.000,0.000,0.0,0,0.000,0.000,0.0,0
622865,0.000,0.000,0.0,0,0.000,0.000,0.0,0
622905,0.000,0.000,0.0,0,0.000,0.000,0.0,0
622945,0.000,0.000,0.0,0,0.000,0.000,0.0,0
622985,0.000,0.000,0.0,0,0.000,0.000,0.0,0
623025,0.000,0.000,0.0,0,0.000,0.000,0.0,0
623065,0.000,0.000,0.0,0,0.000,0.000,0.0,0
623105,0.000,0.000,0.0,0,0.000,0.000,0.0,0
623145,0.000,0.000,0.0,0,0.000,0.000,0.0,0
623185,0.000,0.000,0.0,0,0.000,0.000,0.0,0
623225,0.000,0.000,0.0,0,0.000,0.000,0.0,0
623265,0.000,0.000,0.0,0,0.000,0.000,0.0,0
623305,0.000,0.000,0.0,0,0.000,0.000,0.0,0
623345,0.000,0.000,0.0,0,0.000,0.000,0.0,0
623385,0.000,0.000,0.0,0,0.000,0.000,0.0,0
623425,0.000,0.000,0.0,0,0.000,0.000,0.0,0
623465,0.000,0.000,0.0,0,0.000,0.000,0.0,0
623505,0.000,0.000,0.0,0,0.000,0.000,0.0,0
623545,0.000,0.000,0.0,0,0.000,0.000,0.0,0
623585,0.000,0.000,0.0,0,0.000,0.000,0.0,0
623625,0.000,0.000,0.0,0,0.000,0.000,0.0,0
623665,0.000,0.000,0.0,0,0.000,0.000,0.0,0
623705,0.000,0.000,0.0,0,0.000,0.000,0.0,0
623745,0.000,0.000,0.0,0,0.000,0.000,0.0,0
623785,0.000,0.000,0.0,0,0.000,0.000,0.0,0
623825,0.000,0.000,0.0,0,0.000,0.000,0.0,0
623865,0.000,0.000,0.0,0,0.000,0.000,0.0,0
623905,0.000,0.000,0.0,0,0.000,0.000,0.0,0
623945,0.000,0.000,0.0,0,0.000,0.000,0.0,0
623985,0.000,0.000,0.0,0,0.000,0.000,0.0,0
624025,0.000,0.000,0.0,0,0.000,0.000,0.0,0
624065,0.000,0.000,0.0,0,0.000,0.000,0.0,0
624105,0.000,0.000,0.0,0,0.000,0.000,0.0,0
624145,0.000,0.000,0.0,0,0.000,0.000,0.0,0
624185,0.000,0.000,0.0,0,0.000,0.000,0.0,0
624225,0.000,0.000,0.0,0,0.000,0.000,0.0,0
624265,0.000,0.000,0.0,0,0.000,0.000,0.0,0
624305,0.000,0.000,0.0,0,0.000,0.000,0.0,0
624345,0.000,0.000,0.0,0,0.000,0.000,0.0,0
624385,0.000,0.000,0.0,0,0.000,0.000,0.0,0
624425,0.000,0.000,0.0,0,0.000,0.000,0.0,0
624465,0.000,0.000,0.0,0,0.000,0.000,0.0,0
624505,0.000,0.000,0.0,0,0.000,0.000,0.0,0
624545,0.000,0.000,0.0,0,0.000,0.000,0.0,0
624585,0.000,0.000,0.0,0,0.000,0.000,0.0,0
624625,0.000,0.000,0.0,0,0.000,0.000,0.0,0
624665,0.000,0.000,0.0,0,0.000,0.000,0.0,0
624705,0.000,0.000,0.0,0,0.000,0.000,0.0,0
624745,0.000,0.000,0.0,0,0.000,0.000,0.0,0
624785,0.000,0.000,0.0,0,0.000,0.000,0.0,0
624825,0.000,0.000,0.0,0,0.000,0.000,0.0,0
624865,0.000,0.000,0.0,0,0.000,0.000,0.0,0
624905,0.000,0.000,0.0,0,0.000,0.000,0.0,0
624945,0.000,0.000,0.0,0,0.000,0.000,0.0,0
624985,0.000,0.000,0.0,0,0.000,0.000,0.0,0
625025,0.000,0.000,0.0,0,0.000,0.000,0.0,0
625065,0.000,0.000,0.0,0,0.000,0.000,0.0,0
625105,0.000,0.000,0.0,0,0.000,0.000,0.0,0
625145,0.000,0.000,0.0,0,0.000,0.000,0.0,0
625185,0.000,0.000,0.0,0,0.000,0.000,0.0,0
625225,0.000,0.000,0.0,0,0.000,0.000,0.0,0
625265,0.000,0.000,0.0,0,0.000,0.000,0.0,0
625305,0.000,0.000,0.0,0,0.000,0.000,0.0,0
625345,0.000,0.000,0.0,0,0.000,0.000,0.0,0
625385,0.000,0.000,0.0,0,0.000,0.000,0.0,0
625425,0.000,0.000,0.0,0,0.000,0.000,0.0,0
625465,0.000,0.000,0.0,0,0.000,0.000,0.0,0
625505,0.000,0.000,0.0,0,0.000,0.000,0.0,0
625545,0.000,0.000,0.0,0,0.000,0.000,0.0,0
625585,0.000,0.000,0.0,0,0.000,0.000,0.0,0
625625,0.000,0.000,0.0,0,0.000,0.000,0.0,0
625665,0.000,0.000,0.0,0,0.000,0.000,0.0,0
625705,0.000,0.000,0.0,0,0.000,0.000,0.0,0
625745,0.000,0.000,0.0,0,0.000,0.000,0.0,0
625785,0.000,0.000,0.0,0,0.000,0.000,0.0,0
625825,0.000,0.000,0.0,0,0.000,0.000,0.0,0
625865,0.000,0.000,0.0,0,0.000,0.000,0.0,0
625905,0.000,0.000,0.0,0,0.000,0.000,0.0,0
625945,0.000,0.000,0.0,0,0.000,0.000,0.0,0
625985,0.000,0.000,0.0,0,0.000,0.000,0.0,0
626025,0.000,0.000,0.0,0,0.000,0.000,0.0,0
626065,0.000,0.000,0.0,0,0.000,0.000,0.0,0
626105,0.000,0.000,0.0,0,0.000,0.000,0.0,0
626145,0.000,0.000,0.0,0,0.000,0.000,0.0,0
626185,0.000,0.000,0.0,0,0.000,0.000,0.0,0
626225,0.000,0.000,0.0,0,0.000,0.000,0.0,0
626265,0.000,0.000,0.0,0,0.000,0.000,0.0,0
626305,0.000,0.000,0.0,0,0.000,0.000,0.0,0
626345,0.000,0.000,0.0,0,0.000,0.000,0.0,0
626385,0.000,0.000,0.0,0,0.000,0.000,0.0,0
626425,0.000,0.000,0.0,0,0.000,0.000,0.0,0
626465,0.000,0.000,0.0,0,0.000,0.000,0.0,0
626505,0.000,0.000,0.0,0,0.000,0.000,0.0,0
626545,0.000,0.000,0.0,0,0.000,0.000,0.0,0
626585,0.000,0.000,0.0,0,0.000,0.000,0.0,0
626625,0.000,0.000,0.0,0,0.000,0.000,0.0,0
626665,0.000,0.000,0.0,0,0.000,0.000,0.0,0
626705,0.000,0.000,0.0,0,0.000,0.000,0.0,0
626745,0.000,0.000,0.0,0,0.000,0.000,0.0,0
626785,0.000,0.000,0.0,0,0.000,0.000,0.0,0
626825,0.000,0.000,0.0,0,0.000,0.000,0.0,0
626865,0.000,0.000,0.0,0,0.000,0.000,0.0,0
626905,0.000,0.000,0.0,0,0.000,0.000,0.0,0
626945,0.000,0.000,0.0,0,0.000,0.000,0.0,0
626985,0.000,0.000,0.0,0,0.000,0.000,0.0,0
627025,0.000,0.000,0.0,0,0.000,0.000,0.0,0
627065,0.000,0.000,0.0,0,0.000,0.000,0.0,0
627105,0.000,0.000,0.0,0,0.000,0.000,0.0,0
627145,0.000,0.000,0.0,0,0.000,0.000,0.0,0
627185,0.000,0.000,0.0,0,0.000,0.000,0.0,0
627225,0.000,0.000,0.0,0,0.000,0.000,0.0,0
627265,0.000,0.000,0.0,0,0.000,0.000,0.0,0
627305,0.000,0.000,0.0,0,0.000,0.000,0.0,0
627345,0.000,0.000,0.0,0,0.000,0.000,0.0,0
627385,0.000,0.000,0.0,0,0.000,0.000,0.0,0
627425,0.000,0.000,0.0,0,0.000,0.000,0.0,0
627465,0.000,0.000,0.0,0,0.000,0.000,0.0,0
627505,0.000,0.000,0.0,0,0.000,0.000,0.0,0
627545,0.000,0.000,0.0,0,0.000,0.000,0.0,0
627585,0.000,0.000,0.0,0,0.000,0.000,0.0,0
627625,0.000,0.000,0.0,0,0.000,0.000,0.0,0
627665,0.000,0.000,0.0,0,0.000,0.000,0.0,0
627705,0.000,0.000,0.0,0,0.000,0.000,0.0,0
627745,0.000,0.000,0.0,0,0.000,0.000,0.0,0
627785,0.000,0.000,0.0,0,0.000,0.000,0.0,0
627825,0.000,0.000,0.0,0,0.000,0.000,0.0,0
627865,0.000,0.000,0.0,0,0.000,0.000,0.0,0
627905,0.000,0.000,0.0,0,0.000,0.000,0.0,0
627945,0.000,0.000,0.0,0,0.000,0.000,0.0,0
627985,0.000,0.000,0.0,0,0.000,0.000,0.0,0
628025,0.000,0.000,0.0,0,0.000,0.000,0.0,0
628065,0.000,0.000,0.0,0,0.000,0.000,0.0,0
628105,0.000,0.000,0.0,0,0.000,0.000,0.0,0
628145,0.000,0.000,0.0,0,0.000,0.000,0.0,0
628185,0.000,0.000,0.0,0,0.000,0.000,0.0,0
628225,0.000,0.000,0.0,0,0.000,0.000,0.0,0
628265,0.000,0.000,0.0,0,0.000,0.000,0.0,0
628305,0.000,0.000,0.0,0,0.000,0.000,0.0,0
628345,0.000,0.000,0.0,0,0.000,0.000,0.0,0
628385,0.000,0.000,0.0,0,0.000,0.000,0.0,0
628425,0.000,0.000,0.0,0,0.000,0.000,0.0,0
628465,0.000,0.000,0.0,0,0.000,0.000,0.0,0
628505,0.000,0.000,0.0,0,0.000,0.000,0.0,0
628545,0.000,0.000,0.0,0,0.000,0.000,0.0,0
628585,0.000,0.000,0.0,0,0.000,0.000,0.0,0
628625,0.000,0.000,0.0,0,0.000,0.000,0.0,0
628665,0.000,0.000,0.0,0,0.000,0.000,0.0,0
628705,0.000,0.000,0.0,0,0.000,0.000,0.0,0
628745,0.000,0.000,0.0,0,0.000,0.000,0.0,0
628785,0.000,0.000,0.0,0,0.000,0.000,0.0,0
628825,0.000,0.000,0.0,0,0.000,0.000,0.0,0
628865,0.000,0.000,0.0,0,0.000,0.000,0.0,0
628905,0.000,0.000,0.0,0,0.000,0.000,0.0,0
628945,0.000,0.000,0.0,0,0.000,0.000,0.0,0
628985,0.000,0.000,0.0,0,0.000,0.000,0.0,0
629025,0.000,0.000,0.0,0,0.000,0.000,0.0,0
629065,0.000,0.000,0.0,0,0.000,0.000,0.0,0
629105,0.000,0.000,0.0,0,0.000,0.000,0.0,0
629145,0.000,0.000,0.0,0,0.000,0.000,0.0,0
629185,0.000,0.000,0.0,0,0.000,0.000,0.0,0
629225,0.000,0.000,0.0,0,0.000,0.000,0.0,0
629265,0.000,0.000,0.0,0,0.000,0.000,0.0,0
629305,0.000,0.000,0.0,0,0.000,0.000,0.0,0
629345,0.000,0.000,0.0,0,0.000,0.000,0.0,0
629385,0.000,0.000,0.0,0,0.000,0.000,0.0,0
629425,0.000,0.000,0.0,0,0.000,0.000,0.0,0
629465,0.000,0.000,0.0,0,0.000,0.000,0.0,0
629505,0.000,0.000,0.0,0,0.000,0.000,0.0,0
629545,0.000,0.000,0.0,0,0.000,0.000,0.0,0
629585,0.000,0.000,0.0,0,0.000,0.000,0.0,0
629625,0.000,0.000,0.0,0,0.000,0.000,0.0,0
629665,0.000,0.000,0.0,0,0.000,0.000,0.0,0
629705,0.000,0.000,0.0,0,0.000,0.000,0.0,0
629745,0.000,0.000,0.0,0,0.000,0.000,0.0,0
629785,0.000,0.000,0.0,0,0.000,0.000,0.0,0
629825,0.000,0.000,0.0,0,0.000,0.000,0.0,0
629865,0.000,0.000,0.0,0,0.000,0.000,0.0,0
629905,0.000,0.000,0.0,0,0.000,0.000,0.0,0
629945,0.000,0.000,0.0,0,0.000,0.000,0.0,0
629985,0.000,0.000,0.0,0,0.000,0.000,0.0,0
630025,0.000,0.000,0.0,0,0.000,0.000,0.0,0
630065,0.000,0.000,0.0,0,0.000,0.000,0.0,0
630105,0.000,0.000,0.0,0,0.000,0.000,0.0,0
630145,0.000,0.000,0.0,0,0.000,0.000,0.0,0
630185,0.000,0.000,0.0,0,0.000,0.000,0.0,0
630225,0.000,0.000,0.0,0,0.000,0.000,0.0,0
630265,0.000,0.000,0.0,0,0.000,0.000,0.0,0
630305,0.000,0.000,0.0,0,0.000,0.000,0.0,0
630345,0.000,0.000,0.0,0,0.000,0.000,0.0,0
630385,0.000,0.000,0.0,0,0.000,0.000,0.0,0
630425,0.000,0.000,0.0,0,0.000,0.000,0.0,0
630465,0.000,0.000,0.0,0,0.000,0.000,0.0,0
630505,0.000,0.000,0.0,0,0.000,0.000,0.0,0
630545,0.000,0.000,0.0,0,0.000,0.000,0.0,0
630585,0.000,0.000,0.0,0,0.000,0.000,0.0,0
630625,0.000,0.000,0.0,0,0.000,0.000,0.0,0
630665,0.000,0.000,0.0,0,0.000,0.000,0.0,0
630705,0.000,0.000,0.0,0,0.000,0.000,0.0,0
630745,0.000,0.000,0.0,0,0.000,0.000,0.0,0
630785,0.000,0.000,0.0,0,0.000,0.000,0.0,0
630825,0.000,0.000,0.0,0,0.000,0.000,0.0,0
630865,0.000,0.000,0.0,0,0.000,0.000,0.0,0
630905,0.000,0.000,0.0,0,0.000,0.000,0.0,0
630945,0.000,0.000,0.0,0,0.000,0.000,0.0,0
630985,0.000,0.000,0.0,0,0.000,0.000,0.0,0
631025,0.000,0.000,0.0,0,0.000,0.000,0.0,0
631065,0.000,0.000,0.0,0,0.000,0.000,0.0,0
631105,0.000,0.000,0.0,0,0.000,0.000,0.0,0
631145,0.000,0.000,0.0,0,0.000,0.000,0.0,0
631185,0.000,0.000,0.0,0,0.000,0.000,0.0,0
631225,0.000,0.000,0.0,0,0.000,0.000,0.0,0
631265,0.000,0.000,0.0,0,0.000,0.000,0.0,0
631305,0.000,0.000,0.0,0,0.000,0.000,0.0,0
631345,0.000,0.000,0.0,0,0.000,0.000,0.0,0
631385,0.000,0.000,0.0,0,0.000,0.000,0.0,0
631425,0.000,0.000,0.0,0,0.000,0.000,0.0,0
631465,0.000,0.000,0.0,0,0.000,0.000,0.0,0
631505,0.000,0.000,0.0,0,0.000,0.000,0.0,0
631545,0.000,0.000,0.0,0,0.000,0.000,0.0,0
631585,0.000,0.000,0.0,0,0.000,0.000,0.0,0
631625,0.000,0.000,0.0,0,0.000,0.000,0.0,0
631665,0.000,0.000,0.0,0,0.000,0.000,0.0,0
631705,0.000,0.000,0.0,0,0.000,0.000,0.0,0
631745,0.000,0.000,0.0,0,0.000,0.000,0.0,0
631785,0.000,0.000,0.0,0,0.000,0.000,0.0,0
631825,0.000,0.000,0.0,0,0.000,0.000,0.0,0
631865,0.000,0.000,0.0,0,0.000,0.000,0.0,0
631905,0.000,0.000,0.0,0,0.000,0.000,0.0,0
631945,0.000,0.000,0.0,0,0.000,0.000,0.0,0
631985,0.000,0.000,0.0,0,0.000,0.000,0.0,0
632025,0.000,0.000,0.0,0,0.000,0.000,0.0,0
632065,0.000,0.000,0.0,0,0.000,0.000,0.0,0
632105,0.000,0.000,0.0,0,0.000,0.000,0.0,0
632145,0.000,0.000,0.0,0,0.000,0.000,0.0,0
632185,0.000,0.000,0.0,0,0.000,0.000,0.0,0
632225,0.000,0.000,0.0,0,0.000,0.000,0.0,0
632265,0.000,0.000,0.0,0,0.000,0.000,0.0,0
632305,0.000,0.000,0.0,0,0.000,0.000,0.0,0
632345,0.000,0.000,0.0,0,0.000,0.000,0.0,0
632385,0.000,0.000,0.0,0,0.000,0.000,0.0,0
632425,0.000,0.000,0.0,0,0.000,0.000,0.0,0
632465,0.000,0.000,0.0,0,0.000,0.000,0.0,0
632505,0.000,0.000,0.0,0,0.000,0.000,0.0,0
632545,0.000,0.000,0.0,0,0.000,0.000,0.0,0
632585,0.000,0.000,0.0,0,0.000,0.000,0.0,0
632625,0.000,0.000,0.0,0,0.000,0.000,0.0,0
632665,0.000,0.000,0.0,0,0.000,0.000,0.0,0
632705,0.000,0.000,0.0,0,0.000,0.000,0.0,0
632745,0.000,0.000,0.0,0,0.000,0.000,0.0,0
632785,0.000,0.000,0.0,0,0.000,0.000,0.0,0
632825,0.000,0.000,0.0,0,0.000,0.000,0.0,0
632865,0.000,0.000,0.0,0,0.000,0.000,0.0,0
632905,0.000,0.000,0.0,0,0.000,0.000,0.0,0
632945,0.000,0.000,0.0,0,0.000,0.000,0.0,0
632985,0.000,0.000,0.0,0,0.000,0.000,0.0,0
633025,0.000,0.000,0.0,0,0.000,0.000,0.0,0
633065,0.000,0.000,0.0,0,0.000,0.000,0.0,0
633105,0.000,0.000,0.0,0,0.000,0.000,0.0,0
633145,0.000,0.000,0.0,0,0.000,0.000,0.0,0
633185,0.000,0.000,0.0,0,0.000,0.000,0.0,0
633225,0.000,0.000,0.0,0,0.000,0.000,0.0,0
633265,0.000,0.000,0.0,0,0.000,0.000,0.0,0
633305,0.000,0.000,0.0,0,0.000,0.000,0.0,0
633345,0.000,0.000,0.0,0,0.000,0.000,0.0,0
633385,0.000,0.000,0.0,0,0.000,0.000,0.0,0
633425,0.000,0.000,0.0,0,0.000,0.000,0.0,0
633465,0.000,0.000,0.0,0,0.000,0.000,0.0,0
633505,0.000,0.000,0.0,0,0.000,0.000,0.0,0
633545,0.000,0.000,0.0,0,0.000,0.000,0.0,0
633585,0.000,0.000,0.0,0,0.000,0.000,0.0,0
633625,0.000,0.000,0.0,0,0.000,0.000,0.0,0
633665,0.000,0.000,0.0,0,0.000,0.000,0.0,0
633705,0.000,0.000,0.0,0,0.000,0.000,0.0,0
633745,0.000,0.000,0.0,0,0.000,0.000,0.0,0
633785,0.000,0.000,0.0,0,0.000,0.000,0.0,0
633825,0.000,0.000,0.0,0,0.000,0.000,0.0,0
633865,0.000,0.000,0.0,0,0.000,0.000,0.0,0
633905,0.000,0.000,0.0,0,0.000,0.000,0.0,0
633945,0.000,0.000,0.0,0,0.000,0.000,0.0,0
633985,0.000,0.000,0.0,0,0.000,0.000,0.0,0
634025,0.000,0.000,0.0,0,0.000,0.000,0.0,0
634065,0.000,0.000,0.0,0,0.000,0.000,0.0,0
634105,0.000,0.000,0.0,0,0.000,0.000,0.0,0
634145,0.000,0.000,0.0,0,0.000,0.000,0.0,0
634185,0.000,0.000,0.0,0,0.000,0.000,0.0,0
634225,0.000,0.000,0.0,0,0.000,0.000,0.0,0
634265,0.000,0.000,0.0,0,0.000,0.000,0.0,0
634305,0.000,0.000,0.0,0,0.000,0.000,0.0,0
634345,0.000,0.000,0.0,0,0.000,0.000,0.0,0
634385,0.000,0.000,0.0,0,0.000,0.000,0.0,0
634425,0.000,0.000,0.0,0,0.000,0.000,0.0,0
634465,0.000,0.000,0.0,0,0.000,0.000,0.0,0
634505,0.000,0.000,0.0,0,0.000,0.000,0.0,0
634545,0.000,0.000,0.0,0,0.000,0.000,0.0,0
634585,0.000,0.000,0.0,0,0.000,0.000,0.0,0
634625,0.000,0.000,0.0,0,0.000,0.000,0.0,0
634665,0.000,0.000,0.0,0,0.000,0.000,0.0,0
634705,0.000,0.000,0.0,0,0.000,0.000,0.0,0
634745,0.000,0.000,0.0,0,0.000,0.000,0.0,0
634785,0.000,0.000,0.0,0,0.000,0.000,0.0,0
634825,0.000,0.000,0.0,0,0.000,0.000,0.0,0
634865,0.000,0.000,0.0,0,0.000,0.000,0.0,0
634905,0.000,0.000,0.0,0,0.000,0.000,0.0,0
634945,0.000,0.000,0.0,0,0.000,0.000,0.0,0
634985,0.000,0.000,0.0,0,0.000,0.000,0.0,0
635025,0.000,0.000,0.0,0,0.000,0.000,0.0,0
635065,0.000,0.000,0.0,0,0.000,0.000,0.0,0
635105,0.000,0.000,0.0,0,0.000,0.000,0.0,0
635145,0.000,0.000,0.0,0,0.000,0.000,0.0,0
635185,0.000,0.000,0.0,0,0.000,0.000,0.0,0
635225,0.000,0.000,0.0,0,0.000,0.000,0.0,0
635265,0.000,0.000,0.0,0,0.000,0.000,0.0,0
635305,0.000,0.000,0.0,0,0.000,0.000,0.0,0
635345,0.000,0.000,0.0,0,0.000,0.000,0.0,0
635385,0.000,0.000,0.0,0,0.000,0.000,0.0,0
635425,0.000,0.000,0.0,0,0.000,0.000,0.0,0
635465,0.000,0.000,0.0,0,0.000,0.000,0.0,0
635505,0.000,0.000,0.0,0,0.000,0.000,0.0,0
635545,0.000,0.000,0.0,0,0.000,0.000,0.0,0
635585,0.000,0.000,0.0,0,0.000,0.000,0.0,0
635625,0.000,0.000,0.0,0,0.000,0.000,0.0,0
635665,0.000,0.000,0.0,0,0.000,0.000,0.0,0
635705,0.000,0.000,0.0,0,0.000,0.000,0.0,0
635745,0.000,0.000,0.0,0,0.000,0.000,0.0,0
635785,0.000,0.000,0.0,0,0.000,0.000,0.0,0
635825,0.000,0.000,0.0,0,0.000,0.000,0.0,0
635865,0.000,0.000,0.0,0,0.000,0.000,0.0,0
635905,0.000,0.000,0.0,0,0.000,0.000,0.0,0
635945,0.000,0.000,0.0,0,0.000,0.000,0.0,0
635985,0.000,0.000,0.0,0,0.000,0.000,0.0,0
636025,0.000,0.000,0.0,0,0.000,0.000,0.0,0
636065,0.000,0.000,0.0,0,0.000,0.000,0.0,0
636105,0.000,0.000,0.0,0,0.000,0.000,0.0,0
636145,0.000,0.000,0.0,0,0.000,0.000,0.0,0
636185,0.000,0.000,0.0,0,0.000,0.000,0.0,0
636225,0.000,0.000,0.0,0,0.000,0.000,0.0,0
636265,0.000,0.000,0.0,0,0.000,0.000,0.0,0
636305,0.000,0.000,0.0,0,0.000,0.000,0.0,0
636345,0.000,0.000,0.0,0,0.000,0.000,0.0,0
636385,0.000,0.000,0.0,0,0.000,0.000,0.0,0
636425,0.000,0.000,0.0,0,0.000,0.000,0.0,0
636465,0.000,0.000,0.0,0,0.000,0.000,0.0,0
636505,0.000,0.000,0.0,0,0.000,0.000,0.0,0
636545,0.000,0.000,0.0,0,0.000,0.000,0.0,0
636585,0.000,0.000,0.0,0,0.000,0.000,0.0,0
636625,0.000,0.000,0.0,0,0.000,0.000,0.0,0
636665,0.000,0.000,0.0,0,0.000,0.000,0.0,0
636705,0.000,0.000,0.0,0,0.000,0.000,0.0,0
636745,0.000,0.000,0.0,0,0.000,0.000,0.0,0
636785,0.000,0.000,0.0,0,0.000,0.000,0.0,0
636825,0.000,0.000,0.0,0,0.000,0.000,0.0,0
636865,0.000,0.000,0.0,0,0.000,0.000,0.0,0
636905,0.000,0.000,0.0,0,0.000,0.000,0.0,0
636945,0.000,0.000,0.0,0,0.000,0.000,0.0,0
636985,0.000,0.000,0.0,0,0.000,0.000,0.0,0
637025,0.000,0.000,0.0,0,0.000,0.000,0.0,0
637065,0.000,0.000,0.0,0,0.000,0.000,0.0,0
637105,0.000,0.000,0.0,0,0.000,0.000,0.0,0
637145,0.000,0.000,0.0,0,0.000,0.000,0.0,0
637185,0.000,0.000,0.0,0,0.000,0.000,0.0,0
637225,0.000,0.000,0.0,0,0.000,0.000,0.0,0
637265,0.000,0.000,0.0,0,0.000,0.000,0.0,0
637305,0.000,0.000,0.0,0,0.000,0.000,0.0,0
637345,0.000,0.000,0.0,0,0.000,0.000,0.0,0
637385,0.000,0.000,0.0,0,0.000,0.000,0.0,0
637425,0.000,0.000,0.0,0,0.000,0.000,0.0,0
637465,0.000,0.000,0.0,0,0.000,0.000,0.0,0
637505,0.000,0.000,0.0,0,0.000,0.000,0.0,0
637545,0.000,0.000,0.0,0,0.000,0.000,0.0,0
637585,0.000,0.000,0.0,0,0.000,0.000,0.0,0
637625,0.000,0.000,0.0,0,0.000,0.000,0.0,0
637665,0.000,0.000,0.0,0,0.000,0.000,0.0,0
637705,0.000,0.000,0.0,0,0.000,0.000,0.0,0
637745,0.000,0.000,0.0,0,0.000,0.000,0.0,0
637785,0.000,0.000,0.0,0,0.000,0.000,0.0,0
637825,0.000,0.000,0.0,0,0.000,0.000,0.0,0
637865,0.000,0.000,0.0,0,0.000,0.000,0.0,0
637905,0.000,0.000,0.0,0,0.000,0.000,0.0,0
637945,0.000,0.000,0.0,0,0.000,0.000,0.0,0
637985,0.000,0.000,0.0,0,0.000,0.000,0.0,0
638025,0.000,0.000,0.0,0,0.000,0.000,0.0,0
638065,0.000,0.000,0.0,0,0.000,0.000,0.0,0
638105,0.000,0.000,0.0,0,0.000,0.000,0.0,0
638145,0.000,0.000,0.0,0,0.000,0.000,0.0,0
638185,0.000,0.000,0.0,0,0.000,0.000,0.0,0
638225,0.000,0.000,0.0,0,0.000,0.000,0.0,0
638265,0.000,0.000,0.0,0,0.000,0.000,0.0,0
638305,0.000,0.000,0.0,0,0.000,0.000,0.0,0
638345,0.000,0.000,0.0,0,0.000,0.000,0.0,0
638385,0.000,0.000,0.0,0,0.000,0.000,0.0,0
638425,0.000,0.000,0.0,0,0.000,0.000,0.0,0
638465,0.000,0.000,0.0,0,0.000,0.000,0.0,0
638505,0.000,0.000,0.0,0,0.000,0.000,0.0,0
638545,0.000,0.000,0.0,0,0.000,0.000,0.0,0
638585,0.000,0.000,0.0,0,0.000,0.000,0.0,0
638625,0.000,0.000,0.0,0,0.000,0.000,0.0,0
638665,0.000,0.000,0.0,0,0.000,0.000,0.0,0
638705,0.000,0.000,0.0,0,0.000,0.000,0.0,0
638745,0.000,0.000,0.0,0,0.000,0.000,0.0,0
638785,0.000,0.000,0.0,0,0.000,0.000,0.0,0
638825,0.000,0.000,0.0,0,0.000,0.000,0.0,0
638865,0.000,0.000,0.0,0,0.000,0.000,0.0,0
638905,0.000,0.000,0.0,0,0.000,0.000,0.0,0
638945,0.000,0.000,0.0,0,0.000,0.000,0.0,0
638985,0.000,0.000,0.0,0,0.000,0.000,0.0,0
639025,1.282,0.000,16.4,12,0.000,0.000,0.0,0
639065,1.282,0.000,18.5,18,0.000,0.000,0.0,0
639105,1.282,0.000,20.5,20,0.000,0.000,0.0,0
639145,1.282,0.000,22.6,22,0.000,0.000,0.0,0
639185,1.282,0.001,24.6,24,0.000,0.001,0.0,0
639225,1.282,0.001,26.7,26,0.000,0.001,0.0,0
639265,1.282,0.299,24.7,24,0.000,0.001,0.0,0
639305,1.282,0.299,26.2,26,0.000,0.244,0.0,0
639345,1.282,0.478,25.4,25,0.000,0.244,0.0,0
639385,1.282,0.812,22.1,22,0.000,0.482,0.0,0
639425,1.282,0.975,20.8,20,0.000,0.744,0.0,0
639465,1.282,0.975,21.3,21,0.000,1.015,0.0,0
639505,1.282,1.011,21.3,21,0.000,1.127,0.0,0
639545,1.282,1.164,19.7,19,0.000,1.127,0.0,0
639585,1.282,1.314,18.0,18,0.000,1.272,0.0,0
639625,1.282,1.314,18.0,17,0.000,1.443,0.0,0
639665,1.282,1.274,18.4,18,0.000,1.437,0.0,0
639705,1.282,1.331,17.7,17,0.000,1.461,0.0,0
639745,1.282,1.383,16.9,16,0.000,1.542,0.0,0
639785,1.282,1.317,17.6,17,0.000,1.501,0.0,0
639825,1.282,1.317,17.6,17,0.000,1.469,0.0,0
639865,1.282,1.276,18.1,18,0.000,1.469,0.0,0
639905,1.282,1.311,17.6,17,0.000,1.460,0.0,0
639945,1.282,1.311,17.6,17,0.000,1.402,0.0,0
639985,1.282,1.259,18.2,18,0.000,1.420,0.0,0
640025,1.282,1.235,18.6,18,0.000,1.446,0.0,0
640065,1.282,1.321,17.6,17,0.000,1.446,0.0,0
640105,1.282,1.321,17.5,17,0.000,1.416,0.0,0
640145,1.282,1.260,18.3,18,0.000,1.396,0.0,0
640185,1.282,1.216,18.9,18,0.000,1.405,0.0,0
640225,1.282,1.331,17.5,17,0.000,1.384,0.0,0
640265,1.282,1.331,17.4,17,0.000,1.394,0.0,0
640305,1.282,1.278,18.1,18,0.000,1.394,0.0,0
640345,1.282,1.211,18.9,18,0.000,1.384,0.0,0
640385,1.282,1.211,19.0,19,0.000,1.321,0.0,0
640425,1.282,1.218,19.1,19,0.000,1.330,0.0,0
640465,1.282,1.237,18.9,18,0.000,1.330,0.0,0
640505,1.282,1.237,19.0,18,0.000,1.349,0.0,0
640545,1.282,1.193,19.7,19,0.000,1.317,0.0,0
640585,1.282,1.203,19.7,19,0.000,1.334,0.0,0
640625,1.282,1.259,19.1,19,0.000,1.334,0.0,0
640665,1.282,1.259,19.1,19,0.000,1.351,0.0,0
640705,1.282,1.251,19.3,19,0.000,1.368,0.0,0
640745,1.282,1.290,18.8,18,0.000,1.438,0.0,0
640785,1.282,1.362,17.9,17,0.000,1.447,0.0,0
640825,1.282,1.362,17.8,17,0.000,1.449,0.0,0
640865,1.282,1.331,18.0,18,0.000,1.527,0.0,0
640905,1.282,1.382,17.3,17,0.000,1.577,0.0,0
640945,1.282,1.468,16.0,15,0.000,1.577,0.0,0
640985,1.282,1.405,16.5,16,0.000,1.552,0.0,0
641025,1.282,1.384,16.5,16,0.000,1.549,0.0,0
641065,1.282,1.384,16.4,16,0.000,1.526,0.0,0
641105,1.282,1.411,15.8,15,0.000,1.503,0.0,0
641145,1.282,1.366,16.2,16,0.000,1.521,0.0,0
641185,1.282,1.323,16.7,16,0.000,1.448,0.0,0
641225,1.282,1.323,16.6,16,0.000,1.448,0.0,0
641265,1.282,1.280,17.1,17,0.000,1.353,0.0,0
641305,1.282,1.221,17.9,17,0.000,1.343,0.0,0
641345,1.282,1.221,18.0,17,0.000,1.343,0.0,0
641385,1.282,1.185,18.6,18,0.000,1.287,0.0,0
641425,1.282,1.185,18.7,18,0.000,1.232,0.0,0
641465,1.282,1.149,19.4,19,0.000,1.232,0.0,0
641505,1.282,1.118,20.0,19,0.000,1.227,0.0,0
641545,1.282,1.118,20.2,20,0.000,1.225,0.0,0
641585,1.282,1.159,19.9,19,0.000,1.261,0.0,0
641625,1.282,1.205,19.5,19,0.000,1.324,0.0,0
641665,1.282,1.195,19.8,19,0.000,1.324,0.0,0
641705,1.282,1.195,19.9,19,0.000,1.307,0.0,0
641745,1.282,1.253,19.3,19,0.000,1.377,0.0,0
641785,1.282,1.333,18.2,18,0.000,1.481,0.0,0
641825,1.282,1.348,17.9,17,0.000,1.470,0.0,0
641865,1.282,1.403,17.1,17,0.000,1.516,0.0,0
641905,1.282,1.438,16.5,16,0.000,1.625,0.0,0
641945,1.282,1.438,16.2,16,0.000,1.584,0.0,0
641985,1.282,1.443,15.9,15,0.000,1.587,0.0,0
642025,1.282,1.462,15.4,15,0.000,1.587,0.0,0
642065,1.282,1.433,15.5,15,0.000,1.591,0.0,0
642105,1.282,1.394,15.8,15,0.000,1.514,0.0,0
642145,1.282,1.389,15.6,15,0.000,1.501,0.0,0
642185,1.282,1.389,15.5,15,0.000,1.543,0.0,0
642225,1.282,1.362,15.7,15,0.000,1.443,0.0,0
642265,1.282,1.279,16.6,16,0.000,1.443,0.0,0
642305,1.282,1.279,16.6,16,0.000,1.340,0.0,0
642345,1.282,1.226,17.3,17,0.000,1.341,0.0,0
642385,1.282,1.218,17.5,17,0.000,1.341,0.0,0
642425,1.282,1.218,17.6,17,0.000,1.308,0.0,0
642465,1.282,1.199,18.0,17,0.000,1.278,0.0,0
642505,1.282,1.198,18.1,18,0.000,1.308,0.0,0
642545,1.282,1.198,18.3,18,0.000,1.308,0.0,0
642585,1.282,1.195,18.4,18,0.000,1.296,0.0,0
642625,1.282,1.248,17.9,17,0.000,1.317,0.0,0
642665,1.282,1.311,17.1,17,0.000,1.427,0.0,0
642705,1.282,1.303,17.2,17,0.000,1.436,0.0,0
642745,1.282,1.303,17.1,17,0.000,1.398,0.0,0
642785,1.282,1.303,17.1,17,0.000,1.398,0.0,0
642825,1.282,1.373,16.1,16,0.000,1.472,0.0,0
642865,1.282,1.377,15.9,15,0.000,1.535,0.0,0
642905,1.282,1.377,15.8,15,0.000,1.476,0.0,0
642945,1.282,1.359,15.9,15,0.000,1.493,0.0,0
642985,1.282,1.371,15.6,15,0.000,1.517,0.0,0
643025,1.282,1.337,15.9,15,0.000,1.456,0.0,0
643065,1.282,1.317,16.0,16,0.000,1.456,0.0,0
643105,1.282,1.317,16.0,15,0.000,1.443,0.0,0
643145,1.282,1.312,16.0,15,0.000,1.457,0.0,0
643185,1.282,1.249,16.7,16,0.000,1.357,0.0,0
643225,1.282,1.249,16.8,16,0.000,1.357,0.0,0
643265,1.282,1.223,17.2,17,0.000,1.333,0.0,0
643305,1.282,1.236,17.1,17,0.000,1.367,0.0,0
643345,1.282,1.236,17.2,17,0.000,1.295,0.0,0
643385,1.282,1.185,18.0,17,0.000,1.295,0.0,0
643425,1.282,1.160,18.4,18,0.000,1.257,0.0,0
643465,1.282,1.160,18.6,18,0.000,1.319,0.0,0
643505,1.282,1.213,18.1,18,0.000,1.291,0.0,0
643545,1.282,1.203,18.4,18,0.000,1.291,0.0,0
643585,1.282,1.203,18.5,18,0.000,1.299,0.0,0
643625,1.282,1.193,18.7,18,0.000,1.353,0.0,0
643665,1.282,1.236,18.3,18,0.000,1.318,0.0,0
643705,1.282,1.258,18.1,18,0.000,1.380,0.0,0
643745,1.282,1.316,17.4,17,0.000,1.499,0.0,0
643785,1.282,1.316,17.3,17,0.000,1.499,0.0,0
643825,1.282,1.367,16.6,16,0.000,1.436,0.0,0
643865,1.282,1.318,17.1,17,0.000,1.436,0.0,0
643905,1.282,1.348,16.7,16,0.000,1.516,0.0,0
643945,1.282,1.429,15.5,15,0.000,1.487,0.0,0
643985,1.282,1.429,15.3,15,0.000,1.487,0.0,0
644025,1.282,1.384,15.7,15,0.000,1.528,0.0,0
644065,0.000,1.347,0.0,0,0.000,1.528,0.0,0
644105,0.000,1.297,0.0,0,0.000,1.433,0.0,0
644145,0.000,1.297,0.0,0,0.000,1.321,0.0,0
644185,0.000,1.297,0.0,0,0.000,1.321,0.0,0
644225,0.000,1.104,0.0,0,0.000,1.161,0.0,0
644265,0.000,1.104,0.0,0,0.000,1.161,0.0,0
644305,0.000,1.104,0.0,0,0.000,1.161,0.0,0
644345,0.000,1.104,0.0,0,0.000,1.161,0.0,0
644385,0.000,0.000,0.0,0,0.000,0.000,0.0,0
644425,0.000,0.000,0.0,0,0.000,0.000,0.0,0
644465,0.000,0.000,0.0,0,0.000,0.000,0.0,0
644505,0.000,0.000,0.0,0,0.000,0.000,0.0,0
644545,0.000,0.000,0.0,0,0.000,0.080,0.0,0
644585,0.000,0.000,0.0,0,0.000,0.080,0.0,0
644625,0.000,0.000,0.0,0,0.000,0.080,0.0,0
644665,0.000,0.000,0.0,0,0.000,0.080,0.0,0
644705,0.000,0.000,0.0,0,0.000,0.000,0.0,0
644745,0.000,0.000,0.0,0,0.000,0.000,0.0,0
644785,0.000,0.000,0.0,0,0.000,0.000,0.0,0
644825,0.000,0.000,0.0,0,0.000,0.000,0.0,0
644865,0.000,0.000,0.0,0,0.000,0.000,0.0,0
644905,0.000,0.000,0.0,0,0.000,0.000,0.0,0
644945,0.000,0.000,0.0,0,0.000,0.000,0.0,0
644985,0.000,0.000,0.0,0,0.000,0.000,0.0,0
645025,0.000,0.000,0.0,0,0.000,0.000,0.0,0
645065,0.000,0.000,0.0,0,0.000,0.000,0.0,0
645105,0.000,0.000,0.0,0,0.000,0.000,0.0,0
645145,0.000,0.000,0.0,0,0.000,0.000,0.0,0
645185,0.000,0.000,0.0,0,0.000,0.000,0.0,0
645225,0.000,0.000,0.0,0,0.000,0.000,0.0,0
645265,0.000,0.000,0.0,0,0.000,0.000,0.0,0
645305,0.000,0.000,0.0,0,0.000,0.000,0.0,0
645345,0.000,0.000,0.0,0,0.000,0.000,0.0,0
645385,0.000,0.000,0.0,0,0.000,0.000,0.0,0
645425,0.000,0.000,0.0,0,0.000,0.000,0.0,0
645465,0.000,0.000,0.0,0,0.000,0.000,0.0,0
645505,0.000,0.000,0.0,0,0.000,0.000,0.0,0
645545,0.000,0.000,0.0,0,0.000,0.000,0.0,0
645585,0.000,0.000,0.0,0,0.000,0.000,0.0,0
645625,0.000,0.000,0.0,0,0.000,0.000,0.0,0
645665,0.000,0.000,0.0,0,0.000,0.000,0.0,0
645705,0.000,0.000,0.0,0,0.000,0.000,0.0,0
645745,0.000,0.000,0.0,0,0.000,0.000,0.0,0
645785,0.000,0.000,0.0,0,0.000,0.000,0.0,0
645825,0.000,0.000,0.0,0,0.000,0.000,0.0,0
645865,0.000,0.000,0.0,0,0.000,0.000,0.0,0
645905,0.000,0.000,0.0,0,0.000,0.000,0.0,0
645945,0.000,0.000,0.0,0,0.000,0.000,0.0,0
645985,0.000,0.000,0.0,0,0.000,0.000,0.0,0
646025,0.000,0.000,0.0,0,0.000,0.000,0.0,0
646065,0.000,0.000,0.0,0,0.000,0.000,0.0,0
646105,0.000,0.000,0.0,0,0.000,0.000,0.0,0
646145,0.000,0.000,0.0,0,0.000,0.000,0.0,0
646185,0.000,0.000,0.0,0,0.000,0.000,0.0,0
646225,0.000,0.000,0.0,0,0.000,0.000,0.0,0
646265,0.000,0.000,0.0,0,0.000,0.000,0.0,0
646305,0.000,0.000,0.0,0,0.000,0.000,0.0,0
646345,0.000,0.000,0.0,0,0.000,0.000,0.0,0
646385,0.000,0.000,0.0,0,0.000,0.000,0.0,0
646425,0.000,0.000,0.0,0,0.000,0.000,0.0,0
646465,0.000,0.000,0.0,0,0.000,0.000,0.0,0
646505,0.000,0.000,0.0,0,0.000,0.000,0.0,0
646545,0.000,0.000,0.0,0,0.000,0.000,0.0,0
646585,0.000,0.000,0.0,0,0.000,0.000,0.0,0
646625,0.000,0.000,0.0,0,0.000,0.000,0.0,0
646665,0.000,0.000,0.0,0,0.000,0.000,0.0,0
646705,0.000,0.000,0.0,0,0.000,0.000,0.0,0
646745,0.000,0.000,0.0,0,0.000,0.000,0.0,0
646785,0.000,0.000,0.0,0,0.000,0.000,0.0,0
646825,0.000,0.000,0.0,0,0.000,0.000,0.0,0
646865,0.000,0.000,0.0,0,0.000,0.000,0.0,0
646905,0.000,0.000,0.0,0,0.000,0.000,0.0,0
646945,0.000,0.000,0.0,0,0.000,0.000,0.0,0
646985,0.000,0.000,0.0,0,0.000,0.000,0.0,0
647025,0.000,0.000,0.0,0,0.000,0.000,0.0,0
647065,0.000,0.000,0.0,0,0.000,0.000,0.0,0
647105,0.000,0.000,0.0,0,0.000,0.000,0.0,0
647145,0.000,0.000,0.0,0,0.000,0.000,0.0,0
647185,0.000,0.000,0.0,0,0.000,0.000,0.0,0
647225,0.000,0.000,0.0,0,0.000,0.000,0.0,0
647265,0.000,0.000,0.0,0,0.000,0.000,0.0,0
647305,0.000,0.000,0.0,0,0.000,0.000,0.0,0
647345,0.000,0.000,0.0,0,0.000,0.000,0.0,0
647385,0.000,0.000,0.0,0,0.000,0.000,0.0,0
647425,0.000,0.000,0.0,0,0.000,0.000,0.0,0
647465,0.000,0.000,0.0,0,0.000,0.000,0.0,0
647505,0.000,0.000,0.0,0,0.000,0.000,0.0,0
647545,0.000,0.000,0.0,0,0.000,0.000,0.0,0
647585,0.000,0.000,0.0,0,0.000,0.000,0.0,0
647625,0.000,0.000,0.0,0,0.000,0.000,0.0,0
647665,0.000,0.000,0.0,0,0.000,0.000,0.0,0
647705,0.000,0.000,0.0,0,0.000,0.000,0.0,0
647745,0.000,0.000,0.0,0,0.000,0.000,0.0,0
647785,0.000,0.000,0.0,0,0.000,0.000,0.0,0
647825,0.000,0.000,0.0,0,0.000,0.000,0.0,0
647865,0.000,0.000,0.0,0,0.000,0.000,0.0,0
647905,0.000,0.000,0.0,0,0.000,0.000,0.0,0
647945,0.000,0.000,0.0,0,0.000,0.000,0.0,0
647985,0.000,0.000,0.0,0,0.000,0.000,0.0,0
648025,0.000,0.000,0.0,0,0.000,0.000,0.0,0
648065,0.000,0.000,0.0,0,0.000,0.000,0.0,0
648105,0.000,0.000,0.0,0,0.000,0.000,0.0,0
648145,0.000,0.000,0.0,0,0.000,0.000,0.0,0
648185,0.000,0.000,0.0,0,0.000,0.000,0.0,0
648225,0.000,0.000,0.0,0,0.000,0.000,0.0,0
648265,0.000,0.000,0.0,0,0.000,0.000,0.0,0
648305,0.000,0.000,0.0,0,0.000,0.000,0.0,0
648345,0.000,0.000,0.0,0,0.000,0.000,0.0,0
648385,0.000,0.000,0.0,0,0.000,0.006,0.0,0
648425,0.000,0.000,0.0,0,0.000,0.585,0.0,0
648465,0.000,0.000,0.0,0,0.000,1.136,0.0,0
648505,0.000,0.000,0.0,0,0.000,2.189,0.0,0
648545,0.000,0.006,0.0,0,0.000,2.890,0.0,0
648585,0.000,0.006,0.0,0,0.000,3.153,0.0,0
648625,0.000,0.006,0.0,0,0.000,3.586,0.0,0
648665,0.000,0.006,0.0,0,0.000,3.906,0.0,0
648705,0.000,0.000,0.0,0,0.000,4.011,0.0,0
648745,0.000,0.129,0.0,0,0.000,4.022,0.0,0
648785,0.000,3.098,0.0,0,0.000,4.247,0.0,0
648825,0.000,4.677,0.0,0,0.000,4.515,0.0,0
648865,0.000,5.507,0.0,0,0.000,4.490,0.0,0
648905,0.000,5.892,0.0,0,0.000,4.246,0.0,0
648945,0.000,6.128,0.0,0,0.000,4.680,0.0,0
648985,0.000,6.502,0.0,0,0.000,4.952,0.0,0
649025,0.000,6.641,0.0,0,0.000,5.069,0.0,0
649065,0.000,6.708,0.0,0,0.000,4.647,0.0,0
649105,0.000,6.665,0.0,0,0.000,4.196,0.0,0
649145,0.000,6.667,0.0,0,0.000,4.094,0.0,0
649185,0.000,6.672,0.0,0,0.000,4.848,0.0,0
649225,0.000,6.804,0.0,0,0.000,5.279,0.0,0
649265,0.000,6.880,0.0,0,0.000,5.349,0.0,0
649305,0.000,6.702,0.0,0,0.000,5.275,0.0,0
649345,0.000,6.586,0.0,0,0.000,5.199,0.0,0
649385,0.000,6.419,0.0,0,0.000,5.060,0.0,0
649425,0.000,6.391,0.0,0,0.000,5.001,0.0,0
649465,0.000,6.397,0.0,0,0.000,4.918,0.0,0
649505,0.000,6.227,0.0,0,0.000,4.681,0.0,0
649545,0.000,5.906,0.0,0,0.000,4.296,0.0,0
649585,0.000,5.531,0.0,0,0.000,3.760,0.0,0
649625,0.000,5.261,0.0,0,0.000,3.570,0.0,0
649665,0.000,5.253,0.0,0,0.000,3.236,0.0,0
649705,0.000,5.307,0.0,0,0.000,3.229,0.0,0
649745,0.000,5.190,0.0,0,0.000,3.124,0.0,0
649785,0.000,4.825,0.0,0,0.000,3.036,0.0,0
649825,0.000,4.518,0.0,0,0.000,2.606,0.0,0
649865,0.000,4.058,0.0,0,0.000,2.379,0.0,0
649905,0.000,3.795,0.0,0,0.000,2.123,0.0,0
649945,0.000,3.643,0.0,0,0.000,2.123,0.0,0
649985,0.000,3.375,0.0,0,0.000,2.123,0.0,0
650025,0.000,2.806,0.0,0,0.000,1.637,0.0,0
650065,0.000,2.806,0.0,0,0.000,1.637,0.0,0
650105,0.000,2.347,0.0,0,0.000,1.637,0.0,0
650145,0.000,1.974,0.0,0,0.000,1.259,0.0,0
650185,0.000,1.974,0.0,0,0.000,1.259,0.0,0
650225,0.000,1.974,0.0,0,0.000,1.259,0.0,0
650265,0.000,1.974,0.0,0,0.000,1.259,0.0,0
650305,0.000,0.000,0.0,0,0.000,0.975,0.0,0
650345,0.000,0.000,0.0,0,0.000,1.070,0.0,0
650385,0.000,0.000,0.0,0,0.000,1.070,0.0,0
650425,0.000,0.000,0.0,0,0.000,1.070,0.0,0
650465,0.000,0.000,0.0,0,0.000,0.911,0.0,0
650505,0.000,0.000,0.0,0,0.000,0.911,0.0,0
650545,0.000,0.000,0.0,0,0.000,0.911,0.0,0
650585,0.000,0.000,0.0,0,0.000,0.911,0.0,0
650625,0.000,0.000,0.0,0,0.000,0.000,0.0,0
650665,0.000,0.000,0.0,0,0.000,0.000,0.0,0
650705,0.000,0.000,0.0,0,0.000,0.000,0.0,0
650745,0.000,0.000,0.0,0,0.000,0.000,0.0,0
650785,0.000,0.000,0.0,0,0.000,0.000,0.0,0
650825,0.000,0.000,0.0,0,0.000,0.000,0.0,0
650865,0.000,0.000,0.0,0,0.000,0.000,0.0,0
650905,0.000,0.000,0.0,0,0.000,0.000,0.0,0
650945,0.000,0.000,0.0,0,0.000,0.000,0.0,0
650985,0.000,0.000,0.0,0,0.000,0.000,0.0,0
651025,0.000,0.000,0.0,0,0.000,0.000,0.0,0
651065,0.000,0.000,0.0,0,0.000,0.000,0.0,0
651105,0.000,0.000,0.0,0,0.000,0.000,0.0,0
651145,0.000,0.000,0.0,0,0.000,0.000,0.0,0
651185,0.000,0.000,0.0,0,0.000,0.000,0.0,0
651225,0.000,0.000,0.0,0,0.000,0.000,0.0,0
651265,0.000,0.000,0.0,0,0.000,0.000,0.0,0
651305,0.000,0.000,0.0,0,0.000,0.000,0.0,0
651345,0.000,0.000,0.0,0,0.000,0.000,0.0,0
651385,0.000,0.000,0.0,0,0.000,0.000,0.0,0
651425,0.000,0.000,0.0,0,0.000,0.000,0.0,0
651465,0.000,0.000,0.0,0,0.000,0.000,0.0,0
651505,0.000,0.000,0.0,0,0.000,0.000,0.0,0
651545,0.000,0.000,0.0,0,0.000,0.000,0.0,0
651585,0.000,0.000,0.0,0,0.000,0.000,0.0,0
651625,0.000,0.000,0.0,0,0.000,0.000,0.0,0
651665,0.000,0.000,0.0,0,0.000,0.000,0.0,0
651705,0.000,0.000,0.0,0,0.000,0.000,0.0,0
651745,0.000,0.000,0.0,0,0.000,0.000,0.0,0
651785,0.000,0.000,0.0,0,0.000,0.000,0.0,0
651825,0.000,0.000,0.0,0,0.000,0.000,0.0,0
651865,0.000,0.000,0.0,0,0.000,0.000,0.0,0
651905,0.000,0.000,0.0,0,0.000,0.000,0.0,0
651945,0.000,0.000,0.0,0,0.000,0.000,0.0,0
651985,0.000,0.000,0.0,0,0.000,0.000,0.0,0
652025,0.000,0.000,0.0,0,0.000,0.000,0.0,0
652065,0.000,0.000,0.0,0,0.000,0.000,0.0,0
652105,0.000,0.000,0.0,0,0.000,0.000,0.0,0
652145,0.000,0.000,0.0,0,0.000,0.000,0.0,0
652185,0.000,0.000,0.0,0,0.000,0.000,0.0,0
652225,0.000,0.000,0.0,0,0.000,0.000,0.0,0
652265,0.000,0.000,0.0,0,0.000,0.000,0.0,0
652305,0.000,0.000,0.0,0,0.000,0.000,0.0,0
652345,0.000,0.000,0.0,0,0.000,0.000,0.0,0
652385,0.000,0.000,0.0,0,0.000,0.000,0.0,0
652425,0.000,0.000,0.0,0,0.000,0.000,0.0,0
652465,0.000,0.000,0.0,0,0.000,0.000,0.0,0
652505,0.000,0.000,0.0,0,0.000,0.000,0.0,0
652545,0.000,0.000,0.0,0,0.000,0.000,0.0,0
652585,0.000,0.000,0.0,0,0.000,0.000,0.0,0
652625,0.000,0.000,0.0,0,0.000,0.000,0.0,0
652665,0.000,0.000,0.0,0,0.000,0.000,0.0,0
652705,0.000,0.000,0.0,0,0.000,0.000,0.0,0
652745,0.000,0.000,0.0,0,0.000,0.000,0.0,0
652785,0.000,0.000,0.0,0,0.000,0.000,0.0,0
652825,0.000,0.000,0.0,0,0.000,0.000,0.0,0
652865,0.000,0.000,0.0,0,0.000,0.000,0.0,0
652905,0.000,0.000,0.0,0,0.000,0.000,0.0,0
652945,0.000,0.000,0.0,0,0.000,0.000,0.0,0
652985,0.000,0.000,0.0,0,0.000,0.000,0.0,0
653025,0.000,0.000,0.0,0,0.000,0.000,0.0,0
653065,0.000,0.000,0.0,0,0.000,0.000,0.0,0
653105,0.000,0.000,0.0,0,0.000,0.000,0.0,0
653145,0.000,0.000,0.0,0,0.000,0.000,0.0,0
653185,0.000,0.000,0.0,0,0.000,0.000,0.0,0
653225,0.000,0.000,0.0,0,0.000,0.000,0.0,0
653265,0.000,0.000,0.0,0,0.000,0.000,0.0,0
653305,0.000,0.000,0.0,0,0.000,0.000,0.0,0
653345,0.000,0.000,0.0,0,0.000,0.000,0.0,0
653385,0.000,0.000,0.0,0,0.000,0.000,0.0,0
653425,0.000,0.000,0.0,0,0.000,0.000,0.0,0
653465,0.000,0.000,0.0,0,0.000,0.000,0.0,0
653505,0.000,0.000,0.0,0,0.000,0.000,0.0,0
653545,0.000,0.000,0.0,0,0.000,0.000,0.0,0
653585,0.000,0.000,0.0,0,0.000,0.000,0.0,0
653625,0.000,0.000,0.0,0,0.000,0.000,0.0,0
653665,0.000,0.000,0.0,0,0.000,0.000,0.0,0
653705,0.000,0.000,0.0,0,0.000,0.000,0.0,0
653745,0.000,0.000,0.0,0,0.000,0.000,0.0,0
653785,0.000,0.000,0.0,0,0.000,0.000,0.0,0
653825,0.000,0.000,0.0,0,0.000,0.000,0.0,0
653865,0.000,0.000,0.0,0,0.000,0.000,0.0,0
653905,0.000,0.000,0.0,0,0.000,0.000,0.0,0
653945,0.000,0.000,0.0,0,0.000,0.000,0.0,0
653985,0.000,0.000,0.0,0,0.000,0.000,0.0,0
654025,0.000,0.000,0.0,0,0.000,0.000,0.0,0
654065,0.000,0.000,0.0,0,0.000,0.000,0.0,0
654105,0.000,0.000,0.0,0,0.000,0.000,0.0,0
654145,0.000,0.000,0.0,0,0.000,0.000,0.0,0
654185,0.000,0.000,0.0,0,0.000,0.000,0.0,0
654225,0.000,0.000,0.0,0,0.000,0.000,0.0,0
654265,0.000,0.000,0.0,0,0.000,0.000,0.0,0
654305,0.000,0.000,0.0,0,0.000,0.000,0.0,0
654345,0.000,0.000,0.0,0,0.000,0.000,0.0,0
654385,0.000,0.000,0.0,0,0.000,0.000,0.0,0
654425,0.000,0.000,0.0,0,0.000,0.000,0.0,0
654465,0.000,0.000,0.0,0,0.000,0.000,0.0,0
654505,0.000,0.000,0.0,0,0.000,0.000,0.0,0
654545,0.000,0.000,0.0,0,0.000,0.000,0.0,0
654585,0.000,0.000,0.0,0,0.000,0.000,0.0,0
654625,0.000,0.000,0.0,0,0.000,0.000,0.0,0
654665,0.000,0.000,0.0,0,0.000,0.000,0.0,0
654705,0.000,0.000,0.0,0,0.000,0.000,0.0,0
654745,0.000,0.000,0.0,0,0.000,0.000,0.0,0
654785,0.000,0.000,0.0,0,0.000,0.000,0.0,0
654825,0.000,0.000,0.0,0,0.000,0.000,0.0,0
654865,0.000,0.000,0.0,0,0.000,0.000,0.0,0
654905,0.000,0.000,0.0,0,0.000,0.000,0.0,0
654945,0.000,0.000,0.0,0,0.000,0.000,0.0,0
654985,0.000,0.000,0.0,0,0.000,0.000,0.0,0
655025,0.000,0.000,0.0,0,0.000,0.000,0.0,0
655065,0.000,0.000,0.0,0,0.000,0.000,0.0,0
655105,0.000,0.000,0.0,0,0.000,0.000,0.0,0
655145,0.000,0.000,0.0,0,0.000,0.000,0.0,0
655185,0.000,0.000,0.0,0,0.000,0.000,0.0,0
655225,0.000,0.000,0.0,0,0.000,0.000,0.0,0
655265,0.000,0.000,0.0,0,0.000,0.000,0.0,0
655305,0.000,0.000,0.0,0,0.000,0.000,0.0,0
655345,0.000,0.000,0.0,0,0.000,0.000,0.0,0
655385,0.000,0.000,0.0,0,0.000,0.000,0.0,0
655425,0.000,0.000,0.0,0,0.000,0.000,0.0,0
655465,0.000,0.000,0.0,0,0.000,0.000,0.0,0
655505,0.000,0.000,0.0,0,0.000,0.000,0.0,0
655545,0.000,0.000,0.0,0,0.000,0.000,0.0,0
655585,0.000,0.000,0.0,0,0.000,0.000,0.0,0
655625,0.000,0.000,0.0,0,0.000,0.000,0.0,0
655665,0.000,0.000,0.0,0,0.000,0.000,0.0,0
655705,0.000,0.000,0.0,0,0.000,0.000,0.0,0
655745,0.000,0.000,0.0,0,0.000,0.000,0.0,0
655785,0.000,0.000,0.0,0,0.000,0.000,0.0,0
655825,0.000,0.000,0.0,0,0.000,0.000,0.0,0
655865,0.000,0.000,0.0,0,0.000,0.000,0.0,0
655905,0.000,0.000,0.0,0,0.000,0.000,0.0,0
655945,0.000,0.000,0.0,0,0.000,0.000,0.0,0
655985,0.000,0.000,0.0,0,0.000,0.000,0.0,0
656025,0.000,0.000,0.0,0,0.000,0.000,0.0,0
656065,0.000,0.000,0.0,0,0.000,0.000,0.0,0
656105,0.000,0.000,0.0,0,0.000,0.000,0.0,0
656145,0.000,0.000,0.0,0,0.000,0.000,0.0,0
656185,0.000,0.000,0.0,0,0.000,0.000,0.0,0
656225,0.000,0.000,0.0,0,0.000,0.000,0.0,0
656265,0.000,0.000,0.0,0,0.000,0.000,0.0,0
656305,0.000,0.000,0.0,0,0.000,0.000,0.0,0
656345,0.000,0.000,0.0,0,0.000,0.000,0.0,0
656385,0.000,0.000,0.0,0,0.000,0.000,0.0,0
656425,0.000,0.000,0.0,0,0.000,0.000,0.0,0
656465,0.000,0.000,0.0,0,0.000,0.000,0.0,0
656505,0.000,0.000,0.0,0,0.000,0.000,0.0,0
656545,0.000,0.000,0.0,0,0.000,0.000,0.0,0
656585,0.000,0.000,0.0,0,0.000,0.000,0.0,0
656625,0.000,0.000,0.0,0,0.000,0.000,0.0,0
656665,0.000,0.000,0.0,0,0.000,0.000,0.0,0
656705,0.000,0.000,0.0,0,0.000,0.000,0.0,0
656745,0.000,0.000,0.0,0,0.000,0.000,0.0,0
656785,0.000,0.000,0.0,0,0.000,0.000,0.0,0
656825,0.000,0.000,0.0,0,0.000,0.000,0.0,0
656865,0.000,0.000,0.0,0,0.000,0.000,0.0,0
656905,0.000,0.000,0.0,0,0.000,0.000,0.0,0
656945,0.000,0.000,0.0,0,0.000,0.000,0.0,0
656985,0.000,0.000,0.0,0,0.000,0.000,0.0,0
657025,0.000,0.000,0.0,0,0.000,0.000,0.0,0
657065,0.000,0.000,0.0,0,0.000,0.000,0.0,0
657105,0.000,0.000,0.0,0,0.000,0.000,0.0,0
657145,0.000,0.000,0.0,0,0.000,0.000,0.0,0
657185,0.000,0.000,0.0,0,0.000,0.000,0.0,0
657225,0.000,0.000,0.0,0,0.000,0.000,0.0,0
657265,0.000,0.000,0.0,0,0.000,0.000,0.0,0
657305,0.000,0.000,0.0,0,0.000,0.000,0.0,0
657345,0.000,0.000,0.0,0,0.000,0.000,0.0,0
657385,0.000,0.000,0.0,0,0.000,0.000,0.0,0
657425,0.000,0.000,0.0,0,0.000,0.000,0.0,0
657465,0.000,0.000,0.0,0,0.000,0.000,0.0,0
657505,0.000,0.000,0.0,0,0.000,0.000,0.0,0
657545,0.000,0.000,0.0,0,0.000,0.000,0.0,0
657585,0.000,0.000,0.0,0,0.000,0.000,0.0,0
657625,0.000,0.000,0.0,0,0.000,0.000,0.0,0
657665,0.000,0.000,0.0,0,0.000,0.000,0.0,0
657705,0.000,0.000,0.0,0,0.000,0.000,0.0,0
657745,0.000,0.000,0.0,0,0.000,0.000,0.0,0
657785,0.000,0.000,0.0,0,0.000,0.000,0.0,0
657825,0.000,0.000,0.0,0,0.000,0.000,0.0,0
657865,1.282,0.000,16.4,12,0.000,0.000,0.0,0
657905,1.282,0.000,18.5,18,0.000,0.000,0.0,0
657945,1.282,0.000,20.5,20,0.000,0.000,0.0,0
657985,1.282,0.003,22.5,22,0.000,0.000,0.0,0
658025,1.282,0.003,24.6,24,0.000,0.003,0.0,0
658065,1.282,0.340,22.3,22,0.000,0.003,0.0,0
658105,1.282,0.680,19.5,19,0.000,0.345,0.0,0
658145,1.282,1.017,16.1,16,0.000,0.345,0.0,0
658185,1.282,1.312,12.8,12,0.000,0.615,0.0,0
658225,1.282,1.414,11.4,11,0.000,0.781,0.0,0
658265,1.282,1.414,11.2,11,0.000,0.781,0.0,0
658305,1.282,1.470,10.2,10,0.000,0.830,0.0,0
658345,1.282,1.492,9.6,9,0.000,0.830,0.0,0
658385,1.282,1.387,10.6,10,0.000,0.830,0.0,0
658425,1.282,1.387,10.5,10,0.000,0.830,0.0,0
658465,1.282,1.283,11.7,11,0.000,0.000,0.0,0
658505,1.282,1.231,12.4,12,0.000,0.000,0.0,0
658545,1.282,1.231,12.4,12,0.000,0.000,0.0,0
658585,1.282,1.141,13.7,13,0.000,0.000,0.0,0
658625,1.282,1.141,13.9,13,0.000,0.000,0.0,0
658665,1.282,1.118,14.5,14,0.000,0.070,0.0,0
658705,1.282,1.131,14.5,14,0.000,0.070,0.0,0
658745,1.282,1.131,14.8,14,0.000,0.384,0.0,0
658785,1.282,1.119,15.2,15,0.000,0.631,0.0,0
658825,1.282,1.179,14.7,14,0.000,0.631,0.0,0
658865,1.282,1.278,13.6,13,0.000,0.631,0.0,0
658905,1.282,1.278,13.6,13,0.000,0.631,0.0,0
658945,1.282,1.252,13.9,13,0.000,0.000,0.0,0
658985,1.282,1.300,13.3,13,0.000,0.130,0.0,0
659025,1.282,1.348,12.7,12,0.000,0.480,0.0,0
659065,1.282,1.348,12.6,12,0.000,0.480,0.0,0
659105,1.282,1.287,13.3,13,0.000,0.724,0.0,0
659145,1.282,1.306,13.1,13,0.000,0.724,0.0,0
659185,1.282,1.321,12.8,12,0.000,0.826,0.0,0
659225,1.282,1.321,12.8,12,0.000,0.949,0.0,0
659265,1.282,1.244,13.7,13,0.000,0.949,0.0,0
659305,1.282,1.281,13.3,13,0.000,1.018,0.0,0
659345,1.282,1.288,13.2,13,0.000,1.014,0.0,0
659385,1.282,1.288,13.2,13,0.000,1.014,0.0,0
659425,1.282,1.191,14.4,14,0.000,1.022,0.0,0
659465,1.282,1.191,14.6,14,0.000,1.022,0.0,0
659505,1.282,1.140,15.4,15,0.000,1.006,0.0,0
659545,1.282,1.180,15.1,15,0.000,1.006,0.0,0
659585,1.282,1.180,15.3,15,0.000,0.976,0.0,0
659625,1.282,1.125,16.2,16,0.000,0.983,0.0,0
659665,1.282,1.085,17.0,16,0.000,0.983,0.0,0
659705,1.282,1.085,17.3,17,0.000,0.981,0.0,0
659745,1.282,1.189,16.2,16,0.000,0.981,0.0,0
659785,1.282,1.164,16.7,16,0.000,0.996,0.0,0
659825,1.282,1.164,16.8,16,0.000,1.039,0.0,0
659865,1.282,1.161,17.1,17,0.000,1.039,0.0,0
659905,1.282,1.266,15.8,15,0.000,1.062,0.0,0
659945,1.282,1.245,16.1,16,0.000,1.062,0.0,0
659985,1.282,1.245,16.2,16,0.000,1.065,0.0,0
660025,1.282,1.227,16.5,16,0.000,1.104,0.0,0
660065,1.282,1.283,15.9,15,0.000,1.104,0.0,0
660105,1.282,1.322,15.4,15,0.000,1.117,0.0,0
660145,1.282,1.322,15.3,15,0.000,1.127,0.0,0
660185,1.282,1.292,15.6,15,0.000,1.170,0.0,0
660225,1.282,1.319,15.3,15,0.000,1.170,0.0,0
660265,1.282,1.367,14.6,14,0.000,1.165,0.0,0
660305,1.282,1.332,14.9,14,0.000,1.163,0.0,0
660345,1.282,1.332,14.8,14,0.000,1.163,0.0,0
660385,1.282,1.344,14.6,14,0.000,1.195,0.0,0
660425,1.282,1.382,14.0,13,0.000,1.166,0.0,0
660465,1.282,1.313,14.7,14,0.000,1.166,0.0,0
660505,1.282,1.313,14.6,14,0.000,1.156,0.0,0
660545,1.282,1.287,14.9,14,0.000,1.158,0.0,0
660585,1.282,1.317,14.5,14,0.000,1.158,0.0,0
660625,1.282,1.317,14.5,14,0.000,1.106,0.0,0
660665,1.282,1.252,15.3,15,0.000,1.106,0.0,0
660705,1.282,1.206,16.0,15,0.000,1.069,0.0,0
660745,1.282,1.206,16.1,16,0.000,1.064,0.0,0
660785,1.282,1.208,16.2,16,0.000,1.064,0.0,0
660825,1.282,1.164,16.9,16,0.000,1.021,0.0,0
660865,1.282,1.164,17.0,17,0.000,1.021,0.0,0
660905,1.282,1.181,17.0,17,0.000,1.031,0.0,0
660945,1.282,1.240,16.4,16,0.000,1.079,0.0,0
660985,1.282,1.223,16.6,16,0.000,1.079,0.0,0
661025,1.282,1.223,16.7,16,0.000,1.061,0.0,0
661065,1.282,1.235,16.7,16,0.000,1.061,0.0,0
661105,1.282,1.290,16.0,15,0.000,1.092,0.0,0
661145,1.282,1.285,16.0,16,0.000,1.165,0.0,0
661185,1.282,1.285,16.0,16,0.000,1.165,0.0,0
661225,1.282,1.305,15.8,15,0.000,1.121,0.0,0
661265,1.282,1.344,15.2,15,0.000,1.153,0.0,0
661305,1.282,1.330,15.3,15,0.000,1.210,0.0,0
661345,1.282,1.349,15.0,14,0.000,1.210,0.0,0
661385,1.282,1.349,14.9,14,0.000,1.170,0.0,0
661425,1.282,1.376,14.4,14,0.000,1.183,0.0,0
661465,1.282,1.355,14.5,14,0.000,1.183,0.0,0
661505,1.282,1.374,14.2,14,0.000,1.247,0.0,0
661545,1.282,1.360,14.2,14,0.000,1.197,0.0,0
661585,1.282,1.360,14.1,14,0.000,1.197,0.0,0
661625,1.282,1.313,14.6,14,0.000,1.157,0.0,0
661665,1.282,1.344,14.1,14,0.000,1.215,0.0,0
661705,1.282,1.355,13.9,13,0.000,1.215,0.0,0
661745,1.282,1.355,13.7,13,0.000,1.188,0.0,0
661785,1.282,1.311,14.2,14,0.000,1.142,0.0,0
661825,1.282,1.282,14.6,14,0.000,1.142,0.0,0
661865,1.282,1.254,14.9,14,0.000,1.150,0.0,0
661905,1.282,1.254,15.0,14,0.000,1.106,0.0,0
661945,1.282,1.224,15.4,15,0.000,1.106,0.0,0
661985,1.282,1.229,15.4,15,0.000,1.058,0.0,0
662025,1.282,1.229,15.5,15,0.000,1.058,0.0,0
662065,1.282,1.218,15.8,15,0.000,1.096,0.0,0
662125,1.282,1.218,15.9,15,0.000,1.103,0.0,0
662165,1.282,1.254,15.5,15,0.000,1.078,0.0,0
662205,1.282,1.257,15.6,15,0.000,1.078,0.0,0
662245,1.282,1.257,15.6,15,0.000,1.121,0.0,0
662285,1.282,1.287,15.2,15,0.000,1.175,0.0,0
662325,1.282,1.338,14.5,14,0.000,1.175,0.0,0
662365,1.282,1.332,14.5,14,0.000,1.146,0.0,0
662405,1.282,1.332,14.4,14,0.000,1.162,0.0,0
662445,1.282,1.309,14.7,14,0.000,1.197,0.0,0
662485,1.282,1.335,14.3,14,0.000,1.197,0.0,0
662525,1.282,1.298,14.7,14,0.000,1.136,0.0,0
662565,1.282,1.298,14.6,14,0.000,1.136,0.0,0
662605,1.282,1.272,15.0,14,0.000,1.120,0.0,0
662645,1.282,1.300,14.6,14,0.000,1.120,0.0,0
662685,1.282,1.300,14.6,14,0.000,1.053,0.0,0
662725,1.282,1.300,14.5,14,0.000,1.053,0.0,0
662765,1.282,1.281,14.8,14,0.000,0.903,0.0,0
662805,1.282,1.275,14.9,14,0.000,0.903,0.0,0
662845,1.282,1.286,14.7,14,0.000,0.996,0.0,0
662885,1.282,1.286,14.7,14,0.000,1.127,0.0,0
662925,1.282,1.313,14.4,14,0.000,1.127,0.0,0
662965,1.282,1.305,14.4,14,0.000,1.084,0.0,0
663005,1.282,1.246,15.1,15,0.000,1.084,0.0,0
663045,1.282,1.246,15.2,15,0.000,1.068,0.0,0
663085,1.282,1.258,15.1,15,0.000,1.143,0.0,0
663125,1.282,1.307,14.4,14,0.000,1.143,0.0,0
663165,1.282,1.307,14.4,14,0.000,1.103,0.0,0
663205,1.282,1.248,15.2,15,0.000,1.103,0.0,0
663245,1.282,1.223,15.6,15,0.000,1.017,0.0,0
663285,1.282,1.265,15.1,15,0.000,1.088,0.0,0
663325,1.282,1.265,15.1,15,0.000,1.088,0.0,0
663365,1.282,1.255,15.3,15,0.000,1.075,0.0,0
663405,1.282,1.272,15.1,15,0.000,1.080,0.0,0
663445,1.282,1.327,14.4,14,0.000,1.080,0.0,0
663485,1.282,1.327,14.4,14,0.000,1.080,0.0,0
663525,1.282,1.317,14.4,14,0.000,1.080,0.0,0
663565,1.282,1.362,13.8,13,0.000,0.000,0.0,0
663605,1.282,1.408,13.0,13,0.000,0.134,0.0,0
663645,1.282,1.334,13.8,13,0.000,0.134,0.0,0
663685,1.282,1.334,13.7,13,0.000,0.373,0.0,0
663725,1.282,1.340,13.5,13,0.000,0.672,0.0,0
663765,1.282,1.419,12.3,12,0.000,0.672,0.0,0
663805,1.282,1.341,13.1,13,0.000,0.906,0.0,0
663845,1.282,1.325,13.2,13,0.000,0.952,0.0,0
663885,1.282,1.325,13.2,13,0.000,0.952,0.0,0
663925,1.282,1.329,13.0,13,0.000,0.987,0.0,0
663965,1.282,1.225,14.3,14,0.000,1.049,0.0,0
664005,1.282,1.225,14.4,14,0.000,1.049,0.0,0
664045,1.282,1.269,13.9,13,0.000,1.039,0.0,0
664085,1.282,1.289,13.6,13,0.000,1.039,0.0,0
664125,1.282,1.289,13.6,13,0.000,1.030,0.0,0
664165,1.282,1.181,15.1,15,0.000,1.042,0.0,0
664205,1.282,1.207,14.9,14,0.000,1.042,0.0,0
664245,1.282,1.233,14.7,14,0.000,1.020,0.0,0
664285,1.282,1.233,14.8,14,0.000,1.020,0.0,0
664325,1.282,1.149,15.9,15,0.000,1.001,0.0,0
664365,1.282,1.149,16.2,16,0.000,1.001,0.0,0
664405,1.282,1.126,16.7,16,0.000,1.006,0.0,0
664445,1.282,1.205,15.9,15,0.000,0.989,0.0,0
664485,1.282,1.205,16.0,16,0.000,0.989,0.0,0
664525,1.282,1.172,16.6,16,0.000,1.007,0.0,0
664565,1.282,1.142,17.2,17,0.000,1.007,0.0,0
664605,1.282,1.267,15.8,15,0.000,1.029,0.0,0
664645,1.282,1.267,15.8,15,0.000,1.046,0.0,0
664685,1.282,1.274,15.8,15,0.000,1.046,0.0,0
664725,1.282,1.249,16.1,16,0.000,1.004,0.0,0
664765,1.282,1.308,15.4,15,0.000,1.004,0.0,0
664805,1.282,1.308,15.3,15,0.000,1.038,0.0,0
664845,1.282,1.287,15.6,15,0.000,1.059,0.0,0
664885,1.282,1.284,15.6,15,0.000,1.059,0.0,0
664925,1.282,1.329,15.0,15,0.000,1.116,0.0,0
664965,1.282,1.329,15.0,14,0.000,1.136,0.0,0
665005,1.282,1.339,14.7,14,0.000,1.136,0.0,0
665045,1.282,1.280,15.4,15,0.000,1.111,0.0,0
665085,1.282,1.310,15.0,15,0.000,1.143,0.0,0
665125,1.282,1.310,15.0,14,0.000,1.143,0.0,0
665165,1.282,1.368,14.1,14,0.000,1.160,0.0,0
665205,1.282,1.288,15.0,15,0.000,1.102,0.0,0
665245,1.282,1.266,15.3,15,0.000,1.102,0.0,0
665285,1.282,1.266,15.3,15,0.000,1.109,0.0,0
665325,1.282,1.315,14.7,14,0.000,1.119,0.0,0
665365,1.282,1.277,15.1,15,0.000,1.119,0.0,0
665405,1.282,1.281,15.1,15,0.000,1.102,0.0,0
665445,1.282,1.281,15.1,15,0.000,1.102,0.0,0
665485,1.282,1.310,14.7,14,0.000,1.105,0.0,0
665525,1.282,1.255,15.4,15,0.000,1.088,0.0,0
665565,1.282,1.255,15.4,15,0.000,1.088,0.0,0
665605,1.282,1.249,15.5,15,0.000,1.068,0.0,0
665645,1.282,1.273,15.3,15,0.000,1.068,0.0,0
665685,1.282,1.213,16.0,16,0.000,1.065,0.0,0
665725,1.282,1.213,16.1,16,0.000,1.055,0.0,0
665765,1.282,1.217,16.2,16,0.000,1.055,0.0,0
665805,1.282,1.268,15.6,15,0.000,1.050,0.0,0
665845,1.282,1.268,15.7,15,0.000,1.072,0.0,0
665885,1.282,1.241,16.1,16,0.000,1.072,0.0,0
665925,1.282,1.231,16.3,16,0.000,1.066,0.0,0
665965,1.282,1.283,15.7,15,0.000,1.066,0.0,0
666005,1.282,1.283,15.7,15,0.000,1.084,0.0,0
666045,1.282,1.290,15.6,15,0.000,1.134,0.0,0
666085,1.282,1.305,15.4,15,0.000,1.134,0.0,0
666125,1.282,1.308,15.3,15,0.000,1.123,0.0,0
666165,1.282,1.308,15.2,15,0.000,1.116,0.0,0
666205,1.282,1.302,15.3,15,0.000,1.192,0.0,0
666245,1.282,1.360,14.5,14,0.000,1.192,0.0,0
666285,1.282,1.392,13.9,13,0.000,1.182,0.0,0
666325,1.282,1.318,14.7,14,0.000,1.182,0.0,0
666365,1.282,1.318,14.6,14,0.000,1.144,0.0,0
666405,1.282,1.297,14.8,14,0.000,1.129,0.0,0
666445,1.282,1.304,14.7,14,0.000,1.129,0.0,0
666485,1.282,1.286,14.9,14,0.000,1.117,0.0,0
666525,1.282,1.286,14.9,14,0.000,1.093,0.0,0
666565,1.282,1.251,15.4,15,0.000,1.093,0.0,0
666605,1.282,1.246,15.5,15,0.000,1.091,0.0,0
666645,1.282,1.246,15.6,15,0.000,1.091,0.0,0
666685,1.282,1.266,15.4,15,0.000,1.085,0.0,0
666725,1.282,1.303,14.9,14,0.000,1.100,0.0,0
666765,1.282,1.278,15.2,15,0.000,1.100,0.0,0
666805,1.282,1.278,15.2,15,0.000,1.110,0.0,0
666845,1.282,1.253,15.5,15,0.000,1.084,0.0,0
666885,1.282,1.302,14.9,14,0.000,1.084,0.0,0
666925,1.282,1.300,14.9,14,0.000,1.114,0.0,0
666965,1.282,1.300,14.8,14,0.000,1.145,0.0,0
667005,1.282,1.257,15.4,15,0.000,1.145,0.0,0
667045,1.282,1.262,15.4,15,0.000,1.073,0.0,0
667085,1.282,1.272,15.3,15,0.000,1.100,0.0,0
667125,1.282,1.272,15.3,15,0.000,1.100,0.0,0
667165,1.282,1.281,15.2,15,0.000,1.152,0.0,0
667205,1.282,1.258,15.5,15,0.000,1.152,0.0,0
667245,1.282,1.258,15.5,15,0.000,1.070,0.0,0
667285,1.282,1.240,15.8,15,0.000,1.087,0.0,0
667325,1.282,1.261,15.6,15,0.000,1.087,0.0,0
667365,1.282,1.295,15.2,15,0.000,1.156,0.0,0
667405,1.282,1.295,15.2,15,0.000,1.100,0.0,0
667445,1.282,1.253,15.7,15,0.000,1.100,0.0,0
667485,1.282,1.246,15.9,15,0.000,1.078,0.0,0
667525,1.282,1.327,14.9,14,0.000,1.174,0.0,0
667565,1.282,1.327,14.8,14,0.000,1.174,0.0,0
667605,1.282,1.325,14.8,14,0.000,1.150,0.0,0
667645,1.282,1.283,15.2,15,0.000,1.150,0.0,0
667685,1.282,1.339,14.5,14,0.000,1.110,0.0,0
667725,1.282,1.361,14.1,14,0.000,1.198,0.0,0
667765,1.282,1.361,14.0,14,0.000,1.215,0.0,0
667805,1.282,1.386,13.5,13,0.000,1.215,0.0,0
667845,1.282,1.379,13.5,13,0.000,1.158,0.0,0
667885,1.282,1.296,14.4,14,0.000,1.161,0.0,0
667925,1.282,1.296,14.4,14,0.000,1.161,0.0,0
667965,1.282,1.281,14.5,14,0.000,1.144,0.0,0
668005,1.282,1.287,14.5,14,0.000,1.144,0.0,0
668045,1.282,1.287,14.5,14,0.000,1.077,0.0,0
668085,1.282,1.189,15.8,15,0.000,1.040,0.0,0
668125,1.282,1.170,16.2,16,0.000,1.040,0.0,0
668165,1.282,1.170,16.3,16,0.000,1.058,0.0,0
668205,1.282,1.224,15.8,15,0.000,1.058,0.0,0
668245,1.282,1.178,16.5,16,0.000,1.022,0.0,0
668285,1.282,1.178,16.6,16,0.000,1.037,0.0,0
668325,1.282,1.189,16.7,16,0.000,1.037,0.0,0
668365,1.282,1.256,15.9,15,0.000,1.087,0.0,0
668405,1.282,1.231,16.3,16,0.000,1.087,0.0,0
668445,1.282,1.231,16.3,16,0.000,1.065,0.0,0
668485,1.282,1.243,16.3,16,0.000,1.077,0.0,0
668525,1.282,1.301,15.5,15,0.000,1.077,0.0,0
668565,1.282,1.302,15.5,15,0.000,1.158,0.0,0
668605,1.282,1.302,15.5,15,0.000,1.140,0.0,0
668645,1.282,1.331,15.0,15,0.000,1.140,0.0,0
668685,1.282,1.386,14.2,14,0.000,1.159,0.0,0
668725,1.282,1.332,14.7,14,0.000,1.223,0.0,0
668765,1.282,1.382,14.0,14,0.000,1.186,0.0,0
668805,1.282,1.441,13.1,13,0.000,1.186,0.0,0
668845,1.282,1.441,12.8,12,0.000,1.186,0.0,0
668885,1.282,1.329,14.1,14,0.000,1.206,0.0,0
668925,1.282,1.316,14.2,14,0.000,1.206,0.0,0
668965,1.282,1.316,14.1,14,0.000,1.121,0.0,0
669005,1.282,1.328,13.9,13,0.000,1.121,0.0,0
669045,1.282,1.241,15.0,14,0.000,1.088,0.0,0
669085,1.282,1.260,14.8,14,0.000,1.080,0.0,0
669125,1.282,1.260,14.8,14,0.000,1.080,0.0,0
669165,1.282,1.231,15.3,15,0.000,1.000,0.0,0
669205,1.282,1.231,15.3,15,0.000,1.000,0.0,0
669245,1.282,1.156,16.4,16,0.000,0.992,0.0,0
669285,1.282,1.146,16.8,16,0.000,0.992,0.0,0
669325,1.282,1.290,15.1,15,0.000,1.021,0.0,0
669365,1.282,1.290,15.1,15,0.000,1.021,0.0,0
669405,1.282,1.285,15.2,15,0.000,0.969,0.0,0
669445,1.282,1.209,16.2,16,0.000,0.960,0.0,0
669485,0.000,1.209,0.0,0,0.000,0.960,0.0,0
669525,0.000,1.193,0.0,0,0.000,0.933,0.0,0
669565,0.000,1.193,0.0,0,0.000,0.933,0.0,0
669605,0.000,1.193,0.0,0,0.000,0.933,0.0,0
669645,0.000,0.990,0.0,0,0.000,0.933,0.0,0
669685,0.000,0.990,0.0,0,0.000,0.000,0.0,0
669725,0.000,0.990,0.0,0,0.000,0.000,0.0,0
669765,0.000,0.990,0.0,0,0.000,0.000,0.0,0
669805,0.000,0.000,0.0,0,0.000,0.000,0.0,0
669845,0.000,0.000,0.0,0,0.000,0.000,0.0,0
669885,0.000,0.000,0.0,0,0.000,0.000,0.0,0
669925,0.000,0.000,0.0,0,0.000,0.000,0.0,0
669965,0.000,0.000,0.0,0,0.000,0.000,0.0,0
670005,0.000,0.000,0.0,0,0.000,0.000,0.0,0
670045,0.000,0.000,0.0,0,0.000,0.000,0.0,0
670085,0.000,0.000,0.0,0,0.000,0.000,0.0,0
670125,0.000,0.000,0.0,0,0.000,0.000,0.0,0
670165,0.000,0.000,0.0,0,0.000,0.000,0.0,0
670205,0.000,0.000,0.0,0,0.000,0.000,0.0,0
670245,0.000,0.000,0.0,0,0.000,0.000,0.0,0
670285,0.000,0.000,0.0,0,0.000,0.000,0.0,0
670325,0.000,0.000,0.0,0,0.000,0.000,0.0,0
670365,0.000,0.000,0.0,0,0.000,0.000,0.0,0
670405,0.000,0.000,0.0,0,0.000,0.000,0.0,0
670445,0.000,0.000,0.0,0,0.000,0.000,0.0,0
670485,0.000,0.000,0.0,0,0.000,0.000,0.0,0
670525,0.000,0.000,0.0,0,0.000,0.000,0.0,0
670565,0.000,0.000,0.0,0,0.000,0.000,0.0,0
670605,0.000,0.000,0.0,0,0.000,0.000,0.0,0
670645,0.000,0.000,0.0,0,0.000,0.000,0.0,0
670685,0.000,0.000,0.0,0,0.000,0.000,0.0,0
670725,0.000,0.000,0.0,0,0.000,0.000,0.0,0
670765,0.000,0.000,0.0,0,0.000,0.000,0.0,0
670805,0.000,0.000,0.0,0,0.000,0.000,0.0,0
670845,0.000,0.000,0.0,0,0.000,0.000,0.0,0
670885,0.000,0.000,0.0,0,0.000,0.000,0.0,0
670925,0.000,0.000,0.0,0,0.000,0.000,0.0,0
670965,0.000,0.000,0.0,0,0.000,0.000,0.0,0
671005,0.000,0.000,0.0,0,0.000,0.000,0.0,0
671045,0.000,0.000,0.0,0,0.000,0.000,0.0,0
671085,0.000,0.000,0.0,0,0.000,0.000,0.0,0
671125,0.000,0.000,0.0,0,0.000,0.000,0.0,0
671165,0.000,0.000,0.0,0,0.000,0.000,0.0,0
671205,0.000,0.000,0.0,0,0.000,0.000,0.0,0
671245,0.000,0.000,0.0,0,0.000,0.000,0.0,0
671285,0.000,0.000,0.0,0,0.000,0.000,0.0,0
671325,0.000,0.000,0.0,0,0.000,0.000,0.0,0
671365,0.000,0.000,0.0,0,0.000,0.000,0.0,0
671405,0.000,0.000,0.0,0,0.000,0.000,0.0,0
671445,0.000,0.000,0.0,0,0.000,0.000,0.0,0
671485,0.000,0.000,0.0,0,0.000,0.000,0.0,0
671525,0.000,0.000,0.0,0,0.000,0.000,0.0,0
671565,0.000,0.000,0.0,0,0.000,0.000,0.0,0
671605,0.000,0.000,0.0,0,0.000,0.000,0.0,0
671645,0.000,0.000,0.0,0,0.000,0.000,0.0,0
671685,0.000,0.000,0.0,0,0.000,0.000,0.0,0
671725,0.000,0.000,0.0,0,0.000,0.000,0.0,0
671765,0.000,0.000,0.0,0,0.000,0.000,0.0,0
671805,0.000,0.000,0.0,0,0.000,0.000,0.0,0
671845,0.000,0.000,0.0,0,0.000,0.000,0.0,0
671885,0.000,0.000,0.0,0,0.000,0.000,0.0,0
671925,0.000,0.000,0.0,0,0.000,0.000,0.0,0
671965,0.000,0.000,0.0,0,0.000,0.000,0.0,0
672005,0.000,0.000,0.0,0,0.000,0.000,0.0,0
672045,0.000,0.000,0.0,0,0.000,0.000,0.0,0
672085,0.000,0.000,0.0,0,0.000,0.000,0.0,0
672125,0.000,0.000,0.0,0,0.000,0.000,0.0,0
672165,0.000,0.000,0.0,0,0.000,0.000,0.0,0
672205,0.000,0.000,0.0,0,0.000,0.000,0.0,0
672245,0.000,0.000,0.0,0,0.000,0.000,0.0,0
672285,0.000,0.000,0.0,0,0.000,0.000,0.0,0
672325,0.000,0.000,0.0,0,0.000,0.000,0.0,0
672365,0.000,0.000,0.0,0,0.000,0.000,0.0,0
672405,0.000,0.000,0.0,0,0.000,0.000,0.0,0
672445,0.000,0.000,0.0,0,0.000,0.000,0.0,0
672485,0.000,0.000,0.0,0,0.000,0.000,0.0,0
672525,0.000,0.000,0.0,0,0.000,0.000,0.0,0
672565,0.000,0.000,0.0,0,0.000,0.000,0.0,0
672605,0.000,0.000,0.0,0,0.000,0.000,0.0,0
672645,0.000,0.000,0.0,0,0.000,0.000,0.0,0
672685,0.000,0.000,0.0,0,0.000,0.000,0.0,0
672725,0.000,0.000,0.0,0,0.000,0.000,0.0,0
672765,0.000,0.000,0.0,0,0.000,0.000,0.0,0
672805,0.000,0.000,0.0,0,0.000,0.000,0.0,0
672845,0.000,0.000,0.0,0,0.000,0.000,0.0,0
672885,0.000,0.000,0.0,0,0.000,0.000,0.0,0
672925,0.000,0.000,0.0,0,0.000,0.000,0.0,0
672965,0.000,0.000,0.0,0,0.000,0.000,0.0,0
673005,0.000,0.000,0.0,0,0.000,0.000,0.0,0
673045,0.000,0.000,0.0,0,0.000,0.000,0.0,0
673085,0.000,0.000,0.0,0,0.000,0.000,0.0,0
673125,0.000,0.000,0.0,0,0.000,0.000,0.0,0
673165,0.000,0.000,0.0,0,0.000,0.000,0.0,0
673205,0.000,0.000,0.0,0,0.000,0.000,0.0,0
673245,0.000,0.000,0.0,0,0.000,0.000,0.0,0
673285,0.000,0.000,0.0,0,0.000,0.000,0.0,0
673325,0.000,0.000,0.0,0,0.000,0.000,0.0,0
673365,0.000,0.000,0.0,0,0.000,0.000,0.0,0
673405,0.000,0.000,0.0,0,0.000,0.000,0.0,0
673445,0.000,0.000,0.0,0,0.000,0.000,0.0,0
673485,0.000,0.000,0.0,0,0.000,0.000,0.0,0
673525,0.000,0.000,0.0,0,0.000,0.000,0.0,0
673565,0.000,0.000,0.0,0,0.000,0.000,0.0,0
673605,0.000,0.000,0.0,0,0.000,0.000,0.0,0
673645,0.000,0.000,0.0,0,0.000,0.000,0.0,0
673685,0.000,0.000,0.0,0,0.000,0.000,0.0,0
673725,0.000,0.000,0.0,0,0.000,0.000,0.0,0
673765,0.000,0.000,0.0,0,0.000,0.000,0.0,0
673805,0.000,0.000,0.0,0,0.000,0.000,0.0,0
673845,0.000,0.000,0.0,0,0.000,0.000,0.0,0
673885,0.000,0.000,0.0,0,0.000,0.000,0.0,0
673925,0.000,0.000,0.0,0,0.000,0.000,0.0,0
673965,0.000,0.000,0.0,0,0.000,0.000,0.0,0
674005,0.000,0.000,0.0,0,0.000,0.000,0.0,0
674045,0.000,0.000,0.0,0,0.000,0.000,0.0,0
674085,0.000,0.000,0.0,0,0.000,0.000,0.0,0
674125,0.000,0.000,0.0,0,0.000,0.000,0.0,0
674165,0.000,0.000,0.0,0,0.000,0.000,0.0,0
674205,0.000,0.000,0.0,0,0.000,0.000,0.0,0
674245,0.000,0.000,0.0,0,0.000,0.000,0.0,0
674285,0.000,0.000,0.0,0,0.000,0.000,0.0,0
674325,0.000,0.000,0.0,0,0.000,0.000,0.0,0
674365,0.000,0.000,0.0,0,0.000,0.000,0.0,0
674405,0.000,0.000,0.0,0,0.000,0.000,0.0,0
674445,0.000,0.000,0.0,0,0.000,0.000,0.0,0
674485,0.000,0.000,0.0,0,0.000,0.000,0.0,0
674525,0.000,0.000,0.0,0,0.000,0.000,0.0,0
674565,0.000,0.000,0.0,0,0.000,0.000,0.0,0
674605,0.000,0.000,0.0,0,0.000,0.000,0.0,0
674645,0.000,0.000,0.0,0,0.000,0.000,0.0,0
674685,0.000,0.000,0.0,0,0.000,0.000,0.0,0
674725,0.000,0.000,0.0,0,1.282,0.000,16.4,12
674765,0.000,0.000,0.0,0,1.282,0.000,18.5,18
674805,0.000,0.000,0.0,0,1.282,0.000,20.5,20
674845,0.000,0.000,0.0,0,1.282,0.005,22.5,22
674885,0.000,0.000,0.0,0,1.282,0.005,24.5,24
674925,0.000,0.000,0.0,0,1.282,0.005,26.6,26
674965,0.000,0.005,0.0,0,1.282,0.181,26.4,26
675005,0.000,0.358,0.0,0,1.282,0.181,28.1,28
675045,0.000,0.358,0.0,0,1.282,0.491,25.7,25
675085,0.000,0.635,0.0,0,1.282,0.714,24.1,24
675125,0.000,0.867,0.0,0,1.282,0.944,22.1,22
675165,0.000,1.138,0.0,0,1.282,0.944,22.6,22
675205,0.000,1.348,0.0,0,1.282,1.183,19.9,19
675245,0.000,1.443,0.0,0,1.282,1.297,18.5,18
675285,0.000,1.559,0.0,0,1.282,1.432,16.6,16
675325,0.000,1.650,0.0,0,1.282,1.530,15.1,15
675365,0.000,1.559,0.0,0,1.282,1.479,15.4,15
675405,0.000,1.559,0.0,0,1.282,1.456,15.3,15
675445,0.000,1.519,0.0,0,1.282,1.446,15.2,15
675485,0.000,1.537,0.0,0,1.282,1.446,14.9,14
675525,0.000,1.429,0.0,0,1.282,1.370,15.7,15
675565,0.000,1.429,0.0,0,1.282,1.299,16.5,16
675605,0.000,1.339,0.0,0,1.282,1.299,16.4,16
675645,0.000,1.288,0.0,0,1.282,1.210,17.6,17
675685,0.000,1.288,0.0,0,1.282,1.210,17.7,17
675725,0.000,1.190,0.0,0,1.282,1.122,19.1,19
675765,0.000,1.172,0.0,0,1.282,1.133,19.2,19
675805,0.000,1.172,0.0,0,1.282,1.133,19.4,19
675845,0.000,1.166,0.0,0,1.282,1.109,20.0,19
675885,0.000,1.113,0.0,0,1.282,1.109,20.2,20
675925,0.000,1.113,0.0,0,1.282,1.061,21.2,21
675965,0.000,1.153,0.0,0,1.282,1.113,20.9,20
676005,0.000,1.257,0.0,0,1.282,1.184,20.2,20
676045,0.000,1.266,0.0,0,1.282,1.184,20.4,20
676085,0.000,1.266,0.0,0,1.282,1.190,20.5,20
676125,0.000,1.295,0.0,0,1.282,1.243,19.9,19
676165,0.000,1.359,0.0,0,1.282,1.289,19.4,19
676205,0.000,1.375,0.0,0,1.282,1.289,19.4,19
676245,0.000,1.440,0.0,0,1.282,1.309,19.1,19
676285,0.000,1.515,0.0,0,1.282,1.391,17.9,17
676325,0.000,1.496,0.0,0,1.282,1.425,17.3,17
676365,0.000,1.496,0.0,0,1.282,1.409,17.3,17
676405,0.000,1.504,0.0,0,1.282,1.429,16.8,16
676445,0.000,1.513,0.0,0,1.282,1.429,16.6,16
676485,0.000,1.452,0.0,0,1.282,1.407,16.7,16
676525,0.000,1.432,0.0,0,1.282,1.347,17.3,17
676565,0.000,1.407,0.0,0,1.282,1.340,17.3,17
676605,0.000,1.407,0.0,0,1.282,1.340,17.2,17
676645,0.000,1.359,0.0,0,1.282,1.310,17.5,17
676685,0.000,1.335,0.0,0,0.000,1.254,0.0,0
676725,0.000,1.335,0.0,0,0.000,1.254,0.0,0
676765,0.000,1.264,0.0,0,0.000,1.166,0.0,0
676805,0.000,1.264,0.0,0,0.000,1.166,0.0,0
676845,0.000,1.102,0.0,0,0.000,1.010,0.0,0
676885,0.000,1.102,0.0,0,0.000,1.010,0.0,0
676925,0.000,1.102,0.0,0,0.000,1.010,0.0,0
676965,0.000,1.102,0.0,0,0.000,1.010,0.0,0
677005,0.000,0.000,0.0,0,0.000,0.000,0.0,0
677045,0.000,0.000,0.0,0,0.000,0.000,0.0,0
677085,0.000,0.000,0.0,0,0.000,0.000,0.0,0
677125,0.000,0.000,0.0,0,0.000,0.000,0.0,0
677165,0.000,0.000,0.0,0,0.000,0.000,0.0,0
677205,0.000,0.000,0.0,0,0.000,0.000,0.0,0
677245,0.000,0.000,0.0,0,0.000,0.000,0.0,0
677285,0.000,0.000,0.0,0,0.000,0.000,0.0,0
677325,0.000,0.000,0.0,0,0.000,0.000,0.0,0
677365,0.000,0.000,0.0,0,0.000,0.000,0.0,0
677405,0.000,0.000,0.0,0,0.000,0.000,0.0,0
677445,0.000,0.000,0.0,0,0.000,0.000,0.0,0
677485,0.000,0.000,0.0,0,0.000,0.000,0.0,0
677525,0.000,0.000,0.0,0,0.000,0.000,0.0,0
677565,0.000,0.000,0.0,0,0.000,0.000,0.0,0
677605,0.000,0.000,0.0,0,0.000,0.000,0.0,0
677645,0.000,0.000,0.0,0,0.000,0.000,0.0,0
677685,0.000,0.000,0.0,0,0.000,0.000,0.0,0
677725,0.000,0.000,0.0,0,0.000,0.000,0.0,0
677765,0.000,0.000,0.0,0,0.000,0.000,0.0,0
677805,0.000,0.000,0.0,0,0.000,0.000,0.0,0
677845,0.000,0.000,0.0,0,0.000,0.000,0.0,0
677885,0.000,0.000,0.0,0,0.000,0.000,0.0,0
677925,0.000,0.000,0.0,0,0.000,0.000,0.0,0
677965,0.000,0.000,0.0,0,0.000,0.000,0.0,0
678005,0.000,0.000,0.0,0,0.000,0.000,0.0,0
678045,0.000,0.000,0.0,0,0.000,0.000,0.0,0
678085,0.000,0.000,0.0,0,0.000,0.000,0.0,0
678125,0.000,0.000,0.0,0,0.000,0.000,0.0,0
678165,0.000,0.000,0.0,0,0.000,0.000,0.0,0
678205,0.000,0.000,0.0,0,0.000,0.000,0.0,0
678245,0.000,0.000,0.0,0,0.000,0.000,0.0,0
678285,0.000,0.000,0.0,0,0.000,0.000,0.0,0
678325,0.000,0.000,0.0,0,0.000,0.000,0.0,0
678365,0.000,0.000,0.0,0,0.000,0.000,0.0,0
678405,0.000,0.000,0.0,0,0.000,0.000,0.0,0
678445,0.000,0.000,0.0,0,0.000,0.000,0.0,0
678485,0.000,0.000,0.0,0,0.000,0.000,0.0,0
678525,0.000,0.000,0.0,0,0.000,0.000,0.0,0
678565,0.000,0.000,0.0,0,0.000,0.000,0.0,0
678605,0.000,0.000,0.0,0,0.000,0.000,0.0,0
678645,0.000,0.000,0.0,0,0.000,0.000,0.0,0
678685,0.000,0.000,0.0,0,0.000,0.000,0.0,0
678725,0.000,0.000,0.0,0,0.000,0.000,0.0,0
678765,0.000,0.000,0.0,0,0.000,0.000,0.0,0
678805,0.000,0.000,0.0,0,0.000,0.000,0.0,0
678845,0.000,0.000,0.0,0,0.000,0.000,0.0,0
678885,0.000,0.000,0.0,0,0.000,0.000,0.0,0
678925,0.000,0.000,0.0,0,0.000,0.000,0.0,0
678965,0.000,0.000,0.0,0,0.000,0.000,0.0,0
679005,0.000,0.000,0.0,0,0.000,0.000,0.0,0
679045,0.000,0.000,0.0,0,0.000,0.000,0.0,0
679085,0.000,0.000,0.0,0,0.000,0.000,0.0,0
679125,0.000,0.000,0.0,0,0.000,0.000,0.0,0
679165,0.000,0.000,0.0,0,0.000,0.000,0.0,0
679205,0.000,0.000,0.0,0,0.000,0.000,0.0,0
679245,0.000,0.000,0.0,0,0.000,0.000,0.0,0
679285,0.000,0.000,0.0,0,0.000,0.000,0.0,0
679325,0.000,0.000,0.0,0,0.000,0.000,0.0,0
679365,0.000,0.000,0.0,0,0.000,0.000,0.0,0
679405,0.000,0.000,0.0,0,0.000,0.000,0.0,0
679445,0.000,0.000,0.0,0,0.000,0.000,0.0,0
679485,0.000,0.000,0.0,0,0.000,0.000,0.0,0
679525,0.000,0.000,0.0,0,0.000,0.000,0.0,0
679565,0.000,0.000,0.0,0,0.000,0.009,0.0,0
679605,0.000,0.009,0.0,0,0.000,0.009,0.0,0
679645,0.000,0.009,0.0,0,0.000,0.009,0.0,0
679685,0.000,0.009,0.0,0,0.000,0.184,0.0,0
679725,0.000,0.253,0.0,0,0.000,0.184,0.0,0
679765,0.000,0.628,0.0,0,0.000,0.560,0.0,0
679805,0.000,1.023,0.0,0,0.000,0.927,0.0,0
679845,0.000,1.345,0.0,0,0.000,1.694,0.0,0
679885,0.000,1.985,0.0,0,0.000,1.972,0.0,0
679925,0.000,2.513,0.0,0,0.000,2.578,0.0,0
679965,0.000,2.767,0.0,0,0.000,2.978,0.0,0
680005,0.000,3.248,0.0,0,0.000,3.354,0.0,0
680045,0.000,3.804,0.0,0,0.000,3.796,0.0,0
680085,0.000,4.249,0.0,0,0.000,4.195,0.0,0
680125,0.000,4.709,0.0,0,0.000,4.540,0.0,0
680165,0.000,5.146,0.0,0,0.000,4.929,0.0,0
680205,0.000,5.523,0.0,0,0.000,5.361,0.0,0
680245,0.000,5.959,0.0,0,0.000,5.659,0.0,0
680285,0.000,6.209,0.0,0,0.000,6.137,0.0,0
680325,0.000,6.466,0.0,0,0.000,6.431,0.0,0
680365,0.000,6.888,0.0,0,0.000,6.764,0.0,0
680405,0.000,7.231,0.0,0,0.000,7.080,0.0,0
680445,0.000,7.255,0.0,0,0.000,7.400,0.0,0
680485,0.000,7.595,0.0,0,0.000,7.471,0.0,0
680525,0.000,7.686,0.0,0,0.000,7.875,0.0,0
680565,0.000,8.050,0.0,0,0.000,7.947,0.0,0
680605,0.000,8.203,0.0,0,0.000,8.171,0.0,0
680645,0.000,8.363,0.0,0,0.000,8.210,0.0,0
680685,0.000,8.630,0.0,0,0.000,8.589,0.0,0
680725,0.000,8.892,0.0,0,0.000,8.668,0.0,0
680765,0.000,9.050,0.0,0,0.000,8.838,0.0,0
680805,0.000,9.159,0.0,0,0.000,8.962,0.0,0
680845,0.000,9.218,0.0,0,0.000,9.160,0.0,0
680885,0.000,9.297,0.0,0,0.000,9.340,0.0,0
680925,0.000,9.420,0.0,0,0.000,9.587,0.0,0
680965,0.000,9.448,0.0,0,0.000,9.643,0.0,0
681005,0.000,9.403,0.0,0,0.000,9.652,0.0,0
681045,0.000,9.457,0.0,0,0.000,9.659,0.0,0
681085,0.000,9.453,0.0,0,0.000,9.624,0.0,0
681125,0.000,9.322,0.0,0,0.000,9.399,0.0,0
681165,0.000,9.274,0.0,0,0.000,9.457,0.0,0
681205,0.000,9.143,0.0,0,0.000,9.560,0.0,0
681245,0.000,9.273,0.0,0,0.000,9.496,0.0,0
681285,0.000,9.193,0.0,0,0.000,9.267,0.0,0
681325,0.000,9.203,0.0,0,0.000,9.344,0.0,0
681365,0.000,9.224,0.0,0,0.000,9.488,0.0,0
681405,0.000,9.403,0.0,0,0.000,9.424,0.0,0
681445,0.000,9.676,0.0,0,0.000,9.456,0.0,0
681485,0.000,9.801,0.0,0,0.000,9.432,0.0,0
681525,0.000,9.861,0.0,0,0.000,8.844,0.0,0
681565,0.000,9.847,0.0,0,0.000,7.936,0.0,0
681605,0.000,9.957,0.0,0,0.000,6.864,0.0,0
681645,0.000,9.741,0.0,0,0.000,6.499,0.0,0
681685,0.000,9.243,0.0,0,0.000,8.253,0.0,0
681725,0.000,9.186,0.0,0,0.000,8.900,0.0,0
681765,0.000,8.996,0.0,0,0.000,9.024,0.0,0
681805,0.000,8.768,0.0,0,0.000,8.803,0.0,0
681845,0.000,8.663,0.0,0,0.000,8.755,0.0,0
681885,0.000,8.474,0.0,0,0.000,8.427,0.0,0
681925,0.000,8.118,0.0,0,0.000,8.221,0.0,0
681965,0.000,7.938,0.0,0,0.000,7.835,0.0,0
682005,0.000,7.566,0.0,0,0.000,7.656,0.0,0
682045,0.000,7.377,0.0,0,0.000,7.355,0.0,0
682085,0.000,7.115,0.0,0,0.000,6.869,0.0,0
682125,0.000,6.809,0.0,0,0.000,6.657,0.0,0
682165,0.000,6.544,0.0,0,0.000,6.334,0.0,0
682205,0.000,6.228,0.0,0,0.000,6.074,0.0,0
682245,0.000,5.813,0.0,0,0.000,5.806,0.0,0
682285,0.000,5.364,0.0,0,0.000,5.469,0.0,0
682325,0.000,4.908,0.0,0,0.000,5.060,0.0,0
682365,0.000,4.452,0.0,0,0.000,4.616,0.0,0
682405,0.000,3.872,0.0,0,0.000,4.092,0.0,0
682445,0.000,3.488,0.0,0,0.000,3.637,0.0,0
682485,0.000,3.182,0.0,0,0.000,3.424,0.0,0
682525,0.000,3.031,0.0,0,0.000,2.911,0.0,0
682565,0.000,2.457,0.0,0,0.000,2.665,0.0,0
682605,0.000,2.289,0.0,0,0.000,2.409,0.0,0
682645,0.000,1.998,0.0,0,0.000,2.077,0.0,0
682685,0.000,1.998,0.0,0,0.000,2.077,0.0,0
682725,0.000,1.998,0.0,0,0.000,1.721,0.0,0
682765,0.000,1.540,0.0,0,0.000,1.721,0.0,0
682805,0.000,1.540,0.0,0,0.000,1.721,0.0,0
682845,0.000,1.276,0.0,0,0.000,1.721,0.0,0
682885,0.000,1.276,0.0,0,0.000,0.000,0.0,0
682925,0.000,1.276,0.0,0,0.000,0.000,0.0,0
682965,0.000,1.276,0.0,0,0.000,0.000,0.0,0
683005,0.000,0.000,0.0,0,0.000,0.000,0.0,0
683045,0.000,0.000,0.0,0,0.000,0.000,0.0,0
683085,0.000,0.000,0.0,0,0.000,0.000,0.0,0
683125,0.000,0.000,0.0,0,0.000,0.061,0.0,0
683165,0.000,0.000,0.0,0,0.000,0.061,0.0,0
683205,0.000,0.000,0.0,0,0.000,0.061,0.0,0
683245,0.000,0.000,0.0,0,0.000,0.061,0.0,0
683285,0.000,0.000,0.0,0,0.000,0.000,0.0,0
683325,0.000,0.000,0.0,0,0.000,0.000,0.0,0
683365,0.000,0.000,0.0,0,0.000,0.000,0.0,0
683405,0.000,0.000,0.0,0,0.000,0.000,0.0,0
683445,0.000,0.000,0.0,0,0.000,0.000,0.0,0
683485,0.000,0.000,0.0,0,0.000,0.000,0.0,0
683525,0.000,0.000,0.0,0,0.000,0.000,0.0,0
683565,0.000,0.000,0.0,0,0.000,0.000,0.0,0
683605,0.000,0.000,0.0,0,0.000,0.000,0.0,0
683645,0.000,0.000,0.0,0,0.000,0.000,0.0,0
683685,0.000,0.000,0.0,0,0.000,0.000,0.0,0
683725,0.000,0.000,0.0,0,0.000,0.000,0.0,0
683765,0.000,0.000,0.0,0,0.000,0.000,0.0,0
683805,0.000,0.000,0.0,0,0.000,0.000,0.0,0
683845,0.000,0.000,0.0,0,0.000,0.000,0.0,0
683885,0.000,0.000,0.0,0,0.000,0.000,0.0,0
683925,0.000,0.000,0.0,0,0.000,0.000,0.0,0
683965,0.000,0.000,0.0,0,0.000,0.000,0.0,0
684005,0.000,0.000,0.0,0,0.000,0.000,0.0,0
684045,0.000,0.000,0.0,0,0.000,0.000,0.0,0
684085,0.000,0.000,0.0,0,0.000,0.000,0.0,0
684125,0.000,0.000,0.0,0,0.000,0.000,0.0,0
684165,0.000,0.000,0.0,0,0.000,0.000,0.0,0
684205,0.000,0.000,0.0,0,0.000,0.000,0.0,0
684245,0.000,0.000,0.0,0,0.000,0.000,0.0,0
684285,0.000,0.000,0.0,0,0.000,0.000,0.0,0
684325,0.000,0.000,0.0,0,0.000,0.000,0.0,0
684365,0.000,0.000,0.0,0,0.000,0.000,0.0,0
684405,0.000,0.000,0.0,0,0.000,0.000,0.0,0
684445,0.000,0.000,0.0,0,0.000,0.000,0.0,0
684485,0.000,0.000,0.0,0,0.000,0.000,0.0,0
684525,0.000,0.000,0.0,0,1.282,0.000,16.4,12
684565,0.000,0.000,0.0,0,1.282,0.000,18.5,18
684605,0.000,0.000,0.0,0,1.282,0.000,20.5,20
684645,0.000,0.014,0.0,0,1.282,0.000,22.6,22
684685,0.000,0.014,0.0,0,1.282,0.015,24.4,24
684725,0.000,0.014,0.0,0,1.282,0.015,26.4,26
684765,0.000,0.198,0.0,0,1.282,0.015,28.5,28
684805,0.000,0.529,0.0,0,1.282,0.247,27.3,27
684845,0.000,0.529,0.0,0,1.282,0.608,24.1,24
684885,0.000,0.761,0.0,0,1.282,0.861,21.9,21
684925,0.000,0.961,0.0,0,1.282,0.861,22.6,22
684965,0.000,1.190,0.0,0,1.282,1.005,21.3,21
685005,0.000,1.297,0.0,0,1.282,1.199,19.1,19
685045,0.000,1.406,0.0,0,1.282,1.339,17.3,17
685085,0.000,1.498,0.0,0,1.282,1.388,16.6,16
685125,0.000,1.498,0.0,0,1.282,1.435,15.8,15
685165,0.000,1.460,0.0,0,1.282,1.428,15.7,15
685205,0.000,1.461,0.0,0,1.282,1.414,15.6,15
685245,0.000,1.490,0.0,0,1.282,1.414,15.4,15
685285,0.000,1.429,0.0,0,1.282,1.426,15.0,15
685325,0.000,1.429,0.0,0,1.282,1.384,15.4,15
685365,0.000,1.377,0.0,0,1.282,1.308,16.2,16
685405,0.000,1.359,0.0,0,1.282,1.308,16.1,16
685445,0.000,1.329,0.0,0,1.282,1.315,16.0,15
685485,0.000,1.329,0.0,0,1.282,1.312,16.0,15
685525,0.000,1.313,0.0,0,1.282,1.312,15.9,15
685565,0.000,1.270,0.0,0,1.282,1.253,16.7,16
685605,0.000,1.270,0.0,0,1.282,1.215,17.2,17
685645,0.000,1.194,0.0,0,1.282,1.215,17.3,17
685685,0.000,1.190,0.0,0,1.282,1.177,17.9,17
685725,0.000,1.190,0.0,0,1.282,1.139,18.6,18
685765,0.000,1.161,0.0,0,1.282,1.139,18.8,18
685805,0.000,1.161,0.0,0,1.282,1.127,19.2,19
685845,0.000,1.111,0.0,0,1.282,1.099,19.8,19
685885,0.000,1.143,0.0,0,1.282,1.099,20.1,20
685925,0.000,1.161,0.0,0,1.282,1.131,20.0,19
685965,0.000,1.161,0.0,0,1.282,1.145,20.0,20
686005,0.000,1.137,0.0,0,1.282,1.145,20.3,20
686045,0.000,1.173,0.0,0,1.282,1.128,20.7,20
686085,0.000,1.173,0.0,0,1.282,1.169,20.4,20
686125,0.000,1.215,0.0,0,1.282,1.169,20.6,20
686165,0.000,1.211,0.0,0,1.282,1.230,20.0,19
686205,0.000,1.234,0.0,0,1.282,1.193,20.5,20
686245,0.000,1.234,0.0,0,1.282,1.193,20.7,20
686285,0.000,1.261,0.0,0,1.282,1.224,20.4,20
686325,0.000,1.290,0.0,0,1.282,1.305,19.4,19
686365,0.000,1.341,0.0,0,1.282,1.289,19.5,19
686405,0.000,1.341,0.0,0,1.282,1.304,19.3,19
686445,0.000,1.339,0.0,0,1.282,1.304,19.3,19
686485,0.000,1.359,0.0,0,1.282,1.389,18.1,18
686525,0.000,1.417,0.0,0,1.282,1.351,18.5,18
686565,0.000,1.417,0.0,0,1.282,1.377,18.0,18
686605,0.000,1.396,0.0,0,1.282,1.440,17.1,17
686645,0.000,1.396,0.0,0,1.282,1.440,16.8,16
686685,0.000,1.400,0.0,0,1.282,1.359,17.7,17
686725,0.000,1.336,0.0,0,1.282,1.327,18.0,17
686765,0.000,1.336,0.0,0,1.282,1.331,17.9,17
686805,0.000,1.278,0.0,0,1.282,1.331,17.8,17
686845,0.000,1.251,0.0,0,1.282,1.235,19.0,18
686885,0.000,1.251,0.0,0,1.282,1.235,19.1,19
686925,0.000,1.179,0.0,0,1.282,1.165,20.1,20
686965,0.000,1.162,0.0,0,1.282,1.198,19.8,19
687005,0.000,1.162,0.0,0,1.282,1.198,20.0,19
687045,0.000,1.187,0.0,0,1.282,1.163,20.6,20
687085,0.000,1.143,0.0,0,1.282,1.122,21.3,21
687125,0.000,1.143,0.0,0,1.282,1.203,20.5,20
687165,0.000,1.174,0.0,0,1.282,1.203,20.6,20
687205,0.000,1.231,0.0,0,1.282,1.207,20.7,20
687245,0.000,1.199,0.0,0,1.282,1.174,21.3,21
687285,0.000,1.199,0.0,0,1.282,1.174,21.4,21
687325,0.000,1.217,0.0,0,1.282,1.249,20.6,20
687365,0.000,1.315,0.0,0,1.282,1.296,20.0,19
687405,0.000,1.312,0.0,0,1.282,1.292,20.0,20
687445,0.000,1.312,0.0,0,1.282,1.327,19.6,19
687485,0.000,1.313,0.0,0,1.282,1.327,19.5,19
687525,0.000,1.369,0.0,0,1.282,1.356,19.0,19
687565,0.000,1.360,0.0,0,1.282,1.339,19.1,19
687605,0.000,1.410,0.0,0,1.282,1.404,18.2,18
687645,0.000,1.486,0.0,0,1.282,1.464,17.2,17
687685,0.000,1.486,0.0,0,1.282,1.464,16.9,16
687725,0.000,1.432,0.0,0,1.282,1.415,17.3,17
687765,0.000,1.431,0.0,0,1.282,1.419,17.1,17
687805,0.000,1.449,0.0,0,1.282,1.464,16.2,16
687845,0.000,1.366,0.0,0,1.282,1.362,17.2,17
687885,0.000,1.366,0.0,0,1.282,1.362,17.1,17
687925,0.000,1.300,0.0,0,1.282,1.304,17.8,17
687965,0.000,1.292,0.0,0,1.282,1.297,17.8,17
688005,0.000,1.292,0.0,0,1.282,1.297,17.8,17
688045,0.000,1.203,0.0,0,1.282,1.218,18.8,18
688085,0.000,1.171,0.0,0,1.282,1.161,19.7,19
688125,0.000,1.171,0.0,0,1.282,1.161,19.9,19
688165,0.000,1.169,0.0,0,1.282,1.169,20.0,19
688205,0.000,1.169,0.0,0,1.282,1.126,20.7,20
688245,0.000,1.108,0.0,0,1.282,1.126,20.9,20
688285,0.000,1.157,0.0,0,1.282,1.139,21.0,21
688325,0.000,1.211,0.0,0,1.282,1.216,20.3,20
688365,0.000,1.211,0.0,0,1.282,1.216,20.4,20
688405,0.000,1.195,0.0,0,1.282,1.209,20.6,20
688445,0.000,1.307,0.0,0,1.282,1.268,19.9,19
688485,0.000,1.383,0.0,0,1.282,1.373,18.5,18
688525,0.000,1.333,0.0,0,1.282,1.333,18.9,18
688565,0.000,1.333,0.0,0,1.282,1.333,18.8,18
688605,0.000,1.357,0.0,0,1.282,1.355,18.5,18
688645,0.000,1.452,0.0,0,1.282,1.430,17.3,17
688685,0.000,1.409,0.0,0,1.282,1.389,17.6,17
688725,0.000,1.381,0.0,0,1.282,1.383,17.5,17
688765,0.000,1.441,0.0,0,1.282,1.383,17.4,17
688805,0.000,1.441,0.0,0,1.282,1.412,16.8,16
688845,0.000,1.369,0.0,0,1.282,1.349,17.4,17
688885,0.000,1.311,0.0,0,1.282,1.330,17.6,17
688925,0.000,1.366,0.0,0,1.282,1.330,17.5,17
688965,0.000,1.366,0.0,0,1.282,1.335,17.4,17
689005,0.000,1.279,0.0,0,1.282,1.242,18.5,18
689045,0.000,1.279,0.0,0,1.282,1.242,18.5,18
689085,0.000,1.203,0.0,0,1.282,1.203,19.1,19
689125,0.000,1.234,0.0,0,1.282,1.233,18.9,18
689165,0.000,1.214,0.0,0,1.282,1.233,18.9,18
689205,0.000,1.214,0.0,0,1.282,1.171,19.9,19
689245,0.000,1.157,0.0,0,1.282,1.163,20.1,20
689285,0.000,1.174,0.0,0,1.282,1.163,20.3,20
689325,0.000,1.174,0.0,0,1.282,1.182,20.3,20
689365,0.000,1.225,0.0,0,1.282,1.168,20.6,20
689405,0.000,1.201,0.0,0,1.282,1.207,20.3,20
689445,0.000,1.201,0.0,0,1.282,1.207,20.4,20
689485,0.000,1.185,0.0,0,1.282,1.238,20.1,20
689525,0.000,1.185,0.0,0,1.282,1.232,20.3,20
689565,0.000,1.062,0.0,0,1.282,1.232,20.3,20
689605,0.000,1.097,0.0,0,1.282,1.235,20.4,20
689645,0.000,1.097,0.0,0,1.282,1.260,20.1,20
689685,0.000,1.190,0.0,0,1.282,1.273,20.0,19
689725,0.000,1.313,0.0,0,1.282,1.328,19.3,19
689765,0.000,1.324,0.0,0,1.282,1.328,19.2,19
689805,0.000,1.365,0.0,0,1.282,1.381,18.4,18
689845,0.000,1.407,0.0,0,1.282,1.370,18.4,18
689885,0.000,1.407,0.0,0,1.282,1.380,18.1,18
689925,0.000,1.345,0.0,0,1.282,1.342,18.5,18
689965,0.000,1.318,0.0,0,1.282,1.342,18.4,18
690005,0.000,1.342,0.0,0,1.282,1.289,19.0,18
690045,0.000,1.342,0.0,0,1.282,1.301,18.8,18
690085,0.000,1.294,0.0,0,1.282,1.301,18.8,18
690125,0.000,1.254,0.0,0,1.282,1.264,19.3,19
690165,0.000,1.254,0.0,0,1.282,1.215,19.9,19
690205,0.000,1.244,0.0,0,1.282,1.215,20.0,20
690245,0.000,1.168,0.0,0,1.282,1.213,20.2,20
690285,0.000,1.168,0.0,0,1.282,1.175,20.8,20
690325,0.000,1.176,0.0,0,1.282,1.175,20.9,20
690365,0.000,1.210,0.0,0,1.282,1.160,21.3,21
690405,0.000,1.210,0.0,0,1.282,1.202,21.0,20
690445,0.000,1.204,0.0,0,1.282,1.214,20.9,20
690485,0.000,1.229,0.0,0,1.282,1.214,21.1,21
690525,0.000,1.281,0.0,0,1.282,1.225,21.0,21
690565,0.000,1.281,0.0,0,1.282,1.287,20.3,20
690605,0.000,1.291,0.0,0,1.282,1.305,20.1,20
690645,0.000,1.350,0.0,0,1.282,1.305,20.0,20
690685,0.000,1.363,0.0,0,1.282,1.307,20.0,19
690725,0.000,1.363,0.0,0,1.282,1.363,19.2,19
690765,0.000,1.417,0.0,0,1.282,1.364,19.0,19
690805,0.000,1.417,0.0,0,1.282,1.400,18.4,18
690845,0.000,1.448,0.0,0,1.282,1.447,17.7,17
690885,0.000,1.434,0.0,0,1.282,1.447,17.4,17
690925,0.000,1.409,0.0,0,1.282,1.378,18.1,18
690965,0.000,1.366,0.0,0,1.282,1.339,18.4,18
691005,0.000,1.366,0.0,0,1.282,1.343,18.3,18
691045,0.000,1.315,0.0,0,1.282,1.343,18.2,18
691085,0.000,1.289,0.0,0,1.282,1.265,19.1,19
691125,0.000,1.289,0.0,0,1.282,1.230,19.6,19
691165,0.000,1.243,0.0,0,1.282,1.230,19.7,19
691205,0.000,1.200,0.0,0,1.282,1.221,19.9,19
691245,0.000,1.200,0.0,0,1.282,1.177,20.6,20
691285,0.000,1.226,0.0,0,1.282,1.177,20.7,20
691325,0.000,1.194,0.0,0,1.282,1.167,21.0,21
691365,0.000,1.196,0.0,0,1.282,1.221,20.5,20
691405,0.000,1.196,0.0,0,1.282,1.221,20.6,20
691445,0.000,1.234,0.0,0,1.282,1.176,21.3,21
691485,0.000,1.226,0.0,0,1.282,1.198,21.2,21
691525,0.000,1.226,0.0,0,1.282,1.281,20.3,20
691565,0.000,1.249,0.0,0,1.282,1.281,20.3,20
691605,0.000,1.319,0.0,0,1.282,1.260,20.6,20
691645,0.000,1.323,0.0,0,1.282,1.294,20.2,20
691685,0.000,1.330,0.0,0,1.282,1.367,19.2,19
691725,0.000,1.330,0.0,0,1.282,1.367,19.1,19
691765,0.000,1.370,0.0,0,1.282,1.333,19.4,19
691805,0.000,1.364,0.0,0,1.282,1.336,19.3,19
691845,0.000,1.371,0.0,0,1.282,1.407,18.3,18
691885,0.000,1.449,0.0,0,1.282,1.400,18.2,18
691925,0.000,1.427,0.0,0,1.282,1.400,18.0,17
691965,0.000,1.427,0.0,0,1.282,1.395,17.9,17
692005,0.000,1.393,0.0,0,1.282,1.428,17.2,17
692045,0.000,1.402,0.0,0,1.282,1.392,17.5,17
692085,0.000,1.355,0.0,0,1.282,1.341,18.0,17
692125,0.000,1.355,0.0,0,1.282,1.341,17.9,17
692165,0.000,1.325,0.0,0,1.282,1.368,17.4,17
692205,0.000,1.323,0.0,0,1.282,1.331,17.8,17
692245,0.000,1.251,0.0,0,1.282,1.331,17.7,17
692285,0.000,1.251,0.0,0,1.282,1.251,18.7,18
692325,0.000,1.211,0.0,0,1.282,1.239,18.9,18
692365,0.000,1.211,0.0,0,1.282,1.239,19.0,18
692405,0.000,1.177,0.0,0,1.282,1.191,19.7,19
692445,0.000,1.131,0.0,0,1.282,1.129,20.6,20
692485,0.000,1.131,0.0,0,1.282,1.129,20.9,20
692525,0.000,1.152,0.0,0,1.282,1.167,20.6,20
692565,0.000,1.203,0.0,0,1.282,1.227,20.0,19
692605,0.000,1.184,0.0,0,1.282,1.197,20.4,20
692645,0.000,1.184,0.0,0,1.282,1.197,20.6,20
692685,0.000,1.230,0.0,0,1.282,1.236,20.2,20
692725,0.000,1.304,0.0,0,1.282,1.326,19.0,19
692765,0.000,1.290,0.0,0,1.282,1.296,19.3,19
692805,0.000,1.290,0.0,0,1.282,1.356,18.6,18
692845,0.000,1.324,0.0,0,1.282,1.356,18.4,18
692885,0.000,1.416,0.0,0,1.282,1.450,17.0,17
692925,0.000,1.366,0.0,0,1.282,1.403,17.4,17
692965,0.000,1.408,0.0,0,1.282,1.403,17.2,17
693005,0.000,1.458,0.0,0,1.282,1.471,16.2,16
693045,0.000,1.458,0.0,0,1.282,1.471,15.9,15
693085,0.000,1.353,0.0,0,1.282,1.394,16.6,16
693125,0.000,1.343,0.0,0,1.282,1.350,17.0,17
693165,0.000,1.346,0.0,0,1.282,1.368,16.7,16
693205,0.000,1.346,0.0,0,1.282,1.368,16.5,16
693245,0.000,1.256,0.0,0,1.282,1.282,17.6,17
693285,0.000,1.274,0.0,0,1.282,1.256,17.9,17
693325,0.000,1.274,0.0,0,1.282,1.303,17.3,17
693365,0.000,1.268,0.0,0,1.282,1.303,17.3,17
693405,0.000,1.184,0.0,0,1.282,1.222,18.4,18
693445,0.000,1.184,0.0,0,1.282,1.222,18.5,18
693485,0.000,1.151,0.0,0,1.282,1.182,19.1,19
693525,0.000,1.213,0.0,0,1.282,1.208,18.9,18
693565,0.000,1.213,0.0,0,1.282,1.185,19.3,19
693605,0.000,1.185,0.0,0,1.282,1.358,17.3,17
693645,0.000,1.131,0.0,0,0.000,1.632,0.0,0
693685,0.000,1.131,0.0,0,0.000,1.632,0.0,0
693725,0.000,1.110,0.0,0,0.000,1.367,0.0,0
693765,0.000,1.110,0.0,0,0.000,1.367,0.0,0
693805,0.000,1.110,0.0,0,0.000,1.367,0.0,0
693845,0.000,1.110,0.0,0,0.000,1.367,0.0,0
693885,0.000,0.889,0.0,0,0.000,0.000,0.0,0
693925,0.000,0.889,0.0,0,0.000,0.000,0.0,0
693965,0.000,0.889,0.0,0,0.000,0.000,0.0,0
694005,0.000,0.889,0.0,0,0.000,0.000,0.0,0
694045,0.000,0.000,0.0,0,0.000,0.000,0.0,0
694085,0.000,0.000,0.0,0,0.000,0.000,0.0,0
694125,0.000,0.000,0.0,0,0.000,0.000,0.0,0
694165,0.000,0.000,0.0,0,0.000,0.000,0.0,0
694205,0.000,0.000,0.0,0,0.000,0.000,0.0,0
694245,0.000,0.000,0.0,0,0.000,0.000,0.0,0
694285,0.000,0.000,0.0,0,0.000,0.000,0.0,0
694325,0.000,0.000,0.0,0,0.000,0.000,0.0,0
694365,0.000,0.000,0.0,0,0.000,0.000,0.0,0
694405,0.000,0.000,0.0,0,0.000,0.000,0.0,0
694445,0.000,0.000,0.0,0,0.000,0.000,0.0,0
694485,0.000,0.000,0.0,0,0.000,0.000,0.0,0
694525,0.000,0.000,0.0,0,0.000,0.000,0.0,0
694565,0.000,0.000,0.0,0,0.000,0.000,0.0,0
694605,0.000,0.000,0.0,0,0.000,0.000,0.0,0
694645,0.000,0.000,0.0,0,0.000,0.000,0.0,0
694685,0.000,0.000,0.0,0,0.000,0.000,0.0,0
694725,0.000,0.000,0.0,0,0.000,0.000,0.0,0
694765,0.000,0.000,0.0,0,0.000,0.000,0.0,0
694805,0.000,0.000,0.0,0,0.000,0.000,0.0,0
694845,0.000,0.000,0.0,0,0.000,0.000,0.0,0
694885,0.000,0.000,0.0,0,0.000,0.000,0.0,0
694925,0.000,0.000,0.0,0,0.000,0.000,0.0,0
694965,0.000,0.000,0.0,0,0.000,0.000,0.0,0
695005,0.000,0.000,0.0,0,0.000,0.000,0.0,0
695045,0.000,0.000,0.0,0,0.000,0.000,0.0,0
695085,0.000,0.000,0.0,0,0.000,0.000,0.0,0
695125,0.000,0.000,0.0,0,0.000,0.000,0.0,0
695165,0.000,0.000,0.0,0,0.000,0.000,0.0,0
695205,0.000,0.000,0.0,0,0.000,0.000,0.0,0
695245,0.000,0.000,0.0,0,0.000,0.000,0.0,0
695285,0.000,0.000,0.0,0,0.000,0.000,0.0,0
695325,0.000,0.000,0.0,0,0.000,0.000,0.0,0
695365,0.000,0.000,0.0,0,0.000,0.000,0.0,0
695405,0.000,0.000,0.0,0,0.000,0.000,0.0,0
695445,0.000,0.000,0.0,0,0.000,0.000,0.0,0
695485,0.000,0.000,0.0,0,0.000,0.000,0.0,0
695525,0.000,0.000,0.0,0,0.000,0.000,0.0,0
695565,0.000,0.000,0.0,0,0.000,0.000,0.0,0
695605,0.000,0.000,0.0,0,0.000,0.000,0.0,0
695645,0.000,0.000,0.0,0,0.000,0.000,0.0,0
695685,0.000,0.000,0.0,0,0.000,0.000,0.0,0
695725,0.000,0.000,0.0,0,0.000,0.000,0.0,0
695765,0.000,0.000,0.0,0,0.000,0.000,0.0,0
695805,0.000,0.000,0.0,0,0.000,0.000,0.0,0
695845,0.000,0.000,0.0,0,0.000,0.000,0.0,0
695885,0.000,0.000,0.0,0,0.000,0.000,0.0,0
695925,0.000,0.000,0.0,0,0.000,0.000,0.0,0
695965,0.000,0.000,0.0,0,0.000,0.000,0.0,0
696005,0.000,0.000,0.0,0,0.000,0.000,0.0,0
696045,0.000,0.000,0.0,0,0.000,0.000,0.0,0
696085,0.000,0.000,0.0,0,0.000,0.000,0.0,0
696125,0.000,0.000,0.0,0,0.000,0.000,0.0,0
696165,0.000,0.000,0.0,0,0.000,0.000,0.0,0
696205,0.000,0.000,0.0,0,0.000,0.000,0.0,0
696245,0.000,0.000,0.0,0,0.000,0.000,0.0,0
696285,0.000,0.000,0.0,0,0.000,0.000,0.0,0
696325,0.000,0.000,0.0,0,0.000,0.000,0.0,0
696365,0.000,0.000,0.0,0,0.000,0.000,0.0,0
696405,0.000,0.000,0.0,0,0.000,0.000,0.0,0
696445,0.000,0.000,0.0,0,0.000,0.000,0.0,0
696485,0.000,0.000,0.0,0,0.000,0.000,0.0,0
696525,0.000,0.000,0.0,0,0.000,0.000,0.0,0
696565,0.000,0.000,0.0,0,0.000,0.000,0.0,0
696605,0.000,0.000,0.0,0,0.000,0.000,0.0,0
696645,0.000,0.000,0.0,0,0.000,0.000,0.0,0
696685,0.000,0.000,0.0,0,0.000,0.000,0.0,0
696725,0.000,0.000,0.0,0,0.000,0.000,0.0,0
696765,0.000,0.000,0.0,0,0.000,0.000,0.0,0
696805,0.000,0.000,0.0,0,0.000,0.000,0.0,0
696845,0.000,0.000,0.0,0,0.000,0.000,0.0,0
696885,0.000,0.000,0.0,0,0.000,0.000,0.0,0
696925,0.000,0.000,0.0,0,0.000,0.000,0.0,0
696965,0.000,0.000,0.0,0,0.000,0.000,0.0,0
697005,0.000,0.000,0.0,0,0.000,0.000,0.0,0
697045,0.000,0.000,0.0,0,0.000,0.000,0.0,0
697085,0.000,0.000,0.0,0,0.000,0.000,0.0,0
697125,0.000,0.000,0.0,0,0.000,0.000,0.0,0
697165,0.000,0.000,0.0,0,0.000,0.000,0.0,0
697205,0.000,0.000,0.0,0,0.000,0.000,0.0,0
697245,0.000,0.000,0.0,0,0.000,0.000,0.0,0
697285,0.000,0.000,0.0,0,0.000,0.000,0.0,0
697325,0.000,0.000,0.0,0,0.000,0.000,0.0,0
697365,0.000,0.000,0.0,0,0.000,0.000,0.0,0
697405,0.000,0.000,0.0,0,0.000,0.000,0.0,0
697445,0.000,0.000,0.0,0,0.000,0.000,0.0,0
697485,0.000,0.000,0.0,0,0.000,0.000,0.0,0
697525,0.000,0.000,0.0,0,0.000,0.000,0.0,0
697565,0.000,0.000,0.0,0,0.000,0.000,0.0,0
697605,0.000,0.000,0.0,0,0.000,0.000,0.0,0
697645,0.000,0.000,0.0,0,0.000,0.000,0.0,0
697685,0.000,0.000,0.0,0,0.000,0.000,0.0,0
697725,0.000,0.000,0.0,0,0.000,0.000,0.0,0
697765,0.000,0.000,0.0,0,0.000,0.000,0.0,0
697805,0.000,0.000,0.0,0,0.000,0.000,0.0,0
697845,0.000,0.000,0.0,0,0.000,0.000,0.0,0
697885,0.000,0.000,0.0,0,0.000,0.000,0.0,0
697925,0.000,0.000,0.0,0,0.000,0.000,0.0,0
697965,0.000,0.000,0.0,0,0.000,0.000,0.0,0
698005,0.000,0.000,0.0,0,0.000,0.000,0.0,0
698045,0.000,0.000,0.0,0,0.000,0.000,0.0,0
698085,0.000,0.000,0.0,0,0.000,0.000,0.0,0
698125,0.000,0.000,0.0,0,0.000,0.000,0.0,0
698165,0.000,0.000,0.0,0,0.000,0.000,0.0,0
698205,0.000,0.000,0.0,0,0.000,0.000,0.0,0
698245,0.000,0.000,0.0,0,0.000,0.000,0.0,0
698285,0.000,0.000,0.0,0,0.000,0.000,0.0,0
698325,0.000,0.000,0.0,0,0.000,0.000,0.0,0
698365,0.000,0.000,0.0,0,0.000,0.000,0.0,0
698405,0.000,0.000,0.0,0,0.000,0.000,0.0,0
698445,0.000,0.000,0.0,0,0.000,0.000,0.0,0
698485,0.000,0.000,0.0,0,0.000,0.000,0.0,0
698525,0.000,0.000,0.0,0,0.000,0.000,0.0,0
698565,0.000,0.000,0.0,0,0.000,0.000,0.0,0
698605,0.000,0.000,0.0,0,0.000,0.000,0.0,0
698645,0.000,0.000,0.0,0,0.000,0.000,0.0,0
698685,0.000,0.000,0.0,0,0.000,0.000,0.0,0
698725,0.000,0.000,0.0,0,0.000,0.000,0.0,0
698765,0.000,0.000,0.0,0,0.000,0.000,0.0,0
698805,0.000,0.000,0.0,0,0.000,0.000,0.0,0
698845,0.000,0.000,0.0,0,0.000,0.000,0.0,0
698885,0.000,0.000,0.0,0,0.000,0.000,0.0,0
698925,0.000,0.000,0.0,0,0.000,0.000,0.0,0
698965,0.000,0.000,0.0,0,0.000,0.000,0.0,0
699005,0.000,0.000,0.0,0,0.000,0.000,0.0,0
699045,0.000,0.000,0.0,0,0.000,0.000,0.0,0
699085,0.000,0.000,0.0,0,0.000,0.000,0.0,0
699125,0.000,0.000,0.0,0,0.000,0.000,0.0,0
699165,0.000,0.000,0.0,0,0.000,0.000,0.0,0
699205,0.000,0.000,0.0,0,0.000,0.000,0.0,0
699245,0.000,0.000,0.0,0,0.000,0.000,0.0,0
699285,0.000,0.000,0.0,0,0.000,0.000,0.0,0
699325,0.000,0.000,0.0,0,0.000,0.000,0.0,0
699365,0.000,0.000,0.0,0,0.000,0.000,0.0,0
699405,0.000,0.000,0.0,0,0.000,0.000,0.0,0
699445,0.000,0.000,0.0,0,0.000,0.000,0.0,0
699485,0.000,0.000,0.0,0,0.000,0.000,0.0,0
699525,0.000,0.000,0.0,0,0.000,0.000,0.0,0
699565,0.000,0.000,0.0,0,0.000,0.000,0.0,0
699605,0.000,0.000,0.0,0,0.000,0.000,0.0,0
699645,0.000,0.000,0.0,0,0.000,0.000,0.0,0
699685,0.000,0.000,0.0,0,0.000,0.000,0.0,0
699725,0.000,0.000,0.0,0,0.000,0.000,0.0,0
699765,0.000,0.000,0.0,0,0.000,0.000,0.0,0
699805,0.000,0.000,0.0,0,0.000,0.000,0.0,0
699845,0.000,0.000,0.0,0,0.000,0.000,0.0,0
699885,0.000,0.000,0.0,0,0.000,0.000,0.0,0
699925,0.000,0.000,0.0,0,0.000,0.000,0.0,0
699965,0.000,0.000,0.0,0,0.000,0.000,0.0,0
700005,0.000,0.000,0.0,0,0.000,0.000,0.0,0
700045,0.000,0.000,0.0,0,0.000,0.000,0.0,0
700085,0.000,0.000,0.0,0,0.000,0.000,0.0,0
700125,0.000,0.000,0.0,0,0.000,0.000,0.0,0
700165,0.000,0.000,0.0,0,0.000,0.000,0.0,0
700205,0.000,0.000,0.0,0,0.000,0.000,0.0,0
700245,0.000,0.000,0.0,0,0.000,0.000,0.0,0
700285,0.000,0.000,0.0,0,0.000,0.000,0.0,0
700325,0.000,0.000,0.0,0,0.000,0.000,0.0,0
700365,0.000,0.000,0.0,0,0.000,0.000,0.0,0
700405,0.000,0.000,0.0,0,0.000,0.000,0.0,0
700445,0.000,0.000,0.0,0,0.000,0.000,0.0,0
700485,0.000,0.000,0.0,0,0.000,0.000,0.0,0
700525,0.000,0.000,0.0,0,0.000,0.000,0.0,0
700565,0.000,0.000,0.0,0,0.000,0.000,0.0,0
700605,0.000,0.000,0.0,0,0.000,0.000,0.0,0
700645,0.000,0.000,0.0,0,0.000,0.000,0.0,0
700685,0.000,0.000,0.0,0,0.000,0.000,0.0,0
700725,0.000,0.000,0.0,0,0.000,0.000,0.0,0
700765,0.000,0.000,0.0,0,0.000,0.000,0.0,0
700805,0.000,0.000,0.0,0,0.000,0.000,0.0,0
700845,0.000,0.000,0.0,0,0.000,0.000,0.0,0
700885,0.000,0.000,0.0,0,0.000,0.000,0.0,0
700925,0.000,0.000,0.0,0,0.000,0.000,0.0,0
700965,0.000,0.000,0.0,0,0.000,0.000,0.0,0
701005,0.000,0.000,0.0,0,0.000,0.000,0.0,0
701045,0.000,0.000,0.0,0,0.000,0.000,0.0,0
701085,0.000,0.000,0.0,0,0.000,0.000,0.0,0
701125,0.000,0.000,0.0,0,0.000,0.000,0.0,0
701165,0.000,0.000,0.0,0,0.000,0.000,0.0,0
701205,0.000,0.000,0.0,0,0.000,0.000,0.0,0
701245,0.000,0.000,0.0,0,0.000,0.000,0.0,0
701285,0.000,0.000,0.0,0,0.000,0.000,0.0,0
701325,0.000,0.000,0.0,0,0.000,0.000,0.0,0
701365,0.000,0.000,0.0,0,0.000,0.000,0.0,0
701405,0.000,0.000,0.0,0,0.000,0.000,0.0,0
701445,0.000,0.000,0.0,0,0.000,0.000,0.0,0
701485,0.000,0.000,0.0,0,0.000,0.000,0.0,0
701525,0.000,0.000,0.0,0,0.000,0.000,0.0,0
701565,0.000,0.000,0.0,0,0.000,0.000,0.0,0
701605,0.000,0.000,0.0,0,0.000,0.000,0.0,0
701645,0.000,0.000,0.0,0,0.000,0.000,0.0,0
701685,0.000,0.000,0.0,0,0.000,0.000,0.0,0
701725,0.000,0.000,0.0,0,0.000,0.000,0.0,0
701765,0.000,0.000,0.0,0,0.000,0.000,0.0,0
701805,0.000,0.000,0.0,0,0.000,0.000,0.0,0
701845,0.000,0.000,0.0,0,0.000,0.000,0.0,0
701885,0.000,0.000,0.0,0,0.000,0.000,0.0,0
701925,0.000,0.000,0.0,0,0.000,0.000,0.0,0
701965,0.000,0.000,0.0,0,0.000,0.000,0.0,0
702005,0.000,0.000,0.0,0,0.000,0.000,0.0,0
702045,0.000,0.000,0.0,0,0.000,0.000,0.0,0
702085,0.000,0.000,0.0,0,0.000,0.000,0.0,0
702125,0.000,0.000,0.0,0,0.000,0.000,0.0,0
702165,0.000,0.000,0.0,0,0.000,0.000,0.0,0
702205,0.000,0.000,0.0,0,0.000,0.000,0.0,0
702245,0.000,0.000,0.0,0,0.000,0.000,0.0,0
702285,0.000,0.000,0.0,0,0.000,0.000,0.0,0
702325,0.000,0.000,0.0,0,0.000,0.000,0.0,0
702365,0.000,0.000,0.0,0,0.000,0.000,0.0,0
702405,0.000,0.000,0.0,0,0.000,0.000,0.0,0
702445,0.000,0.000,0.0,0,0.000,0.000,0.0,0
702485,0.000,0.000,0.0,0,0.000,0.000,0.0,0
702525,0.000,0.000,0.0,0,0.000,0.000,0.0,0
702565,0.000,0.000,0.0,0,0.000,0.000,0.0,0
702605,0.000,0.000,0.0,0,0.000,0.000,0.0,0
702645,0.000,0.000,0.0,0,0.000,0.000,0.0,0
702685,0.000,0.000,0.0,0,0.000,0.000,0.0,0
702725,0.000,0.000,0.0,0,0.000,0.000,0.0,0
702765,0.000,0.000,0.0,0,0.000,0.000,0.0,0
702805,0.000,0.000,0.0,0,0.000,0.000,0.0,0
702845,0.000,0.000,0.0,0,0.000,0.000,0.0,0
702885,0.000,0.000,0.0,0,0.000,0.000,0.0,0
702925,0.000,0.000,0.0,0,0.000,0.000,0.0,0
702965,0.000,0.000,0.0,0,0.000,0.000,0.0,0
703005,0.000,0.000,0.0,0,0.000,0.000,0.0,0
703045,0.000,0.000,0.0,0,0.000,0.000,0.0,0
703085,0.000,0.000,0.0,0,0.000,0.000,0.0,0
703125,0.000,0.000,0.0,0,0.000,0.000,0.0,0
703165,0.000,0.000,0.0,0,0.000,0.000,0.0,0
703205,0.000,0.000,0.0,0,0.000,0.000,0.0,0
703245,0.000,0.000,0.0,0,0.000,0.000,0.0,0
703285,0.000,0.000,0.0,0,0.000,0.000,0.0,0
703325,0.000,0.000,0.0,0,0.000,0.000,0.0,0
703365,0.000,0.000,0.0,0,0.000,0.000,0.0,0
703405,0.000,0.000,0.0,0,0.000,0.000,0.0,0
703445,0.000,0.000,0.0,0,0.000,0.000,0.0,0
703485,0.000,0.000,0.0,0,0.000,0.000,0.0,0
703525,0.000,0.000,0.0,0,0.000,0.000,0.0,0
703565,0.000,0.000,0.0,0,0.000,0.000,0.0,0
703605,0.000,0.000,0.0,0,0.000,0.000,0.0,0
703645,0.000,0.000,0.0,0,0.000,0.000,0.0,0
703685,0.000,0.000,0.0,0,0.000,0.000,0.0,0
703725,0.000,0.000,0.0,0,0.000,0.000,0.0,0
703765,0.000,0.000,0.0,0,0.000,0.000,0.0,0
703805,0.000,0.000,0.0,0,0.000,0.000,0.0,0
703845,0.000,0.000,0.0,0,0.000,0.000,0.0,0
703885,0.000,0.000,0.0,0,0.000,0.000,0.0,0
703925,0.000,0.000,0.0,0,0.000,0.000,0.0,0
703965,0.000,0.000,0.0,0,0.000,0.000,0.0,0
704005,0.000,0.000,0.0,0,0.000,0.000,0.0,0
704045,0.000,0.000,0.0,0,0.000,0.000,0.0,0
704085,0.000,0.000,0.0,0,0.000,0.000,0.0,0
704125,0.000,0.000,0.0,0,0.000,0.000,0.0,0
704165,0.000,0.000,0.0,0,0.000,0.000,0.0,0
704205,0.000,0.000,0.0,0,0.000,0.000,0.0,0
704245,0.000,0.000,0.0,0,0.000,0.000,0.0,0
704285,0.000,0.000,0.0,0,0.000,0.000,0.0,0
704325,0.000,0.000,0.0,0,0.000,0.000,0.0,0
704365,0.000,0.000,0.0,0,0.000,0.000,0.0,0
704405,0.000,0.000,0.0,0,0.000,0.000,0.0,0
704445,0.000,0.000,0.0,0,0.000,0.000,0.0,0
704485,0.000,0.000,0.0,0,0.000,0.000,0.0,0
704525,0.000,0.000,0.0,0,0.000,0.000,0.0,0
704565,0.000,0.000,0.0,0,0.000,0.000,0.0,0
704605,0.000,0.000,0.0,0,0.000,0.000,0.0,0
704645,0.000,0.000,0.0,0,0.000,0.000,0.0,0
704685,0.000,0.000,0.0,0,0.000,0.000,0.0,0
704725,0.000,0.000,0.0,0,0.000,0.000,0.0,0
704765,0.000,0.000,0.0,0,0.000,0.000,0.0,0
704805,0.000,0.000,0.0,0,0.000,0.000,0.0,0
704845,0.000,0.000,0.0,0,0.000,0.000,0.0,0
704885,0.000,0.000,0.0,0,0.000,0.000,0.0,0
704925,0.000,0.000,0.0,0,0.000,0.000,0.0,0
704965,0.000,0.000,0.0,0,0.000,0.000,0.0,0
705005,0.000,0.000,0.0,0,0.000,0.000,0.0,0
705045,0.000,0.000,0.0,0,0.000,0.000,0.0,0
705085,0.000,0.000,0.0,0,0.000,0.000,0.0,0
705125,0.000,0.000,0.0,0,0.000,0.000,0.0,0
705165,0.000,0.000,0.0,0,0.000,0.000,0.0,0
705205,0.000,0.000,0.0,0,0.000,0.000,0.0,0
705245,0.000,0.000,0.0,0,0.000,0.000,0.0,0
705285,0.000,0.000,0.0,0,0.000,0.000,0.0,0
705325,0.000,0.000,0.0,0,0.000,0.000,0.0,0
705365,0.000,0.000,0.0,0,0.000,0.000,0.0,0
705405,0.000,0.000,0.0,0,0.000,0.000,0.0,0
705445,0.000,0.000,0.0,0,0.000,0.000,0.0,0
705485,0.000,0.000,0.0,0,0.000,0.000,0.0,0
705525,0.000,0.000,0.0,0,0.000,0.000,0.0,0
705565,0.000,0.000,0.0,0,0.000,0.000,0.0,0
705605,0.000,0.000,0.0,0,0.000,0.000,0.0,0
705645,0.000,0.000,0.0,0,0.000,0.000,0.0,0
705685,0.000,0.000,0.0,0,0.000,0.000,0.0,0
705725,0.000,0.000,0.0,0,0.000,0.000,0.0,0
705765,0.000,0.000,0.0,0,0.000,0.000,0.0,0
705805,0.000,0.000,0.0,0,0.000,0.000,0.0,0
705845,0.000,0.000,0.0,0,0.000,0.000,0.0,0
705885,0.000,0.000,0.0,0,0.000,0.000,0.0,0
705925,0.000,0.000,0.0,0,0.000,0.000,0.0,0
705965,0.000,0.000,0.0,0,0.000,0.000,0.0,0
706005,0.000,0.000,0.0,0,0.000,0.000,0.0,0
706045,0.000,0.000,0.0,0,0.000,0.000,0.0,0
706085,0.000,0.000,0.0,0,0.000,0.000,0.0,0
706125,0.000,0.000,0.0,0,0.000,0.000,0.0,0
706165,0.000,0.000,0.0,0,0.000,0.000,0.0,0
706205,0.000,0.000,0.0,0,0.000,0.000,0.0,0
706245,0.000,0.000,0.0,0,0.000,0.000,0.0,0
706285,0.000,0.000,0.0,0,0.000,0.000,0.0,0
706325,0.000,0.000,0.0,0,0.000,0.000,0.0,0
706365,0.000,0.000,0.0,0,0.000,0.000,0.0,0
706405,0.000,0.000,0.0,0,0.000,0.000,0.0,0
706445,0.000,0.000,0.0,0,0.000,0.000,0.0,0
706485,0.000,0.000,0.0,0,0.000,0.000,0.0,0
706525,0.000,0.000,0.0,0,0.000,0.000,0.0,0
706565,0.000,0.000,0.0,0,0.000,0.000,0.0,0
706605,0.000,0.000,0.0,0,0.000,0.000,0.0,0
706645,0.000,0.000,0.0,0,0.000,0.000,0.0,0
706685,0.000,0.000,0.0,0,0.000,0.000,0.0,0
706725,0.000,0.000,0.0,0,0.000,0.000,0.0,0
706765,0.000,0.000,0.0,0,0.000,0.000,0.0,0
706805,0.000,0.000,0.0,0,0.000,0.000,0.0,0
706845,0.000,0.000,0.0,0,0.000,0.000,0.0,0
706885,0.000,0.000,0.0,0,0.000,0.000,0.0,0
706925,0.000,0.000,0.0,0,0.000,0.000,0.0,0
706965,0.000,0.000,0.0,0,0.000,0.000,0.0,0
707005,0.000,0.000,0.0,0,0.000,0.000,0.0,0
707045,0.000,0.000,0.0,0,0.000,0.000,0.0,0
707085,0.000,0.000,0.0,0,0.000,0.000,0.0,0
707125,0.000,0.000,0.0,0,0.000,0.000,0.0,0
707165,0.000,0.000,0.0,0,0.000,0.000,0.0,0
707205,0.000,0.000,0.0,0,0.000,0.000,0.0,0
707245,0.000,0.000,0.0,0,0.000,0.000,0.0,0
707285,0.000,0.000,0.0,0,0.000,0.000,0.0,0
707325,0.000,0.000,0.0,0,0.000,0.000,0.0,0
707365,0.000,0.000,0.0,0,0.000,0.000,0.0,0
707405,0.000,0.000,0.0,0,0.000,0.000,0.0,0
707445,0.000,0.000,0.0,0,0.000,0.000,0.0,0
707485,0.000,0.000,0.0,0,0.000,0.000,0.0,0
707525,0.000,0.000,0.0,0,0.000,0.000,0.0,0
707565,0.000,0.000,0.0,0,0.000,0.000,0.0,0
707605,0.000,0.000,0.0,0,0.000,0.000,0.0,0
707645,0.000,0.000,0.0,0,0.000,0.000,0.0,0
707685,0.000,0.000,0.0,0,0.000,0.000,0.0,0
707725,0.000,0.000,0.0,0,0.000,0.000,0.0,0
707765,0.000,0.000,0.0,0,0.000,0.000,0.0,0
707805,0.000,0.000,0.0,0,0.000,0.000,0.0,0
707845,0.000,0.000,0.0,0,0.000,0.000,0.0,0
707885,0.000,0.000,0.0,0,0.000,0.000,0.0,0
707925,0.000,0.000,0.0,0,0.000,0.000,0.0,0
707965,0.000,0.000,0.0,0,0.000,0.000,0.0,0
708005,0.000,0.000,0.0,0,0.000,0.000,0.0,0
708045,0.000,0.000,0.0,0,0.000,0.000,0.0,0
708085,0.000,0.000,0.0,0,0.000,0.000,0.0,0
708125,0.000,0.000,0.0,0,0.000,0.000,0.0,0
708165,0.000,0.000,0.0,0,0.000,0.000,0.0,0
708205,0.000,0.000,0.0,0,0.000,0.000,0.0,0
708245,0.000,0.000,0.0,0,0.000,0.000,0.0,0
708285,0.000,0.000,0.0,0,0.000,0.000,0.0,0
708325,0.000,0.000,0.0,0,0.000,0.000,0.0,0
708365,0.000,0.000,0.0,0,0.000,0.000,0.0,0
708405,0.000,0.000,0.0,0,0.000,0.000,0.0,0
708445,0.000,0.000,0.0,0,0.000,0.000,0.0,0
708485,0.000,0.000,0.0,0,0.000,0.000,0.0,0
708525,0.000,0.000,0.0,0,0.000,0.000,0.0,0
708565,0.000,0.000,0.0,0,0.000,0.000,0.0,0
708605,0.000,0.000,0.0,0,0.000,0.000,0.0,0
708645,0.000,0.000,0.0,0,0.000,0.000,0.0,0
708685,0.000,0.000,0.0,0,0.000,0.000,0.0,0
708725,0.000,0.000,0.0,0,0.000,0.000,0.0,0
708765,0.000,0.000,0.0,0,0.000,0.000,0.0,0
708805,0.000,0.000,0.0,0,0.000,0.000,0.0,0
708845,0.000,0.000,0.0,0,0.000,0.000,0.0,0
708885,0.000,0.000,0.0,0,0.000,0.000,0.0,0
708925,0.000,0.000,0.0,0,0.000,0.000,0.0,0
708965,0.000,0.000,0.0,0,0.000,0.000,0.0,0
709005,0.000,0.000,0.0,0,0.000,0.000,0.0,0
709045,0.000,0.000,0.0,0,0.000,0.000,0.0,0
709085,0.000,0.000,0.0,0,0.000,0.000,0.0,0
709125,0.000,0.000,0.0,0,0.000,0.000,0.0,0
709165,0.000,0.000,0.0,0,0.000,0.000,0.0,0
709205,0.000,0.000,0.0,0,0.000,0.000,0.0,0
709245,0.000,0.000,0.0,0,0.000,0.000,0.0,0
709285,0.000,0.000,0.0,0,0.000,0.000,0.0,0
709325,0.000,0.000,0.0,0,0.000,0.000,0.0,0
709365,0.000,0.000,0.0,0,0.000,0.000,0.0,0
709405,0.000,0.000,0.0,0,0.000,0.000,0.0,0
709445,0.000,0.000,0.0,0,0.000,0.000,0.0,0
709485,0.000,0.000,0.0,0,0.000,0.000,0.0,0
709525,0.000,0.000,0.0,0,0.000,0.000,0.0,0
709565,0.000,0.000,0.0,0,0.000,0.000,0.0,0
709605,0.000,0.000,0.0,0,0.000,0.000,0.0,0
709645,0.000,0.000,0.0,0,0.000,0.000,0.0,0
709685,0.000,0.000,0.0,0,0.000,0.000,0.0,0
709725,0.000,0.000,0.0,0,0.000,0.000,0.0,0
709765,0.000,0.000,0.0,0,0.000,0.000,0.0,0
709805,0.000,0.000,0.0,0,0.000,0.000,0.0,0
709845,0.000,0.000,0.0,0,0.000,0.000,0.0,0
709885,0.000,0.000,0.0,0,0.000,0.000,0.0,0
709925,0.000,0.000,0.0,0,0.000,0.000,0.0,0
709965,0.000,0.000,0.0,0,0.000,0.000,0.0,0
710005,0.000,0.000,0.0,0,0.000,0.000,0.0,0
710045,0.000,0.000,0.0,0,0.000,0.000,0.0,0
710085,0.000,0.000,0.0,0,0.000,0.000,0.0,0
710125,0.000,0.000,0.0,0,0.000,0.000,0.0,0
710165,0.000,0.000,0.0,0,0.000,0.000,0.0,0
710205,0.000,0.000,0.0,0,0.000,0.000,0.0,0
710245,0.000,0.000,0.0,0,0.000,0.000,0.0,0
710285,0.000,0.000,0.0,0,0.000,0.000,0.0,0
710325,0.000,0.000,0.0,0,0.000,0.000,0.0,0
710365,0.000,0.000,0.0,0,0.000,0.000,0.0,0
710405,0.000,0.000,0.0,0,0.000,0.000,0.0,0
710445,0.000,0.000,0.0,0,0.000,0.000,0.0,0
710485,0.000,0.000,0.0,0,0.000,0.000,0.0,0
710525,0.000,0.000,0.0,0,0.000,0.000,0.0,0
710565,0.000,0.000,0.0,0,0.000,0.000,0.0,0
710605,0.000,0.000,0.0,0,0.000,0.000,0.0,0
710645,0.000,0.000,0.0,0,0.000,0.000,0.0,0
710685,0.000,0.000,0.0,0,0.000,0.000,0.0,0
710725,0.000,0.000,0.0,0,0.000,0.000,0.0,0
710765,0.000,0.000,0.0,0,0.000,0.000,0.0,0
710805,0.000,0.000,0.0,0,0.000,0.000,0.0,0
710845,0.000,0.000,0.0,0,0.000,0.000,0.0,0
710885,0.000,0.000,0.0,0,0.000,0.000,0.0,0
710925,0.000,0.000,0.0,0,0.000,0.000,0.0,0
710965,0.000,0.000,0.0,0,0.000,0.000,0.0,0
711005,0.000,0.000,0.0,0,0.000,0.000,0.0,0
711045,0.000,0.000,0.0,0,0.000,0.000,0.0,0
711085,0.000,0.000,0.0,0,0.000,0.000,0.0,0
711125,0.000,0.000,0.0,0,0.000,0.000,0.0,0
711165,0.000,0.000,0.0,0,0.000,0.000,0.0,0
711205,0.000,0.000,0.0,0,0.000,0.000,0.0,0
711245,0.000,0.000,0.0,0,0.000,0.000,0.0,0
711285,0.000,0.000,0.0,0,0.000,0.000,0.0,0
711325,0.000,0.000,0.0,0,0.000,0.000,0.0,0
711365,0.000,0.000,0.0,0,0.000,0.000,0.0,0
711405,0.000,0.000,0.0,0,0.000,0.000,0.0,0
711445,0.000,0.000,0.0,0,0.000,0.000,0.0,0
711485,0.000,0.000,0.0,0,0.000,0.000,0.0,0
711525,0.000,0.000,0.0,0,0.000,0.000,0.0,0
711565,0.000,0.000,0.0,0,0.000,0.000,0.0,0
711605,0.000,0.000,0.0,0,0.000,0.000,0.0,0
711645,0.000,0.000,0.0,0,0.000,0.000,0.0,0
711685,0.000,0.000,0.0,0,0.000,0.000,0.0,0
711725,0.000,0.000,0.0,0,0.000,0.000,0.0,0
711765,0.000,0.000,0.0,0,0.000,0.000,0.0,0
711805,0.000,0.000,0.0,0,0.000,0.000,0.0,0
711845,0.000,0.000,0.0,0,0.000,0.000,0.0,0
711885,0.000,0.000,0.0,0,0.000,0.000,0.0,0
711925,0.000,0.000,0.0,0,0.000,0.000,0.0,0
711965,0.000,0.000,0.0,0,0.000,0.000,0.0,0
712005,0.000,0.000,0.0,0,0.000,0.000,0.0,0
712045,0.000,0.000,0.0,0,0.000,0.000,0.0,0
712085,0.000,0.000,0.0,0,0.000,0.000,0.0,0
712125,0.000,0.000,0.0,0,0.000,0.000,0.0,0
712165,0.000,0.000,0.0,0,0.000,0.000,0.0,0
712205,0.000,0.000,0.0,0,0.000,0.000,0.0,0
712245,0.000,0.000,0.0,0,0.000,0.000,0.0,0
712285,0.000,0.000,0.0,0,0.000,0.000,0.0,0
712325,0.000,0.000,0.0,0,0.000,0.000,0.0,0
712365,0.000,0.000,0.0,0,0.000,0.000,0.0,0
712405,0.000,0.000,0.0,0,0.000,0.000,0.0,0
712445,0.000,0.000,0.0,0,0.000,0.000,0.0,0
712485,0.000,0.000,0.0,0,0.000,0.000,0.0,0
712525,0.000,0.000,0.0,0,0.000,0.000,0.0,0
712565,0.000,0.000,0.0,0,0.000,0.000,0.0,0
712605,0.000,0.000,0.0,0,0.000,0.000,0.0,0
712645,0.000,0.000,0.0,0,0.000,0.000,0.0,0
712685,0.000,0.000,0.0,0,0.000,0.000,0.0,0
712725,0.000,0.000,0.0,0,0.000,0.000,0.0,0
712765,0.000,0.000,0.0,0,0.000,0.000,0.0,0
712805,0.000,0.000,0.0,0,0.000,0.000,0.0,0
712845,0.000,0.000,0.0,0,0.000,0.000,0.0,0
712885,0.000,0.000,0.0,0,0.000,0.000,0.0,0
712925,0.000,0.000,0.0,0,0.000,0.000,0.0,0
712965,0.000,0.000,0.0,0,0.000,0.000,0.0,0
713005,0.000,0.000,0.0,0,0.000,0.000,0.0,0
713045,0.000,0.000,0.0,0,0.000,0.000,0.0,0
713085,0.000,0.000,0.0,0,0.000,0.000,0.0,0
713125,0.000,0.000,0.0,0,0.000,0.000,0.0,0
713165,0.000,0.000,0.0,0,0.000,0.000,0.0,0
713205,0.000,0.000,0.0,0,0.000,0.000,0.0,0
713245,0.000,0.000,0.0,0,0.000,0.000,0.0,0
713285,0.000,0.000,0.0,0,0.000,0.000,0.0,0
713325,0.000,0.000,0.0,0,0.000,0.000,0.0,0
713365,0.000,0.000,0.0,0,0.000,0.000,0.0,0
713405,0.000,0.000,0.0,0,0.000,0.000,0.0,0
713445,0.000,0.000,0.0,0,0.000,0.000,0.0,0
713485,0.000,0.000,0.0,0,0.000,0.000,0.0,0
713525,0.000,0.000,0.0,0,0.000,0.000,0.0,0
713565,0.000,0.000,0.0,0,0.000,0.000,0.0,0
713605,0.000,0.000,0.0,0,0.000,0.000,0.0,0
713645,0.000,0.000,0.0,0,0.000,0.000,0.0,0
713685,0.000,0.000,0.0,0,0.000,0.000,0.0,0
713725,0.000,0.000,0.0,0,0.000,0.000,0.0,0
713765,0.000,0.000,0.0,0,0.000,0.000,0.0,0
713805,0.000,0.000,0.0,0,0.000,0.000,0.0,0
713845,0.000,0.000,0.0,0,0.000,0.000,0.0,0
713885,0.000,0.000,0.0,0,0.000,0.000,0.0,0
713925,0.000,0.000,0.0,0,0.000,0.000,0.0,0
713965,0.000,0.000,0.0,0,0.000,0.000,0.0,0
714005,0.000,0.000,0.0,0,0.000,0.000,0.0,0
714045,0.000,0.000,0.0,0,0.000,0.000,0.0,0
714085,0.000,0.000,0.0,0,0.000,0.000,0.0,0
714125,0.000,0.000,0.0,0,0.000,0.000,0.0,0
714165,0.000,0.000,0.0,0,0.000,0.000,0.0,0
714205,0.000,0.000,0.0,0,0.000,0.000,0.0,0
714245,0.000,0.000,0.0,0,0.000,0.000,0.0,0
714285,0.000,0.000,0.0,0,0.000,0.000,0.0,0
714325,0.000,0.000,0.0,0,0.000,0.000,0.0,0
714365,0.000,0.000,0.0,0,0.000,0.000,0.0,0
714405,0.000,0.000,0.0,0,0.000,0.000,0.0,0
714445,0.000,0.000,0.0,0,0.000,0.000,0.0,0
714485,0.000,0.000,0.0,0,0.000,0.000,0.0,0
714525,0.000,0.000,0.0,0,0.000,0.000,0.0,0
714565,0.000,0.000,0.0,0,0.000,0.000,0.0,0
714605,0.000,0.000,0.0,0,0.000,0.000,0.0,0
714645,0.000,0.000,0.0,0,0.000,0.000,0.0,0
714685,0.000,0.000,0.0,0,0.000,0.000,0.0,0
714725,0.000,0.000,0.0,0,0.000,0.000,0.0,0
714765,0.000,0.000,0.0,0,0.000,0.000,0.0,0
714805,0.000,0.000,0.0,0,0.000,0.000,0.0,0
714845,0.000,0.000,0.0,0,0.000,0.000,0.0,0
714885,0.000,0.000,0.0,0,0.000,0.000,0.0,0
714925,0.000,0.000,0.0,0,0.000,0.000,0.0,0
714965,0.000,0.000,0.0,0,0.000,0.000,0.0,0
715005,0.000,0.000,0.0,0,0.000,0.000,0.0,0
715045,0.000,0.000,0.0,0,0.000,0.000,0.0,0
715085,0.000,0.000,0.0,0,0.000,0.000,0.0,0
715125,0.000,0.000,0.0,0,0.000,0.000,0.0,0
715165,0.000,0.000,0.0,0,0.000,0.000,0.0,0
715205,0.000,0.000,0.0,0,0.000,0.000,0.0,0
715245,0.000,0.000,0.0,0,0.000,0.000,0.0,0
715285,0.000,0.000,0.0,0,0.000,0.000,0.0,0
715325,0.000,0.000,0.0,0,0.000,0.000,0.0,0
715365,0.000,0.000,0.0,0,0.000,0.000,0.0,0
715405,0.000,0.000,0.0,0,0.000,0.000,0.0,0
715445,0.000,0.000,0.0,0,0.000,0.000,0.0,0
715485,0.000,0.000,0.0,0,0.000,0.000,0.0,0
715525,0.000,0.000,0.0,0,0.000,0.000,0.0,0
715565,0.000,0.000,0.0,0,0.000,0.000,0.0,0
715605,0.000,0.000,0.0,0,0.000,0.000,0.0,0
715645,0.000,0.000,0.0,0,0.000,0.000,0.0,0
715685,0.000,0.000,0.0,0,0.000,0.000,0.0,0
715725,0.000,0.000,0.0,0,0.000,0.000,0.0,0
715765,0.000,0.000,0.0,0,0.000,0.000,0.0,0
715805,0.000,0.000,0.0,0,0.000,0.000,0.0,0
715845,0.000,0.000,0.0,0,0.000,0.000,0.0,0
715885,0.000,0.000,0.0,0,0.000,0.000,0.0,0
715925,0.000,0.000,0.0,0,0.000,0.000,0.0,0
715965,0.000,0.000,0.0,0,0.000,0.000,0.0,0
716005,0.000,0.000,0.0,0,0.000,0.000,0.0,0
716045,0.000,0.000,0.0,0,0.000,0.000,0.0,0
716085,0.000,0.000,0.0,0,0.000,0.000,0.0,0
716125,0.000,0.000,0.0,0,0.000,0.000,0.0,0
716165,0.000,0.000,0.0,0,0.000,0.000,0.0,0
716205,0.000,0.000,0.0,0,0.000,0.000,0.0,0
716245,0.000,0.000,0.0,0,0.000,0.000,0.0,0
716285,0.000,0.000,0.0,0,0.000,0.000,0.0,0
716325,0.000,0.000,0.0,0,0.000,0.000,0.0,0
716365,0.000,0.000,0.0,0,0.000,0.000,0.0,0
716405,0.000,0.000,0.0,0,0.000,0.000,0.0,0
716445,0.000,0.000,0.0,0,0.000,0.000,0.0,0
716485,0.000,0.000,0.0,0,0.000,0.000,0.0,0
716525,0.000,0.000,0.0,0,0.000,0.000,0.0,0
716565,0.000,0.000,0.0,0,0.000,0.000,0.0,0
716605,0.000,0.000,0.0,0,0.000,0.000,0.0,0
716645,0.000,0.000,0.0,0,0.000,0.000,0.0,0
716685,0.000,0.000,0.0,0,0.000,0.000,0.0,0
716725,0.000,0.000,0.0,0,0.000,0.000,0.0,0
716765,0.000,0.000,0.0,0,0.000,0.000,0.0,0
716805,0.000,0.000,0.0,0,0.000,0.000,0.0,0
716845,0.000,0.000,0.0,0,0.000,0.000,0.0,0
716885,0.000,0.000,0.0,0,0.000,0.000,0.0,0
716925,0.000,0.000,0.0,0,0.000,0.000,0.0,0
716965,0.000,0.000,0.0,0,0.000,0.000,0.0,0
717005,0.000,0.000,0.0,0,0.000,0.000,0.0,0
717045,0.000,0.000,0.0,0,0.000,0.000,0.0,0
717085,0.000,0.000,0.0,0,0.000,0.000,0.0,0
717125,0.000,0.000,0.0,0,0.000,0.000,0.0,0
717165,0.000,0.000,0.0,0,0.000,0.000,0.0,0
717205,0.000,0.000,0.0,0,0.000,0.000,0.0,0
717245,0.000,0.000,0.0,0,0.000,0.000,0.0,0
717285,0.000,0.000,0.0,0,0.000,0.000,0.0,0
717325,0.000,0.000,0.0,0,0.000,0.000,0.0,0
717365,0.000,0.000,0.0,0,0.000,0.000,0.0,0
717405,0.000,0.000,0.0,0,0.000,0.000,0.0,0
717445,0.000,0.000,0.0,0,0.000,0.000,0.0,0
717485,0.000,0.000,0.0,0,0.000,0.000,0.0,0
717525,0.000,0.000,0.0,0,0.000,0.000,0.0,0
717565,0.000,0.000,0.0,0,0.000,0.000,0.0,0
717605,0.000,0.000,0.0,0,0.000,0.000,0.0,0
717645,0.000,0.000,0.0,0,0.000,0.000,0.0,0
717685,0.000,0.000,0.0,0,0.000,0.000,0.0,0
717725,0.000,0.000,0.0,0,0.000,0.000,0.0,0
717765,0.000,0.000,0.0,0,0.000,0.000,0.0,0
717805,0.000,0.000,0.0,0,0.000,0.000,0.0,0
717845,0.000,0.000,0.0,0,0.000,0.000,0.0,0
717885,0.000,0.000,0.0,0,0.000,0.000,0.0,0
717925,0.000,0.000,0.0,0,0.000,0.000,0.0,0
717965,0.000,0.000,0.0,0,0.000,0.000,0.0,0
718005,0.000,0.000,0.0,0,0.000,0.000,0.0,0
718045,0.000,0.000,0.0,0,0.000,0.000,0.0,0
718085,0.000,0.000,0.0,0,0.000,0.000,0.0,0
718125,0.000,0.000,0.0,0,0.000,0.000,0.0,0
718165,0.000,0.000,0.0,0,0.000,0.000,0.0,0
718205,0.000,0.000,0.0,0,0.000,0.000,0.0,0
718245,0.000,0.000,0.0,0,0.000,0.000,0.0,0
718285,0.000,0.000,0.0,0,0.000,0.000,0.0,0
718325,0.000,0.000,0.0,0,0.000,0.000,0.0,0
718365,0.000,0.000,0.0,0,0.000,0.000,0.0,0
718405,0.000,0.000,0.0,0,0.000,0.000,0.0,0
718445,0.000,0.000,0.0,0,0.000,0.000,0.0,0
718485,0.000,0.000,0.0,0,0.000,0.000,0.0,0
718525,0.000,0.000,0.0,0,0.000,0.000,0.0,0
718565,0.000,0.000,0.0,0,0.000,0.000,0.0,0
718605,0.000,0.000,0.0,0,0.000,0.000,0.0,0
718645,0.000,0.000,0.0,0,0.000,0.000,0.0,0
718685,0.000,0.000,0.0,0,0.000,0.000,0.0,0
718725,0.000,0.000,0.0,0,0.000,0.000,0.0,0
718765,0.000,0.000,0.0,0,0.000,0.000,0.0,0
718805,0.000,0.000,0.0,0,0.000,0.000,0.0,0
718845,0.000,0.000,0.0,0,0.000,0.000,0.0,0
718885,0.000,0.000,0.0,0,0.000,0.000,0.0,0
718925,0.000,0.000,0.0,0,0.000,0.000,0.0,0
718965,0.000,0.000,0.0,0,0.000,0.000,0.0,0
719005,0.000,0.000,0.0,0,0.000,0.000,0.0,0
719045,0.000,0.000,0.0,0,0.000,0.000,0.0,0
719085,0.000,0.000,0.0,0,0.000,0.000,0.0,0
719125,0.000,0.000,0.0,0,0.000,0.000,0.0,0
719165,0.000,0.000,0.0,0,0.000,0.000,0.0,0
719205,0.000,0.000,0.0,0,0.000,0.000,0.0,0
719245,0.000,0.000,0.0,0,0.000,0.000,0.0,0
719285,0.000,0.000,0.0,0,0.000,0.000,0.0,0
719325,0.000,0.000,0.0,0,0.000,0.000,0.0,0
719365,0.000,0.000,0.0,0,0.000,0.000,0.0,0
719405,0.000,0.000,0.0,0,0.000,0.000,0.0,0
719445,0.000,0.000,0.0,0,0.000,0.000,0.0,0
719485,0.000,0.000,0.0,0,0.000,0.000,0.0,0
719525,0.000,0.000,0.0,0,0.000,0.000,0.0,0
719565,0.000,0.000,0.0,0,0.000,0.000,0.0,0
719605,0.000,0.000,0.0,0,0.000,0.000,0.0,0
719645,0.000,0.000,0.0,0,0.000,0.000,0.0,0
719685,0.000,0.000,0.0,0,0.000,0.000,0.0,0
719725,0.000,0.000,0.0,0,0.000,0.000,0.0,0
719765,0.000,0.000,0.0,0,0.000,0.000,0.0,0
719805,0.000,0.000,0.0,0,0.000,0.000,0.0,0
719845,0.000,0.000,0.0,0,0.000,0.000,0.0,0
719885,0.000,0.000,0.0,0,0.000,0.000,0.0,0
719925,0.000,0.000,0.0,0,0.000,0.000,0.0,0
719965,0.000,0.000,0.0,0,0.000,0.000,0.0,0
720005,0.000,0.000,0.0,0,0.000,0.000,0.0,0
720045,0.000,0.000,0.0,0,0.000,0.000,0.0,0
720085,0.000,0.000,0.0,0,0.000,0.000,0.0,0
720125,0.000,0.000,0.0,0,0.000,0.000,0.0,0
720165,0.000,0.000,0.0,0,0.000,0.000,0.0,0
720205,0.000,0.000,0.0,0,0.000,0.000,0.0,0
720245,0.000,0.000,0.0,0,0.000,0.000,0.0,0
720285,0.000,0.000,0.0,0,0.000,0.000,0.0,0
720325,0.000,0.000,0.0,0,0.000,0.000,0.0,0
720365,0.000,0.000,0.0,0,0.000,0.000,0.0,0
720405,0.000,0.000,0.0,0,0.000,0.000,0.0,0
720445,0.000,0.000,0.0,0,0.000,0.000,0.0,0
720485,0.000,0.000,0.0,0,0.000,0.000,0.0,0
720525,0.000,0.000,0.0,0,0.000,0.000,0.0,0
720565,0.000,0.000,0.0,0,0.000,0.000,0.0,0
720605,0.000,0.000,0.0,0,0.000,0.000,0.0,0
720645,0.000,0.000,0.0,0,0.000,0.000,0.0,0
720685,0.000,0.000,0.0,0,0.000,0.000,0.0,0
720725,0.000,0.000,0.0,0,0.000,0.000,0.0,0
720765,0.000,0.000,0.0,0,0.000,0.000,0.0,0
720805,0.000,0.000,0.0,0,0.000,0.000,0.0,0
720845,0.000,0.000,0.0,0,0.000,0.000,0.0,0
720885,0.000,0.000,0.0,0,0.000,0.000,0.0,0
720925,0.000,0.000,0.0,0,0.000,0.000,0.0,0
720965,0.000,0.000,0.0,0,0.000,0.000,0.0,0
721005,0.000,0.000,0.0,0,0.000,0.000,0.0,0
721045,0.000,0.000,0.0,0,0.000,0.000,0.0,0
721085,0.000,0.000,0.0,0,0.000,0.000,0.0,0
721125,0.000,0.000,0.0,0,0.000,0.000,0.0,0
721165,0.000,0.000,0.0,0,0.000,0.000,0.0,0
721205,0.000,0.000,0.0,0,0.000,0.000,0.0,0
721245,0.000,0.000,0.0,0,0.000,0.000,0.0,0
721285,0.000,0.000,0.0,0,0.000,0.000,0.0,0
721325,0.000,0.000,0.0,0,0.000,0.000,0.0,0
721365,0.000,0.000,0.0,0,0.000,0.000,0.0,0
721405,0.000,0.000,0.0,0,0.000,0.000,0.0,0
721445,0.000,0.000,0.0,0,0.000,0.000,0.0,0
721485,0.000,0.000,0.0,0,0.000,0.000,0.0,0
721525,0.000,0.000,0.0,0,0.000,0.000,0.0,0
721565,0.000,0.000,0.0,0,0.000,0.000,0.0,0
721605,0.000,0.000,0.0,0,0.000,0.000,0.0,0
721645,0.000,0.000,0.0,0,0.000,0.000,0.0,0
721685,0.000,0.000,0.0,0,0.000,0.000,0.0,0
721725,0.000,0.000,0.0,0,0.000,0.000,0.0,0
721765,0.000,0.000,0.0,0,0.000,0.000,0.0,0
721805,0.000,0.000,0.0,0,0.000,0.000,0.0,0
721845,0.000,0.000,0.0,0,0.000,0.000,0.0,0
721885,0.000,0.000,0.0,0,0.000,0.000,0.0,0
721925,0.000,0.000,0.0,0,0.000,0.000,0.0,0
721965,0.000,0.000,0.0,0,0.000,0.000,0.0,0
722005,0.000,0.000,0.0,0,0.000,0.000,0.0,0
722045,0.000,0.000,0.0,0,0.000,0.000,0.0,0
722085,0.000,0.000,0.0,0,0.000,0.000,0.0,0
722125,0.000,0.000,0.0,0,0.000,0.000,0.0,0
722165,0.000,0.000,0.0,0,0.000,0.000,0.0,0
722205,0.000,0.000,0.0,0,0.000,0.000,0.0,0
722245,0.000,0.000,0.0,0,0.000,0.000,0.0,0
722285,0.000,0.000,0.0,0,0.000,0.000,0.0,0
722325,0.000,0.000,0.0,0,0.000,0.000,0.0,0
722365,0.000,0.000,0.0,0,0.000,0.000,0.0,0
722405,0.000,0.000,0.0,0,0.000,0.000,0.0,0
722445,0.000,0.000,0.0,0,0.000,0.000,0.0,0
722485,0.000,0.000,0.0,0,0.000,0.000,0.0,0
722525,0.000,0.000,0.0,0,0.000,0.000,0.0,0
722565,0.000,0.000,0.0,0,0.000,0.000,0.0,0
722605,0.000,0.000,0.0,0,0.000,0.000,0.0,0
722645,0.000,0.000,0.0,0,0.000,0.000,0.0,0
722685,0.000,0.000,0.0,0,0.000,0.000,0.0,0
722725,0.000,0.000,0.0,0,0.000,0.000,0.0,0
722765,0.000,0.000,0.0,0,0.000,0.000,0.0,0
722805,0.000,0.000,0.0,0,0.000,0.000,0.0,0
722845,0.000,0.000,0.0,0,0.000,0.000,0.0,0
722885,0.000,0.000,0.0,0,0.000,0.000,0.0,0
722925,0.000,0.000,0.0,0,0.000,0.000,0.0,0
722965,0.000,0.000,0.0,0,0.000,0.000,0.0,0
723005,0.000,0.000,0.0,0,0.000,0.000,0.0,0
723045,0.000,0.000,0.0,0,0.000,0.000,0.0,0
723085,0.000,0.000,0.0,0,0.000,0.000,0.0,0
723125,0.000,0.000,0.0,0,0.000,0.000,0.0,0
723165,0.000,0.000,0.0,0,0.000,0.000,0.0,0
723205,0.000,0.000,0.0,0,0.000,0.000,0.0,0
723245,0.000,0.000,0.0,0,0.000,0.000,0.0,0
723285,0.000,0.000,0.0,0,0.000,0.000,0.0,0
723325,0.000,0.000,0.0,0,0.000,0.000,0.0,0
723365,0.000,0.000,0.0,0,0.000,0.000,0.0,0
723405,0.000,0.000,0.0,0,0.000,0.000,0.0,0
723445,0.000,0.000,0.0,0,0.000,0.000,0.0,0
723485,0.000,0.000,0.0,0,0.000,0.000,0.0,0
723525,0.000,0.000,0.0,0,0.000,0.000,0.0,0
723565,0.000,0.000,0.0,0,0.000,0.000,0.0,0
723605,0.000,0.000,0.0,0,0.000,0.000,0.0,0
723645,0.000,0.000,0.0,0,0.000,0.000,0.0,0
723685,0.000,0.000,0.0,0,0.000,0.000,0.0,0
723725,0.000,0.000,0.0,0,0.000,0.000,0.0,0
723765,0.000,0.000,0.0,0,0.000,0.000,0.0,0
723805,0.000,0.000,0.0,0,0.000,0.000,0.0,0
723845,0.000,0.000,0.0,0,0.000,0.000,0.0,0
723885,0.000,0.000,0.0,0,0.000,0.000,0.0,0
723925,0.000,0.000,0.0,0,0.000,0.000,0.0,0
723965,0.000,0.000,0.0,0,0.000,0.000,0.0,0
724005,0.000,0.000,0.0,0,0.000,0.000,0.0,0
724045,0.000,0.000,0.0,0,0.000,0.000,0.0,0
724085,0.000,0.000,0.0,0,0.000,0.000,0.0,0
724125,0.000,0.000,0.0,0,0.000,0.000,0.0,0
724165,0.000,0.000,0.0,0,0.000,0.000,0.0,0
724205,0.000,0.000,0.0,0,0.000,0.000,0.0,0
724245,0.000,0.000,0.0,0,0.000,0.000,0.0,0
724285,0.000,0.000,0.0,0,0.000,0.000,0.0,0
724325,0.000,0.000,0.0,0,0.000,0.000,0.0,0
724365,0.000,0.000,0.0,0,0.000,0.000,0.0,0
724405,0.000,0.000,0.0,0,0.000,0.000,0.0,0
724445,0.000,0.000,0.0,0,0.000,0.000,0.0,0
724485,0.000,0.000,0.0,0,0.000,0.000,0.0,0
724525,0.000,0.000,0.0,0,0.000,0.000,0.0,0
724565,0.000,0.000,0.0,0,0.000,0.000,0.0,0
724605,0.000,0.000,0.0,0,0.000,0.000,0.0,0
724645,0.000,0.000,0.0,0,0.000,0.000,0.0,0
724685,0.000,0.000,0.0,0,0.000,0.000,0.0,0
724725,0.000,0.000,0.0,0,0.000,0.000,0.0,0
724765,0.000,0.000,0.0,0,0.000,0.000,0.0,0
724805,0.000,0.000,0.0,0,0.000,0.000,0.0,0
724845,0.000,0.000,0.0,0,0.000,0.000,0.0,0
724885,0.000,0.000,0.0,0,0.000,0.000,0.0,0
724925,0.000,0.000,0.0,0,0.000,0.000,0.0,0
724965,0.000,0.000,0.0,0,0.000,0.000,0.0,0
725005,0.000,0.000,0.0,0,0.000,0.000,0.0,0
725045,0.000,0.000,0.0,0,0.000,0.000,0.0,0
725085,0.000,0.000,0.0,0,0.000,0.000,0.0,0
725125,0.000,0.000,0.0,0,0.000,0.000,0.0,0
725165,0.000,0.000,0.0,0,0.000,0.000,0.0,0
725205,0.000,0.000,0.0,0,0.000,0.000,0.0,0
725245,0.000,0.000,0.0,0,0.000,0.000,0.0,0
725285,0.000,0.000,0.0,0,0.000,0.000,0.0,0
725325,0.000,0.000,0.0,0,0.000,0.000,0.0,0
725365,0.000,0.000,0.0,0,0.000,0.000,0.0,0
725405,0.000,0.000,0.0,0,0.000,0.000,0.0,0
725445,0.000,0.000,0.0,0,0.000,0.000,0.0,0
725485,0.000,0.000,0.0,0,0.000,0.000,0.0,0
725525,0.000,0.000,0.0,0,0.000,0.000,0.0,0
725565,0.000,0.000,0.0,0,0.000,0.000,0.0,0
725605,0.000,0.000,0.0,0,0.000,0.000,0.0,0
725645,0.000,0.000,0.0,0,0.000,0.000,0.0,0
725685,0.000,0.000,0.0,0,0.000,0.000,0.0,0
725725,0.000,0.000,0.0,0,0.000,0.000,0.0,0
725765,0.000,0.000,0.0,0,0.000,0.000,0.0,0
725805,0.000,0.000,0.0,0,0.000,0.000,0.0,0
725845,0.000,0.000,0.0,0,0.000,0.000,0.0,0
725885,0.000,0.000,0.0,0,0.000,0.000,0.0,0
725925,0.000,0.000,0.0,0,0.000,0.000,0.0,0
725965,0.000,0.000,0.0,0,0.000,0.000,0.0,0
726005,0.000,0.000,0.0,0,0.000,0.000,0.0,0
726045,0.000,0.000,0.0,0,0.000,0.000,0.0,0
726085,0.000,0.000,0.0,0,0.000,0.000,0.0,0
726125,0.000,0.000,0.0,0,0.000,0.000,0.0,0
726165,0.000,0.000,0.0,0,0.000,0.000,0.0,0
726205,0.000,0.000,0.0,0,0.000,0.000,0.0,0
726245,0.000,0.000,0.0,0,0.000,0.000,0.0,0
726285,0.000,0.000,0.0,0,0.000,0.000,0.0,0
726325,0.000,0.000,0.0,0,0.000,0.000,0.0,0
726365,0.000,0.000,0.0,0,0.000,0.000,0.0,0
726405,0.000,0.000,0.0,0,0.000,0.000,0.0,0
726445,0.000,0.000,0.0,0,0.000,0.000,0.0,0
726485,0.000,0.000,0.0,0,0.000,0.000,0.0,0
726525,0.000,0.000,0.0,0,0.000,0.000,0.0,0
726565,0.000,0.000,0.0,0,0.000,0.000,0.0,0
726605,0.000,0.000,0.0,0,0.000,0.000,0.0,0
726645,0.000,0.000,0.0,0,0.000,0.000,0.0,0
726685,0.000,0.000,0.0,0,0.000,0.000,0.0,0
726725,0.000,0.000,0.0,0,0.000,0.000,0.0,0
726765,0.000,0.000,0.0,0,0.000,0.000,0.0,0
726805,0.000,0.000,0.0,0,0.000,0.000,0.0,0
726845,0.000,0.000,0.0,0,0.000,0.000,0.0,0
726885,0.000,0.000,0.0,0,0.000,0.000,0.0,0
726925,0.000,0.000,0.0,0,0.000,0.000,0.0,0
726965,0.000,0.000,0.0,0,0.000,0.000,0.0,0
727005,0.000,0.000,0.0,0,0.000,0.000,0.0,0
727045,0.000,0.000,0.0,0,0.000,0.000,0.0,0
727085,0.000,0.000,0.0,0,0.000,0.000,0.0,0
727125,0.000,0.000,0.0,0,0.000,0.000,0.0,0
727165,0.000,0.000,0.0,0,0.000,0.000,0.0,0
727205,0.000,0.000,0.0,0,0.000,0.000,0.0,0
727245,0.000,0.000,0.0,0,0.000,0.000,0.0,0
727285,0.000,0.000,0.0,0,0.000,0.000,0.0,0
727325,0.000,0.000,0.0,0,0.000,0.000,0.0,0
727365,0.000,0.000,0.0,0,0.000,0.000,0.0,0
727405,0.000,0.000,0.0,0,0.000,0.000,0.0,0
727445,0.000,0.000,0.0,0,0.000,0.000,0.0,0
727485,0.000,0.000,0.0,0,0.000,0.000,0.0,0
727525,0.000,0.000,0.0,0,0.000,0.000,0.0,0
727565,0.000,0.000,0.0,0,0.000,0.000,0.0,0
727605,0.000,0.000,0.0,0,0.000,0.000,0.0,0
727645,0.000,0.000,0.0,0,0.000,0.000,0.0,0
727685,0.000,0.000,0.0,0,0.000,0.000,0.0,0
727725,0.000,0.000,0.0,0,0.000,0.000,0.0,0
727765,0.000,0.000,0.0,0,0.000,0.000,0.0,0
727805,0.000,0.000,0.0,0,0.000,0.000,0.0,0
727845,0.000,0.000,0.0,0,0.000,0.000,0.0,0
727885,0.000,0.000,0.0,0,0.000,0.000,0.0,0
727925,0.000,0.000,0.0,0,0.000,0.000,0.0,0
727965,0.000,0.000,0.0,0,0.000,0.000,0.0,0
728005,0.000,0.000,0.0,0,0.000,0.000,0.0,0
728045,0.000,0.000,0.0,0,0.000,0.000,0.0,0
728085,0.000,0.000,0.0,0,0.000,0.000,0.0,0
728125,0.000,0.000,0.0,0,0.000,0.000,0.0,0
728165,0.000,0.000,0.0,0,0.000,0.000,0.0,0
728205,0.000,0.000,0.0,0,0.000,0.000,0.0,0
728245,0.000,0.000,0.0,0,0.000,0.000,0.0,0
728285,0.000,0.000,0.0,0,0.000,0.000,0.0,0
728325,0.000,0.000,0.0,0,0.000,0.000,0.0,0
728365,0.000,0.000,0.0,0,0.000,0.000,0.0,0
728405,0.000,0.000,0.0,0,0.000,0.000,0.0,0
728445,0.000,0.000,0.0,0,0.000,0.000,0.0,0
728485,0.000,0.000,0.0,0,0.000,0.000,0.0,0
728525,0.000,0.000,0.0,0,0.000,0.000,0.0,0
728565,0.000,0.000,0.0,0,0.000,0.000,0.0,0
728605,0.000,0.000,0.0,0,0.000,0.000,0.0,0
728645,0.000,0.000,0.0,0,0.000,0.000,0.0,0
728685,0.000,0.000,0.0,0,0.000,0.000,0.0,0
728725,0.000,0.000,0.0,0,0.000,0.000,0.0,0
728765,0.000,0.000,0.0,0,0.000,0.000,0.0,0
728805,0.000,0.000,0.0,0,0.000,0.000,0.0,0
728845,0.000,0.000,0.0,0,0.000,0.000,0.0,0
728885,0.000,0.000,0.0,0,0.000,0.000,0.0,0
728925,0.000,0.000,0.0,0,0.000,0.000,0.0,0
728965,0.000,0.000,0.0,0,0.000,0.000,0.0,0
729005,0.000,0.000,0.0,0,0.000,0.000,0.0,0
729045,0.000,0.000,0.0,0,0.000,0.000,0.0,0
729085,0.000,0.000,0.0,0,0.000,0.000,0.0,0
729125,0.000,0.000,0.0,0,0.000,0.000,0.0,0
729165,0.000,0.000,0.0,0,0.000,0.000,0.0,0
729205,0.000,0.000,0.0,0,0.000,0.000,0.0,0
729245,0.000,0.000,0.0,0,0.000,0.000,0.0,0
729285,0.000,0.000,0.0,0,0.000,0.000,0.0,0
729325,0.000,0.000,0.0,0,0.000,0.000,0.0,0
729365,0.000,0.000,0.0,0,0.000,0.000,0.0,0
729405,0.000,0.000,0.0,0,0.000,0.000,0.0,0
729445,0.000,0.000,0.0,0,0.000,0.000,0.0,0
729485,0.000,0.000,0.0,0,0.000,0.000,0.0,0
729525,0.000,0.000,0.0,0,0.000,0.000,0.0,0
729565,0.000,0.000,0.0,0,0.000,0.000,0.0,0
729605,0.000,0.000,0.0,0,0.000,0.000,0.0,0
729645,0.000,0.000,0.0,0,0.000,0.000,0.0,0
729685,0.000,0.000,0.0,0,0.000,0.000,0.0,0
729725,0.000,0.000,0.0,0,0.000,0.000,0.0,0
729765,0.000,0.000,0.0,0,0.000,0.000,0.0,0
729805,0.000,0.000,0.0,0,0.000,0.000,0.0,0
729845,0.000,0.000,0.0,0,0.000,0.000,0.0,0
729885,0.000,0.000,0.0,0,0.000,0.000,0.0,0
729925,0.000,0.000,0.0,0,0.000,0.000,0.0,0
729965,0.000,0.000,0.0,0,0.000,0.000,0.0,0
730005,0.000,0.000,0.0,0,0.000,0.000,0.0,0
730045,0.000,0.000,0.0,0,0.000,0.000,0.0,0
730085,0.000,0.000,0.0,0,0.000,0.000,0.0,0
730125,0.000,0.000,0.0,0,0.000,0.000,0.0,0
730165,0.000,0.000,0.0,0,0.000,0.000,0.0,0
730205,0.000,0.000,0.0,0,0.000,0.000,0.0,0
730245,0.000,0.000,0.0,0,0.000,0.000,0.0,0
730285,0.000,0.000,0.0,0,0.000,0.000,0.0,0
730325,0.000,0.000,0.0,0,0.000,0.000,0.0,0
730365,0.000,0.000,0.0,0,0.000,0.000,0.0,0
730405,0.000,0.000,0.0,0,0.000,0.000,0.0,0
730445,0.000,0.000,0.0,0,0.000,0.000,0.0,0
730485,0.000,0.000,0.0,0,0.000,0.000,0.0,0
730525,0.000,0.000,0.0,0,0.000,0.000,0.0,0
730565,0.000,0.000,0.0,0,0.000,0.000,0.0,0
730605,0.000,0.000,0.0,0,0.000,0.000,0.0,0
730645,0.000,0.000,0.0,0,0.000,0.000,0.0,0
730685,0.000,0.000,0.0,0,0.000,0.000,0.0,0
730725,0.000,0.000,0.0,0,0.000,0.000,0.0,0
730765,0.000,0.000,0.0,0,0.000,0.000,0.0,0
730805,0.000,0.000,0.0,0,0.000,0.000,0.0,0
730845,0.000,0.000,0.0,0,0.000,0.000,0.0,0
730885,0.000,0.000,0.0,0,0.000,0.000,0.0,0
730925,0.000,0.000,0.0,0,0.000,0.000,0.0,0
730965,0.000,0.000,0.0,0,0.000,0.000,0.0,0
731005,0.000,0.000,0.0,0,0.000,0.000,0.0,0
731045,0.000,0.000,0.0,0,0.000,0.000,0.0,0
731085,0.000,0.000,0.0,0,0.000,0.000,0.0,0
731125,0.000,0.000,0.0,0,0.000,0.000,0.0,0
731165,0.000,0.000,0.0,0,0.000,0.000,0.0,0
731205,0.000,0.000,0.0,0,0.000,0.000,0.0,0
731245,0.000,0.000,0.0,0,0.000,0.000,0.0,0
731285,0.000,0.000,0.0,0,0.000,0.000,0.0,0
731325,0.000,0.000,0.0,0,0.000,0.000,0.0,0
731365,0.000,0.000,0.0,0,0.000,0.000,0.0,0
731405,0.000,0.000,0.0,0,0.000,0.000,0.0,0
731445,0.000,0.000,0.0,0,0.000,0.000,0.0,0
731485,0.000,0.000,0.0,0,0.000,0.000,0.0,0
731525,0.000,0.000,0.0,0,0.000,0.000,0.0,0
731565,0.000,0.000,0.0,0,0.000,0.000,0.0,0
731605,0.000,0.000,0.0,0,0.000,0.000,0.0,0
731645,0.000,0.000,0.0,0,0.000,0.000,0.0,0
731685,0.000,0.000,0.0,0,0.000,0.000,0.0,0
731725,0.000,0.000,0.0,0,0.000,0.000,0.0,0
731765,0.000,0.000,0.0,0,0.000,0.000,0.0,0
731805,0.000,0.000,0.0,0,0.000,0.000,0.0,0
731845,0.000,0.000,0.0,0,0.000,0.000,0.0,0
731885,0.000,0.000,0.0,0,0.000,0.000,0.0,0
731925,0.000,0.000,0.0,0,0.000,0.000,0.0,0
731965,0.000,0.000,0.0,0,0.000,0.000,0.0,0
732005,0.000,0.000,0.0,0,0.000,0.000,0.0,0
732045,0.000,0.000,0.0,0,0.000,0.000,0.0,0
732085,0.000,0.000,0.0,0,0.000,0.000,0.0,0
732125,0.000,0.000,0.0,0,0.000,0.000,0.0,0
732165,0.000,0.000,0.0,0,0.000,0.000,0.0,0
732205,0.000,0.000,0.0,0,0.000,0.000,0.0,0
732245,0.000,0.000,0.0,0,0.000,0.000,0.0,0
732285,0.000,0.000,0.0,0,0.000,0.000,0.0,0
732325,0.000,0.000,0.0,0,0.000,0.000,0.0,0
732365,0.000,0.000,0.0,0,0.000,0.000,0.0,0
732405,0.000,0.000,0.0,0,0.000,0.000,0.0,0
732445,0.000,0.000,0.0,0,0.000,0.000,0.0,0
732485,0.000,0.000,0.0,0,0.000,0.000,0.0,0
732525,0.000,0.000,0.0,0,0.000,0.000,0.0,0
732565,0.000,0.000,0.0,0,0.000,0.000,0.0,0
732605,0.000,0.000,0.0,0,0.000,0.000,0.0,0
732645,0.000,0.000,0.0,0,0.000,0.000,0.0,0
732685,0.000,0.000,0.0,0,0.000,0.000,0.0,0
732725,0.000,0.000,0.0,0,0.000,0.000,0.0,0
732765,0.000,0.000,0.0,0,0.000,0.000,0.0,0
732805,0.000,0.000,0.0,0,0.000,0.000,0.0,0
732845,0.000,0.000,0.0,0,0.000,0.000,0.0,0
732885,0.000,0.000,0.0,0,0.000,0.000,0.0,0
732925,0.000,0.000,0.0,0,0.000,0.000,0.0,0
732965,0.000,0.000,0.0,0,0.000,0.000,0.0,0
733005,0.000,0.000,0.0,0,0.000,0.000,0.0,0
733045,0.000,0.000,0.0,0,0.000,0.000,0.0,0
733085,0.000,0.000,0.0,0,0.000,0.000,0.0,0
733125,0.000,0.000,0.0,0,0.000,0.000,0.0,0
733165,0.000,0.000,0.0,0,0.000,0.000,0.0,0
733205,0.000,0.000,0.0,0,0.000,0.000,0.0,0
733245,0.000,0.000,0.0,0,0.000,0.000,0.0,0
733285,0.000,0.000,0.0,0,0.000,0.000,0.0,0
733325,0.000,0.000,0.0,0,0.000,0.000,0.0,0
733365,0.000,0.000,0.0,0,0.000,0.000,0.0,0
733405,0.000,0.000,0.0,0,0.000,0.000,0.0,0
733445,0.000,0.000,0.0,0,0.000,0.000,0.0,0
733485,0.000,0.000,0.0,0,0.000,0.000,0.0,0
733525,0.000,0.000,0.0,0,0.000,0.000,0.0,0
733565,0.000,0.000,0.0,0,0.000,0.000,0.0,0
733605,0.000,0.000,0.0,0,0.000,0.000,0.0,0
733645,0.000,0.000,0.0,0,0.000,0.000,0.0,0
733685,0.000,0.000,0.0,0,0.000,0.000,0.0,0
733725,0.000,0.000,0.0,0,0.000,0.000,0.0,0
733765,0.000,0.000,0.0,0,0.000,0.000,0.0,0
733805,0.000,0.000,0.0,0,0.000,0.000,0.0,0
733845,0.000,0.000,0.0,0,0.000,0.000,0.0,0
733885,0.000,0.000,0.0,0,0.000,0.000,0.0,0
733925,0.000,0.000,0.0,0,0.000,0.000,0.0,0
733965,0.000,0.000,0.0,0,0.000,0.000,0.0,0
734005,0.000,0.000,0.0,0,0.000,0.000,0.0,0
734045,0.000,0.000,0.0,0,0.000,0.000,0.0,0
734085,0.000,0.000,0.0,0,0.000,0.000,0.0,0
734125,0.000,0.000,0.0,0,0.000,0.000,0.0,0
734165,0.000,0.000,0.0,0,0.000,0.000,0.0,0
734205,0.000,0.000,0.0,0,0.000,0.000,0.0,0
734245,0.000,0.000,0.0,0,0.000,0.000,0.0,0
734285,0.000,0.000,0.0,0,0.000,0.000,0.0,0
734325,0.000,0.000,0.0,0,0.000,0.000,0.0,0
734365,0.000,0.000,0.0,0,0.000,0.000,0.0,0
734405,0.000,0.000,0.0,0,0.000,0.000,0.0,0
734445,0.000,0.000,0.0,0,0.000,0.000,0.0,0
734485,0.000,0.000,0.0,0,0.000,0.000,0.0,0
734525,0.000,0.000,0.0,0,0.000,0.000,0.0,0
734565,0.000,0.000,0.0,0,0.000,0.000,0.0,0
734605,0.000,0.000,0.0,0,0.000,0.000,0.0,0
734645,0.000,0.000,0.0,0,0.000,0.000,0.0,0
734685,0.000,0.000,0.0,0,0.000,0.000,0.0,0
734725,0.000,0.000,0.0,0,0.000,0.000,0.0,0
734765,0.000,0.000,0.0,0,0.000,0.000,0.0,0
734805,0.000,0.000,0.0,0,0.000,0.000,0.0,0
734845,0.000,0.000,0.0,0,0.000,0.000,0.0,0
734885,0.000,0.000,0.0,0,0.000,0.000,0.0,0
734925,0.000,0.000,0.0,0,0.000,0.000,0.0,0
734965,0.000,0.000,0.0,0,0.000,0.000,0.0,0
735005,0.000,0.000,0.0,0,0.000,0.000,0.0,0
735045,0.000,0.000,0.0,0,0.000,0.000,0.0,0
735085,0.000,0.000,0.0,0,0.000,0.000,0.0,0
735125,0.000,0.000,0.0,0,0.000,0.000,0.0,0
735165,0.000,0.000,0.0,0,0.000,0.000,0.0,0
735205,0.000,0.000,0.0,0,0.000,0.000,0.0,0
735245,0.000,0.000,0.0,0,0.000,0.000,0.0,0
735285,0.000,0.000,0.0,0,0.000,0.000,0.0,0
735325,0.000,0.000,0.0,0,0.000,0.000,0.0,0
735365,0.000,0.000,0.0,0,0.000,0.000,0.0,0
735405,0.000,0.000,0.0,0,0.000,0.000,0.0,0
735445,0.000,0.000,0.0,0,0.000,0.000,0.0,0
735485,0.000,0.000,0.0,0,0.000,0.000,0.0,0
735525,0.000,0.000,0.0,0,0.000,0.000,0.0,0
735565,0.000,0.000,0.0,0,0.000,0.000,0.0,0
735605,0.000,0.000,0.0,0,0.000,0.000,0.0,0
735645,0.000,0.000,0.0,0,0.000,0.000,0.0,0
735685,0.000,0.000,0.0,0,0.000,0.000,0.0,0
735725,0.000,0.000,0.0,0,0.000,0.000,0.0,0
735765,0.000,0.000,0.0,0,0.000,0.000,0.0,0
735805,0.000,0.000,0.0,0,0.000,0.000,0.0,0
735845,0.000,0.000,0.0,0,0.000,0.000,0.0,0
735885,0.000,0.000,0.0,0,0.000,0.000,0.0,0
735925,0.000,0.000,0.0,0,0.000,0.000,0.0,0
735965,0.000,0.000,0.0,0,0.000,0.000,0.0,0
736005,0.000,0.000,0.0,0,0.000,0.000,0.0,0
736045,0.000,0.000,0.0,0,0.000,0.000,0.0,0
736085,0.000,0.000,0.0,0,0.000,0.000,0.0,0
736125,0.000,0.000,0.0,0,0.000,0.000,0.0,0
736165,0.000,0.000,0.0,0,0.000,0.000,0.0,0
736205,0.000,0.000,0.0,0,0.000,0.000,0.0,0
736245,0.000,0.000,0.0,0,0.000,0.000,0.0,0
736285,0.000,0.000,0.0,0,0.000,0.000,0.0,0
736325,0.000,0.000,0.0,0,0.000,0.000,0.0,0
736365,0.000,0.000,0.0,0,0.000,0.000,0.0,0
736405,0.000,0.000,0.0,0,0.000,0.000,0.0,0
736445,0.000,0.000,0.0,0,0.000,0.000,0.0,0
736485,0.000,0.000,0.0,0,0.000,0.000,0.0,0
736525,0.000,0.000,0.0,0,0.000,0.000,0.0,0
736565,0.000,0.000,0.0,0,0.000,0.000,0.0,0
736605,0.000,0.000,0.0,0,0.000,0.000,0.0,0
736645,0.000,0.000,0.0,0,0.000,0.000,0.0,0
736685,0.000,0.000,0.0,0,0.000,0.000,0.0,0
736725,0.000,0.000,0.0,0,0.000,0.000,0.0,0
736765,0.000,0.000,0.0,0,0.000,0.000,0.0,0
736805,0.000,0.000,0.0,0,0.000,0.000,0.0,0
736845,0.000,0.000,0.0,0,0.000,0.000,0.0,0
736885,0.000,0.000,0.0,0,0.000,0.000,0.0,0
736925,0.000,0.000,0.0,0,0.000,0.000,0.0,0
736965,0.000,0.000,0.0,0,0.000,0.000,0.0,0
737005,0.000,0.000,0.0,0,0.000,0.000,0.0,0
737045,0.000,0.000,0.0,0,0.000,0.000,0.0,0
737085,0.000,0.000,0.0,0,0.000,0.000,0.0,0
737125,0.000,0.000,0.0,0,0.000,0.000,0.0,0
737165,0.000,0.000,0.0,0,0.000,0.000,0.0,0
737205,0.000,0.000,0.0,0,0.000,0.000,0.0,0
737245,0.000,0.000,0.0,0,0.000,0.000,0.0,0
737285,0.000,0.000,0.0,0,0.000,0.000,0.0,0
737325,0.000,0.000,0.0,0,0.000,0.000,0.0,0
737365,0.000,0.000,0.0,0,0.000,0.000,0.0,0
737405,0.000,0.000,0.0,0,0.000,0.000,0.0,0
737445,0.000,0.000,0.0,0,0.000,0.000,0.0,0
737485,0.000,0.000,0.0,0,0.000,0.000,0.0,0
737525,0.000,0.000,0.0,0,0.000,0.000,0.0,0
737565,0.000,0.000,0.0,0,0.000,0.000,0.0,0
737605,0.000,0.000,0.0,0,0.000,0.000,0.0,0
737645,0.000,0.000,0.0,0,0.000,0.000,0.0,0
737685,0.000,0.000,0.0,0,0.000,0.000,0.0,0
737725,0.000,0.000,0.0,0,0.000,0.000,0.0,0
737765,0.000,0.000,0.0,0,0.000,0.000,0.0,0
737805,0.000,0.000,0.0,0,0.000,0.000,0.0,0
737845,0.000,0.000,0.0,0,0.000,0.000,0.0,0
737885,0.000,0.000,0.0,0,0.000,0.000,0.0,0
737925,0.000,0.000,0.0,0,0.000,0.000,0.0,0
737965,0.000,0.000,0.0,0,0.000,0.000,0.0,0
738005,0.000,0.000,0.0,0,0.000,0.000,0.0,0
738045,0.000,0.000,0.0,0,0.000,0.000,0.0,0
738085,0.000,0.000,0.0,0,0.000,0.000,0.0,0
738125,0.000,0.000,0.0,0,0.000,0.000,0.0,0
738165,0.000,0.000,0.0,0,0.000,0.000,0.0,0
738205,0.000,0.000,0.0,0,0.000,0.000,0.0,0
738245,0.000,0.000,0.0,0,0.000,0.000,0.0,0
738285,0.000,0.000,0.0,0,0.000,0.000,0.0,0
738325,0.000,0.000,0.0,0,0.000,0.000,0.0,0
738365,0.000,0.000,0.0,0,0.000,0.000,0.0,0
738405,0.000,0.000,0.0,0,0.000,0.000,0.0,0
738445,0.000,0.000,0.0,0,0.000,0.000,0.0,0
738485,0.000,0.000,0.0,0,0.000,0.000,0.0,0
738525,0.000,0.000,0.0,0,0.000,0.000,0.0,0
738565,0.000,0.000,0.0,0,0.000,0.000,0.0,0
738605,0.000,0.000,0.0,0,0.000,0.000,0.0,0
738645,0.000,0.000,0.0,0,0.000,0.000,0.0,0
738685,0.000,0.000,0.0,0,0.000,0.000,0.0,0
738725,0.000,0.000,0.0,0,0.000,0.000,0.0,0
738765,0.000,0.000,0.0,0,0.000,0.000,0.0,0
738805,0.000,0.000,0.0,0,0.000,0.000,0.0,0
738845,0.000,0.000,0.0,0,0.000,0.000,0.0,0
738885,0.000,0.000,0.0,0,0.000,0.000,0.0,0
738925,0.000,0.000,0.0,0,0.000,0.000,0.0,0
738965,0.000,0.000,0.0,0,0.000,0.000,0.0,0
739005,0.000,0.000,0.0,0,0.000,0.000,0.0,0
739045,0.000,0.000,0.0,0,0.000,0.000,0.0,0
739085,0.000,0.000,0.0,0,0.000,0.000,0.0,0
739125,0.000,0.000,0.0,0,0.000,0.000,0.0,0
739165,0.000,0.000,0.0,0,0.000,0.000,0.0,0
739205,0.000,0.000,0.0,0,0.000,0.000,0.0,0
739245,0.000,0.000,0.0,0,0.000,0.000,0.0,0
739285,0.000,0.000,0.0,0,0.000,0.000,0.0,0
739325,0.000,0.000,0.0,0,0.000,0.000,0.0,0
739365,0.000,0.000,0.0,0,0.000,0.000,0.0,0
739405,0.000,0.000,0.0,0,0.000,0.000,0.0,0
739445,0.000,0.000,0.0,0,0.000,0.000,0.0,0
739485,0.000,0.000,0.0,0,0.000,0.000,0.0,0
739525,0.000,0.000,0.0,0,0.000,0.000,0.0,0
739565,0.000,0.000,0.0,0,0.000,0.000,0.0,0
739605,0.000,0.000,0.0,0,0.000,0.000,0.0,0
739645,0.000,0.000,0.0,0,0.000,0.000,0.0,0
739685,0.000,0.000,0.0,0,0.000,0.000,0.0,0
739725,0.000,0.000,0.0,0,0.000,0.000,0.0,0
739765,0.000,0.000,0.0,0,0.000,0.000,0.0,0
739805,0.000,0.000,0.0,0,0.000,0.000,0.0,0
739845,0.000,0.000,0.0,0,0.000,0.000,0.0,0
739885,0.000,0.000,0.0,0,0.000,0.000,0.0,0
739925,0.000,0.000,0.0,0,0.000,0.000,0.0,0
739965,0.000,0.000,0.0,0,0.000,0.000,0.0,0
740005,0.000,0.000,0.0,0,0.000,0.000,0.0,0
740045,0.000,0.000,0.0,0,0.000,0.000,0.0,0
740085,0.000,0.000,0.0,0,0.000,0.000,0.0,0
740125,0.000,0.000,0.0,0,0.000,0.000,0.0,0
740165,0.000,0.000,0.0,0,0.000,0.000,0.0,0
740205,0.000,0.000,0.0,0,0.000,0.000,0.0,0
740245,0.000,0.000,0.0,0,0.000,0.000,0.0,0
740285,0.000,0.000,0.0,0,0.000,0.000,0.0,0
740325,0.000,0.000,0.0,0,0.000,0.000,0.0,0
740365,0.000,0.000,0.0,0,0.000,0.000,0.0,0
740405,0.000,0.000,0.0,0,0.000,0.000,0.0,0
740445,0.000,0.000,0.0,0,0.000,0.000,0.0,0
740485,0.000,0.000,0.0,0,0.000,0.000,0.0,0
740525,0.000,0.000,0.0,0,0.000,0.000,0.0,0
740565,0.000,0.000,0.0,0,0.000,0.000,0.0,0
740605,0.000,0.000,0.0,0,0.000,0.000,0.0,0
740645,0.000,0.000,0.0,0,0.000,0.000,0.0,0
740685,0.000,0.000,0.0,0,0.000,0.000,0.0,0
740725,0.000,0.000,0.0,0,0.000,0.000,0.0,0
740765,0.000,0.000,0.0,0,0.000,0.000,0.0,0
740805,0.000,0.000,0.0,0,0.000,0.000,0.0,0
740845,0.000,0.000,0.0,0,0.000,0.000,0.0,0
740885,0.000,0.000,0.0,0,0.000,0.000,0.0,0
740925,0.000,0.000,0.0,0,0.000,0.000,0.0,0
740965,0.000,0.000,0.0,0,0.000,0.000,0.0,0
741005,0.000,0.000,0.0,0,0.000,0.000,0.0,0
741045,0.000,0.000,0.0,0,0.000,0.000,0.0,0
741085,0.000,0.000,0.0,0,0.000,0.000,0.0,0
741125,0.000,0.000,0.0,0,0.000,0.000,0.0,0
741165,0.000,0.000,0.0,0,0.000,0.000,0.0,0
741205,0.000,0.000,0.0,0,0.000,0.000,0.0,0
741245,0.000,0.000,0.0,0,0.000,0.000,0.0,0
741285,0.000,0.000,0.0,0,0.000,0.000,0.0,0
741325,0.000,0.000,0.0,0,0.000,0.000,0.0,0
741365,0.000,0.000,0.0,0,0.000,0.000,0.0,0
741405,0.000,0.000,0.0,0,0.000,0.000,0.0,0
741445,0.000,0.000,0.0,0,0.000,0.000,0.0,0
741485,0.000,0.000,0.0,0,0.000,0.000,0.0,0
741525,0.000,0.000,0.0,0,0.000,0.000,0.0,0
741565,0.000,0.000,0.0,0,0.000,0.000,0.0,0
741605,0.000,0.000,0.0,0,0.000,0.000,0.0,0
741645,0.000,0.000,0.0,0,0.000,0.000,0.0,0
741685,0.000,0.000,0.0,0,0.000,0.000,0.0,0
741725,0.000,0.000,0.0,0,0.000,0.000,0.0,0
741765,0.000,0.000,0.0,0,0.000,0.000,0.0,0
741805,0.000,0.000,0.0,0,0.000,0.000,0.0,0
741845,0.000,0.000,0.0,0,0.000,0.000,0.0,0
741885,0.000,0.000,0.0,0,0.000,0.000,0.0,0
741925,0.000,0.000,0.0,0,0.000,0.000,0.0,0
741965,0.000,0.000,0.0,0,0.000,0.000,0.0,0
742005,0.000,0.000,0.0,0,0.000,0.000,0.0,0
742045,0.000,0.000,0.0,0,0.000,0.000,0.0,0
742085,0.000,0.000,0.0,0,0.000,0.000,0.0,0
742125,0.000,0.000,0.0,0,0.000,0.000,0.0,0
742165,0.000,0.000,0.0,0,0.000,0.000,0.0,0
742205,0.000,0.000,0.0,0,0.000,0.000,0.0,0
742245,0.000,0.000,0.0,0,0.000,0.000,0.0,0
742285,0.000,0.000,0.0,0,0.000,0.000,0.0,0
742325,0.000,0.000,0.0,0,0.000,0.000,0.0,0
742365,0.000,0.000,0.0,0,0.000,0.000,0.0,0
742405,0.000,0.000,0.0,0,0.000,0.000,0.0,0
742445,0.000,0.000,0.0,0,0.000,0.000,0.0,0
742485,0.000,0.000,0.0,0,0.000,0.000,0.0,0
742525,0.000,0.000,0.0,0,0.000,0.000,0.0,0
742565,0.000,0.000,0.0,0,0.000,0.000,0.0,0
742605,0.000,0.000,0.0,0,0.000,0.000,0.0,0
742645,0.000,0.000,0.0,0,0.000,0.000,0.0,0
742685,0.000,0.000,0.0,0,0.000,0.000,0.0,0
742725,0.000,0.000,0.0,0,0.000,0.000,0.0,0
742765,0.000,0.000,0.0,0,0.000,0.000,0.0,0
742805,0.000,0.000,0.0,0,0.000,0.000,0.0,0
742845,0.000,0.000,0.0,0,0.000,0.000,0.0,0
742885,0.000,0.000,0.0,0,0.000,0.000,0.0,0
742925,0.000,0.000,0.0,0,0.000,0.000,0.0,0
742965,0.000,0.000,0.0,0,0.000,0.000,0.0,0
743005,0.000,0.000,0.0,0,0.000,0.000,0.0,0
743045,0.000,0.000,0.0,0,0.000,0.000,0.0,0
743085,0.000,0.000,0.0,0,0.000,0.000,0.0,0
743125,0.000,0.000,0.0,0,0.000,0.000,0.0,0
743165,0.000,0.000,0.0,0,0.000,0.000,0.0,0
743205,0.000,0.000,0.0,0,0.000,0.000,0.0,0
743245,0.000,0.000,0.0,0,0.000,0.000,0.0,0
743285,0.000,0.000,0.0,0,0.000,0.000,0.0,0
743325,0.000,0.000,0.0,0,0.000,0.000,0.0,0
743365,0.000,0.000,0.0,0,0.000,0.000,0.0,0
743405,0.000,0.000,0.0,0,0.000,0.000,0.0,0
743445,0.000,0.000,0.0,0,0.000,0.000,0.0,0
743485,0.000,0.000,0.0,0,0.000,0.000,0.0,0
743525,0.000,0.000,0.0,0,0.000,0.000,0.0,0
743565,0.000,0.000,0.0,0,0.000,0.000,0.0,0
743605,0.000,0.000,0.0,0,0.000,0.000,0.0,0
743645,0.000,0.000,0.0,0,0.000,0.000,0.0,0
743685,0.000,0.000,0.0,0,0.000,0.000,0.0,0
743725,0.000,0.000,0.0,0,0.000,0.000,0.0,0
743765,0.000,0.000,0.0,0,0.000,0.000,0.0,0
743805,0.000,0.000,0.0,0,0.000,0.000,0.0,0
743845,0.000,0.000,0.0,0,0.000,0.000,0.0,0
743885,0.000,0.000,0.0,0,0.000,0.000,0.0,0
743925,0.000,0.000,0.0,0,0.000,0.000,0.0,0
743965,0.000,0.000,0.0,0,0.000,0.000,0.0,0
744005,0.000,0.000,0.0,0,0.000,0.000,0.0,0
744045,0.000,0.000,0.0,0,0.000,0.000,0.0,0
744085,0.000,0.000,0.0,0,0.000,0.000,0.0,0
744125,0.000,0.000,0.0,0,0.000,0.000,0.0,0
744165,0.000,0.000,0.0,0,0.000,0.000,0.0,0
744205,0.000,0.000,0.0,0,0.000,0.000,0.0,0
744245,0.000,0.000,0.0,0,0.000,0.000,0.0,0
744285,0.000,0.000,0.0,0,0.000,0.000,0.0,0
744325,0.000,0.000,0.0,0,0.000,0.000,0.0,0
744365,0.000,0.000,0.0,0,0.000,0.000,0.0,0
744405,0.000,0.000,0.0,0,0.000,0.000,0.0,0
744445,0.000,0.000,0.0,0,0.000,0.000,0.0,0
744485,0.000,0.000,0.0,0,0.000,0.000,0.0,0
744525,0.000,0.000,0.0,0,0.000,0.000,0.0,0
744565,0.000,0.000,0.0,0,0.000,0.000,0.0,0
744605,0.000,0.000,0.0,0,0.000,0.000,0.0,0
744645,0.000,0.000,0.0,0,0.000,0.000,0.0,0
744685,0.000,0.000,0.0,0,0.000,0.000,0.0,0
744725,0.000,0.000,0.0,0,0.000,0.000,0.0,0
744765,0.000,0.000,0.0,0,0.000,0.000,0.0,0
744805,0.000,0.000,0.0,0,0.000,0.000,0.0,0
744845,0.000,0.000,0.0,0,0.000,0.000,0.0,0
744885,0.000,0.000,0.0,0,0.000,0.000,0.0,0
744925,0.000,0.000,0.0,0,0.000,0.000,0.0,0
744965,0.000,0.000,0.0,0,0.000,0.000,0.0,0
745005,0.000,0.000,0.0,0,0.000,0.000,0.0,0
745045,0.000,0.000,0.0,0,0.000,0.000,0.0,0
745085,0.000,0.000,0.0,0,0.000,0.000,0.0,0
745125,0.000,0.000,0.0,0,0.000,0.000,0.0,0
745165,0.000,0.000,0.0,0,0.000,0.000,0.0,0
745205,0.000,0.000,0.0,0,0.000,0.000,0.0,0
745245,0.000,0.000,0.0,0,0.000,0.000,0.0,0
745285,0.000,0.000,0.0,0,0.000,0.000,0.0,0
745325,0.000,0.000,0.0,0,0.000,0.000,0.0,0
745365,0.000,0.000,0.0,0,0.000,0.000,0.0,0
745405,0.000,0.000,0.0,0,0.000,0.000,0.0,0
745445,0.000,0.000,0.0,0,0.000,0.000,0.0,0
745485,0.000,0.000,0.0,0,0.000,0.000,0.0,0
745525,0.000,0.000,0.0,0,0.000,0.000,0.0,0
745565,0.000,0.000,0.0,0,0.000,0.000,0.0,0
745605,0.000,0.000,0.0,0,0.000,0.000,0.0,0
745645,0.000,0.000,0.0,0,0.000,0.000,0.0,0
745685,0.000,0.000,0.0,0,0.000,0.000,0.0,0
745725,0.000,0.000,0.0,0,0.000,0.000,0.0,0
745765,0.000,0.000,0.0,0,0.000,0.000,0.0,0
745805,0.000,0.000,0.0,0,0.000,0.000,0.0,0
745845,0.000,0.000,0.0,0,0.000,0.000,0.0,0
745885,0.000,0.000,0.0,0,0.000,0.000,0.0,0
745925,0.000,0.000,0.0,0,0.000,0.000,0.0,0
745965,0.000,0.000,0.0,0,0.000,0.000,0.0,0
746005,0.000,0.000,0.0,0,0.000,0.000,0.0,0
746045,0.000,0.000,0.0,0,0.000,0.000,0.0,0
746085,0.000,0.000,0.0,0,0.000,0.000,0.0,0
746125,0.000,0.000,0.0,0,0.000,0.000,0.0,0
746165,0.000,0.000,0.0,0,0.000,0.000,0.0,0
746205,0.000,0.000,0.0,0,0.000,0.000,0.0,0
746245,0.000,0.000,0.0,0,0.000,0.000,0.0,0
746285,0.000,0.000,0.0,0,0.000,0.000,0.0,0
746325,0.000,0.000,0.0,0,0.000,0.000,0.0,0
746365,0.000,0.000,0.0,0,0.000,0.000,0.0,0
746405,0.000,0.000,0.0,0,0.000,0.000,0.0,0
746445,0.000,0.000,0.0,0,0.000,0.000,0.0,0
746485,0.000,0.000,0.0,0,0.000,0.000,0.0,0
746525,0.000,0.000,0.0,0,0.000,0.000,0.0,0
746565,0.000,0.000,0.0,0,0.000,0.000,0.0,0
746605,0.000,0.000,0.0,0,0.000,0.000,0.0,0
746645,0.000,0.000,0.0,0,0.000,0.000,0.0,0
746685,0.000,0.000,0.0,0,0.000,0.000,0.0,0
746725,0.000,0.000,0.0,0,0.000,0.000,0.0,0
746765,0.000,0.000,0.0,0,0.000,0.000,0.0,0
746805,0.000,0.000,0.0,0,0.000,0.000,0.0,0
746845,0.000,0.000,0.0,0,0.000,0.000,0.0,0
746885,0.000,0.000,0.0,0,0.000,0.000,0.0,0
746925,0.000,0.000,0.0,0,0.000,0.000,0.0,0
746965,0.000,0.000,0.0,0,0.000,0.000,0.0,0
747005,0.000,0.000,0.0,0,0.000,0.000,0.0,0
747045,0.000,0.000,0.0,0,0.000,0.000,0.0,0
747085,0.000,0.000,0.0,0,0.000,0.000,0.0,0
747125,0.000,0.000,0.0,0,0.000,0.000,0.0,0
747165,0.000,0.000,0.0,0,0.000,0.000,0.0,0
747205,0.000,0.000,0.0,0,0.000,0.000,0.0,0
747245,0.000,0.000,0.0,0,0.000,0.000,0.0,0
747285,0.000,0.000,0.0,0,0.000,0.000,0.0,0
747325,0.000,0.000,0.0,0,0.000,0.000,0.0,0
747365,0.000,0.000,0.0,0,0.000,0.000,0.0,0
747405,0.000,0.000,0.0,0,0.000,0.000,0.0,0
747445,0.000,0.000,0.0,0,0.000,0.000,0.0,0
747485,0.000,0.000,0.0,0,0.000,0.000,0.0,0
747525,0.000,0.000,0.0,0,0.000,0.000,0.0,0
747565,0.000,0.000,0.0,0,0.000,0.000,0.0,0
747605,0.000,0.000,0.0,0,0.000,0.000,0.0,0
747645,0.000,0.000,0.0,0,0.000,0.000,0.0,0
747685,0.000,0.000,0.0,0,0.000,0.000,0.0,0
747725,0.000,0.000,0.0,0,0.000,0.000,0.0,0
747765,0.000,0.000,0.0,0,0.000,0.000,0.0,0
747805,0.000,0.000,0.0,0,0.000,0.000,0.0,0
747845,0.000,0.000,0.0,0,0.000,0.000,0.0,0
747885,0.000,0.000,0.0,0,0.000,0.000,0.0,0
747925,0.000,0.000,0.0,0,0.000,0.000,0.0,0
747965,0.000,0.000,0.0,0,0.000,0.000,0.0,0
748005,0.000,0.000,0.0,0,0.000,0.000,0.0,0
748045,0.000,0.000,0.0,0,0.000,0.000,0.0,0
748085,0.000,0.000,0.0,0,0.000,0.000,0.0,0
