t_ms,spL,vL,uL,dacL,spR,vR,uR,dacR
2810685,0.000,0.000,0.0,0,0.000,0.000,0.0,0
2810965,0.000,0.000,0.0,0,0.000,0.000,0.0,0
2811005,0.000,0.000,0.0,0,0.000,0.000,0.0,0
2811045,0.000,0.000,0.0,0,0.000,0.000,0.0,0
2811085,0.000,0.000,0.0,0,0.000,0.000,0.0,0
2811125,0.000,0.000,0.0,0,0.000,0.000,0.0,0
2811165,0.000,0.000,0.0,0,0.000,0.000,0.0,0
2811205,0.000,0.000,0.0,0,0.000,0.000,0.0,0
2811245,0.000,0.000,0.0,0,0.000,0.000,0.0,0
2811285,0.000,0.000,0.0,0,0.000,0.000,0.0,0
2811325,0.000,0.000,0.0,0,0.000,0.000,0.0,0
2811365,0.000,0.000,0.0,0,0.000,0.000,0.0,0
2811405,0.000,0.000,0.0,0,0.000,0.000,0.0,0
2811445,0.000,0.000,0.0,0,0.000,0.000,0.0,0
2811485,0.000,0.000,0.0,0,0.000,0.000,0.0,0
2811525,0.000,0.000,0.0,0,0.000,0.000,0.0,0
2811565,0.000,0.000,0.0,0,0.000,0.000,0.0,0
2811605,0.000,0.000,0.0,0,0.000,0.000,0.0,0
2811645,0.000,0.000,0.0,0,0.000,0.000,0.0,0
2811685,0.000,0.000,0.0,0,0.000,0.000,0.0,0
2811725,0.000,0.000,0.0,0,0.000,0.000,0.0,0
2811765,0.000,0.000,0.0,0,0.000,0.000,0.0,0
2811805,0.000,0.000,0.0,0,0.000,0.000,0.0,0
2811845,0.000,0.000,0.0,0,0.000,0.000,0.0,0
2811885,0.000,0.000,0.0,0,0.000,0.000,0.0,0
2811925,0.000,0.000,0.0,0,0.000,0.000,0.0,0
2811965,0.000,0.000,0.0,0,0.000,0.000,0.0,0
2812005,0.000,0.000,0.0,0,0.000,0.000,0.0,0
2812045,0.000,0.000,0.0,0,0.000,0.000,0.0,0
2812085,0.000,0.000,0.0,0,0.000,0.000,0.0,0
2812125,0.000,0.000,0.0,0,0.000,0.000,0.0,0
2812165,0.000,0.000,0.0,0,0.000,0.000,0.0,0
2812205,0.000,0.000,0.0,0,0.000,0.000,0.0,0
2812245,0.000,0.000,0.0,0,0.000,0.000,0.0,0
2812285,0.000,0.000,0.0,0,0.000,0.000,0.0,0
2812325,0.000,0.000,0.0,0,0.000,0.000,0.0,0
2812365,0.000,0.000,0.0,0,0.000,0.000,0.0,0
2812405,0.000,0.000,0.0,0,0.000,0.000,0.0,0
2812445,0.000,0.000,0.0,0,0.000,0.000,0.0,0
2812485,0.000,0.000,0.0,0,0.000,0.000,0.0,0
2812525,0.000,0.000,0.0,0,0.000,0.000,0.0,0
2812565,0.000,0.000,0.0,0,0.000,0.000,0.0,0
2812605,0.000,0.000,0.0,0,0.000,0.000,0.0,0
2812645,0.000,0.000,0.0,0,0.000,0.000,0.0,0
2812685,0.000,0.000,0.0,0,0.000,0.000,0.0,0
2812725,0.000,0.000,0.0,0,0.000,0.000,0.0,0
2812765,0.000,0.000,0.0,0,0.000,0.000,0.0,0
2812805,0.000,0.000,0.0,0,0.000,0.000,0.0,0
2812845,0.000,0.000,0.0,0,0.000,0.000,0.0,0
2812885,0.000,0.000,0.0,0,0.000,0.000,0.0,0
2812925,0.000,0.000,0.0,0,0.000,0.000,0.0,0
2812965,0.000,0.000,0.0,0,0.000,0.000,0.0,0
2813005,0.000,0.000,0.0,0,0.000,0.000,0.0,0
2813045,0.000,0.000,0.0,0,0.000,0.000,0.0,0
2813085,0.000,0.000,0.0,0,0.000,0.000,0.0,0
2813125,0.000,0.000,0.0,0,0.000,0.000,0.0,0
2813165,0.000,0.000,0.0,0,0.000,0.000,0.0,0
2813205,0.000,0.000,0.0,0,0.000,0.000,0.0,0
2813245,0.000,0.000,0.0,0,0.000,0.000,0.0,0
2813285,0.000,0.000,0.0,0,0.000,0.000,0.0,0
2813325,0.000,0.000,0.0,0,0.000,0.000,0.0,0
2813365,0.000,0.000,0.0,0,0.000,0.000,0.0,0
2813405,0.000,0.000,0.0,0,0.000,0.000,0.0,0
2813445,0.000,0.000,0.0,0,0.000,0.000,0.0,0
2813485,0.000,0.000,0.0,0,0.000,0.000,0.0,0
2813525,0.000,0.000,0.0,0,0.000,0.000,0.0,0
2813565,0.000,0.000,0.0,0,0.000,0.000,0.0,0
2813605,0.000,0.000,0.0,0,0.000,0.000,0.0,0
2813645,0.000,0.000,0.0,0,0.000,0.000,0.0,0
2813685,0.000,0.000,0.0,0,0.000,0.000,0.0,0
2813725,0.000,0.000,0.0,0,0.000,0.000,0.0,0
2813765,0.000,0.000,0.0,0,0.000,0.000,0.0,0
2813805,0.000,0.000,0.0,0,0.000,0.000,0.0,0
2813845,0.000,0.000,0.0,0,0.000,0.000,0.0,0
2813885,0.000,0.000,0.0,0,0.000,0.000,0.0,0
2813925,0.000,0.000,0.0,0,0.000,0.000,0.0,0
2813965,0.000,0.000,0.0,0,0.000,0.000,0.0,0
2814005,0.000,0.000,0.0,0,0.000,0.000,0.0,0
2814045,0.000,0.000,0.0,0,0.000,0.000,0.0,0
2814085,0.000,0.000,0.0,0,0.000,0.000,0.0,0
2814125,0.000,0.000,0.0,0,0.000,0.000,0.0,0
2814165,0.000,0.000,0.0,0,0.000,0.000,0.0,0
2814205,0.000,0.000,0.0,0,0.000,0.000,0.0,0
2814245,0.000,0.000,0.0,0,0.000,0.000,0.0,0
2814285,0.000,0.000,0.0,0,0.000,0.000,0.0,0
2814325,0.000,0.000,0.0,0,0.000,0.000,0.0,0
2814365,0.000,0.000,0.0,0,0.000,0.000,0.0,0
2814405,0.000,0.000,0.0,0,0.000,0.000,0.0,0
2814445,0.000,0.000,0.0,0,0.000,0.000,0.0,0
2814485,0.000,0.000,0.0,0,0.000,0.000,0.0,0
2814525,0.000,0.000,0.0,0,0.000,0.000,0.0,0
2814565,0.000,0.000,0.0,0,0.000,0.000,0.0,0
2814605,0.000,0.000,0.0,0,0.000,0.000,0.0,0
2814645,0.000,0.000,0.0,0,0.000,0.000,0.0,0
2814685,0.000,0.000,0.0,0,0.000,0.000,0.0,0
2814725,0.000,0.000,0.0,0,0.000,0.000,0.0,0
2814765,0.000,0.000,0.0,0,0.000,0.000,0.0,0
2814805,0.000,0.000,0.0,0,0.000,0.000,0.0,0
2814845,0.000,0.000,0.0,0,0.000,0.000,0.0,0
2814885,0.000,0.000,0.0,0,0.000,0.000,0.0,0
2814925,0.000,0.000,0.0,0,0.000,0.000,0.0,0
2814965,0.000,0.000,0.0,0,0.000,0.000,0.0,0
2815005,0.000,0.000,0.0,0,0.000,0.000,0.0,0
2815045,0.000,0.000,0.0,0,0.000,0.000,0.0,0
2815085,0.000,0.000,0.0,0,0.000,0.000,0.0,0
2815125,0.000,0.000,0.0,0,0.000,0.000,0.0,0
2815165,0.000,0.000,0.0,0,0.000,0.000,0.0,0
2815205,0.000,0.000,0.0,0,0.000,0.000,0.0,0
2815245,0.000,0.000,0.0,0,0.000,0.000,0.0,0
2815285,0.000,0.000,0.0,0,0.000,0.000,0.0,0
2815325,0.000,0.000,0.0,0,0.000,0.000,0.0,0
2815365,0.000,0.000,0.0,0,0.000,0.000,0.0,0
2815405,0.000,0.000,0.0,0,0.000,0.000,0.0,0
2815445,0.000,0.000,0.0,0,0.000,0.000,0.0,0
2815485,0.000,0.000,0.0,0,0.000,0.000,0.0,0
2815525,0.000,0.000,0.0,0,0.000,0.000,0.0,0
2815565,0.000,0.000,0.0,0,0.000,0.000,0.0,0
2815605,0.000,0.000,0.0,0,0.000,0.000,0.0,0
2815645,0.000,0.000,0.0,0,0.000,0.000,0.0,0
2815685,0.000,0.000,0.0,0,0.000,0.000,0.0,0
2815725,0.000,0.000,0.0,0,0.000,0.000,0.0,0
2815765,0.000,0.000,0.0,0,0.000,0.000,0.0,0
2815805,0.000,0.000,0.0,0,0.000,0.000,0.0,0
2815845,0.000,0.000,0.0,0,0.000,0.000,0.0,0
2815885,0.000,0.000,0.0,0,0.000,0.000,0.0,0
2815925,0.000,0.000,0.0,0,0.000,0.000,0.0,0
2815965,0.000,0.000,0.0,0,0.000,0.000,0.0,0
2816005,0.000,0.000,0.0,0,0.000,0.000,0.0,0
2816045,0.000,0.000,0.0,0,0.000,0.000,0.0,0
2816085,0.000,0.000,0.0,0,0.000,0.000,0.0,0
2816125,0.000,0.000,0.0,0,0.000,0.000,0.0,0
2816165,0.000,0.000,0.0,0,0.000,0.000,0.0,0
2816205,0.000,0.000,0.0,0,0.000,0.000,0.0,0
2816245,0.000,0.000,0.0,0,0.000,0.000,0.0,0
2816285,0.000,0.000,0.0,0,0.000,0.000,0.0,0
2816325,0.000,0.000,0.0,0,0.000,0.000,0.0,0
2816365,0.000,0.000,0.0,0,0.000,0.000,0.0,0
2816405,0.000,0.000,0.0,0,0.000,0.000,0.0,0
2816445,0.000,0.000,0.0,0,0.000,0.000,0.0,0
2816485,0.000,0.000,0.0,0,0.000,0.000,0.0,0
2816525,0.000,0.000,0.0,0,0.000,0.000,0.0,0
2816565,0.000,0.000,0.0,0,0.000,0.000,0.0,0
2816605,0.000,0.000,0.0,0,0.000,0.000,0.0,0
2816645,0.000,0.000,0.0,0,0.000,0.000,0.0,0
2816685,0.000,0.000,0.0,0,0.000,0.000,0.0,0
2816725,0.000,0.000,0.0,0,0.000,0.000,0.0,0
2816765,0.000,0.000,0.0,0,0.000,0.000,0.0,0
2816805,0.000,0.000,0.0,0,0.000,0.000,0.0,0
2816845,0.000,0.000,0.0,0,0.000,0.000,0.0,0
2816885,0.000,0.000,0.0,0,0.000,0.000,0.0,0
2816925,0.000,0.000,0.0,0,0.000,0.000,0.0,0
2816965,0.000,0.000,0.0,0,0.000,0.000,0.0,0
2817005,0.000,0.000,0.0,0,0.000,0.000,0.0,0
2817045,0.000,0.000,0.0,0,0.000,0.000,0.0,0
2817085,0.000,0.000,0.0,0,0.000,0.000,0.0,0
2817125,0.000,0.000,0.0,0,0.000,0.000,0.0,0
2817165,0.000,0.000,0.0,0,0.000,0.000,0.0,0
2817205,0.000,0.000,0.0,0,0.000,0.000,0.0,0
2817245,0.000,0.000,0.0,0,0.000,0.000,0.0,0
2817285,0.000,0.000,0.0,0,0.000,0.000,0.0,0
2817325,0.000,0.000,0.0,0,0.000,0.000,0.0,0
2817365,0.000,0.000,0.0,0,0.000,0.000,0.0,0
2817405,0.000,0.000,0.0,0,0.000,0.000,0.0,0
2817445,0.000,0.000,0.0,0,0.000,0.000,0.0,0
2817485,0.000,0.000,0.0,0,0.000,0.000,0.0,0
2817525,0.000,0.000,0.0,0,0.000,0.000,0.0,0
2817565,0.000,0.000,0.0,0,0.000,0.000,0.0,0
2817605,0.000,0.000,0.0,0,0.000,0.000,0.0,0
2817645,0.000,0.000,0.0,0,0.000,0.000,0.0,0
2817685,0.000,0.000,0.0,0,0.000,0.000,0.0,0
2817725,0.000,0.000,0.0,0,0.000,0.000,0.0,0
2817765,0.000,0.000,0.0,0,0.000,0.000,0.0,0
2817805,0.000,0.000,0.0,0,0.000,0.000,0.0,0
2817845,0.000,0.000,0.0,0,0.000,0.000,0.0,0
2817885,0.000,0.000,0.0,0,0.000,0.000,0.0,0
2817925,0.000,0.000,0.0,0,0.000,0.000,0.0,0
2817965,0.000,0.000,0.0,0,0.000,0.000,0.0,0
2818005,0.000,0.000,0.0,0,0.000,0.000,0.0,0
2818045,0.000,0.000,0.0,0,0.000,0.000,0.0,0
2818085,0.000,0.000,0.0,0,0.000,0.000,0.0,0
2818125,0.000,0.000,0.0,0,0.000,0.000,0.0,0
2818165,0.000,0.000,0.0,0,0.000,0.000,0.0,0
2818205,0.000,0.000,0.0,0,0.000,0.000,0.0,0
2818245,0.000,0.000,0.0,0,0.000,0.000,0.0,0
2818285,0.000,0.000,0.0,0,0.000,0.000,0.0,0
2818325,0.000,0.000,0.0,0,0.000,0.000,0.0,0
2818365,0.000,0.000,0.0,0,0.000,0.000,0.0,0
2818405,0.000,0.000,0.0,0,0.000,0.000,0.0,0
2818445,0.000,0.000,0.0,0,0.000,0.000,0.0,0
2818485,0.000,0.000,0.0,0,0.000,0.000,0.0,0
2818525,0.000,0.000,0.0,0,0.000,0.000,0.0,0
2818565,0.000,0.000,0.0,0,0.000,0.000,0.0,0
2818605,0.000,0.000,0.0,0,0.000,0.000,0.0,0
2818645,0.000,0.000,0.0,0,0.000,0.000,0.0,0
2818685,0.000,0.000,0.0,0,0.000,0.000,0.0,0
2818725,0.000,0.000,0.0,0,0.000,0.000,0.0,0
2818765,0.000,0.000,0.0,0,0.000,0.000,0.0,0
2818805,0.000,0.000,0.0,0,0.000,0.000,0.0,0
2818845,0.000,0.000,0.0,0,0.000,0.000,0.0,0
2818885,0.000,0.000,0.0,0,0.000,0.000,0.0,0
2818925,0.000,0.000,0.0,0,0.000,0.000,0.0,0
2818965,0.000,0.000,0.0,0,0.000,0.000,0.0,0
2819005,0.000,0.000,0.0,0,0.000,0.000,0.0,0
2819045,0.000,0.000,0.0,0,0.000,0.000,0.0,0
2819085,0.000,0.000,0.0,0,0.000,0.000,0.0,0
2819125,0.000,0.000,0.0,0,0.000,0.000,0.0,0
2819165,0.000,0.000,0.0,0,0.000,0.000,0.0,0
2819205,0.000,0.000,0.0,0,0.000,0.000,0.0,0
2819245,0.000,0.000,0.0,0,0.000,0.000,0.0,0
2819285,0.000,0.000,0.0,0,0.000,0.000,0.0,0
2819325,0.000,0.000,0.0,0,0.000,0.000,0.0,0
2819365,0.000,0.000,0.0,0,0.000,0.000,0.0,0
2819405,0.000,0.000,0.0,0,0.000,0.000,0.0,0
2819445,0.000,0.000,0.0,0,0.000,0.000,0.0,0
2819485,0.000,0.000,0.0,0,0.000,0.000,0.0,0
2819525,0.000,0.000,0.0,0,0.000,0.000,0.0,0
2819565,0.000,0.000,0.0,0,0.000,0.000,0.0,0
2819605,0.000,0.000,0.0,0,0.000,0.000,0.0,0
2819645,0.000,0.000,0.0,0,0.000,0.000,0.0,0
2819685,0.000,0.000,0.0,0,0.000,0.000,0.0,0
2819725,0.000,0.000,0.0,0,0.000,0.000,0.0,0
2819765,0.000,0.000,0.0,0,0.000,0.000,0.0,0
2819805,0.000,0.000,0.0,0,0.000,0.000,0.0,0
2819845,0.000,0.000,0.0,0,0.000,0.000,0.0,0
2819885,0.000,0.000,0.0,0,0.000,0.000,0.0,0
2819925,0.000,0.000,0.0,0,0.000,0.000,0.0,0
2819965,0.000,0.000,0.0,0,0.000,0.000,0.0,0
2820005,0.000,0.000,0.0,0,0.000,0.000,0.0,0
2820045,0.000,0.000,0.0,0,0.000,0.000,0.0,0
2820085,0.000,0.000,0.0,0,0.000,0.000,0.0,0
2820125,0.000,0.000,0.0,0,0.000,0.000,0.0,0
2820165,0.000,0.000,0.0,0,0.000,0.000,0.0,0
2820205,0.000,0.000,0.0,0,0.000,0.000,0.0,0
2820245,0.000,0.000,0.0,0,0.000,0.000,0.0,0
2820285,0.000,0.000,0.0,0,0.000,0.000,0.0,0
2820325,0.000,0.000,0.0,0,0.000,0.000,0.0,0
2820365,0.000,0.000,0.0,0,0.000,0.000,0.0,0
2820405,0.000,0.000,0.0,0,0.000,0.000,0.0,0
2820445,0.000,0.000,0.0,0,0.000,0.000,0.0,0
2820485,0.000,0.000,0.0,0,0.000,0.000,0.0,0
2820525,0.000,0.000,0.0,0,0.000,0.000,0.0,0
2820565,0.000,0.000,0.0,0,0.000,0.000,0.0,0
2820605,0.000,0.000,0.0,0,0.000,0.000,0.0,0
2820645,0.000,0.000,0.0,0,0.000,0.000,0.0,0
2820685,0.000,0.000,0.0,0,0.000,0.000,0.0,0
2820725,0.000,0.000,0.0,0,0.000,0.000,0.0,0
2820765,0.000,0.000,0.0,0,0.000,0.000,0.0,0
2820805,0.000,0.000,0.0,0,0.000,0.000,0.0,0
2820845,0.000,0.000,0.0,0,0.000,0.000,0.0,0
2820885,0.000,0.000,0.0,0,0.000,0.000,0.0,0
2820925,0.000,0.000,0.0,0,0.000,0.000,0.0,0
2820965,0.000,0.000,0.0,0,0.000,0.000,0.0,0
2821005,0.000,0.000,0.0,0,0.000,0.000,0.0,0
2821045,0.000,0.000,0.0,0,0.000,0.000,0.0,0
2821085,0.000,0.000,0.0,0,0.000,0.000,0.0,0
2821125,0.000,0.000,0.0,0,0.000,0.000,0.0,0
2821165,0.000,0.000,0.0,0,0.000,0.000,0.0,0
2821205,0.000,0.000,0.0,0,0.000,0.000,0.0,0
2821245,0.000,0.000,0.0,0,0.000,0.000,0.0,0
2821285,0.000,0.000,0.0,0,0.000,0.000,0.0,0
2821325,0.000,0.000,0.0,0,0.000,0.000,0.0,0
2821365,0.000,0.000,0.0,0,0.000,0.000,0.0,0
2821405,0.000,0.000,0.0,0,0.000,0.000,0.0,0
2821445,0.000,0.000,0.0,0,0.000,0.000,0.0,0
2821485,0.000,0.000,0.0,0,0.000,0.000,0.0,0
2821525,0.000,0.000,0.0,0,0.000,0.000,0.0,0
2821565,0.000,0.000,0.0,0,0.000,0.000,0.0,0
2821605,0.000,0.000,0.0,0,0.000,0.000,0.0,0
2821645,0.000,0.000,0.0,0,0.000,0.000,0.0,0
2821685,0.000,0.000,0.0,0,0.000,0.000,0.0,0
2821725,0.000,0.000,0.0,0,0.000,0.000,0.0,0
2821765,0.000,0.000,0.0,0,0.000,0.000,0.0,0
2821805,0.000,0.000,0.0,0,0.000,0.000,0.0,0
2821845,0.000,0.000,0.0,0,0.000,0.000,0.0,0
2821885,0.000,0.000,0.0,0,0.000,0.000,0.0,0
2821925,0.000,0.000,0.0,0,0.000,0.000,0.0,0
2821965,0.000,0.000,0.0,0,0.000,0.000,0.0,0
2822005,0.000,0.000,0.0,0,0.000,0.000,0.0,0
2822045,0.000,0.000,0.0,0,0.000,0.000,0.0,0
2822085,0.000,0.000,0.0,0,0.000,0.000,0.0,0
2822125,0.000,0.000,0.0,0,0.000,0.000,0.0,0
2822165,0.000,0.000,0.0,0,0.000,0.000,0.0,0
2822205,0.000,0.000,0.0,0,0.000,0.000,0.0,0
2822245,0.000,0.000,0.0,0,0.000,0.000,0.0,0
2822285,0.000,0.000,0.0,0,0.000,0.000,0.0,0
2822325,0.000,0.000,0.0,0,0.000,0.000,0.0,0
2822365,0.000,0.000,0.0,0,0.000,0.000,0.0,0
2822405,0.000,0.000,0.0,0,0.000,0.000,0.0,0
2822445,0.000,0.000,0.0,0,0.000,0.000,0.0,0
2822485,0.000,0.000,0.0,0,0.000,0.000,0.0,0
2822525,0.000,0.000,0.0,0,0.000,0.000,0.0,0
2822565,0.000,0.000,0.0,0,0.000,0.000,0.0,0
2822605,0.000,0.000,0.0,0,0.000,0.000,0.0,0
2822645,0.000,0.000,0.0,0,0.000,0.000,0.0,0
2822685,0.000,0.000,0.0,0,0.000,0.000,0.0,0
2822725,0.000,0.000,0.0,0,0.000,0.000,0.0,0
2822765,0.000,0.000,0.0,0,0.000,0.000,0.0,0
2822805,0.000,0.000,0.0,0,0.000,0.000,0.0,0
2822845,0.000,0.000,0.0,0,0.000,0.000,0.0,0
2822885,0.000,0.000,0.0,0,0.000,0.000,0.0,0
2822925,0.000,0.000,0.0,0,0.000,0.000,0.0,0
2822965,0.000,0.000,0.0,0,0.000,0.000,0.0,0
2823005,0.000,0.000,0.0,0,0.000,0.000,0.0,0
2823045,0.000,0.000,0.0,0,0.000,0.000,0.0,0
2823085,0.000,0.000,0.0,0,0.000,0.000,0.0,0
2823125,0.000,0.000,0.0,0,0.000,0.000,0.0,0
2823165,0.000,0.000,0.0,0,0.000,0.000,0.0,0
2823205,0.000,0.000,0.0,0,0.000,0.000,0.0,0
2823245,0.000,0.000,0.0,0,0.000,0.000,0.0,0
2823285,0.000,0.000,0.0,0,0.000,0.000,0.0,0
2823325,0.000,0.000,0.0,0,0.000,0.000,0.0,0
2823365,0.000,0.000,0.0,0,0.000,0.000,0.0,0
2823405,0.000,0.000,0.0,0,0.000,0.000,0.0,0
2823445,0.000,0.000,0.0,0,0.000,0.000,0.0,0
2823485,0.000,0.000,0.0,0,0.000,0.000,0.0,0
2823525,0.000,0.000,0.0,0,0.000,0.000,0.0,0
2823565,0.000,0.000,0.0,0,0.000,0.000,0.0,0
2823605,0.000,0.347,0.0,0,0.000,0.291,0.0,0
2823645,0.000,0.347,0.0,0,0.000,0.578,0.0,0
2823685,0.000,0.679,0.0,0,0.000,0.970,0.0,0
2823725,0.000,1.405,0.0,0,0.000,1.290,0.0,0
2823765,0.000,1.665,0.0,0,0.000,1.527,0.0,0
2823805,0.000,1.867,0.0,0,0.000,1.816,0.0,0
2823845,0.000,2.220,0.0,0,0.000,2.146,0.0,0
2823885,0.000,2.323,0.0,0,0.000,2.386,0.0,0
2823925,0.000,2.628,0.0,0,0.000,2.636,0.0,0
2823965,0.000,2.921,0.0,0,0.000,2.897,0.0,0
2824005,0.000,3.010,0.0,0,0.000,3.057,0.0,0
2824045,0.000,3.230,0.0,0,0.000,3.055,0.0,0
2824085,0.000,3.264,0.0,0,0.000,3.188,0.0,0
2824125,0.000,3.329,0.0,0,0.000,3.149,0.0,0
2824165,0.000,3.508,0.0,0,0.000,3.111,0.0,0
2824205,0.000,3.700,0.0,0,0.000,3.139,0.0,0
2824245,0.000,3.776,0.0,0,0.000,3.007,0.0,0
2824285,0.000,3.839,0.0,0,0.000,2.860,0.0,0
2824325,0.000,3.964,0.0,0,0.000,2.474,0.0,0
2824365,0.000,4.190,0.0,0,0.000,2.474,0.0,0
2824405,0.000,4.337,0.0,0,0.000,2.474,0.0,0
2824445,0.000,4.582,0.0,0,0.000,2.474,0.0,0
2824485,0.000,4.719,0.0,0,0.000,0.000,0.0,0
2824525,0.000,4.712,0.0,0,0.000,0.000,0.0,0
2824565,0.000,4.697,0.0,0,0.000,0.000,0.0,0
2824605,0.000,4.618,0.0,0,0.000,0.000,0.0,0
2824645,0.000,4.761,0.0,0,0.000,0.000,0.0,0
2824685,0.000,4.897,0.0,0,0.000,0.000,0.0,0
2824725,0.000,5.028,0.0,0,0.000,0.000,0.0,0
2824765,0.000,5.108,0.0,0,0.000,0.000,0.0,0
2824805,0.000,5.216,0.0,0,0.000,0.000,0.0,0
2824845,0.000,5.365,0.0,0,0.000,0.000,0.0,0
2824885,0.000,5.439,0.0,0,0.000,0.000,0.0,0
2824925,0.000,5.278,0.0,0,0.000,0.000,0.0,0
2824965,0.000,5.390,0.0,0,0.000,0.000,0.0,0
2825005,0.000,5.470,0.0,0,0.000,0.000,0.0,0
2825045,0.000,5.404,0.0,0,0.000,0.033,0.0,0
2825085,0.000,5.338,0.0,0,0.000,1.130,0.0,0
2825125,0.000,5.267,0.0,0,0.000,3.465,0.0,0
2825165,0.000,5.218,0.0,0,0.000,4.441,0.0,0
2825205,0.000,5.351,0.0,0,0.000,4.900,0.0,0
2825245,0.000,5.401,0.0,0,0.000,5.186,0.0,0
2825285,0.000,5.471,0.0,0,0.000,5.362,0.0,0
2825325,0.000,5.536,0.0,0,0.000,5.281,0.0,0
2825365,0.000,5.512,0.0,0,0.000,5.181,0.0,0
2825405,0.000,5.406,0.0,0,0.000,5.075,0.0,0
2825445,0.000,5.348,0.0,0,0.000,5.041,0.0,0
2825485,0.000,5.328,0.0,0,0.000,5.039,0.0,0
2825525,0.000,5.373,0.0,0,0.000,5.133,0.0,0
2825565,0.000,5.360,0.0,0,0.000,5.187,0.0,0
2825605,0.000,5.299,0.0,0,0.000,5.177,0.0,0
2825645,0.000,5.173,0.0,0,0.000,5.066,0.0,0
2825685,0.000,5.062,0.0,0,0.000,4.998,0.0,0
2825725,0.000,5.012,0.0,0,0.000,4.997,0.0,0
2825765,0.000,5.097,0.0,0,0.000,5.193,0.0,0
2825805,0.000,5.255,0.0,0,0.000,5.353,0.0,0
2825845,0.000,5.338,0.0,0,0.000,5.350,0.0,0
2825885,0.000,5.424,0.0,0,0.000,5.390,0.0,0
2825925,0.000,5.395,0.0,0,0.000,5.410,0.0,0
2825965,0.000,5.423,0.0,0,0.000,5.459,0.0,0
2826005,0.000,5.510,0.0,0,0.000,5.728,0.0,0
2826045,0.000,5.602,0.0,0,0.000,5.920,0.0,0
2826085,0.000,5.640,0.0,0,0.000,6.026,0.0,0
2826125,0.000,5.589,0.0,0,0.000,6.050,0.0,0
2826165,0.000,5.598,0.0,0,0.000,6.061,0.0,0
2826205,0.000,5.549,0.0,0,0.000,6.143,0.0,0
2826245,0.000,5.691,0.0,0,0.000,6.337,0.0,0
2826285,0.000,6.006,0.0,0,0.000,6.444,0.0,0
2826325,0.000,6.238,0.0,0,0.000,6.648,0.0,0
2826365,0.000,6.244,0.0,0,0.000,6.675,0.0,0
2826405,0.000,6.155,0.0,0,0.000,6.585,0.0,0
2826445,0.000,6.154,0.0,0,0.000,6.429,0.0,0
2826485,0.000,6.215,0.0,0,0.000,6.634,0.0,0
2826525,0.000,6.305,0.0,0,0.000,6.769,0.0,0
2826565,0.000,6.404,0.0,0,0.000,6.701,0.0,0
2826605,0.000,6.333,0.0,0,0.000,6.661,0.0,0
2826645,0.000,6.195,0.0,0,0.000,6.463,0.0,0
2826685,0.000,6.040,0.0,0,0.000,6.337,0.0,0
2826725,0.000,6.026,0.0,0,0.000,6.420,0.0,0
2826765,0.000,6.025,0.0,0,0.000,6.440,0.0,0
2826805,0.000,5.966,0.0,0,0.000,6.305,0.0,0
2826845,0.000,5.936,0.0,0,0.000,6.168,0.0,0
2826885,0.000,5.688,0.0,0,0.000,6.067,0.0,0
2826925,0.000,5.533,0.0,0,0.000,5.976,0.0,0
2826965,0.000,5.814,0.0,0,0.000,5.905,0.0,0
2827005,0.000,5.797,0.0,0,0.000,5.564,0.0,0
2827045,0.000,5.659,0.0,0,0.000,5.250,0.0,0
2827085,0.000,5.592,0.0,0,0.000,5.529,0.0,0
2827125,0.000,5.546,0.0,0,0.000,5.625,0.0,0
2827165,0.000,5.540,0.0,0,0.000,5.622,0.0,0
2827205,0.000,5.644,0.0,0,0.000,5.787,0.0,0
2827245,0.000,5.670,0.0,0,0.000,5.904,0.0,0
2827285,0.000,5.524,0.0,0,0.000,5.826,0.0,0
2827325,0.000,5.414,0.0,0,0.000,5.620,0.0,0
2827365,0.000,5.368,0.0,0,0.000,5.543,0.0,0
2827405,0.000,5.404,0.0,0,0.000,5.562,0.0,0
2827445,0.000,5.604,0.0,0,0.000,5.671,0.0,0
2827485,0.000,5.620,0.0,0,0.000,5.593,0.0,0
2827525,0.000,5.484,0.0,0,0.000,5.623,0.0,0
2827565,0.000,5.333,0.0,0,0.000,5.329,0.0,0
2827605,0.000,5.283,0.0,0,0.000,5.190,0.0,0
2827645,0.000,5.146,0.0,0,0.000,5.280,0.0,0
2827685,0.000,4.868,0.0,0,0.000,5.512,0.0,0
2827725,0.000,5.305,0.0,0,0.000,5.653,0.0,0
2827765,0.000,5.509,0.0,0,0.000,5.596,0.0,0
2827805,0.000,5.506,0.0,0,0.000,5.471,0.0,0
2827845,0.000,5.483,0.0,0,0.000,5.551,0.0,0
2827885,0.000,5.502,0.0,0,0.000,5.629,0.0,0
2827925,0.000,5.186,0.0,0,0.000,5.947,0.0,0
2827965,0.000,5.449,0.0,0,0.000,6.030,0.0,0
2828005,0.000,5.654,0.0,0,0.000,6.043,0.0,0
2828045,0.000,5.780,0.0,0,0.000,5.919,0.0,0
2828085,0.000,5.689,0.0,0,0.000,5.905,0.0,0
2828125,0.000,5.701,0.0,0,0.000,5.911,0.0,0
2828165,0.000,5.901,0.0,0,0.000,5.942,0.0,0
2828205,0.000,6.035,0.0,0,0.000,6.088,0.0,0
2828245,0.000,6.060,0.0,0,0.000,6.090,0.0,0
2828285,0.000,6.022,0.0,0,0.000,6.095,0.0,0
2828325,0.000,5.969,0.0,0,0.000,6.070,0.0,0
2828365,0.000,5.968,0.0,0,0.000,6.096,0.0,0
2828405,0.000,5.920,0.0,0,0.000,6.103,0.0,0
2828445,0.000,5.518,0.0,0,0.000,6.187,0.0,0
2828485,0.000,6.021,0.0,0,0.000,6.434,0.0,0
2828525,0.000,6.320,0.0,0,0.000,6.466,0.0,0
2828565,0.000,6.377,0.0,0,0.000,6.512,0.0,0
2828605,0.000,6.413,0.0,0,0.000,6.405,0.0,0
2828645,0.000,6.368,0.0,0,0.000,6.674,0.0,0
2828685,0.000,6.447,0.0,0,0.000,6.887,0.0,0
2828725,0.000,6.734,0.0,0,0.000,6.863,0.0,0
2828765,0.000,6.860,0.0,0,0.000,6.853,0.0,0
2828805,0.000,6.922,0.0,0,0.000,6.929,0.0,0
2828845,0.000,6.937,0.0,0,0.000,6.971,0.0,0
2828885,0.000,6.923,0.0,0,0.000,6.917,0.0,0
2828925,0.000,6.635,0.0,0,0.000,7.187,0.0,0
2828965,0.000,7.044,0.0,0,0.000,7.191,0.0,0
2829005,0.000,7.191,0.0,0,0.000,6.964,0.0,0
2829045,0.000,7.089,0.0,0,0.000,6.919,0.0,0
2829085,0.000,6.952,0.0,0,0.000,6.847,0.0,0
2829125,0.000,7.110,0.0,0,0.000,6.932,0.0,0
2829165,0.000,7.365,0.0,0,0.000,7.143,0.0,0
2829205,0.000,7.290,0.0,0,0.000,7.094,0.0,0
2829245,0.000,7.327,0.0,0,0.000,7.181,0.0,0
2829285,0.000,7.198,0.0,0,0.000,7.123,0.0,0
2829325,0.000,7.322,0.0,0,0.000,7.274,0.0,0
2829365,0.000,7.420,0.0,0,0.000,7.392,0.0,0
2829405,0.000,7.547,0.0,0,0.000,7.516,0.0,0
2829445,0.000,7.657,0.0,0,0.000,7.684,0.0,0
2829485,0.000,7.800,0.0,0,0.000,7.764,0.0,0
2829525,0.000,7.789,0.0,0,0.000,7.926,0.0,0
2829565,0.000,7.911,0.0,0,0.000,7.825,0.0,0
2829605,0.000,7.912,0.0,0,0.000,7.871,0.0,0
2829645,0.000,7.990,0.0,0,0.000,7.874,0.0,0
2829685,0.000,7.993,0.0,0,0.000,8.010,0.0,0
2829725,0.000,7.936,0.0,0,0.000,7.754,0.0,0
2829765,0.000,7.809,0.0,0,0.000,7.796,0.0,0
2829805,0.000,7.673,0.0,0,0.000,7.417,0.0,0
2829845,0.000,7.400,0.0,0,0.000,6.855,0.0,0
2829885,0.000,7.453,0.0,0,0.000,5.896,0.0,0
2829925,0.000,7.351,0.0,0,0.000,4.819,0.0,0
2829965,0.000,7.062,0.0,0,0.000,4.740,0.0,0
2830005,0.000,6.914,0.0,0,0.000,6.040,0.0,0
2830045,0.000,6.702,0.0,0,0.000,6.399,0.0,0
2830085,0.000,6.587,0.0,0,0.000,6.536,0.0,0
2830125,0.000,6.462,0.0,0,0.000,6.565,0.0,0
2830165,0.000,6.524,0.0,0,0.000,6.580,0.0,0
2830205,0.000,6.421,0.0,0,0.000,6.467,0.0,0
2830245,0.000,6.293,0.0,0,0.000,6.507,0.0,0
2830285,0.000,6.216,0.0,0,0.000,6.462,0.0,0
2830325,0.000,6.255,0.0,0,0.000,6.540,0.0,0
2830365,0.000,6.361,0.0,0,0.000,6.454,0.0,0
2830405,0.000,6.256,0.0,0,0.000,6.526,0.0,0
2830445,0.000,6.181,0.0,0,0.000,6.418,0.0,0
2830485,0.000,6.097,0.0,0,0.000,6.317,0.0,0
2830525,0.000,6.076,0.0,0,0.000,6.195,0.0,0
2830565,0.000,5.998,0.0,0,0.000,5.922,0.0,0
2830605,0.000,5.819,0.0,0,0.000,5.784,0.0,0
2830645,0.000,5.671,0.0,0,0.000,5.585,0.0,0
2830685,0.000,5.550,0.0,0,0.000,5.572,0.0,0
2830725,0.000,5.531,0.0,0,0.000,5.536,0.0,0
2830765,0.000,5.376,0.0,0,0.000,5.379,0.0,0
2830805,0.000,5.320,0.0,0,0.000,5.290,0.0,0
2830845,0.000,5.291,0.0,0,0.000,5.181,0.0,0
2830885,0.000,5.284,0.0,0,0.000,5.166,0.0,0
2830925,0.000,4.844,0.0,0,0.000,5.124,0.0,0
2830965,0.000,4.104,0.0,0,0.000,5.233,0.0,0
2831005,0.000,4.624,0.0,0,0.000,5.261,0.0,0
2831045,0.000,4.761,0.0,0,0.000,5.204,0.0,0
2831085,0.000,4.714,0.0,0,0.000,5.121,0.0,0
2831125,0.000,4.849,0.0,0,0.000,5.011,0.0,0
2831165,0.000,4.963,0.0,0,0.000,5.012,0.0,0
2831205,0.000,5.061,0.0,0,0.000,5.062,0.0,0
2831245,0.000,5.165,0.0,0,0.000,5.091,0.0,0
2831285,0.000,5.181,0.0,0,0.000,4.949,0.0,0
2831325,0.000,5.017,0.0,0,0.000,4.732,0.0,0
2831365,0.000,4.882,0.0,0,0.000,4.703,0.0,0
2831405,0.000,4.823,0.0,0,0.000,4.782,0.0,0
2831445,0.000,4.886,0.0,0,0.000,4.822,0.0,0
2831485,0.000,4.962,0.0,0,0.000,4.832,0.0,0
2831525,0.000,4.953,0.0,0,0.000,4.765,0.0,0
2831565,0.000,4.925,0.0,0,0.000,4.697,0.0,0
2831605,0.000,4.774,0.0,0,0.000,4.563,0.0,0
2831645,0.000,4.622,0.0,0,0.000,4.265,0.0,0
2831685,0.000,4.505,0.0,0,0.000,4.214,0.0,0
2831725,0.000,4.517,0.0,0,0.000,4.372,0.0,0
2831765,0.000,4.438,0.0,0,0.000,4.232,0.0,0
2831805,0.000,4.290,0.0,0,0.000,4.015,0.0,0
2831845,0.000,4.211,0.0,0,0.000,3.781,0.0,0
2831885,0.000,4.031,0.0,0,0.000,3.659,0.0,0
2831925,0.000,3.727,0.0,0,0.000,3.330,0.0,0
2831965,0.000,3.624,0.0,0,0.000,3.253,0.0,0
2832005,0.000,3.458,0.0,0,0.000,3.103,0.0,0
2832045,0.000,3.149,0.0,0,0.000,3.035,0.0,0
2832085,0.000,3.024,0.0,0,0.000,2.813,0.0,0
2832125,0.000,2.804,0.0,0,0.000,2.630,0.0,0
2832165,0.000,2.762,0.0,0,0.000,2.387,0.0,0
2832205,0.000,2.389,0.0,0,0.000,2.356,0.0,0
2832245,0.000,2.347,0.0,0,0.000,2.213,0.0,0
2832285,0.000,2.205,0.0,0,0.000,2.026,0.0,0
2832325,0.000,1.980,0.0,0,0.000,1.926,0.0,0
2832365,0.000,1.799,0.0,0,0.000,1.724,0.0,0
2832405,0.000,1.799,0.0,0,0.000,1.724,0.0,0
2832445,0.000,1.590,0.0,0,0.000,1.466,0.0,0
2832485,0.000,1.590,0.0,0,0.000,1.466,0.0,0
2832525,0.000,1.335,0.0,0,0.000,1.278,0.0,0
2832565,0.000,1.335,0.0,0,0.000,1.278,0.0,0
2832605,0.000,1.335,0.0,0,0.000,1.278,0.0,0
2832645,0.000,1.335,0.0,0,0.000,1.278,0.0,0
2832685,0.000,0.000,0.0,0,0.000,0.000,0.0,0
2832725,0.000,0.000,0.0,0,0.000,0.000,0.0,0
2832765,0.000,0.000,0.0,0,0.000,0.000,0.0,0
2832805,0.000,0.000,0.0,0,0.000,0.000,0.0,0
2832845,0.000,0.000,0.0,0,0.000,0.000,0.0,0
2832885,0.000,0.000,0.0,0,0.000,0.000,0.0,0
2832925,0.000,0.000,0.0,0,0.000,0.000,0.0,0
2832965,0.000,0.000,0.0,0,0.000,0.000,0.0,0
2833005,0.000,0.000,0.0,0,0.000,0.000,0.0,0
2833045,0.000,0.000,0.0,0,0.000,0.000,0.0,0
2833085,0.000,0.000,0.0,0,0.000,0.000,0.0,0
2833125,0.000,0.000,0.0,0,0.000,0.000,0.0,0
2833165,0.000,0.000,0.0,0,0.000,0.000,0.0,0
2833205,0.000,0.000,0.0,0,0.000,0.000,0.0,0
2833245,0.000,0.000,0.0,0,0.000,0.000,0.0,0
2833285,0.000,0.000,0.0,0,0.000,0.000,0.0,0
2833325,0.000,0.000,0.0,0,0.000,0.000,0.0,0
2833365,0.000,0.000,0.0,0,0.000,0.000,0.0,0
2833405,0.000,0.000,0.0,0,0.000,0.000,0.0,0
2833445,0.000,0.000,0.0,0,0.000,0.000,0.0,0
2833485,0.000,0.000,0.0,0,0.000,0.000,0.0,0
2833525,0.000,0.000,0.0,0,0.000,0.000,0.0,0
2833565,0.000,0.000,0.0,0,0.000,0.000,0.0,0
2833605,0.000,0.000,0.0,0,0.000,0.000,0.0,0
2833645,0.000,0.000,0.0,0,0.000,0.000,0.0,0
2833685,0.000,0.000,0.0,0,0.000,0.000,0.0,0
2833725,0.000,0.000,0.0,0,0.000,0.000,0.0,0
2833765,0.000,0.000,0.0,0,0.000,0.000,0.0,0
2833805,0.000,0.000,0.0,0,0.000,0.000,0.0,0
2833845,0.000,0.000,0.0,0,0.000,0.000,0.0,0
2833885,0.000,0.000,0.0,0,0.000,0.000,0.0,0
2833925,0.000,0.000,0.0,0,0.000,0.000,0.0,0
2833965,0.000,0.000,0.0,0,0.000,0.000,0.0,0
2834005,0.000,0.000,0.0,0,0.000,0.000,0.0,0
2834045,0.000,0.000,0.0,0,0.000,0.000,0.0,0
2834085,0.000,0.000,0.0,0,0.000,0.000,0.0,0
2834125,0.000,0.000,0.0,0,0.000,0.000,0.0,0
2834165,0.000,0.000,0.0,0,0.000,0.000,0.0,0
2834205,0.000,0.000,0.0,0,0.000,0.000,0.0,0
2834245,0.000,0.000,0.0,0,0.000,0.000,0.0,0
2834285,0.000,0.000,0.0,0,0.000,0.000,0.0,0
2834325,0.000,0.000,0.0,0,0.000,0.000,0.0,0
2834365,0.000,0.000,0.0,0,0.000,0.000,0.0,0
2834405,0.000,0.000,0.0,0,0.000,0.000,0.0,0
2834445,0.000,0.000,0.0,0,0.000,0.000,0.0,0
2834485,0.000,0.000,0.0,0,0.000,0.000,0.0,0
2834525,0.000,0.000,0.0,0,0.000,0.000,0.0,0
2834565,0.000,0.000,0.0,0,0.000,0.000,0.0,0
2834605,0.000,0.000,0.0,0,0.000,0.000,0.0,0
2834645,0.000,0.000,0.0,0,0.000,0.000,0.0,0
2834685,0.000,0.000,0.0,0,0.000,0.000,0.0,0
2834725,0.000,0.000,0.0,0,0.000,0.000,0.0,0
2834765,0.000,0.000,0.0,0,0.000,0.000,0.0,0
2834805,0.000,0.000,0.0,0,0.000,0.000,0.0,0
2834845,0.000,0.000,0.0,0,0.000,0.000,0.0,0
2834885,0.000,0.000,0.0,0,0.000,0.000,0.0,0
2834925,0.000,0.000,0.0,0,0.000,0.000,0.0,0
2834965,0.000,0.000,0.0,0,0.000,0.000,0.0,0
2835005,0.000,0.000,0.0,0,0.000,0.000,0.0,0
2835045,0.000,0.000,0.0,0,0.000,0.000,0.0,0
2835085,0.000,0.000,0.0,0,0.000,0.000,0.0,0
2835125,0.000,0.000,0.0,0,0.000,0.000,0.0,0
2835165,0.000,0.000,0.0,0,0.000,0.000,0.0,0
2835205,0.000,0.000,0.0,0,0.000,0.000,0.0,0
2835245,0.000,0.000,0.0,0,0.000,0.000,0.0,0
2835285,0.000,0.000,0.0,0,0.000,0.000,0.0,0
2835325,0.000,0.000,0.0,0,0.000,0.000,0.0,0
2835365,0.000,0.000,0.0,0,0.000,0.000,0.0,0
2835405,0.000,0.000,0.0,0,0.000,0.000,0.0,0
2835445,0.000,0.000,0.0,0,0.000,0.000,0.0,0
2835485,0.000,0.000,0.0,0,0.000,0.000,0.0,0
2835525,0.000,0.000,0.0,0,0.000,0.000,0.0,0
2835565,0.000,0.000,0.0,0,0.000,0.000,0.0,0
2835605,0.000,0.000,0.0,0,0.000,0.000,0.0,0
2835645,0.000,0.000,0.0,0,0.000,0.000,0.0,0
2835685,0.000,0.000,0.0,0,0.000,0.000,0.0,0
2835725,0.000,0.000,0.0,0,0.000,0.000,0.0,0
2835765,0.000,0.000,0.0,0,0.000,0.000,0.0,0
2835805,0.000,0.000,0.0,0,0.000,0.000,0.0,0
2835845,0.000,0.000,0.0,0,0.000,0.000,0.0,0
2835885,0.000,0.000,0.0,0,0.000,0.000,0.0,0
2835925,0.000,0.000,0.0,0,0.000,0.000,0.0,0
2835965,0.000,0.000,0.0,0,0.000,0.000,0.0,0
2836005,0.000,0.000,0.0,0,0.000,0.000,0.0,0
2836045,0.000,0.000,0.0,0,0.000,0.000,0.0,0
2836085,0.000,0.000,0.0,0,0.000,0.000,0.0,0
2836125,0.000,0.000,0.0,0,0.000,0.000,0.0,0
2836165,0.000,0.000,0.0,0,0.000,0.000,0.0,0
2836205,0.000,0.000,0.0,0,0.000,0.000,0.0,0
2836245,0.000,0.000,0.0,0,0.000,0.000,0.0,0
2836285,0.000,0.000,0.0,0,0.000,0.000,0.0,0
2836325,0.000,0.000,0.0,0,0.000,0.000,0.0,0
2836365,0.000,0.000,0.0,0,0.000,0.000,0.0,0
2836405,0.000,0.000,0.0,0,0.000,0.000,0.0,0
2836445,0.000,0.000,0.0,0,0.000,0.000,0.0,0
2836485,0.000,0.000,0.0,0,0.000,0.000,0.0,0
2836525,0.000,0.000,0.0,0,0.000,0.000,0.0,0
2836565,0.000,0.000,0.0,0,0.000,0.000,0.0,0
2836605,0.000,0.000,0.0,0,0.000,0.000,0.0,0
2836645,0.000,0.000,0.0,0,0.000,0.000,0.0,0
2836685,0.000,0.000,0.0,0,0.000,0.000,0.0,0
2836725,0.000,0.000,0.0,0,0.000,0.000,0.0,0
2836765,0.000,0.000,0.0,0,0.000,0.000,0.0,0
2836805,0.000,0.000,0.0,0,0.000,0.000,0.0,0
2836845,0.000,0.000,0.0,0,0.000,0.000,0.0,0
2836885,0.000,0.000,0.0,0,0.000,0.000,0.0,0
2836925,0.000,0.000,0.0,0,0.000,0.000,0.0,0
2836965,0.000,0.000,0.0,0,0.000,0.000,0.0,0
2837005,0.000,0.000,0.0,0,0.000,0.000,0.0,0
2837045,0.000,0.000,0.0,0,0.000,0.000,0.0,0
2837085,0.000,0.000,0.0,0,0.000,0.000,0.0,0
2837125,0.000,0.000,0.0,0,0.000,0.000,0.0,0
2837165,0.000,0.000,0.0,0,0.000,0.000,0.0,0
2837205,0.000,0.000,0.0,0,0.000,0.000,0.0,0
2837245,0.000,0.000,0.0,0,0.000,0.000,0.0,0
2837285,0.000,0.000,0.0,0,0.000,0.000,0.0,0
2837325,0.000,0.000,0.0,0,0.000,0.000,0.0,0
2837365,0.000,0.000,0.0,0,0.000,0.000,0.0,0
2837405,0.000,0.000,0.0,0,0.000,0.000,0.0,0
2837445,0.000,0.000,0.0,0,0.000,0.000,0.0,0
2837485,0.000,0.000,0.0,0,0.000,0.000,0.0,0
2837525,0.000,0.000,0.0,0,0.000,0.000,0.0,0
2837565,0.000,0.000,0.0,0,0.000,0.000,0.0,0
2837605,0.000,0.000,0.0,0,0.000,0.000,0.0,0
2837645,0.000,0.000,0.0,0,0.000,0.000,0.0,0
2837685,0.000,0.000,0.0,0,0.000,0.000,0.0,0
2837725,0.000,0.000,0.0,0,0.000,0.000,0.0,0
2837765,0.000,0.000,0.0,0,0.000,0.000,0.0,0
2837805,0.000,0.000,0.0,0,0.000,0.000,0.0,0
2837845,0.000,0.000,0.0,0,0.000,0.000,0.0,0
2837885,0.000,0.000,0.0,0,0.000,0.000,0.0,0
2837925,0.000,0.000,0.0,0,0.000,0.000,0.0,0
2837965,0.000,0.000,0.0,0,0.000,0.000,0.0,0
2838005,0.000,0.000,0.0,0,0.000,0.000,0.0,0
2838045,0.000,0.000,0.0,0,0.000,0.000,0.0,0
2838085,0.000,0.000,0.0,0,0.000,0.000,0.0,0
2838125,0.000,0.000,0.0,0,0.000,0.000,0.0,0
2838165,0.000,0.000,0.0,0,0.000,0.000,0.0,0
2838205,0.000,0.000,0.0,0,0.000,0.000,0.0,0
2838245,0.000,0.000,0.0,0,0.000,0.000,0.0,0
2838285,0.000,0.000,0.0,0,0.000,0.000,0.0,0
2838325,0.000,0.000,0.0,0,0.000,0.000,0.0,0
2838365,0.000,0.000,0.0,0,0.000,0.000,0.0,0
2838405,0.000,0.000,0.0,0,0.000,0.000,0.0,0
2838445,0.000,0.000,0.0,0,0.000,0.000,0.0,0
2838485,0.000,0.000,0.0,0,0.000,0.000,0.0,0
2838525,0.000,0.000,0.0,0,0.000,0.000,0.0,0
2838565,0.000,0.000,0.0,0,0.000,0.000,0.0,0
2838605,0.000,0.000,0.0,0,0.000,0.000,0.0,0
2838645,0.000,0.000,0.0,0,0.000,0.000,0.0,0
2838685,0.000,0.000,0.0,0,0.000,0.000,0.0,0
2838725,0.000,0.000,0.0,0,0.000,0.000,0.0,0
2838765,0.000,0.000,0.0,0,0.000,0.000,0.0,0
2838805,0.000,0.000,0.0,0,0.000,0.000,0.0,0
2838845,0.000,0.000,0.0,0,0.000,0.000,0.0,0
2838885,0.000,0.000,0.0,0,0.000,0.000,0.0,0
2838925,0.000,0.000,0.0,0,0.000,0.000,0.0,0
2838965,0.000,0.000,0.0,0,0.000,0.000,0.0,0
2839005,0.000,0.000,0.0,0,0.000,0.000,0.0,0
2839045,0.000,0.000,0.0,0,0.000,0.000,0.0,0
2839085,0.000,0.000,0.0,0,0.000,0.000,0.0,0
2839125,0.000,0.000,0.0,0,0.000,0.000,0.0,0
2839165,0.000,0.000,0.0,0,0.000,0.000,0.0,0
2839205,0.000,0.000,0.0,0,0.000,0.000,0.0,0
2839245,0.000,0.000,0.0,0,0.000,0.000,0.0,0
2839285,0.000,0.000,0.0,0,0.000,0.000,0.0,0
2839325,0.000,0.000,0.0,0,0.000,0.000,0.0,0
2839365,0.000,0.000,0.0,0,0.000,0.000,0.0,0
2839405,0.000,0.000,0.0,0,0.000,0.000,0.0,0
2839465,0.000,0.000,0.0,0,0.000,0.000,0.0,0
2839505,0.000,0.000,0.0,0,0.000,0.000,0.0,0
2839545,0.000,0.000,0.0,0,0.000,0.000,0.0,0
2839585,0.000,0.000,0.0,0,0.000,0.000,0.0,0
2839625,0.000,0.000,0.0,0,0.000,0.000,0.0,0
2839665,0.000,0.000,0.0,0,0.000,0.000,0.0,0
2839705,0.000,0.000,0.0,0,0.000,0.000,0.0,0
2839745,0.000,0.000,0.0,0,0.000,0.000,0.0,0
2839785,0.000,0.000,0.0,0,0.000,0.000,0.0,0
2839825,0.000,0.000,0.0,0,0.000,0.000,0.0,0
2839865,0.000,0.000,0.0,0,0.000,0.000,0.0,0
2839905,0.000,0.000,0.0,0,0.000,0.000,0.0,0
2839945,0.000,0.000,0.0,0,0.000,0.000,0.0,0
2839985,0.000,0.000,0.0,0,0.000,0.000,0.0,0
2840025,0.000,0.000,0.0,0,0.000,0.000,0.0,0
2840065,0.000,0.000,0.0,0,0.000,0.000,0.0,0
2840105,0.000,0.000,0.0,0,0.000,0.000,0.0,0
2840145,0.000,0.000,0.0,0,0.000,0.000,0.0,0
2840185,0.000,0.000,0.0,0,0.000,0.000,0.0,0
2840225,0.000,0.000,0.0,0,0.000,0.000,0.0,0
2840265,0.000,0.000,0.0,0,0.000,0.000,0.0,0
2840305,0.000,0.000,0.0,0,0.000,0.000,0.0,0
2840345,0.000,0.000,0.0,0,0.000,0.000,0.0,0
2840385,0.000,0.000,0.0,0,0.000,0.000,0.0,0
2840425,0.000,0.000,0.0,0,0.000,0.000,0.0,0
2840465,0.000,0.000,0.0,0,0.000,0.000,0.0,0
2840505,0.000,0.000,0.0,0,0.000,0.000,0.0,0
2840545,0.000,0.000,0.0,0,0.000,0.000,0.0,0
2840585,0.000,0.000,0.0,0,0.000,0.000,0.0,0
2840625,0.000,0.000,0.0,0,0.000,0.000,0.0,0
2840665,0.000,0.000,0.0,0,0.000,0.000,0.0,0
2840705,0.000,0.000,0.0,0,0.000,0.000,0.0,0
2840745,0.000,0.000,0.0,0,0.000,0.000,0.0,0
2840785,0.000,0.000,0.0,0,0.000,0.000,0.0,0
2840825,0.000,0.000,0.0,0,0.000,0.000,0.0,0
2840865,0.000,0.000,0.0,0,0.000,0.000,0.0,0
2840905,0.000,0.000,0.0,0,0.000,0.000,0.0,0
2840945,0.000,0.000,0.0,0,0.000,0.000,0.0,0
2840985,0.000,0.000,0.0,0,0.000,0.000,0.0,0
2841025,0.000,0.000,0.0,0,0.000,0.000,0.0,0
2841065,0.000,0.000,0.0,0,0.000,0.000,0.0,0
2841105,0.000,0.000,0.0,0,0.000,0.000,0.0,0
2841145,0.000,0.000,0.0,0,0.000,0.000,0.0,0
2841185,0.000,0.000,0.0,0,0.000,0.000,0.0,0
2841225,0.000,0.000,0.0,0,0.000,0.000,0.0,0
2841265,0.000,0.000,0.0,0,0.000,0.000,0.0,0
2841305,0.000,0.000,0.0,0,0.000,0.000,0.0,0
2841345,0.000,0.000,0.0,0,0.000,0.000,0.0,0
2841385,0.000,0.000,0.0,0,0.000,0.000,0.0,0
2841425,0.000,0.000,0.0,0,0.000,0.000,0.0,0
2841465,0.000,0.000,0.0,0,0.000,0.000,0.0,0
2841505,0.000,0.000,0.0,0,0.000,0.000,0.0,0
2841545,0.000,0.000,0.0,0,0.000,0.000,0.0,0
2841585,0.000,0.000,0.0,0,0.000,0.000,0.0,0
2841625,0.000,0.000,0.0,0,0.000,0.000,0.0,0
2841665,0.000,0.000,0.0,0,0.000,0.000,0.0,0
2841705,0.000,0.000,0.0,0,0.000,0.000,0.0,0
2841745,0.000,0.000,0.0,0,0.000,0.000,0.0,0
2841785,0.000,0.000,0.0,0,0.000,0.000,0.0,0
2841825,0.000,0.000,0.0,0,0.000,0.000,0.0,0
2841865,0.000,0.000,0.0,0,0.000,0.000,0.0,0
2841905,0.000,0.000,0.0,0,0.000,0.000,0.0,0
2841945,0.000,0.000,0.0,0,0.000,0.000,0.0,0
2841985,0.000,0.000,0.0,0,0.000,0.000,0.0,0
2842025,0.000,0.000,0.0,0,0.000,0.000,0.0,0
2842065,0.000,0.000,0.0,0,0.000,0.000,0.0,0
2842105,0.000,0.000,0.0,0,0.000,0.000,0.0,0
2842145,0.000,0.000,0.0,0,0.000,0.000,0.0,0
2842185,0.000,0.000,0.0,0,0.000,0.000,0.0,0
2842225,0.000,0.000,0.0,0,0.000,0.000,0.0,0
2842265,0.000,0.000,0.0,0,0.000,0.000,0.0,0
2842305,0.000,0.000,0.0,0,0.000,0.000,0.0,0
2842345,0.000,0.000,0.0,0,0.000,0.000,0.0,0
2842385,0.000,0.000,0.0,0,0.000,0.000,0.0,0
2842425,0.000,0.000,0.0,0,0.000,0.000,0.0,0
2842465,0.000,0.000,0.0,0,0.000,0.000,0.0,0
2842505,0.000,0.000,0.0,0,0.000,0.000,0.0,0
2842545,0.000,0.000,0.0,0,0.000,0.000,0.0,0
2842585,0.000,0.000,0.0,0,0.000,0.000,0.0,0
2842625,0.000,0.000,0.0,0,0.000,0.000,0.0,0
2842665,0.000,0.000,0.0,0,0.000,0.000,0.0,0
2842705,0.000,0.000,0.0,0,0.000,0.000,0.0,0
2842745,0.000,0.000,0.0,0,0.000,0.000,0.0,0
2842785,0.000,0.000,0.0,0,0.000,0.000,0.0,0
2842825,0.000,0.000,0.0,0,0.000,0.000,0.0,0
2842865,0.000,0.000,0.0,0,0.000,0.000,0.0,0
2842905,0.000,0.000,0.0,0,0.000,0.000,0.0,0
2842945,0.000,0.000,0.0,0,0.000,0.000,0.0,0
2842985,0.000,0.000,0.0,0,0.000,0.000,0.0,0
2843025,0.000,0.000,0.0,0,0.000,0.000,0.0,0
2843065,0.000,0.000,0.0,0,0.000,0.000,0.0,0
2843105,0.000,0.000,0.0,0,0.000,0.000,0.0,0
2843145,0.000,0.000,0.0,0,0.000,0.000,0.0,0
2843185,0.000,0.000,0.0,0,0.000,0.000,0.0,0
2843225,0.000,0.000,0.0,0,0.000,0.000,0.0,0
2843265,0.000,0.000,0.0,0,0.000,0.000,0.0,0
2843305,0.000,0.000,0.0,0,0.000,0.000,0.0,0
2843345,0.000,0.000,0.0,0,0.000,0.000,0.0,0
2843385,0.000,0.000,0.0,0,0.000,0.000,0.0,0
2843425,0.000,0.000,0.0,0,0.000,0.000,0.0,0
2843465,0.000,0.000,0.0,0,0.000,0.000,0.0,0
2843505,0.000,0.000,0.0,0,0.000,0.000,0.0,0
2843545,0.000,0.000,0.0,0,0.000,0.000,0.0,0
2843585,0.000,0.000,0.0,0,0.000,0.000,0.0,0
2843625,0.000,0.000,0.0,0,0.000,0.000,0.0,0
2843665,0.000,0.000,0.0,0,0.000,0.000,0.0,0
2843705,0.000,0.000,0.0,0,0.000,0.000,0.0,0
2843745,0.000,0.000,0.0,0,0.000,0.000,0.0,0
2843785,0.000,0.000,0.0,0,0.000,0.000,0.0,0
2843825,0.000,0.000,0.0,0,0.000,0.000,0.0,0
2843865,0.000,0.000,0.0,0,0.000,0.000,0.0,0
2843905,0.000,0.000,0.0,0,0.000,0.000,0.0,0
2843945,0.000,0.000,0.0,0,0.000,0.000,0.0,0
2843985,0.000,0.000,0.0,0,0.000,0.000,0.0,0
2844025,0.000,0.000,0.0,0,0.000,0.000,0.0,0
2844065,0.000,0.000,0.0,0,0.000,0.000,0.0,0
2844105,0.000,0.000,0.0,0,0.000,0.000,0.0,0
2844145,0.000,0.000,0.0,0,0.000,0.000,0.0,0
2844185,0.000,0.000,0.0,0,0.000,0.000,0.0,0
2844225,0.000,0.000,0.0,0,0.000,0.000,0.0,0
2844265,0.000,0.000,0.0,0,0.000,0.000,0.0,0
2844305,0.000,0.000,0.0,0,0.000,0.000,0.0,0
2844345,0.000,0.000,0.0,0,0.000,0.000,0.0,0
2844385,0.000,0.000,0.0,0,0.000,0.000,0.0,0
2844425,0.000,0.000,0.0,0,0.000,0.000,0.0,0
2844465,0.000,0.000,0.0,0,0.000,0.000,0.0,0
2844505,0.000,0.000,0.0,0,0.000,0.000,0.0,0
2844545,0.000,0.000,0.0,0,0.000,0.000,0.0,0
2844585,0.000,0.000,0.0,0,0.000,0.000,0.0,0
2844625,0.000,0.000,0.0,0,0.000,0.000,0.0,0
2844665,0.000,0.000,0.0,0,0.000,0.000,0.0,0
2844705,0.000,0.000,0.0,0,0.000,0.000,0.0,0
2844745,0.000,0.000,0.0,0,0.000,0.000,0.0,0
2844785,0.000,0.000,0.0,0,0.000,0.000,0.0,0
2844825,0.000,0.000,0.0,0,0.000,0.000,0.0,0
2844865,0.000,0.000,0.0,0,0.000,0.000,0.0,0
2844905,0.000,0.000,0.0,0,0.000,0.000,0.0,0
2844945,0.000,0.000,0.0,0,0.000,0.000,0.0,0
2844985,0.000,0.000,0.0,0,0.000,0.000,0.0,0
2845025,0.000,0.000,0.0,0,0.000,0.000,0.0,0
2845065,0.000,0.000,0.0,0,0.000,0.000,0.0,0
2845105,0.000,0.000,0.0,0,0.000,0.000,0.0,0
2845145,0.000,0.000,0.0,0,0.000,0.000,0.0,0
2845185,0.000,0.000,0.0,0,0.000,0.000,0.0,0
2845225,0.000,0.000,0.0,0,0.000,0.000,0.0,0
2845265,0.000,0.000,0.0,0,0.000,0.000,0.0,0
2845305,0.000,0.000,0.0,0,0.000,0.000,0.0,0
2845345,0.000,0.000,0.0,0,0.000,0.000,0.0,0
2845385,0.000,0.000,0.0,0,0.000,0.000,0.0,0
2845425,0.000,0.000,0.0,0,0.000,0.000,0.0,0
2845465,0.000,0.000,0.0,0,0.000,0.000,0.0,0
2845505,0.000,0.000,0.0,0,0.000,0.000,0.0,0
2845545,0.000,0.000,0.0,0,0.000,0.000,0.0,0
2845585,0.000,0.000,0.0,0,0.000,0.000,0.0,0
2845625,0.000,0.000,0.0,0,0.000,0.000,0.0,0
2845665,0.000,0.000,0.0,0,0.000,0.000,0.0,0
2845705,0.000,0.000,0.0,0,0.000,0.000,0.0,0
2845745,0.000,0.000,0.0,0,0.000,0.000,0.0,0
2845785,0.000,0.000,0.0,0,0.000,0.000,0.0,0
2845825,0.000,0.000,0.0,0,0.000,0.000,0.0,0
2845865,0.000,0.000,0.0,0,0.000,0.000,0.0,0
2845905,0.000,0.000,0.0,0,0.000,0.000,0.0,0
2845945,0.000,0.000,0.0,0,0.000,0.000,0.0,0
2845985,0.000,0.000,0.0,0,0.000,0.000,0.0,0
2846025,0.000,0.000,0.0,0,0.000,0.000,0.0,0
2846065,0.000,0.000,0.0,0,0.000,0.000,0.0,0
2846105,0.000,0.000,0.0,0,0.000,0.000,0.0,0
2846145,0.000,0.000,0.0,0,0.000,0.000,0.0,0
2846185,0.000,0.000,0.0,0,0.000,0.000,0.0,0
2846225,0.000,0.000,0.0,0,0.000,0.000,0.0,0
2846265,0.000,0.000,0.0,0,0.000,0.000,0.0,0
2846305,0.000,0.000,0.0,0,0.000,0.000,0.0,0
2846345,0.000,0.000,0.0,0,0.000,0.000,0.0,0
2846385,0.000,0.000,0.0,0,0.000,0.000,0.0,0
2846425,0.000,0.000,0.0,0,0.000,0.000,0.0,0
2846465,0.000,0.000,0.0,0,0.000,0.000,0.0,0
2846505,0.000,0.000,0.0,0,0.000,0.000,0.0,0
2846545,0.000,0.000,0.0,0,0.000,0.000,0.0,0
2846585,0.000,0.000,0.0,0,0.000,0.000,0.0,0
2846625,0.000,0.000,0.0,0,0.000,0.000,0.0,0
2846665,0.000,0.000,0.0,0,0.000,0.000,0.0,0
2846705,0.000,0.000,0.0,0,0.000,0.000,0.0,0
2846745,0.000,0.000,0.0,0,0.000,0.000,0.0,0
2846785,0.000,0.000,0.0,0,0.000,0.000,0.0,0
2846825,0.000,0.000,0.0,0,0.000,0.000,0.0,0
2846865,0.000,0.000,0.0,0,0.000,0.000,0.0,0
2846905,0.000,0.000,0.0,0,0.000,0.000,0.0,0
2846945,0.000,0.000,0.0,0,0.000,0.000,0.0,0
2846985,0.000,0.000,0.0,0,0.000,0.000,0.0,0
2847025,0.000,0.000,0.0,0,0.000,0.000,0.0,0
2847065,0.000,0.000,0.0,0,0.000,0.000,0.0,0
2847105,0.000,0.000,0.0,0,0.000,0.000,0.0,0
2847145,0.000,0.000,0.0,0,0.000,0.000,0.0,0
2847185,0.000,0.000,0.0,0,0.000,0.000,0.0,0
2847225,0.000,0.000,0.0,0,0.000,0.000,0.0,0
2847265,0.000,0.000,0.0,0,0.000,0.000,0.0,0
2847305,0.000,0.000,0.0,0,0.000,0.000,0.0,0
2847345,0.000,0.000,0.0,0,0.000,0.000,0.0,0
2847385,0.000,0.000,0.0,0,0.000,0.000,0.0,0
2847425,0.000,0.000,0.0,0,0.000,0.000,0.0,0
2847465,0.000,0.000,0.0,0,0.000,0.000,0.0,0
2847505,0.000,0.000,0.0,0,0.000,0.000,0.0,0
2847545,0.000,0.000,0.0,0,0.000,0.000,0.0,0
2847585,0.000,0.000,0.0,0,0.000,0.000,0.0,0
2847625,0.000,0.000,0.0,0,0.000,0.000,0.0,0
2847665,0.000,0.000,0.0,0,0.000,0.000,0.0,0
2847705,0.000,0.000,0.0,0,0.000,0.000,0.0,0
2847745,0.000,0.000,0.0,0,0.000,0.000,0.0,0
2847785,0.000,0.000,0.0,0,0.000,0.000,0.0,0
2847825,0.000,0.000,0.0,0,0.000,0.000,0.0,0
2847865,0.000,0.000,0.0,0,0.000,0.000,0.0,0
2847905,0.000,0.000,0.0,0,0.000,0.000,0.0,0
2847945,0.000,0.000,0.0,0,0.000,0.000,0.0,0
2847985,0.000,0.000,0.0,0,0.000,0.000,0.0,0
2848025,0.000,0.000,0.0,0,0.000,0.000,0.0,0
2848065,0.000,0.000,0.0,0,0.000,0.000,0.0,0
2848105,0.000,0.000,0.0,0,0.000,0.000,0.0,0
2848145,0.000,0.000,0.0,0,0.000,0.000,0.0,0
2848185,0.000,0.000,0.0,0,0.000,0.000,0.0,0
2848225,0.000,0.000,0.0,0,0.000,0.000,0.0,0
2848265,0.000,0.000,0.0,0,0.000,0.000,0.0,0
2848305,0.000,0.000,0.0,0,0.000,0.000,0.0,0
2848345,0.000,0.000,0.0,0,0.000,0.000,0.0,0
2848385,0.000,0.000,0.0,0,0.000,0.000,0.0,0
2848425,0.000,0.000,0.0,0,0.000,0.000,0.0,0
2848465,0.000,0.000,0.0,0,0.000,0.000,0.0,0
2848505,0.000,0.000,0.0,0,0.000,0.000,0.0,0
2848545,0.000,0.000,0.0,0,0.000,0.000,0.0,0
2848585,0.000,0.000,0.0,0,0.000,0.000,0.0,0
2848625,0.000,0.000,0.0,0,0.000,0.000,0.0,0
2848665,0.000,0.000,0.0,0,0.000,0.000,0.0,0
2848705,0.000,0.000,0.0,0,0.000,0.000,0.0,0
2848745,0.000,0.000,0.0,0,0.000,0.000,0.0,0
2848785,0.000,0.000,0.0,0,0.000,0.000,0.0,0
2848825,0.000,0.000,0.0,0,0.000,0.000,0.0,0
2848865,0.000,0.000,0.0,0,0.000,0.000,0.0,0
2848905,0.000,0.000,0.0,0,0.000,0.000,0.0,0
2848945,0.000,0.000,0.0,0,0.000,0.000,0.0,0
2848985,0.000,0.000,0.0,0,0.000,0.000,0.0,0
2849025,0.000,0.000,0.0,0,0.000,0.000,0.0,0
2849065,0.000,0.000,0.0,0,0.000,0.000,0.0,0
2849105,0.000,0.000,0.0,0,0.000,0.000,0.0,0
2849145,0.000,0.000,0.0,0,0.000,0.000,0.0,0
2849185,0.000,0.000,0.0,0,0.000,0.000,0.0,0
2849225,0.000,0.000,0.0,0,0.000,0.000,0.0,0
2849265,0.000,0.000,0.0,0,0.000,0.000,0.0,0
2849305,0.000,0.000,0.0,0,0.000,0.000,0.0,0
2849345,0.000,0.000,0.0,0,0.000,0.000,0.0,0
2849385,0.000,0.000,0.0,0,0.000,0.000,0.0,0
2849425,0.000,0.000,0.0,0,0.000,0.000,0.0,0
2849465,0.000,0.000,0.0,0,0.000,0.000,0.0,0
2849505,0.000,0.000,0.0,0,0.000,0.000,0.0,0
2849545,0.000,0.000,0.0,0,0.000,0.000,0.0,0
2849585,0.000,0.000,0.0,0,0.000,0.000,0.0,0
2849625,0.000,0.000,0.0,0,0.000,0.000,0.0,0
2849665,0.000,0.000,0.0,0,0.000,0.000,0.0,0
2849705,0.000,0.000,0.0,0,0.000,0.000,0.0,0
2849745,0.000,0.000,0.0,0,0.000,0.000,0.0,0
2849785,0.000,0.000,0.0,0,0.000,0.000,0.0,0
2849825,0.000,0.000,0.0,0,0.000,0.000,0.0,0
2849865,0.000,0.000,0.0,0,0.000,0.000,0.0,0
2849905,0.000,0.000,0.0,0,0.000,0.000,0.0,0
2849945,0.000,0.000,0.0,0,0.000,0.000,0.0,0
2849985,0.000,0.000,0.0,0,0.000,0.000,0.0,0
2850025,0.000,0.000,0.0,0,0.000,0.000,0.0,0
2850065,0.000,0.000,0.0,0,0.000,0.000,0.0,0
2850105,0.000,0.000,0.0,0,0.000,0.000,0.0,0
2850145,0.000,0.000,0.0,0,0.000,0.000,0.0,0
2850185,0.000,0.000,0.0,0,0.000,0.000,0.0,0
2850225,0.000,0.000,0.0,0,0.000,0.000,0.0,0
2850265,0.000,0.000,0.0,0,0.000,0.000,0.0,0
2850305,0.000,0.000,0.0,0,0.000,0.000,0.0,0
2850345,0.000,0.000,0.0,0,0.000,0.000,0.0,0
2850385,0.000,0.000,0.0,0,0.000,0.000,0.0,0
2850425,0.000,0.000,0.0,0,0.000,0.000,0.0,0
2850465,0.000,0.000,0.0,0,0.000,0.000,0.0,0
2850505,0.000,0.000,0.0,0,0.000,0.000,0.0,0
2850545,0.000,0.000,0.0,0,0.000,0.000,0.0,0
2850585,0.000,0.000,0.0,0,0.000,0.000,0.0,0
2850625,0.000,0.000,0.0,0,0.000,0.000,0.0,0
2850665,0.000,0.000,0.0,0,0.000,0.000,0.0,0
2850705,0.000,0.000,0.0,0,0.000,0.000,0.0,0
2850745,0.000,0.000,0.0,0,0.000,0.000,0.0,0
2850785,0.000,0.000,0.0,0,0.000,0.000,0.0,0
2850825,0.000,0.000,0.0,0,0.000,0.000,0.0,0
2850865,0.000,0.000,0.0,0,0.000,0.000,0.0,0
2850905,0.000,0.000,0.0,0,0.000,0.000,0.0,0
2850945,0.000,0.000,0.0,0,0.000,0.000,0.0,0
2850985,0.000,0.000,0.0,0,0.000,0.000,0.0,0
2851025,0.000,0.000,0.0,0,0.000,0.000,0.0,0
2851065,0.000,0.000,0.0,0,0.000,0.000,0.0,0
2851105,0.000,0.000,0.0,0,0.000,0.000,0.0,0
2851145,0.000,0.000,0.0,0,0.000,0.000,0.0,0
2851185,0.000,0.000,0.0,0,0.000,0.000,0.0,0
2851225,0.000,0.000,0.0,0,0.000,0.000,0.0,0
2851265,0.000,0.000,0.0,0,0.000,0.000,0.0,0
2851305,0.000,0.000,0.0,0,0.000,0.000,0.0,0
2851345,0.000,0.000,0.0,0,0.000,0.000,0.0,0
2851385,0.000,0.000,0.0,0,0.000,0.000,0.0,0
2851425,0.000,0.000,0.0,0,0.000,0.000,0.0,0
2851465,0.000,0.000,0.0,0,0.000,0.000,0.0,0
2851505,0.000,0.000,0.0,0,0.000,0.000,0.0,0
2851545,0.000,0.000,0.0,0,0.000,0.000,0.0,0
2851585,0.000,0.000,0.0,0,0.000,0.000,0.0,0
2851625,0.000,0.000,0.0,0,0.000,0.000,0.0,0
2851665,0.000,0.000,0.0,0,0.000,0.000,0.0,0
2851705,0.000,0.000,0.0,0,0.000,0.000,0.0,0
2851745,0.000,0.000,0.0,0,0.000,0.000,0.0,0
2851785,0.000,0.000,0.0,0,0.000,0.000,0.0,0
2851825,0.000,0.000,0.0,0,0.000,0.000,0.0,0
2851865,0.000,0.000,0.0,0,0.000,0.000,0.0,0
2851905,0.000,0.000,0.0,0,0.000,0.000,0.0,0
2851945,0.000,0.000,0.0,0,0.000,0.000,0.0,0
2851985,0.000,0.000,0.0,0,0.000,0.000,0.0,0
2852025,0.000,0.000,0.0,0,0.000,0.000,0.0,0
2852065,0.000,0.000,0.0,0,0.000,0.000,0.0,0
2852105,0.000,0.000,0.0,0,0.000,0.000,0.0,0
2852145,0.000,0.000,0.0,0,0.000,0.000,0.0,0
2852185,0.000,0.000,0.0,0,0.000,0.000,0.0,0
2852225,0.000,0.000,0.0,0,0.000,0.000,0.0,0
2852265,0.000,0.000,0.0,0,0.000,0.000,0.0,0
2852305,0.000,0.000,0.0,0,0.000,0.000,0.0,0
2852345,0.000,0.000,0.0,0,0.000,0.000,0.0,0
2852385,0.000,0.000,0.0,0,0.000,0.000,0.0,0
2852425,0.000,0.000,0.0,0,0.000,0.000,0.0,0
2852465,0.000,0.000,0.0,0,0.000,0.000,0.0,0
2852505,0.000,0.000,0.0,0,0.000,0.000,0.0,0
2852545,0.000,0.000,0.0,0,0.000,0.000,0.0,0
2852585,0.000,0.000,0.0,0,0.000,0.000,0.0,0
2852625,0.000,0.000,0.0,0,0.000,0.000,0.0,0
2852665,0.000,0.000,0.0,0,0.000,0.000,0.0,0
2852705,0.000,0.000,0.0,0,0.000,0.000,0.0,0
2852745,0.000,0.000,0.0,0,0.000,0.000,0.0,0
2852785,0.000,0.000,0.0,0,0.000,0.000,0.0,0
2852825,0.000,0.000,0.0,0,0.000,0.000,0.0,0
2852865,0.000,0.000,0.0,0,0.000,0.000,0.0,0
2852905,0.000,0.000,0.0,0,0.000,0.000,0.0,0
2852945,0.000,0.000,0.0,0,0.000,0.000,0.0,0
2852985,0.000,0.000,0.0,0,0.000,0.000,0.0,0
2853025,0.000,0.000,0.0,0,0.000,0.000,0.0,0
2853065,0.000,0.000,0.0,0,0.000,0.000,0.0,0
2853105,0.000,0.000,0.0,0,0.000,0.000,0.0,0
2853145,0.000,0.000,0.0,0,0.000,0.000,0.0,0
2853185,0.000,0.000,0.0,0,0.000,0.000,0.0,0
2853225,0.000,0.000,0.0,0,0.000,0.000,0.0,0
2853265,0.000,0.000,0.0,0,0.000,0.000,0.0,0
2853305,0.000,0.000,0.0,0,0.000,0.000,0.0,0
2853345,0.000,0.000,0.0,0,0.000,0.000,0.0,0
2853385,0.000,0.000,0.0,0,0.000,0.000,0.0,0
2853425,0.000,0.000,0.0,0,0.000,0.000,0.0,0
2853465,0.000,0.000,0.0,0,0.000,0.000,0.0,0
2853505,0.000,0.000,0.0,0,0.000,0.000,0.0,0
2853545,0.000,0.000,0.0,0,0.000,0.000,0.0,0
2853585,0.000,0.000,0.0,0,0.000,0.000,0.0,0
2853625,0.000,0.000,0.0,0,0.000,0.000,0.0,0
2853665,0.000,0.000,0.0,0,0.000,0.000,0.0,0
2853705,0.000,0.000,0.0,0,0.000,0.000,0.0,0
2853745,0.000,0.000,0.0,0,0.000,0.000,0.0,0
2853785,0.000,0.000,0.0,0,0.000,0.000,0.0,0
2853825,0.000,0.000,0.0,0,0.000,0.000,0.0,0
2853865,0.000,0.000,0.0,0,0.000,0.000,0.0,0
2853905,0.000,0.000,0.0,0,0.000,0.000,0.0,0
2853945,0.000,0.000,0.0,0,0.000,0.000,0.0,0
2853985,0.000,0.000,0.0,0,0.000,0.000,0.0,0
2854025,0.000,0.000,0.0,0,0.000,0.000,0.0,0
2854065,0.000,0.000,0.0,0,0.000,0.000,0.0,0
2854105,0.000,0.000,0.0,0,0.000,0.000,0.0,0
2854145,0.000,0.000,0.0,0,0.000,0.000,0.0,0
2854185,0.000,0.000,0.0,0,0.000,0.000,0.0,0
2854225,0.000,0.000,0.0,0,0.000,0.000,0.0,0
2854265,0.000,0.000,0.0,0,0.000,0.000,0.0,0
2854305,0.000,0.000,0.0,0,0.000,0.000,0.0,0
2854345,0.000,0.000,0.0,0,0.000,0.000,0.0,0
2854385,0.000,0.000,0.0,0,0.000,0.000,0.0,0
2854425,0.000,0.000,0.0,0,0.000,0.000,0.0,0
2854465,0.000,0.000,0.0,0,0.000,0.000,0.0,0
2854505,0.000,0.000,0.0,0,0.000,0.000,0.0,0
2854545,0.000,0.000,0.0,0,0.000,0.000,0.0,0
2854585,0.000,0.000,0.0,0,0.000,0.000,0.0,0
2854625,0.000,0.000,0.0,0,0.000,0.000,0.0,0
2854665,0.000,0.000,0.0,0,0.000,0.000,0.0,0
2854705,0.000,0.000,0.0,0,0.000,0.000,0.0,0
2854745,0.000,0.000,0.0,0,0.000,0.000,0.0,0
2854785,0.000,0.000,0.0,0,0.000,0.000,0.0,0
2854825,0.000,0.000,0.0,0,0.000,0.000,0.0,0
2854865,0.000,0.000,0.0,0,0.000,0.000,0.0,0
2854905,0.000,0.000,0.0,0,0.000,0.000,0.0,0
2854945,0.000,0.000,0.0,0,0.000,0.000,0.0,0
2854985,0.000,0.000,0.0,0,0.000,0.000,0.0,0
2855025,0.000,0.000,0.0,0,0.000,0.000,0.0,0
2855065,0.000,0.000,0.0,0,0.000,0.000,0.0,0
2855105,0.000,0.000,0.0,0,0.000,0.000,0.0,0
2855145,0.000,0.000,0.0,0,0.000,0.000,0.0,0
2855185,0.000,0.000,0.0,0,0.000,0.000,0.0,0
2855225,0.000,0.000,0.0,0,0.000,0.000,0.0,0
2855265,0.000,0.000,0.0,0,0.000,0.000,0.0,0
2855305,0.000,0.000,0.0,0,0.000,0.000,0.0,0
2855345,0.000,0.000,0.0,0,0.000,0.000,0.0,0
2855385,0.000,0.000,0.0,0,0.000,0.000,0.0,0
2855425,0.000,0.000,0.0,0,0.000,0.000,0.0,0
2855465,0.000,0.000,0.0,0,0.000,0.000,0.0,0
2855505,0.000,0.000,0.0,0,0.000,0.000,0.0,0
2855545,0.000,0.000,0.0,0,0.000,0.000,0.0,0
2855585,0.000,0.000,0.0,0,0.000,0.000,0.0,0
2855625,0.000,0.000,0.0,0,0.000,0.000,0.0,0
2855665,0.000,0.000,0.0,0,0.000,0.000,0.0,0
2855705,0.000,0.000,0.0,0,0.000,0.000,0.0,0
2855745,0.000,0.000,0.0,0,0.000,0.000,0.0,0
2855785,0.000,0.000,0.0,0,0.000,0.000,0.0,0
2855825,0.000,0.000,0.0,0,0.000,0.000,0.0,0
2855865,0.000,0.000,0.0,0,0.000,0.000,0.0,0
2855905,0.000,0.000,0.0,0,0.000,0.000,0.0,0
2855945,0.000,0.000,0.0,0,0.000,0.000,0.0,0
2855985,0.000,0.000,0.0,0,0.000,0.000,0.0,0
2856025,0.000,0.000,0.0,0,0.000,0.000,0.0,0
2856065,0.000,0.000,0.0,0,0.000,0.000,0.0,0
2856105,0.000,0.000,0.0,0,0.000,0.000,0.0,0
2856145,0.000,0.000,0.0,0,0.000,0.000,0.0,0
2856185,0.000,0.000,0.0,0,0.000,0.000,0.0,0
2856225,0.000,0.000,0.0,0,0.000,0.000,0.0,0
2856265,0.000,0.000,0.0,0,0.000,0.000,0.0,0
2856305,0.000,0.000,0.0,0,0.000,0.000,0.0,0
2856345,0.000,0.000,0.0,0,0.000,0.000,0.0,0
2856385,0.000,0.000,0.0,0,0.000,0.000,0.0,0
2856425,0.000,0.000,0.0,0,0.000,0.000,0.0,0
2856465,0.000,0.000,0.0,0,0.000,0.000,0.0,0
2856505,0.000,0.000,0.0,0,0.000,0.000,0.0,0
2856545,0.000,0.000,0.0,0,0.000,0.000,0.0,0
2856585,0.000,0.000,0.0,0,0.000,0.000,0.0,0
2856625,0.000,0.000,0.0,0,0.000,0.000,0.0,0
2856665,0.000,0.000,0.0,0,0.000,0.000,0.0,0
2856705,0.000,0.000,0.0,0,0.000,0.000,0.0,0
2856745,0.000,0.000,0.0,0,0.000,0.000,0.0,0
2856785,0.000,0.000,0.0,0,0.000,0.000,0.0,0
2856825,0.000,0.000,0.0,0,0.000,0.000,0.0,0
2856865,0.000,0.000,0.0,0,0.000,0.000,0.0,0
2856905,0.000,0.000,0.0,0,0.000,0.000,0.0,0
2856945,0.000,0.000,0.0,0,0.000,0.000,0.0,0
2856985,0.000,0.000,0.0,0,0.000,0.000,0.0,0
2857025,0.000,0.000,0.0,0,0.000,0.000,0.0,0
2857065,0.000,0.000,0.0,0,0.000,0.000,0.0,0
2857105,0.000,0.000,0.0,0,0.000,0.000,0.0,0
2857145,0.000,0.000,0.0,0,0.000,0.000,0.0,0
2857185,0.000,0.000,0.0,0,0.000,0.000,0.0,0
2857225,0.000,0.000,0.0,0,0.000,0.000,0.0,0
2857265,0.000,0.000,0.0,0,0.000,0.000,0.0,0
2857305,0.000,0.000,0.0,0,0.000,0.000,0.0,0
2857345,0.000,0.000,0.0,0,0.000,0.000,0.0,0
2857385,0.000,0.000,0.0,0,0.000,0.000,0.0,0
2857425,0.000,0.000,0.0,0,0.000,0.000,0.0,0
2857465,0.000,0.000,0.0,0,0.000,0.000,0.0,0
2857505,0.000,0.000,0.0,0,0.000,0.000,0.0,0
2857545,0.000,0.000,0.0,0,0.000,0.000,0.0,0
2857585,0.000,0.000,0.0,0,0.000,0.000,0.0,0
2857625,0.000,0.000,0.0,0,0.000,0.000,0.0,0
2857665,0.000,0.000,0.0,0,0.000,0.000,0.0,0
2857705,0.000,0.000,0.0,0,0.000,0.000,0.0,0
2857745,0.000,0.000,0.0,0,0.000,0.000,0.0,0
2857785,0.000,0.000,0.0,0,0.000,0.000,0.0,0
2857825,0.000,0.000,0.0,0,0.000,0.000,0.0,0
2857865,0.000,0.000,0.0,0,0.000,0.000,0.0,0
2857905,0.000,0.000,0.0,0,0.000,0.000,0.0,0
2857945,0.000,0.000,0.0,0,0.000,0.000,0.0,0
2857985,0.000,0.000,0.0,0,0.000,0.000,0.0,0
2858025,0.000,0.000,0.0,0,0.000,0.000,0.0,0
2858065,0.000,0.000,0.0,0,0.000,0.000,0.0,0
2858105,0.000,0.000,0.0,0,0.000,0.000,0.0,0
2858145,0.000,0.000,0.0,0,0.000,0.000,0.0,0
2858185,0.000,0.000,0.0,0,0.000,0.000,0.0,0
2858225,0.000,0.000,0.0,0,0.000,0.000,0.0,0
2858265,0.000,0.000,0.0,0,0.000,0.000,0.0,0
2858305,0.000,0.000,0.0,0,0.000,0.000,0.0,0
2858345,0.000,0.000,0.0,0,0.000,0.000,0.0,0
2858385,0.000,0.000,0.0,0,0.000,0.000,0.0,0
2858425,0.000,0.000,0.0,0,0.000,0.000,0.0,0
2858465,0.000,0.000,0.0,0,0.000,0.000,0.0,0
2858505,0.000,0.000,0.0,0,0.000,0.000,0.0,0
2858545,0.000,0.000,0.0,0,0.000,0.000,0.0,0
2858585,0.000,0.000,0.0,0,0.000,0.000,0.0,0
2858625,0.000,0.000,0.0,0,0.000,0.000,0.0,0
2858665,0.000,0.000,0.0,0,0.000,0.000,0.0,0
2858705,0.000,0.000,0.0,0,0.000,0.000,0.0,0
2858745,0.000,0.000,0.0,0,0.000,0.000,0.0,0
2858785,0.000,0.000,0.0,0,0.000,0.000,0.0,0
2858825,0.000,0.000,0.0,0,0.000,0.000,0.0,0
2858865,0.000,0.000,0.0,0,0.000,0.000,0.0,0
2858905,0.000,0.000,0.0,0,0.000,0.000,0.0,0
2858945,0.000,0.000,0.0,0,0.000,0.000,0.0,0
2858985,0.000,0.000,0.0,0,0.000,0.000,0.0,0
2859025,0.000,0.000,0.0,0,0.000,0.000,0.0,0
2859065,0.000,0.000,0.0,0,0.000,0.000,0.0,0
2859105,0.000,0.000,0.0,0,0.000,0.000,0.0,0
2859145,0.000,0.000,0.0,0,0.000,0.000,0.0,0
2859185,0.000,0.000,0.0,0,0.000,0.000,0.0,0
2859225,0.000,0.000,0.0,0,0.000,0.000,0.0,0
2859265,0.000,0.000,0.0,0,0.000,0.000,0.0,0
2859305,0.000,0.000,0.0,0,0.000,0.000,0.0,0
2859345,0.000,0.000,0.0,0,0.000,0.000,0.0,0
2859385,0.000,0.000,0.0,0,0.000,0.000,0.0,0
2859425,0.000,0.000,0.0,0,0.000,0.000,0.0,0
2859465,0.000,0.000,0.0,0,0.000,0.000,0.0,0
2859505,0.000,0.000,0.0,0,0.000,0.000,0.0,0
2859545,0.000,0.000,0.0,0,0.000,0.000,0.0,0
2859585,0.000,0.000,0.0,0,0.000,0.000,0.0,0
2859625,0.000,0.000,0.0,0,0.000,0.000,0.0,0
2859665,0.000,0.000,0.0,0,0.000,0.000,0.0,0
2859705,0.000,0.000,0.0,0,0.000,0.000,0.0,0
2859745,0.000,0.000,0.0,0,0.000,0.000,0.0,0
2859785,0.000,0.000,0.0,0,0.000,0.000,0.0,0
2859825,0.000,0.000,0.0,0,0.000,0.000,0.0,0
2859865,0.000,0.000,0.0,0,0.000,0.000,0.0,0
2859905,0.000,0.000,0.0,0,0.000,0.000,0.0,0
2859945,0.000,0.000,0.0,0,0.000,0.000,0.0,0
2859985,0.000,0.000,0.0,0,0.000,0.000,0.0,0
2860025,0.000,0.000,0.0,0,0.000,0.000,0.0,0
2860065,0.000,0.000,0.0,0,0.000,0.000,0.0,0
2860105,0.000,0.000,0.0,0,0.000,0.000,0.0,0
2860145,0.000,0.000,0.0,0,0.000,0.000,0.0,0
2860185,0.000,0.000,0.0,0,0.000,0.000,0.0,0
2860225,0.000,0.000,0.0,0,0.000,0.000,0.0,0
2860265,0.000,0.000,0.0,0,0.000,0.000,0.0,0
2860305,0.000,0.000,0.0,0,0.000,0.000,0.0,0
2860345,0.000,0.000,0.0,0,0.000,0.000,0.0,0
2860385,0.000,0.000,0.0,0,0.000,0.000,0.0,0
2860425,0.000,0.000,0.0,0,0.000,0.000,0.0,0
2860465,0.000,0.000,0.0,0,0.000,0.000,0.0,0
2860505,0.000,0.000,0.0,0,0.000,0.000,0.0,0
2860545,0.000,0.000,0.0,0,0.000,0.000,0.0,0
2860585,0.000,0.000,0.0,0,0.000,0.000,0.0,0
2860625,0.000,0.000,0.0,0,0.000,0.000,0.0,0
2860665,0.000,0.000,0.0,0,0.000,0.000,0.0,0
2860705,0.000,0.000,0.0,0,0.000,0.000,0.0,0
2860745,0.000,0.000,0.0,0,0.000,0.000,0.0,0
2860785,0.000,0.000,0.0,0,0.000,0.000,0.0,0
2860825,0.000,0.000,0.0,0,0.000,0.000,0.0,0
2860865,0.000,0.000,0.0,0,0.000,0.000,0.0,0
2860905,0.000,0.000,0.0,0,0.000,0.000,0.0,0
2860945,0.000,0.000,0.0,0,0.000,0.000,0.0,0
2860985,0.000,0.000,0.0,0,0.000,0.000,0.0,0
2861025,0.000,0.000,0.0,0,0.000,0.000,0.0,0
2861065,0.000,0.000,0.0,0,0.000,0.000,0.0,0
2861105,0.000,0.000,0.0,0,0.000,0.000,0.0,0
2861145,0.000,0.000,0.0,0,0.000,0.000,0.0,0
2861185,0.000,0.000,0.0,0,0.000,0.000,0.0,0
2861225,0.000,0.000,0.0,0,0.000,0.000,0.0,0
2861265,0.000,0.000,0.0,0,0.000,0.000,0.0,0
2861305,0.000,0.000,0.0,0,0.000,0.000,0.0,0
2861345,0.000,0.000,0.0,0,0.000,0.000,0.0,0
2861385,0.000,0.000,0.0,0,0.000,0.000,0.0,0
2861425,0.000,0.000,0.0,0,0.000,0.000,0.0,0
2861465,0.000,0.000,0.0,0,0.000,0.000,0.0,0
2861505,0.000,0.000,0.0,0,0.000,0.000,0.0,0
2861545,0.000,0.000,0.0,0,0.000,0.000,0.0,0
2861585,0.000,0.000,0.0,0,0.000,0.000,0.0,0
2861625,0.000,0.000,0.0,0,0.000,0.000,0.0,0
2861665,0.000,0.000,0.0,0,0.000,0.000,0.0,0
2861705,0.000,0.000,0.0,0,0.000,0.000,0.0,0
2861745,0.000,0.000,0.0,0,0.000,0.000,0.0,0
2861785,0.000,0.000,0.0,0,0.000,0.000,0.0,0
2861825,0.000,0.000,0.0,0,0.000,0.000,0.0,0
2861865,0.000,0.000,0.0,0,0.000,0.000,0.0,0
2861905,0.000,0.000,0.0,0,0.000,0.000,0.0,0
2861945,0.000,0.000,0.0,0,0.000,0.000,0.0,0
2861985,0.000,0.000,0.0,0,0.000,0.000,0.0,0
2862025,0.000,0.000,0.0,0,0.000,0.000,0.0,0
2862065,0.000,0.000,0.0,0,0.000,0.000,0.0,0
2862105,0.000,0.000,0.0,0,0.000,0.000,0.0,0
2862145,0.000,0.000,0.0,0,0.000,0.000,0.0,0
2862185,0.000,0.000,0.0,0,0.000,0.000,0.0,0
2862225,0.000,0.000,0.0,0,0.000,0.000,0.0,0
2862265,0.000,0.000,0.0,0,0.000,0.000,0.0,0
2862305,0.000,0.000,0.0,0,0.000,0.000,0.0,0
2862345,0.000,0.000,0.0,0,0.000,0.000,0.0,0
2862385,0.000,0.000,0.0,0,0.000,0.000,0.0,0
2862425,0.000,0.000,0.0,0,0.000,0.000,0.0,0
2862465,0.000,0.000,0.0,0,0.000,0.000,0.0,0
2862505,0.000,0.000,0.0,0,0.000,0.000,0.0,0
2862545,0.000,0.000,0.0,0,0.000,0.000,0.0,0
2862585,0.000,0.000,0.0,0,0.000,0.000,0.0,0
2862625,0.000,0.000,0.0,0,0.000,0.000,0.0,0
2862665,0.000,0.000,0.0,0,0.000,0.000,0.0,0
2862705,0.000,0.000,0.0,0,0.000,0.000,0.0,0
2862745,0.000,0.000,0.0,0,0.000,0.000,0.0,0
2862785,0.000,0.000,0.0,0,0.000,0.000,0.0,0
2862825,0.000,0.000,0.0,0,0.000,0.000,0.0,0
2862865,0.000,0.000,0.0,0,0.000,0.000,0.0,0
2862905,0.000,0.000,0.0,0,0.000,0.000,0.0,0
2862945,0.000,0.000,0.0,0,0.000,0.000,0.0,0
2862985,0.000,0.000,0.0,0,0.000,0.000,0.0,0
2863025,0.000,0.000,0.0,0,0.000,0.000,0.0,0
2863065,0.000,0.000,0.0,0,0.000,0.000,0.0,0
2863105,0.000,0.000,0.0,0,0.000,0.000,0.0,0
2863145,0.000,0.000,0.0,0,0.000,0.000,0.0,0
2863185,0.000,0.000,0.0,0,0.000,0.000,0.0,0
2863225,0.000,0.000,0.0,0,0.000,0.000,0.0,0
2863265,0.000,0.000,0.0,0,0.000,0.000,0.0,0
2863305,0.000,0.000,0.0,0,0.000,0.000,0.0,0
2863345,0.000,0.000,0.0,0,0.000,0.000,0.0,0
2863385,0.000,0.000,0.0,0,0.000,0.000,0.0,0
2863425,0.000,0.000,0.0,0,0.000,0.000,0.0,0
2863465,0.000,0.000,0.0,0,0.000,0.000,0.0,0
2863505,0.000,0.000,0.0,0,0.000,0.000,0.0,0
2863545,0.000,0.000,0.0,0,0.000,0.000,0.0,0
2863585,0.000,0.000,0.0,0,0.000,0.000,0.0,0
2863625,0.000,0.000,0.0,0,0.000,0.000,0.0,0
2863665,0.000,0.000,0.0,0,0.000,0.000,0.0,0
2863705,0.000,0.000,0.0,0,0.000,0.000,0.0,0
2863745,0.000,0.000,0.0,0,0.000,0.000,0.0,0
2863785,0.000,0.000,0.0,0,0.000,0.000,0.0,0
2863825,0.000,0.000,0.0,0,0.000,0.000,0.0,0
2863865,0.000,0.000,0.0,0,0.000,0.000,0.0,0
2863905,0.000,0.000,0.0,0,0.000,0.000,0.0,0
2863945,0.000,0.000,0.0,0,0.000,0.000,0.0,0
2863985,0.000,0.000,0.0,0,0.000,0.000,0.0,0
2864025,0.000,0.000,0.0,0,0.000,0.000,0.0,0
2864065,0.000,0.000,0.0,0,0.000,0.000,0.0,0
2864105,0.000,0.000,0.0,0,0.000,0.000,0.0,0
2864145,0.000,0.000,0.0,0,0.000,0.000,0.0,0
2864185,0.000,0.000,0.0,0,0.000,0.000,0.0,0
2864225,0.000,0.000,0.0,0,0.000,0.000,0.0,0
2864265,0.000,0.000,0.0,0,0.000,0.000,0.0,0
2864305,0.000,0.000,0.0,0,0.000,0.000,0.0,0
2864345,0.000,0.000,0.0,0,0.000,0.000,0.0,0
2864385,0.000,0.000,0.0,0,0.000,0.000,0.0,0
2864425,0.000,0.000,0.0,0,0.000,0.000,0.0,0
2864465,0.000,0.000,0.0,0,0.000,0.000,0.0,0
2864505,0.000,0.000,0.0,0,0.000,0.000,0.0,0
2864545,0.000,0.000,0.0,0,0.000,0.000,0.0,0
2864585,0.000,0.000,0.0,0,0.000,0.000,0.0,0
2864625,0.000,0.000,0.0,0,0.000,0.000,0.0,0
2864665,0.000,0.000,0.0,0,0.000,0.000,0.0,0
2864705,0.000,0.000,0.0,0,0.000,0.000,0.0,0
2864745,0.000,0.000,0.0,0,0.000,0.000,0.0,0
2864785,0.000,0.000,0.0,0,0.000,0.000,0.0,0
2864825,0.000,0.000,0.0,0,0.000,0.000,0.0,0
2864865,0.000,0.000,0.0,0,0.000,0.000,0.0,0
2864905,0.000,0.000,0.0,0,0.000,0.000,0.0,0
2864945,0.000,0.000,0.0,0,0.000,0.000,0.0,0
2864985,0.000,0.000,0.0,0,0.000,0.000,0.0,0
2865025,0.000,0.000,0.0,0,0.000,0.000,0.0,0
2865065,0.000,0.000,0.0,0,0.000,0.000,0.0,0
2865105,0.000,0.000,0.0,0,0.000,0.000,0.0,0
2865145,0.000,0.000,0.0,0,0.000,0.000,0.0,0
2865185,0.000,0.000,0.0,0,0.000,0.000,0.0,0
2865225,0.000,0.000,0.0,0,0.000,0.000,0.0,0
2865265,0.000,0.000,0.0,0,0.000,0.000,0.0,0
2865305,0.000,0.000,0.0,0,0.000,0.000,0.0,0
2865345,0.000,0.000,0.0,0,0.000,0.000,0.0,0
2865385,0.000,0.000,0.0,0,0.000,0.000,0.0,0
2865425,0.000,0.000,0.0,0,0.000,0.000,0.0,0
2865465,0.000,0.000,0.0,0,0.000,0.000,0.0,0
2865505,0.000,0.000,0.0,0,0.000,0.000,0.0,0
2865545,0.000,0.000,0.0,0,0.000,0.000,0.0,0
2865585,0.000,0.000,0.0,0,0.000,0.000,0.0,0
2865625,0.000,0.000,0.0,0,0.000,0.000,0.0,0
2865665,0.000,0.000,0.0,0,0.000,0.000,0.0,0
2865705,0.000,0.000,0.0,0,0.000,0.000,0.0,0
2865745,0.000,0.000,0.0,0,0.000,0.000,0.0,0
2865785,0.000,0.000,0.0,0,0.000,0.000,0.0,0
2865825,0.000,0.000,0.0,0,0.000,0.000,0.0,0
2865865,0.000,0.000,0.0,0,0.000,0.000,0.0,0
2865905,0.000,0.000,0.0,0,0.000,0.000,0.0,0
2865945,0.000,0.000,0.0,0,0.000,0.000,0.0,0
2865985,0.000,0.000,0.0,0,0.000,0.000,0.0,0
2866025,0.000,0.000,0.0,0,0.000,0.000,0.0,0
2866065,0.000,0.000,0.0,0,0.000,0.000,0.0,0
2866105,0.000,0.000,0.0,0,0.000,0.000,0.0,0
2866145,0.000,0.000,0.0,0,0.000,0.000,0.0,0
2866185,0.000,0.000,0.0,0,0.000,0.000,0.0,0
2866225,0.000,0.000,0.0,0,0.000,0.000,0.0,0
2866265,0.000,0.000,0.0,0,0.000,0.000,0.0,0
2866305,0.000,0.000,0.0,0,0.000,0.000,0.0,0
2866345,0.000,0.000,0.0,0,0.000,0.000,0.0,0
2866385,0.000,0.000,0.0,0,0.000,0.000,0.0,0
2866425,0.000,0.000,0.0,0,0.000,0.000,0.0,0
2866465,0.000,0.000,0.0,0,0.000,0.000,0.0,0
2866505,0.000,0.000,0.0,0,0.000,0.000,0.0,0
2866545,0.000,0.000,0.0,0,0.000,0.000,0.0,0
2866585,0.000,0.000,0.0,0,0.000,0.000,0.0,0
2866625,0.000,0.000,0.0,0,0.000,0.000,0.0,0
2866665,0.000,0.000,0.0,0,0.000,0.000,0.0,0
2866705,0.000,0.000,0.0,0,0.000,0.000,0.0,0
2866745,0.000,0.000,0.0,0,0.000,0.000,0.0,0
2866785,0.000,0.000,0.0,0,0.000,0.000,0.0,0
2866825,0.000,0.000,0.0,0,0.000,0.000,0.0,0
2866865,0.000,0.000,0.0,0,0.000,0.000,0.0,0
2866905,0.000,0.000,0.0,0,0.000,0.000,0.0,0
2866945,0.000,0.000,0.0,0,0.000,0.000,0.0,0
2866985,0.000,0.000,0.0,0,0.000,0.000,0.0,0
2867025,0.000,0.000,0.0,0,0.000,0.000,0.0,0
2867065,0.000,0.000,0.0,0,0.000,0.000,0.0,0
2867105,0.000,0.000,0.0,0,0.000,0.000,0.0,0
2867145,0.000,0.000,0.0,0,0.000,0.000,0.0,0
2867185,0.000,0.000,0.0,0,0.000,0.000,0.0,0
2867225,0.000,0.000,0.0,0,0.000,0.000,0.0,0
2867265,0.000,0.000,0.0,0,0.000,0.000,0.0,0
2867305,0.000,0.000,0.0,0,0.000,0.000,0.0,0
2867345,0.000,0.000,0.0,0,0.000,0.000,0.0,0
2867385,0.000,0.000,0.0,0,0.000,0.000,0.0,0
2867425,0.000,0.000,0.0,0,0.000,0.000,0.0,0
2867465,0.000,0.000,0.0,0,0.000,0.000,0.0,0
2867505,0.000,0.000,0.0,0,0.000,0.000,0.0,0
2867545,0.000,0.000,0.0,0,0.000,0.000,0.0,0
2867585,0.000,0.000,0.0,0,0.000,0.000,0.0,0
2867625,0.000,0.000,0.0,0,0.000,0.000,0.0,0
2867665,0.000,0.000,0.0,0,0.000,0.000,0.0,0
2867705,0.000,0.000,0.0,0,0.000,0.000,0.0,0
2867745,0.000,0.000,0.0,0,0.000,0.000,0.0,0
2867785,0.000,0.000,0.0,0,0.000,0.000,0.0,0
2867825,0.000,0.000,0.0,0,0.000,0.000,0.0,0
2867865,0.000,0.000,0.0,0,0.000,0.000,0.0,0
2867905,0.000,0.000,0.0,0,0.000,0.000,0.0,0
2867945,0.000,0.000,0.0,0,0.000,0.000,0.0,0
2867985,0.000,0.000,0.0,0,0.000,0.000,0.0,0
2868025,0.000,0.000,0.0,0,0.000,0.000,0.0,0
2868065,0.000,0.000,0.0,0,0.000,0.000,0.0,0
2868105,0.000,0.000,0.0,0,0.000,0.000,0.0,0
2868145,0.000,0.000,0.0,0,0.000,0.000,0.0,0
2868185,0.000,0.000,0.0,0,0.000,0.000,0.0,0
2868225,0.000,0.000,0.0,0,0.000,0.000,0.0,0
2868265,0.000,0.000,0.0,0,0.000,0.000,0.0,0
2868305,0.000,0.000,0.0,0,0.000,0.000,0.0,0
2868345,0.000,0.000,0.0,0,0.000,0.000,0.0,0
2868385,0.000,0.000,0.0,0,0.000,0.000,0.0,0
2868425,0.000,0.000,0.0,0,0.000,0.000,0.0,0
2868465,0.000,0.000,0.0,0,0.000,0.000,0.0,0
2868505,0.000,0.000,0.0,0,0.000,0.000,0.0,0
2868545,0.000,0.000,0.0,0,0.000,0.000,0.0,0
2868585,0.000,0.000,0.0,0,0.000,0.000,0.0,0
2868625,0.000,0.000,0.0,0,0.000,0.000,0.0,0
2868665,0.000,0.000,0.0,0,0.000,0.000,0.0,0
2868705,0.000,0.000,0.0,0,0.000,0.000,0.0,0
2868745,0.000,0.000,0.0,0,0.000,0.000,0.0,0
2868785,0.000,0.000,0.0,0,0.000,0.000,0.0,0
2868825,0.000,0.000,0.0,0,0.000,0.000,0.0,0
2868865,0.000,0.000,0.0,0,0.000,0.000,0.0,0
2868905,0.000,0.000,0.0,0,0.000,0.000,0.0,0
2868945,0.000,0.000,0.0,0,0.000,0.000,0.0,0
2868985,0.000,0.000,0.0,0,0.000,0.000,0.0,0
2869025,0.000,0.000,0.0,0,0.000,0.000,0.0,0
2869065,0.000,0.000,0.0,0,0.000,0.000,0.0,0
2869105,0.000,0.000,0.0,0,0.000,0.000,0.0,0
2869145,0.000,0.000,0.0,0,0.000,0.000,0.0,0
2869185,0.000,0.000,0.0,0,0.000,0.000,0.0,0
2869225,0.000,0.000,0.0,0,0.000,0.000,0.0,0
2869265,0.000,0.000,0.0,0,0.000,0.000,0.0,0
2869305,0.000,0.000,0.0,0,0.000,0.000,0.0,0
2869345,0.000,0.000,0.0,0,0.000,0.000,0.0,0
2869385,0.000,0.000,0.0,0,0.000,0.000,0.0,0
2869425,0.000,0.000,0.0,0,0.000,0.000,0.0,0
2869465,0.000,0.000,0.0,0,0.000,0.000,0.0,0
2869505,0.000,0.000,0.0,0,0.000,0.000,0.0,0
2869545,0.000,0.000,0.0,0,0.000,0.000,0.0,0
2869585,0.000,0.000,0.0,0,0.000,0.000,0.0,0
2869625,0.000,0.000,0.0,0,0.000,0.000,0.0,0
2869665,0.000,0.000,0.0,0,0.000,0.000,0.0,0
2869705,0.000,0.000,0.0,0,0.000,0.000,0.0,0
2869745,0.000,0.000,0.0,0,0.000,0.000,0.0,0
2869785,0.000,0.000,0.0,0,0.000,0.000,0.0,0
2869825,0.000,0.000,0.0,0,0.000,0.000,0.0,0
2869865,0.000,0.000,0.0,0,0.000,0.000,0.0,0
2869905,0.000,0.000,0.0,0,0.000,0.000,0.0,0
2869945,0.000,0.000,0.0,0,0.000,0.000,0.0,0
2869985,0.000,0.000,0.0,0,0.000,0.000,0.0,0
2870025,0.000,0.000,0.0,0,0.000,0.000,0.0,0
2870065,0.000,0.000,0.0,0,0.000,0.000,0.0,0
2870105,0.000,0.000,0.0,0,0.000,0.000,0.0,0
2870145,0.000,0.000,0.0,0,0.000,0.000,0.0,0
2870185,0.000,0.000,0.0,0,0.000,0.000,0.0,0
2870225,0.000,0.000,0.0,0,0.000,0.000,0.0,0
2870265,0.000,0.000,0.0,0,0.000,0.000,0.0,0
2870305,0.000,0.000,0.0,0,0.000,0.000,0.0,0
2870345,0.000,0.000,0.0,0,0.000,0.000,0.0,0
2870385,0.000,0.000,0.0,0,0.000,0.000,0.0,0
2870425,0.000,0.000,0.0,0,0.000,0.000,0.0,0
2870465,0.000,0.000,0.0,0,0.000,0.000,0.0,0
2870505,0.000,0.000,0.0,0,0.000,0.000,0.0,0
2870545,0.000,0.000,0.0,0,0.000,0.000,0.0,0
2870585,0.000,0.000,0.0,0,0.000,0.000,0.0,0
2870625,0.000,0.000,0.0,0,0.000,0.000,0.0,0
2870665,0.000,0.000,0.0,0,0.000,0.000,0.0,0
2870705,0.000,0.000,0.0,0,0.000,0.000,0.0,0
2870745,0.000,0.000,0.0,0,0.000,0.000,0.0,0
2870785,0.000,0.000,0.0,0,0.000,0.000,0.0,0
2870825,0.000,0.000,0.0,0,0.000,0.000,0.0,0
2870865,0.000,0.000,0.0,0,0.000,0.000,0.0,0
2870905,0.000,0.000,0.0,0,0.000,0.000,0.0,0
2870945,0.000,0.000,0.0,0,0.000,0.000,0.0,0
2870985,0.000,0.000,0.0,0,0.000,0.000,0.0,0
2871025,0.000,0.000,0.0,0,0.000,0.000,0.0,0
2871065,0.000,0.000,0.0,0,0.000,0.000,0.0,0
2871105,0.000,0.000,0.0,0,0.000,0.000,0.0,0
2871145,0.000,0.000,0.0,0,0.000,0.000,0.0,0
2871185,0.000,0.000,0.0,0,0.000,0.000,0.0,0
2871225,0.000,0.000,0.0,0,0.000,0.000,0.0,0
2871265,0.000,0.000,0.0,0,0.000,0.000,0.0,0
2871305,0.000,0.000,0.0,0,0.000,0.000,0.0,0
2871345,0.000,0.000,0.0,0,0.000,0.000,0.0,0
2871385,0.000,0.000,0.0,0,0.000,0.000,0.0,0
2871425,0.000,0.000,0.0,0,0.000,0.000,0.0,0
2871465,0.000,0.000,0.0,0,0.000,0.000,0.0,0
2871505,0.000,0.000,0.0,0,0.000,0.000,0.0,0
2871545,0.000,0.000,0.0,0,0.000,0.000,0.0,0
2871585,0.000,0.000,0.0,0,0.000,0.000,0.0,0
2871625,0.000,0.000,0.0,0,0.000,0.000,0.0,0
2871665,0.000,0.000,0.0,0,0.000,0.000,0.0,0
2871705,0.000,0.000,0.0,0,0.000,0.000,0.0,0
2871745,0.000,0.000,0.0,0,0.000,0.000,0.0,0
2871785,0.000,0.000,0.0,0,0.000,0.000,0.0,0
2871825,0.000,0.000,0.0,0,0.000,0.000,0.0,0
2871865,0.000,0.000,0.0,0,0.000,0.000,0.0,0
2871905,0.000,0.000,0.0,0,0.000,0.000,0.0,0
2871945,0.000,0.000,0.0,0,0.000,0.000,0.0,0
2871985,0.000,0.000,0.0,0,0.000,0.000,0.0,0
2872025,0.000,0.000,0.0,0,0.000,0.000,0.0,0
2872065,0.000,0.000,0.0,0,0.000,0.000,0.0,0
2872105,0.000,0.000,0.0,0,0.000,0.000,0.0,0
2872145,0.000,0.000,0.0,0,0.000,0.000,0.0,0
2872185,0.000,0.000,0.0,0,0.000,0.000,0.0,0
2872225,0.000,0.000,0.0,0,0.000,0.000,0.0,0
2872265,0.000,0.000,0.0,0,0.000,0.000,0.0,0
2872305,0.000,0.000,0.0,0,0.000,0.000,0.0,0
2872345,0.000,0.000,0.0,0,0.000,0.000,0.0,0
2872385,0.000,0.000,0.0,0,0.000,0.000,0.0,0
2872425,3.846,0.000,44.6,24,3.846,0.000,44.6,24
2872465,3.846,0.000,50.8,48,3.846,0.000,50.8,48
2872505,3.846,0.000,56.9,56,3.846,0.000,56.9,56
2872545,3.846,0.782,0.0,0,3.846,0.845,0.0,0
2872585,3.846,1.595,50.1,12,3.846,1.412,52.2,12
2872625,3.846,2.080,39.9,19,3.846,2.018,26.3,24
2872665,3.846,2.199,37.8,37,3.846,2.049,48.8,48
2872705,3.846,2.596,32.5,32,3.846,2.683,5.3,5
2872745,3.846,3.275,3.8,3,3.846,3.059,19.0,18
2872785,3.846,3.238,44.0,27,3.846,3.207,56.2,28
2872825,3.846,3.064,65.7,51,3.846,3.159,44.9,44
2872865,3.846,3.287,22.4,22,3.846,3.032,61.6,58
2872905,3.846,3.570,20.9,20,3.846,3.484,6.3,6
2872945,3.846,3.865,40.5,22,3.846,3.994,0.7,0
2872985,3.846,3.893,36.5,36,3.846,3.936,48.1,24
2873025,3.846,3.788,39.1,39,3.846,4.056,43.2,34
2873065,3.846,3.807,31.4,31,3.846,4.169,23.0,23
2873105,3.846,3.913,41.3,39,3.846,4.337,11.6,11
2873145,3.846,4.104,29.7,29,3.846,4.348,25.3,25
2873185,3.846,4.089,37.8,37,3.846,4.471,44.8,18
2873225,3.846,4.111,29.6,29,3.846,4.386,54.9,27
2873265,3.846,4.121,39.6,39,3.846,4.318,46.7,34
2873305,3.846,4.102,37.0,37,3.846,4.620,0.4,0
2873345,3.846,4.216,34.6,34,3.846,4.753,0.0,0
2873385,3.846,4.182,38.6,38,3.846,4.631,17.1,17
2873425,3.846,4.211,25.7,25,3.846,4.478,25.2,25
2873465,3.846,4.132,33.3,33,3.846,4.476,27.1,27
2873505,3.846,4.060,34.9,34,3.846,4.493,34.0,22
2873545,3.846,4.106,41.8,30,3.846,4.426,36.4,27
2873585,3.846,3.997,44.8,44,3.846,4.397,25.4,25
2873625,3.846,4.151,17.8,17,3.846,4.453,16.4,16
2873665,3.846,4.063,29.5,29,3.846,4.429,13.8,13
2873705,3.846,3.984,29.0,28,3.846,4.382,13.7,13
2873745,3.846,3.947,51.0,28,3.846,4.383,21.5,21
2873785,3.846,3.997,24.4,24,3.846,4.255,31.3,31
2873825,3.846,3.897,30.4,30,3.846,4.192,27.5,27
2873865,3.846,3.820,24.2,24,3.846,4.201,22.2,22
2873905,3.846,3.722,60.1,29,3.846,4.194,11.0,11
2873945,3.846,3.934,21.9,21,3.846,4.174,15.4,15
2873985,3.846,3.785,25.5,25,3.846,4.037,25.0,24
2874025,3.846,3.684,54.4,36,3.846,4.033,27.6,21
2874065,3.846,3.670,46.0,38,3.846,3.982,28.0,26
2874105,3.846,3.906,6.0,5,3.846,4.123,6.1,6
2874145,3.846,3.613,50.9,29,3.846,4.062,11.7,11
2874185,3.846,3.656,51.3,27,3.846,3.854,23.5,23
2874225,3.846,3.580,29.7,29,3.846,3.748,42.8,18
2874265,3.846,3.519,50.0,44,3.846,3.966,0.0,0
2874305,3.846,3.796,17.5,17,3.846,3.895,12.4,12
2874345,3.846,3.665,40.5,40,3.846,3.922,24.2,22
2874385,3.846,3.687,50.5,33,3.846,3.937,31.5,14
2874425,3.846,3.632,48.2,45,3.846,4.053,0.0,0
2874465,3.846,3.863,20.1,20,3.846,4.031,11.4,11
2874505,3.846,3.805,34.6,34,3.846,4.068,22.8,17
2874545,3.846,3.856,44.9,34,3.846,4.240,8.6,8
2874585,3.846,3.803,37.6,37,3.846,4.194,8.1,8
2874625,3.846,3.865,29.8,29,3.846,4.035,11.9,11
2874665,3.846,3.851,29.8,29,3.846,4.148,21.8,12
2874705,3.846,3.909,40.6,37,3.846,4.231,26.5,12
2874745,3.846,3.951,39.4,38,3.846,4.208,27.5,12
2874785,3.846,4.054,33.5,33,3.846,4.455,0.0,0
2874825,3.846,4.002,31.1,31,3.846,4.297,8.2,8
2874865,3.846,3.983,36.9,36,3.846,4.083,14.2,14
2874905,3.846,3.948,36.8,36,3.846,4.058,29.9,12
2874945,3.846,4.066,33.1,33,3.846,4.022,22.3,17
2874985,3.846,4.046,37.1,37,3.846,4.156,0.0,0
2875025,3.846,4.105,22.3,22,3.846,4.035,11.4,11
2875065,3.846,3.993,36.9,36,3.846,4.052,10.6,10
2875105,3.846,4.024,36.5,36,3.846,4.017,16.7,16
2875145,3.846,4.035,41.7,31,3.846,4.045,7.1,7
2875185,3.846,4.078,22.3,22,3.846,3.937,10.7,10
2875225,3.846,3.980,29.4,29,3.846,3.867,8.7,8
2875265,3.846,3.880,31.2,31,3.846,3.764,23.8,23
2875305,3.846,3.883,43.5,31,3.846,3.866,9.9,9
2875345,3.846,4.037,16.7,16,3.846,3.862,7.7,7
2875385,3.846,3.932,27.6,27,3.846,3.822,16.1,16
2875425,3.846,3.823,32.1,32,3.846,3.723,23.0,22
2875465,3.846,3.816,48.1,28,3.846,3.792,12.2,12
2875505,3.846,4.018,16.8,16,3.846,3.808,7.6,7
2875545,3.846,3.875,21.9,21,3.846,3.661,23.1,23
2875585,3.846,3.765,21.6,21,3.846,3.612,26.7,21
2875625,3.846,3.663,52.4,36,3.846,3.655,10.1,10
2875665,3.846,3.901,9.2,9,3.846,3.620,10.6,10
2875705,3.846,3.684,43.2,33,3.846,3.597,19.9,19
2875745,3.846,3.811,45.1,19,3.846,3.564,30.6,19
2875785,3.846,3.883,11.1,11,3.846,3.684,4.1,4
2875825,3.846,3.688,42.6,35,3.846,3.489,19.0,19
2875865,3.846,3.626,47.4,40,3.846,3.449,36.5,19
2875905,3.846,3.870,17.1,17,3.846,3.669,1.5,1
2875945,3.846,3.718,36.3,36,3.846,3.500,27.6,25
2875985,3.846,3.716,50.2,30,3.846,3.506,33.2,19
2876025,3.846,3.843,18.7,18,3.846,3.607,4.0,4
2876065,3.846,3.799,28.4,28,3.846,3.474,29.9,28
2876105,3.846,3.832,26.0,25,3.846,3.686,18.4,14
2876145,3.846,3.916,41.7,27,3.846,3.738,7.8,7
2876185,3.846,3.972,24.9,24,3.846,3.631,39.4,25
2876225,3.846,3.949,28.0,28,3.846,3.732,13.5,13
2876265,3.846,3.893,28.0,27,3.846,3.673,12.2,12
2876305,3.846,3.897,40.1,36,3.846,3.643,14.2,14
2876345,3.846,3.960,33.5,33,3.846,3.647,38.0,18
2876385,3.846,3.987,34.3,34,3.846,3.782,7.0,6
2876425,3.846,3.962,25.8,25,3.846,3.584,27.5,27
2876465,3.846,3.927,38.1,38,3.846,3.659,36.4,14
2876505,3.846,3.981,32.9,32,3.846,3.888,0.0,0
2876545,3.846,4.031,35.9,31,3.846,3.918,8.4,8
2876585,3.846,3.992,27.3,27,3.846,3.677,29.7,29
2876625,3.846,3.935,30.9,30,3.846,3.622,38.4,27
2876665,3.846,3.877,30.4,30,3.846,3.749,9.4,9
2876705,3.846,3.951,35.0,30,3.846,3.682,21.8,21
2876745,3.846,4.053,16.4,16,3.846,3.663,36.6,26
2876785,3.846,4.028,23.4,23,3.846,3.716,20.5,20
2876825,3.846,3.862,32.7,32,3.846,3.615,27.3,27
2876865,3.846,3.883,40.6,29,3.846,3.630,29.4,29
2876905,3.846,3.956,20.9,20,3.846,3.599,35.6,32
2876945,3.846,3.983,18.0,17,3.846,3.661,28.5,28
2876985,3.846,3.784,33.3,33,3.846,3.627,21.6,21
2877025,3.846,3.754,44.4,33,3.846,3.562,34.7,34
2877065,3.846,3.890,15.7,15,3.846,3.627,29.5,29
2877105,3.846,3.866,18.4,18,3.846,3.668,19.1,19
2877145,3.846,3.794,38.8,38,3.846,3.592,38.5,38
2877185,3.846,3.781,49.7,25,3.846,3.673,26.7,26
2877225,3.846,4.048,18.2,18,3.846,3.728,21.6,21
2877265,3.846,3.926,22.4,22,3.846,3.776,19.7,19
2877305,3.846,3.736,37.1,37,3.846,3.665,31.0,31
2877345,3.846,3.902,43.0,12,3.846,3.653,38.5,33
2877385,3.846,4.016,6.1,6,3.846,3.811,15.7,15
2877425,3.846,3.737,47.5,30,3.846,3.646,30.8,30
2877465,3.846,3.871,24.9,24,3.846,3.586,43.9,35
2877505,3.846,3.965,12.6,12,3.846,3.791,9.0,8
2877545,3.846,3.847,29.8,29,3.846,3.722,21.6,21
2877585,3.846,3.824,48.9,25,3.846,3.605,28.5,28
2877625,3.846,3.874,19.6,19,3.846,3.589,48.4,28
2877665,3.846,3.775,29.1,29,3.846,3.708,14.3,14
2877705,3.846,3.785,25.4,25,3.846,3.584,37.0,36
2877745,3.846,3.844,39.5,27,3.846,3.772,32.7,23
2877785,3.846,3.896,24.1,24,3.846,3.790,17.2,17
2877825,3.846,3.820,30.8,30,3.846,3.612,51.0,41
2877865,3.846,3.882,23.5,23,3.846,3.595,46.0,34
2877905,3.846,3.903,35.5,34,3.846,3.883,18.2,18
2877945,3.846,4.009,26.2,26,3.846,3.788,28.9,28
2877985,3.846,3.952,25.8,25,3.846,3.795,51.6,22
2878025,3.846,3.936,23.6,23,3.846,3.939,17.5,17
2878065,3.846,3.842,39.0,39,3.846,3.837,26.0,25
2878105,3.846,3.905,28.3,28,3.846,3.726,30.4,30
2878145,3.846,3.919,22.7,22,3.846,3.800,48.9,18
2878185,3.846,4.001,20.4,20,3.846,3.976,12.4,12
2878225,3.846,3.870,36.1,36,3.846,3.831,29.2,29
2878265,3.846,3.875,35.1,34,3.846,3.762,27.1,27
2878305,3.846,3.922,29.2,29,3.846,3.847,40.7,25
2878345,3.846,4.055,14.5,14,3.846,4.000,16.7,16
2878385,3.846,3.913,31.8,31,3.846,3.848,36.9,36
2878425,3.846,3.830,42.9,34,3.846,3.819,41.3,36
2878465,3.846,3.816,35.1,35,3.846,3.808,40.6,35
2878505,3.846,4.023,12.3,12,3.846,3.943,23.2,23
2878545,3.846,3.972,24.2,24,3.846,3.931,25.2,25
2878585,3.846,3.966,27.6,27,3.846,3.910,38.4,36
2878625,3.846,3.927,41.2,28,3.846,3.830,41.8,40
2878665,3.846,4.060,11.3,11,3.846,3.972,24.5,24
2878705,3.846,4.010,14.5,14,3.846,3.958,22.6,22
2878745,3.846,3.922,14.2,14,3.846,3.971,24.3,24
2878785,3.846,3.804,50.4,27,3.846,3.834,40.0,40
2878825,3.846,3.999,15.1,15,3.846,3.881,31.5,31
2878865,3.846,3.934,15.6,15,3.846,3.900,22.1,22
2878905,3.846,3.800,31.7,31,3.846,3.881,29.9,29
2878945,3.846,3.984,37.8,12,3.846,3.853,27.5,27
2878985,3.846,3.998,14.6,14,3.846,3.861,41.3,29
2879025,3.846,3.942,17.6,17,3.846,3.943,20.4,20
2879065,3.846,3.808,43.0,36,3.846,3.837,27.4,27
2879105,3.846,4.006,9.5,9,3.846,3.783,25.1,25
2879145,3.846,3.950,17.1,17,3.846,3.797,48.3,22
2879185,3.846,3.822,26.4,26,3.846,3.934,16.8,16
2879225,3.846,3.822,41.8,23,3.846,3.709,35.1,35
2879265,3.846,3.884,16.3,16,3.846,3.726,44.7,28
2879305,3.846,3.789,28.2,28,3.846,3.665,40.0,39
2879345,3.846,3.860,33.0,25,3.846,3.890,7.7,7
2879385,3.846,3.838,38.2,28,3.846,3.681,45.4,31
2879425,3.846,3.840,25.3,25,3.846,3.767,34.9,32
2879465,3.846,3.751,25.2,25,3.846,3.733,21.9,21
2879505,3.846,3.820,29.2,29,3.846,3.710,48.7,30
2879545,3.846,3.864,31.3,29,3.846,3.753,44.9,27
2879585,3.846,3.930,26.6,26,3.846,3.952,13.9,13
2879625,3.846,3.877,23.3,23,3.846,3.739,33.9,33
2879665,3.846,3.819,34.1,34,3.846,3.729,47.7,30
2879705,3.846,3.840,29.4,29,3.846,3.919,10.3,10
2879745,3.846,3.925,28.9,26,3.846,4.037,9.2,9
2879785,3.846,3.926,21.9,21,3.846,3.762,40.2,33
2879825,3.846,3.777,35.7,35,3.846,3.712,52.5,29
2879865,3.846,3.764,30.4,30,3.846,3.838,15.9,15
2879905,3.846,3.855,31.0,24,3.846,3.732,35.7,35
2879945,3.846,3.974,12.1,12,3.846,3.788,35.0,34
2879985,3.846,3.869,28.3,28,3.846,3.799,46.5,29
2880025,3.846,3.851,28.0,28,3.846,3.848,25.0,24
2880065,3.846,3.844,37.4,27,3.846,3.760,33.3,33
2880105,3.846,3.977,13.5,13,3.846,3.820,38.9,32
2880145,3.846,3.881,25.0,24,3.846,3.784,41.3,40
2880185,3.846,3.896,24.5,24,3.846,3.894,28.1,28
2880225,3.846,3.865,41.4,24,3.846,3.863,26.2,26
2880265,3.846,4.012,10.4,10,3.846,3.798,45.7,38
2880305,3.846,3.950,11.6,11,3.846,3.791,41.8,36
2880345,3.846,3.883,32.2,32,3.846,3.842,35.2,35
2880385,3.846,3.844,45.4,19,3.846,3.881,22.2,22
2880425,3.846,4.092,12.4,12,3.846,3.831,42.5,39
2880465,3.846,3.958,17.0,16,3.846,3.848,36.6,36
2880505,3.846,3.771,30.9,30,3.846,3.842,39.3,38
2880545,3.846,3.929,37.1,12,3.846,3.922,20.2,20
2880585,3.846,4.122,0.0,0,3.846,3.861,34.1,34
2880625,3.846,3.945,30.2,24,3.846,3.900,40.5,30
2880665,3.846,3.807,41.7,33,3.846,3.790,52.0,34
2880705,3.846,3.981,9.6,9,3.846,3.868,23.6,23
2880745,3.846,3.842,24.3,24,3.846,3.772,31.5,31
2880785,3.846,3.890,35.1,19,3.846,3.761,51.9,26
2880825,3.846,3.798,43.7,25,3.846,3.871,20.2,20
2880865,3.846,3.821,16.3,16,3.846,3.725,30.8,30
2880905,3.846,3.684,27.7,27,3.846,3.612,36.0,36
2880945,3.846,3.762,32.4,23,3.846,3.722,45.2,23
2880985,3.846,3.848,18.2,18,3.846,3.826,18.4,18
2881025,3.846,3.755,25.2,25,3.846,3.573,52.5,42
2881065,3.846,3.724,19.9,19,3.846,3.716,33.4,33
2881105,3.846,3.753,31.3,30,3.846,3.741,19.6,19
2881145,3.846,3.888,20.5,20,3.846,3.809,41.9,31
2881185,3.846,3.830,23.8,23,3.846,3.718,53.0,37
2881225,3.846,3.772,31.2,31,3.846,3.886,17.4,17
2881265,3.846,3.741,33.4,33,3.846,3.712,35.2,35
2881305,3.846,3.792,28.9,28,3.846,3.743,48.9,30
2881345,3.846,3.822,18.9,18,3.846,3.895,14.7,14
2881385,3.846,3.770,29.2,29,3.846,3.940,17.4,17
2881425,3.846,3.780,32.4,31,3.846,3.666,41.7,41
2881465,3.846,3.708,32.2,32,3.846,3.649,55.2,30
2881505,3.846,3.805,17.0,16,3.846,3.807,19.0,19
2881545,3.846,3.718,30.9,30,3.846,3.700,37.9,37
2881585,3.846,3.732,37.7,27,3.846,3.748,46.6,32
2881625,3.846,3.796,19.9,19,3.846,3.729,33.2,33
2881665,3.846,3.697,27.5,27,3.846,3.848,25.0,24
2881705,3.846,3.763,26.8,26,3.846,3.799,31.4,31
2881745,3.846,3.783,38.5,26,3.846,3.827,42.2,39
2881785,3.846,3.952,11.2,11,3.846,3.908,30.4,30
2881825,3.846,3.823,26.7,26,3.846,3.910,30.1,30
2881865,3.846,3.855,35.1,27,3.846,3.889,28.5,28
2881905,3.846,3.782,48.1,24,3.846,3.828,47.5,41
2881945,3.846,3.960,14.9,14,3.846,3.941,31.0,31
2881985,3.846,3.830,16.7,16,3.846,3.874,37.1,37
2882025,3.846,3.713,50.2,28,3.846,3.906,26.5,26
2882065,3.846,3.698,44.4,25,3.846,3.847,42.4,42
2882105,3.846,3.979,0.2,0,3.846,3.919,34.9,34
2882145,3.846,3.752,36.4,24,3.846,3.878,38.3,38
2882185,3.846,3.871,40.6,12,3.846,3.958,23.9,23
2882225,3.846,3.887,16.3,16,3.846,3.866,36.4,36
2882265,3.846,3.859,15.9,15,3.846,3.876,44.8,35
2882305,3.846,3.729,44.7,35,3.846,3.787,48.1,43
2882345,3.846,3.923,10.9,10,3.846,3.946,23.6,23
2882385,3.846,3.785,28.6,28,3.846,3.836,34.0,34
2882425,3.846,3.760,43.7,26,3.846,3.799,54.6,30
2882465,3.846,3.696,40.4,35,3.846,3.918,20.5,20
2882505,3.846,3.869,13.4,13,3.846,3.952,18.3,18
2882545,3.846,3.755,29.4,29,3.846,3.736,42.8,42
2882585,3.846,3.745,39.6,30,3.846,3.806,45.2,29
2882625,3.846,3.783,22.2,22,3.846,3.850,19.7,19
2882665,3.846,3.723,26.2,26,3.846,3.647,52.0,43
2882705,3.846,3.737,21.3,21,3.846,3.690,46.7,34
2882745,3.846,3.758,34.0,33,3.846,3.925,26.9,26
2882785,3.846,3.837,27.8,27,3.846,3.860,25.7,25
2882825,3.846,3.846,21.4,21,3.846,3.819,53.0,32
2882865,3.846,3.853,31.7,31,3.846,3.906,34.8,34
2882905,3.846,3.795,35.3,35,3.846,4.008,14.3,14
2882945,3.846,3.891,28.0,27,3.846,3.844,37.5,37
2882985,3.846,3.940,19.2,19,3.846,3.905,48.0,25
2883025,3.846,3.908,29.1,29,3.846,3.845,32.7,32
2883065,3.846,3.808,33.8,33,3.846,4.011,15.7,15
2883105,3.846,3.841,36.4,28,3.846,3.802,39.1,39
2883145,3.846,3.865,20.8,20,3.846,3.820,47.8,31
2883185,3.846,3.764,33.8,33,3.846,3.909,18.2,18
2883225,3.846,3.822,28.3,28,3.846,3.865,30.7,30
2883265,3.846,3.829,39.8,28,3.846,3.828,32.4,32
2883305,3.846,3.953,15.7,15,3.846,3.847,46.3,32
2883345,3.846,3.846,29.9,29,3.846,3.936,24.8,24
2883385,3.846,3.887,25.8,25,3.846,3.959,27.0,26
2883425,3.846,3.881,43.9,23,3.846,3.932,28.8,28
2883465,3.846,3.989,17.9,17,3.846,3.877,45.8,39
2883505,3.846,3.818,31.2,31,3.846,3.957,26.6,26
2883545,3.846,3.850,37.2,26,3.846,3.894,32.4,32
2883585,3.846,3.724,54.0,26,3.846,3.881,26.9,26
2883625,3.846,3.960,15.8,15,3.846,3.790,44.1,44
2883665,3.846,3.845,17.6,17,3.846,3.918,27.6,27
2883705,3.846,3.764,48.0,28,3.846,3.835,31.2,31
2883745,3.846,3.753,39.9,30,3.846,3.890,24.0,24
2883785,3.846,4.032,0.0,0,3.846,3.828,38.1,38
2883825,3.846,3.820,39.5,24,3.846,3.915,39.1,30
2883865,3.846,3.960,40.0,12,3.846,3.866,34.1,34
2883905,3.846,3.908,24.9,24,3.846,3.934,25.7,25
2883945,3.846,3.817,23.2,23,3.846,3.789,34.4,34
2883985,3.846,3.834,42.5,22,3.846,3.789,46.5,33
2884025,3.846,3.974,12.9,12,3.846,3.940,17.5,17
2884065,3.846,3.866,23.2,23,3.846,3.796,30.7,30
2884105,3.846,3.723,29.6,29,3.846,3.709,29.1,29
2884145,3.846,3.809,36.4,23,3.846,3.779,48.3,25
2884185,3.846,3.951,18.0,17,3.846,3.892,19.6,19
2884225,3.846,3.744,35.9,35,3.846,3.667,49.4,43
2884265,3.846,3.671,40.7,37,3.846,3.711,44.1,35
2884305,3.846,3.642,37.2,37,3.846,3.731,18.4,18
2884345,3.846,3.826,21.0,21,3.846,3.759,38.2,38
2884385,3.846,3.850,21.1,21,3.846,3.730,50.1,36
2884425,3.846,3.825,34.7,34,3.846,3.963,21.1,21
2884465,3.846,3.914,25.9,25,3.846,3.782,36.1,36
2884505,3.846,3.859,28.8,28,3.846,3.796,53.8,26
2884545,3.846,3.815,25.8,25,3.846,3.681,52.3,43
2884585,3.846,3.733,34.7,34,3.846,3.916,14.2,14
2884625,0.000,3.861,0.0,0,0.000,3.758,0.0,0
2884665,0.000,3.840,0.0,0,0.000,3.737,0.0,0
2884705,0.000,3.604,0.0,0,0.000,3.740,0.0,0
2884745,0.000,3.453,0.0,0,0.000,3.413,0.0,0
2884785,0.000,3.336,0.0,0,0.000,3.245,0.0,0
2884825,0.000,3.088,0.0,0,0.000,3.172,0.0,0
2884865,0.000,3.075,0.0,0,0.000,2.982,0.0,0
2884905,0.000,2.766,0.0,0,0.000,2.827,0.0,0
2884945,0.000,2.685,0.0,0,0.000,2.622,0.0,0
2884985,0.000,2.475,0.0,0,0.000,2.481,0.0,0
2885025,0.000,2.211,0.0,0,0.000,2.372,0.0,0
2885065,0.000,2.211,0.0,0,0.000,2.151,0.0,0
2885105,0.000,1.992,0.0,0,0.000,1.989,0.0,0
2885145,0.000,1.817,0.0,0,0.000,1.832,0.0,0
2885185,0.000,1.627,0.0,0,0.000,1.575,0.0,0
2885225,0.000,1.627,0.0,0,0.000,1.575,0.0,0
2885265,0.000,1.329,0.0,0,0.000,1.575,0.0,0
2885305,0.000,1.329,0.0,0,0.000,1.304,0.0,0
2885345,0.000,1.329,0.0,0,0.000,1.304,0.0,0
2885385,0.000,1.329,0.0,0,0.000,1.304,0.0,0
2885425,0.000,0.000,0.0,0,0.000,1.304,0.0,0
2885465,0.000,0.000,0.0,0,0.000,0.000,0.0,0
2885505,0.000,0.000,0.0,0,0.000,0.000,0.0,0
2885545,0.000,0.000,0.0,0,0.000,0.000,0.0,0
2885585,0.000,0.000,0.0,0,0.000,0.000,0.0,0
2885625,0.000,0.000,0.0,0,0.000,0.000,0.0,0
2885665,0.000,0.000,0.0,0,0.000,0.000,0.0,0
2885705,0.000,0.000,0.0,0,0.000,0.000,0.0,0
2885745,0.000,0.000,0.0,0,0.000,0.000,0.0,0
2885785,0.000,0.000,0.0,0,0.000,0.000,0.0,0
2885825,0.000,0.000,0.0,0,0.000,0.000,0.0,0
2885865,0.000,0.000,0.0,0,0.000,0.000,0.0,0
2885905,0.000,0.000,0.0,0,0.000,0.000,0.0,0
2885945,0.000,0.000,0.0,0,0.000,0.000,0.0,0
2885985,0.000,0.000,0.0,0,0.000,0.000,0.0,0
2886025,0.000,0.000,0.0,0,0.000,0.000,0.0,0
2886065,0.000,0.000,0.0,0,0.000,0.000,0.0,0
2886105,0.000,0.000,0.0,0,0.000,0.000,0.0,0
2886145,0.000,0.000,0.0,0,0.000,0.000,0.0,0
2886185,0.000,0.000,0.0,0,0.000,0.000,0.0,0
2886225,0.000,0.000,0.0,0,0.000,0.000,0.0,0
2886265,0.000,0.000,0.0,0,0.000,0.000,0.0,0
2886305,0.000,0.000,0.0,0,0.000,0.000,0.0,0
2886345,0.000,0.000,0.0,0,0.000,0.000,0.0,0
2886385,0.000,0.000,0.0,0,0.000,0.000,0.0,0
2886425,0.000,0.000,0.0,0,0.000,0.000,0.0,0
2886465,0.000,0.000,0.0,0,0.000,0.000,0.0,0
2886505,0.000,0.000,0.0,0,0.000,0.000,0.0,0
2886545,0.000,0.000,0.0,0,0.000,0.000,0.0,0
2886585,0.000,0.000,0.0,0,0.000,0.000,0.0,0
2886625,0.000,0.000,0.0,0,0.000,0.000,0.0,0
2886665,0.000,0.000,0.0,0,0.000,0.000,0.0,0
2886705,0.000,0.000,0.0,0,0.000,0.000,0.0,0
2886745,0.000,0.000,0.0,0,0.000,0.000,0.0,0
2886785,0.000,0.000,0.0,0,0.000,0.000,0.0,0
2886825,0.000,0.000,0.0,0,0.000,0.000,0.0,0
2886865,0.000,0.000,0.0,0,0.000,0.000,0.0,0
2886905,0.000,0.000,0.0,0,0.000,0.000,0.0,0
2886945,0.000,0.000,0.0,0,0.000,0.000,0.0,0
2886985,0.000,0.000,0.0,0,0.000,0.000,0.0,0
2887025,0.000,0.000,0.0,0,0.000,0.000,0.0,0
2887065,0.000,0.000,0.0,0,0.000,0.000,0.0,0
2887105,0.000,0.000,0.0,0,0.000,0.000,0.0,0
2887145,0.000,0.000,0.0,0,0.000,0.000,0.0,0
2887185,0.000,0.000,0.0,0,0.000,0.000,0.0,0
2887225,0.000,0.000,0.0,0,0.000,0.000,0.0,0
2887265,0.000,0.000,0.0,0,0.000,0.000,0.0,0
2887305,0.000,0.000,0.0,0,0.000,0.000,0.0,0
2887345,0.000,0.000,0.0,0,0.000,0.000,0.0,0
2887385,0.000,0.000,0.0,0,0.000,0.000,0.0,0
2887425,0.000,0.000,0.0,0,0.000,0.000,0.0,0
2887465,0.000,0.000,0.0,0,0.000,0.000,0.0,0
2887505,0.000,0.000,0.0,0,0.000,0.000,0.0,0
2887545,0.000,0.000,0.0,0,0.000,0.000,0.0,0
2887585,0.000,0.000,0.0,0,0.000,0.000,0.0,0
2887625,0.000,0.000,0.0,0,0.000,0.000,0.0,0
2887665,0.000,0.000,0.0,0,0.000,0.000,0.0,0
2887705,0.000,0.000,0.0,0,0.000,0.000,0.0,0
2887745,0.000,0.000,0.0,0,0.000,0.000,0.0,0
2887785,0.000,0.000,0.0,0,0.000,0.000,0.0,0
2887825,0.000,0.000,0.0,0,0.000,0.000,0.0,0
2887865,0.000,0.000,0.0,0,0.000,0.000,0.0,0
2887905,0.000,0.000,0.0,0,0.000,0.000,0.0,0
2887945,0.000,0.000,0.0,0,0.000,0.000,0.0,0
2887985,0.000,0.000,0.0,0,0.000,0.000,0.0,0
2888025,0.000,0.000,0.0,0,0.000,0.000,0.0,0
2888065,0.000,0.000,0.0,0,0.000,0.000,0.0,0
2888105,0.000,0.000,0.0,0,0.000,0.000,0.0,0
2888145,0.000,0.000,0.0,0,0.000,0.000,0.0,0
2888185,0.000,0.000,0.0,0,0.000,0.000,0.0,0
2888225,0.000,0.000,0.0,0,0.000,0.000,0.0,0
2888265,0.000,0.000,0.0,0,0.000,0.000,0.0,0
2888305,0.000,0.000,0.0,0,0.000,0.000,0.0,0
2888345,0.000,0.000,0.0,0,0.000,0.000,0.0,0
2888385,0.000,0.000,0.0,0,0.000,0.000,0.0,0
2888425,0.000,0.000,0.0,0,0.000,0.000,0.0,0
2888465,0.000,0.000,0.0,0,0.000,0.000,0.0,0
2888505,0.000,0.000,0.0,0,0.000,0.000,0.0,0
2888545,0.000,0.000,0.0,0,0.000,0.000,0.0,0
2888585,0.000,0.000,0.0,0,0.000,0.000,0.0,0
2888625,0.000,0.000,0.0,0,0.000,0.000,0.0,0
2888665,0.000,0.000,0.0,0,0.000,0.000,0.0,0
2888705,0.000,0.000,0.0,0,0.000,0.000,0.0,0
2888745,0.000,0.000,0.0,0,0.000,0.000,0.0,0
2888785,0.000,0.000,0.0,0,0.000,0.000,0.0,0
2888825,0.000,0.000,0.0,0,0.000,0.000,0.0,0
2888865,0.000,0.000,0.0,0,0.000,0.000,0.0,0
2888905,0.000,0.000,0.0,0,0.000,0.000,0.0,0
2888945,0.000,0.000,0.0,0,0.000,0.000,0.0,0
2888985,0.000,0.000,0.0,0,0.000,0.000,0.0,0
2889025,0.000,0.000,0.0,0,0.000,0.000,0.0,0
2889065,0.000,0.000,0.0,0,0.000,0.000,0.0,0
2889105,0.000,0.000,0.0,0,0.000,0.000,0.0,0
2889145,0.000,0.000,0.0,0,0.000,0.000,0.0,0
2889185,0.000,0.000,0.0,0,0.000,0.000,0.0,0
2889225,0.000,0.000,0.0,0,0.000,0.000,0.0,0
2889265,0.000,0.000,0.0,0,0.000,0.000,0.0,0
2889305,0.000,0.000,0.0,0,0.000,0.000,0.0,0
2889345,0.000,0.000,0.0,0,0.000,0.000,0.0,0
2889385,0.000,0.000,0.0,0,0.000,0.000,0.0,0
2889425,0.000,0.000,0.0,0,0.000,0.000,0.0,0
2889465,0.000,0.000,0.0,0,0.000,0.000,0.0,0
2889505,0.000,0.000,0.0,0,0.000,0.000,0.0,0
2889545,0.000,0.000,0.0,0,0.000,0.000,0.0,0
2889585,0.000,0.000,0.0,0,0.000,0.000,0.0,0
2889625,0.000,0.000,0.0,0,0.000,0.000,0.0,0
2889665,0.000,0.000,0.0,0,0.000,0.000,0.0,0
2889705,0.000,0.000,0.0,0,0.000,0.000,0.0,0
2889745,0.000,0.000,0.0,0,0.000,0.000,0.0,0
2889785,0.000,0.000,0.0,0,0.000,0.000,0.0,0
2889825,0.000,0.000,0.0,0,0.000,0.000,0.0,0
2889865,0.000,0.000,0.0,0,0.000,0.000,0.0,0
2889905,0.000,0.000,0.0,0,0.000,0.000,0.0,0
2889945,0.000,0.000,0.0,0,0.000,0.000,0.0,0
2889985,0.000,0.000,0.0,0,0.000,0.000,0.0,0
2890025,0.000,0.000,0.0,0,0.000,0.000,0.0,0
2890065,0.000,0.000,0.0,0,0.000,0.000,0.0,0
2890105,0.000,0.000,0.0,0,0.000,0.000,0.0,0
2890145,0.000,0.000,0.0,0,0.000,0.000,0.0,0
2890185,0.000,0.000,0.0,0,0.000,0.000,0.0,0
2890225,0.000,0.000,0.0,0,0.000,0.000,0.0,0
2890265,0.000,0.000,0.0,0,0.000,0.000,0.0,0
2890305,0.000,0.000,0.0,0,0.000,0.000,0.0,0
2890345,0.000,0.000,0.0,0,0.000,0.000,0.0,0
2890385,0.000,0.000,0.0,0,0.000,0.000,0.0,0
2890425,0.000,0.000,0.0,0,0.000,0.000,0.0,0
2890465,0.000,0.000,0.0,0,0.000,0.000,0.0,0
2890505,0.000,0.000,0.0,0,0.000,0.000,0.0,0
2890545,0.000,0.000,0.0,0,0.000,0.000,0.0,0
2890585,0.000,0.000,0.0,0,0.000,0.000,0.0,0
2890625,0.000,0.000,0.0,0,0.000,0.000,0.0,0
2890665,0.000,0.000,0.0,0,0.000,0.000,0.0,0
2890705,0.000,0.000,0.0,0,0.000,0.000,0.0,0
2890745,0.000,0.000,0.0,0,0.000,0.000,0.0,0
2890785,0.000,0.000,0.0,0,0.000,0.000,0.0,0
2890825,0.000,0.000,0.0,0,0.000,0.000,0.0,0
2890865,0.000,0.000,0.0,0,0.000,0.000,0.0,0
2890905,0.000,0.000,0.0,0,0.000,0.000,0.0,0
2890945,0.000,0.000,0.0,0,0.000,0.000,0.0,0
2890985,0.000,0.000,0.0,0,0.000,0.000,0.0,0
2891025,0.000,0.000,0.0,0,0.000,0.000,0.0,0
2891065,0.000,0.000,0.0,0,0.000,0.000,0.0,0
2891105,0.000,0.000,0.0,0,0.000,0.000,0.0,0
2891145,0.000,0.000,0.0,0,0.000,0.000,0.0,0
2891185,0.000,0.000,0.0,0,0.000,0.000,0.0,0
2891225,0.000,0.000,0.0,0,0.000,0.000,0.0,0
2891265,0.000,0.000,0.0,0,0.000,0.000,0.0,0
2891305,0.000,0.000,0.0,0,0.000,0.000,0.0,0
2891345,0.000,0.000,0.0,0,0.000,0.000,0.0,0
2891385,0.000,0.000,0.0,0,0.000,0.000,0.0,0
2891425,0.000,0.000,0.0,0,0.000,0.000,0.0,0
2891465,0.000,0.000,0.0,0,0.000,0.000,0.0,0
2891505,0.000,0.000,0.0,0,0.000,0.000,0.0,0
2891545,0.000,0.000,0.0,0,0.000,0.000,0.0,0
2891585,0.000,0.000,0.0,0,0.000,0.000,0.0,0
2891625,0.000,0.000,0.0,0,0.000,0.000,0.0,0
2891665,0.000,0.000,0.0,0,0.000,0.000,0.0,0
2891705,0.000,0.000,0.0,0,0.000,0.000,0.0,0
2891745,0.000,0.000,0.0,0,0.000,0.000,0.0,0
2891785,0.000,0.000,0.0,0,0.000,0.000,0.0,0
2891825,0.000,0.000,0.0,0,0.000,0.000,0.0,0
2891865,0.000,0.000,0.0,0,0.000,0.000,0.0,0
2891905,0.000,0.000,0.0,0,0.000,0.000,0.0,0
2891945,0.000,0.000,0.0,0,0.000,0.000,0.0,0
2891985,0.000,0.000,0.0,0,0.000,0.000,0.0,0
2892025,0.000,0.000,0.0,0,0.000,0.000,0.0,0
2892065,0.000,0.000,0.0,0,0.000,0.000,0.0,0
2892105,0.000,0.000,0.0,0,0.000,0.000,0.0,0
2892145,0.000,0.000,0.0,0,0.000,0.000,0.0,0
2892185,0.000,0.000,0.0,0,0.000,0.000,0.0,0
2892225,0.000,0.000,0.0,0,0.000,0.000,0.0,0
2892265,0.000,0.000,0.0,0,0.000,0.000,0.0,0
2892305,0.000,0.000,0.0,0,0.000,0.000,0.0,0
2892345,0.000,0.000,0.0,0,0.000,0.000,0.0,0
2892385,0.000,0.000,0.0,0,0.000,0.000,0.0,0
2892425,0.000,0.000,0.0,0,0.000,0.000,0.0,0
2892465,0.000,0.000,0.0,0,0.000,0.000,0.0,0
2892505,0.000,0.000,0.0,0,0.000,0.000,0.0,0
2892545,0.000,0.000,0.0,0,0.000,0.000,0.0,0
2892585,0.000,0.000,0.0,0,0.000,0.000,0.0,0
2892625,0.000,0.000,0.0,0,0.000,0.000,0.0,0
2892665,0.000,0.000,0.0,0,0.000,0.000,0.0,0
2892705,0.000,0.000,0.0,0,0.000,0.000,0.0,0
2892745,0.000,0.000,0.0,0,0.000,0.000,0.0,0
2892785,0.000,0.000,0.0,0,0.000,0.000,0.0,0
2892825,0.000,0.000,0.0,0,0.000,0.000,0.0,0
2892865,0.000,0.000,0.0,0,0.000,0.000,0.0,0
2892905,0.000,0.000,0.0,0,0.000,0.000,0.0,0
2892945,0.000,0.000,0.0,0,0.000,0.000,0.0,0
2892985,0.000,0.000,0.0,0,0.000,0.000,0.0,0
2893025,0.000,0.000,0.0,0,0.000,0.000,0.0,0
2893065,0.000,0.000,0.0,0,0.000,0.000,0.0,0
2893105,0.000,0.000,0.0,0,0.000,0.000,0.0,0
2893145,0.000,0.000,0.0,0,0.000,0.000,0.0,0
2893185,0.000,0.000,0.0,0,0.000,0.000,0.0,0
2893225,0.000,0.000,0.0,0,0.000,0.000,0.0,0
2893265,0.000,0.000,0.0,0,0.000,0.000,0.0,0
2893305,0.000,0.000,0.0,0,0.000,0.000,0.0,0
2893345,0.000,0.000,0.0,0,0.000,0.000,0.0,0
2893385,0.000,0.000,0.0,0,0.000,0.000,0.0,0
2893425,0.000,0.000,0.0,0,0.000,0.000,0.0,0
2893465,0.000,0.000,0.0,0,0.000,0.000,0.0,0
2893505,0.000,0.000,0.0,0,0.000,0.000,0.0,0
2893545,0.000,0.000,0.0,0,0.000,0.000,0.0,0
2893585,0.000,0.000,0.0,0,0.000,0.000,0.0,0
2893625,0.000,0.000,0.0,0,0.000,0.000,0.0,0
2893665,0.000,0.000,0.0,0,0.000,0.000,0.0,0
2893705,0.000,0.000,0.0,0,0.000,0.000,0.0,0
2893745,0.000,0.000,0.0,0,0.000,0.000,0.0,0
2893785,0.000,0.000,0.0,0,0.000,0.000,0.0,0
2893825,0.000,0.000,0.0,0,0.000,0.000,0.0,0
2893865,0.000,0.000,0.0,0,0.000,0.000,0.0,0
2893905,0.000,0.000,0.0,0,0.000,0.000,0.0,0
2893945,0.000,0.000,0.0,0,0.000,0.000,0.0,0
2893985,0.000,0.000,0.0,0,0.000,0.000,0.0,0
2894025,0.000,0.000,0.0,0,0.000,0.000,0.0,0
2894065,0.000,0.000,0.0,0,0.000,0.000,0.0,0
2894105,0.000,0.000,0.0,0,0.000,0.000,0.0,0
2894145,0.000,0.000,0.0,0,0.000,0.000,0.0,0
2894185,0.000,0.000,0.0,0,0.000,0.000,0.0,0
2894225,0.000,0.000,0.0,0,0.000,0.000,0.0,0
2894265,0.000,0.000,0.0,0,0.000,0.000,0.0,0
2894305,0.000,0.000,0.0,0,0.000,0.000,0.0,0
2894345,0.000,0.000,0.0,0,0.000,0.000,0.0,0
2894385,0.000,0.000,0.0,0,0.000,0.000,0.0,0
2894425,0.000,0.000,0.0,0,0.000,0.000,0.0,0
2894465,0.000,0.000,0.0,0,0.000,0.000,0.0,0
2894505,0.000,0.000,0.0,0,0.000,0.000,0.0,0
2894545,0.000,0.000,0.0,0,0.000,0.000,0.0,0
2894585,0.000,0.000,0.0,0,0.000,0.000,0.0,0
2894625,0.000,0.000,0.0,0,0.000,0.000,0.0,0
2894665,0.000,0.000,0.0,0,0.000,0.000,0.0,0
2894705,0.000,0.000,0.0,0,0.000,0.000,0.0,0
2894745,0.000,0.000,0.0,0,0.000,0.000,0.0,0
2894785,0.000,0.000,0.0,0,0.000,0.000,0.0,0
2894825,0.000,0.000,0.0,0,0.000,0.000,0.0,0
2894865,0.000,0.000,0.0,0,0.000,0.000,0.0,0
2894905,0.000,0.000,0.0,0,0.000,0.000,0.0,0
2894945,0.000,0.000,0.0,0,0.000,0.000,0.0,0
2894985,0.000,0.000,0.0,0,0.000,0.000,0.0,0
2895025,0.000,0.000,0.0,0,0.000,0.000,0.0,0
2895065,0.000,0.000,0.0,0,0.000,0.000,0.0,0
2895105,0.000,0.000,0.0,0,0.000,0.000,0.0,0
2895145,0.000,0.000,0.0,0,0.000,0.000,0.0,0
2895185,0.000,0.000,0.0,0,0.000,0.000,0.0,0
2895225,0.000,0.000,0.0,0,0.000,0.000,0.0,0
2895265,0.000,0.000,0.0,0,0.000,0.000,0.0,0
2895305,0.000,0.000,0.0,0,0.000,0.000,0.0,0
2895345,0.000,0.000,0.0,0,0.000,0.000,0.0,0
2895385,0.000,0.000,0.0,0,0.000,0.000,0.0,0
2895425,0.000,0.000,0.0,0,0.000,0.000,0.0,0
2895465,0.000,0.000,0.0,0,0.000,0.000,0.0,0
2895505,0.000,0.000,0.0,0,0.000,0.000,0.0,0
2895545,0.000,0.000,0.0,0,0.000,0.000,0.0,0
2895585,0.000,0.000,0.0,0,0.000,0.000,0.0,0
2895625,0.000,0.000,0.0,0,0.000,0.000,0.0,0
2895665,0.000,0.000,0.0,0,0.000,0.000,0.0,0
2895705,0.000,0.000,0.0,0,0.000,0.000,0.0,0
2895745,0.000,0.000,0.0,0,0.000,0.000,0.0,0
2895785,0.000,0.000,0.0,0,0.000,0.000,0.0,0
2895825,0.000,0.000,0.0,0,0.000,0.000,0.0,0
2895865,0.000,0.000,0.0,0,0.000,0.000,0.0,0
2895905,0.000,0.000,0.0,0,0.000,0.000,0.0,0
2895945,0.000,0.000,0.0,0,0.000,0.000,0.0,0
2895985,0.000,0.000,0.0,0,0.000,0.000,0.0,0
2896025,0.000,0.000,0.0,0,0.000,0.000,0.0,0
2896065,0.000,0.000,0.0,0,0.000,0.000,0.0,0
2896105,0.000,0.000,0.0,0,0.000,0.000,0.0,0
2896145,0.000,0.000,0.0,0,0.000,0.000,0.0,0
2896185,0.000,0.000,0.0,0,0.000,0.000,0.0,0
2896225,0.000,0.000,0.0,0,0.000,0.000,0.0,0
2896265,0.000,0.000,0.0,0,0.000,0.000,0.0,0
2896305,0.000,0.000,0.0,0,0.000,0.000,0.0,0
2896345,0.000,0.000,0.0,0,0.000,0.000,0.0,0
2896385,0.000,0.000,0.0,0,0.000,0.000,0.0,0
2896425,0.000,0.000,0.0,0,0.000,0.000,0.0,0
2896465,0.000,0.000,0.0,0,0.000,0.000,0.0,0
2896505,0.000,0.000,0.0,0,0.000,0.000,0.0,0
2896545,0.000,0.000,0.0,0,0.000,0.000,0.0,0
2896585,0.000,0.000,0.0,0,0.000,0.000,0.0,0
2896625,0.000,0.000,0.0,0,0.000,0.000,0.0,0
2896665,0.000,0.000,0.0,0,0.000,0.000,0.0,0
2896705,0.000,0.000,0.0,0,0.000,0.000,0.0,0
2896745,0.000,0.000,0.0,0,0.000,0.000,0.0,0
2896785,0.000,0.000,0.0,0,0.000,0.000,0.0,0
2896825,0.000,0.000,0.0,0,0.000,0.000,0.0,0
2896865,0.000,0.000,0.0,0,0.000,0.000,0.0,0
2896905,0.000,0.000,0.0,0,0.000,0.000,0.0,0
2896945,0.000,0.000,0.0,0,0.000,0.000,0.0,0
2896985,0.000,0.000,0.0,0,0.000,0.000,0.0,0
2897025,0.000,0.000,0.0,0,0.000,0.000,0.0,0
2897065,0.000,0.000,0.0,0,0.000,0.000,0.0,0
2897105,0.000,0.000,0.0,0,0.000,0.000,0.0,0
2897145,0.000,0.000,0.0,0,0.000,0.000,0.0,0
2897185,0.000,0.000,0.0,0,0.000,0.000,0.0,0
2897225,0.000,0.000,0.0,0,0.000,0.000,0.0,0
2897265,0.000,0.000,0.0,0,0.000,0.000,0.0,0
2897305,0.000,0.000,0.0,0,0.000,0.000,0.0,0
2897345,0.000,0.000,0.0,0,0.000,0.000,0.0,0
2897385,0.000,0.000,0.0,0,0.000,0.000,0.0,0
2897425,0.000,0.000,0.0,0,0.000,0.000,0.0,0
2897465,0.000,0.000,0.0,0,0.000,0.000,0.0,0
2897505,0.000,0.000,0.0,0,0.000,0.000,0.0,0
2897545,0.000,0.000,0.0,0,0.000,0.000,0.0,0
2897585,0.000,0.000,0.0,0,0.000,0.000,0.0,0
2897625,0.000,0.000,0.0,0,0.000,0.000,0.0,0
2897665,0.000,0.000,0.0,0,0.000,0.000,0.0,0
2897705,0.000,0.000,0.0,0,0.000,0.000,0.0,0
2897745,0.000,0.000,0.0,0,0.000,0.000,0.0,0
2897785,0.000,0.000,0.0,0,0.000,0.000,0.0,0
2897825,0.000,0.000,0.0,0,0.000,0.000,0.0,0
2897865,0.000,0.000,0.0,0,0.000,0.000,0.0,0
2897905,0.000,0.000,0.0,0,0.000,0.000,0.0,0
2897945,0.000,0.000,0.0,0,0.000,0.000,0.0,0
2897985,0.000,0.000,0.0,0,0.000,0.000,0.0,0
2898025,0.000,0.000,0.0,0,0.000,0.000,0.0,0
2898065,0.000,0.000,0.0,0,0.000,0.000,0.0,0
2898105,0.000,0.000,0.0,0,0.000,0.000,0.0,0
2898145,0.000,0.000,0.0,0,0.000,0.000,0.0,0
2898185,0.000,0.000,0.0,0,0.000,0.000,0.0,0
2898225,0.000,0.000,0.0,0,0.000,0.000,0.0,0
2898265,0.000,0.000,0.0,0,0.000,0.000,0.0,0
2898305,0.000,0.000,0.0,0,0.000,0.000,0.0,0
2898345,0.000,0.000,0.0,0,0.000,0.000,0.0,0
2898385,0.000,0.000,0.0,0,0.000,0.000,0.0,0
2898425,0.000,0.000,0.0,0,0.000,0.000,0.0,0
2898465,0.000,0.000,0.0,0,0.000,0.000,0.0,0
2898505,0.000,0.000,0.0,0,0.000,0.000,0.0,0
2898545,0.000,0.000,0.0,0,0.000,0.000,0.0,0
2898585,0.000,0.000,0.0,0,0.000,0.000,0.0,0
2898625,0.000,0.000,0.0,0,0.000,0.000,0.0,0
2898665,0.000,0.000,0.0,0,0.000,0.000,0.0,0
2898705,0.000,0.000,0.0,0,0.000,0.000,0.0,0
2898745,0.000,0.000,0.0,0,0.000,0.000,0.0,0
2898785,0.000,0.000,0.0,0,0.000,0.000,0.0,0
2898825,0.000,0.000,0.0,0,0.000,0.000,0.0,0
2898865,0.000,0.000,0.0,0,0.000,0.000,0.0,0
2898905,0.000,0.000,0.0,0,0.000,0.000,0.0,0
2898945,0.000,0.000,0.0,0,0.000,0.000,0.0,0
2898985,0.000,0.000,0.0,0,0.000,0.000,0.0,0
2899025,0.000,0.000,0.0,0,0.000,0.000,0.0,0
2899065,0.000,0.000,0.0,0,0.000,0.000,0.0,0
2899105,0.000,0.000,0.0,0,0.000,0.000,0.0,0
2899145,0.000,0.000,0.0,0,0.000,0.000,0.0,0
2899185,0.000,0.000,0.0,0,0.000,0.000,0.0,0
2899225,0.000,0.000,0.0,0,0.000,0.000,0.0,0
2899265,0.000,0.000,0.0,0,0.000,0.000,0.0,0
2899305,0.000,0.000,0.0,0,0.000,0.000,0.0,0
2899345,0.000,0.000,0.0,0,0.000,0.000,0.0,0
2899385,0.000,0.000,0.0,0,0.000,0.000,0.0,0
2899425,0.000,0.000,0.0,0,0.000,0.000,0.0,0
2899465,0.000,0.000,0.0,0,0.000,0.000,0.0,0
2899505,0.000,0.000,0.0,0,0.000,0.000,0.0,0
2899545,0.000,0.000,0.0,0,0.000,0.000,0.0,0
2899585,0.000,0.000,0.0,0,0.000,0.000,0.0,0
2899625,0.000,0.000,0.0,0,0.000,0.000,0.0,0
2899665,0.000,0.000,0.0,0,0.000,0.000,0.0,0
2899705,0.000,0.000,0.0,0,0.000,0.000,0.0,0
2899745,0.000,0.000,0.0,0,0.000,0.000,0.0,0
2899785,0.000,0.000,0.0,0,0.000,0.000,0.0,0
2899825,0.000,0.000,0.0,0,0.000,0.000,0.0,0
2899865,0.000,0.000,0.0,0,0.000,0.000,0.0,0
2899905,0.000,0.000,0.0,0,0.000,0.000,0.0,0
2899945,0.000,0.000,0.0,0,0.000,0.000,0.0,0
2899985,0.000,0.000,0.0,0,0.000,0.000,0.0,0
2900025,0.000,0.000,0.0,0,0.000,0.000,0.0,0
2900065,0.000,0.000,0.0,0,0.000,0.000,0.0,0
2900105,0.000,0.000,0.0,0,0.000,0.000,0.0,0
2900145,0.000,0.000,0.0,0,0.000,0.000,0.0,0
2900185,0.000,0.000,0.0,0,0.000,0.000,0.0,0
2900225,-3.846,0.000,-41.5,-12,-3.846,0.000,-41.5,-12
2900265,-3.846,-0.000,-47.7,-36,-3.846,-0.000,-47.7,-36
2900305,-3.846,-0.000,-53.8,-53,-3.846,-0.002,-53.7,-53
2900345,-3.846,-0.002,-60.0,-59,-3.846,-0.632,0.0,0
2900385,-3.846,-1.405,0.0,0,-3.846,-1.154,-0.4,0
2900425,-3.846,-1.830,-49.4,-17,-3.846,-1.620,-51.6,-15
2900465,-3.846,-2.178,-32.2,-32,-3.846,-1.827,-52.7,-39
2900505,-3.846,-2.284,-50.2,-50,-3.846,-2.255,-19.1,-19
2900545,-3.846,-2.952,0.0,0,-3.846,-2.792,-26.2,-26
2900585,-3.846,-3.180,-40.5,-24,-3.846,-3.240,-35.3,-20
2900625,-3.846,-3.248,-52.9,-39,-3.846,-3.194,-41.8,-41
2900665,-3.846,-3.136,-43.1,-43,-3.846,-3.053,-52.9,-52
2900705,-3.846,-3.327,-30.7,-30,-3.846,-3.478,-32.3,-27
2900745,-3.846,-3.749,-30.0,-24,-3.846,-3.834,-7.2,-7
2900785,-3.846,-3.992,-30.4,-30,-3.846,-3.694,-58.6,-31
2900825,-3.846,-4.124,-25.2,-25,-3.846,-3.710,-53.9,-41
2900865,-3.846,-4.144,-32.1,-32,-3.846,-3.716,-23.5,-23
2900905,-3.846,-4.285,-24.2,-24,-3.846,-3.789,-37.9,-37
2900945,-3.846,-4.436,-24.0,-23,-3.846,-3.836,-48.4,-43
2900985,-3.846,-4.534,-31.7,-31,-3.846,-4.175,-32.0,-24
2901025,-3.846,-4.502,-38.7,-35,-3.846,-4.188,-32.2,-32
2901065,-3.846,-4.494,-35.0,-34,-3.846,-4.103,-29.1,-29
2901105,-3.846,-4.666,-22.0,-22,-3.846,-4.161,-44.4,-35
2901145,-3.846,-4.765,-25.8,-22,-3.846,-4.166,-54.1,-28
2901185,-3.846,-4.740,-25.2,-25,-3.846,-4.270,-19.5,-19
2901225,-3.846,-4.665,-16.7,-16,-3.846,-4.303,-19.3,-19
2901265,-3.846,-4.700,-2.3,-2,-3.846,-4.060,-48.4,-43
2901305,-3.846,-4.624,-9.7,-9,-3.846,-4.457,-9.2,-9
2901345,-3.846,-4.301,-41.0,-33,-3.846,-4.545,-52.7,-12
2901385,-3.846,-4.197,-39.2,-25,-3.846,-4.330,-58.7,-34
2901425,-3.846,-4.350,-12.2,-12,-3.846,-4.091,-27.4,-27
2901465,-3.846,-4.305,-7.1,-7,-3.846,-3.982,-42.0,-42
2901505,-3.846,-4.145,-22.8,-22,-3.846,-3.834,-45.3,-45
2901545,-3.846,-4.149,-29.4,-21,-3.846,-3.925,-32.9,-32
2901585,-3.846,-4.296,-26.5,-12,-3.846,-3.920,-23.7,-23
2901625,-3.846,-4.234,-5.3,-5,-3.846,-3.936,-32.3,-32
2901665,-3.846,-4.188,-2.6,-2,-3.846,-4.376,0.0,0
2901705,-3.846,-3.987,-45.4,-24,-3.846,-4.213,-46.1,-24
2901745,-3.846,-3.868,-41.2,-22,-3.846,-3.868,-51.4,-48
2901785,-3.846,-3.987,-21.8,-17,-3.846,-3.886,-26.5,-26
2901825,-3.846,-4.092,0.0,0,-3.846,-3.772,-34.2,-34
2901865,-3.846,-4.093,-17.9,-17,-3.846,-3.697,-47.9,-40
2901905,-3.846,-3.975,-28.6,-28,-3.846,-3.775,-27.8,-27
2901945,-3.846,-4.069,-20.2,-17,-3.846,-3.858,-22.6,-22
2901985,-3.846,-4.035,-11.3,-11,-3.846,-4.010,-30.2,-30
2902025,-3.846,-4.039,-7.2,-7,-3.846,-3.819,-40.2,-40
2902065,-3.846,-3.952,-24.3,-24,-3.846,-3.931,-52.3,-12
2902105,-3.846,-4.029,-24.6,-12,-3.846,-3.842,-43.7,-36
2902145,-3.846,-3.972,-24.2,-24,-3.846,-3.759,-27.2,-27
2902185,-3.846,-4.013,-5.8,-5,-3.846,-3.598,-47.7,-47
2902225,-3.846,-3.957,-19.1,-19,-3.846,-3.803,-33.0,-27
2902265,-3.846,-3.989,-19.5,-19,-3.846,-3.834,-20.2,-20
2902305,-3.846,-3.975,-24.2,-21,-3.846,-4.035,-15.7,-15
2902345,-3.846,-3.972,-13.6,-13,-3.846,-3.866,-50.2,-39
2902385,-3.846,-3.939,-13.4,-13,-3.846,-3.971,-37.1,-28
2902425,-3.846,-3.911,-13.6,-13,-3.846,-3.843,-38.0,-38
2902465,-3.846,-3.919,-21.9,-21,-3.846,-3.906,-14.1,-14
2902505,-3.846,-3.998,-10.8,-10,-3.846,-3.663,-56.8,-38
2902545,-3.846,-3.892,-19.5,-19,-3.846,-3.743,-41.5,-31
2902585,-3.846,-3.785,-14.8,-14,-3.846,-3.671,-23.9,-23
2902625,-3.846,-3.765,-21.8,-21,-3.846,-3.706,-47.8,-30
2902665,-3.846,-3.860,-18.3,-17,-3.846,-3.688,-45.4,-39
2902705,-3.846,-3.887,-8.1,-8,-3.846,-3.907,-19.6,-19
2902745,-3.846,-3.896,-6.8,-6,-3.846,-3.663,-42.4,-42
2902785,-3.846,-3.719,-28.4,-28,-3.846,-3.649,-49.9,-35
2902825,-3.846,-3.805,-23.0,-14,-3.846,-3.671,-22.1,-22
2902865,-3.846,-3.866,0.0,0,-3.846,-3.489,-50.6,-46
2902905,-3.846,-3.848,-16.7,-16,-3.846,-3.752,-33.5,-26
2902945,-3.846,-3.722,-32.8,-27,-3.846,-3.783,-17.0,-16
2902985,-3.846,-3.868,-10.7,-10,-3.846,-3.575,-60.1,-40
2903025,-3.846,-3.668,-24.2,-24,-3.846,-3.535,-52.8,-41
2903065,-3.846,-3.788,-31.4,-12,-3.846,-3.652,-40.9,-37
2903105,-3.846,-3.799,-10.2,-10,-3.846,-3.725,-21.0,-21
2903145,-3.846,-3.927,0.0,0,-3.846,-3.632,-49.8,-45
2903185,-3.846,-3.691,-35.3,-24,-3.846,-3.761,-37.1,-37
2903225,-3.846,-3.890,-10.8,-10,-3.846,-3.798,-25.6,-25
2903265,-3.846,-3.874,-0.6,0,-3.846,-3.824,-36.6,-36
2903305,-3.846,-3.862,-25.5,-22,-3.846,-3.846,-36.7,-36
2903345,-3.846,-3.771,-34.0,-22,-3.846,-3.869,-43.4,-41
2903385,-3.846,-3.944,-17.7,-12,-3.846,-3.986,-25.7,-25
2903425,-3.846,-4.039,0.0,0,-3.846,-3.975,-32.2,-32
2903465,-3.846,-4.016,-17.7,-17,-3.846,-3.972,-30.9,-30
2903505,-3.846,-3.889,-29.0,-28,-3.846,-3.959,-47.8,-36
2903545,-3.846,-3.946,-20.3,-18,-3.846,-3.967,-37.0,-37
2903585,-3.846,-3.936,-6.0,-6,-3.846,-4.024,-32.0,-32
2903625,-3.846,-3.987,-5.1,-5,-3.846,-3.999,-30.1,-30
2903665,-3.846,-3.929,-22.6,-22,-3.846,-4.046,-38.2,-37
2903705,-3.846,-4.017,-21.6,-12,-3.846,-3.964,-44.8,-44
2903745,-3.846,-3.979,-16.2,-16,-3.846,-4.111,-29.2,-29
2903785,-3.846,-4.081,-2.9,-2,-3.846,-4.082,-24.1,-24
2903825,-3.846,-4.010,-18.4,-18,-3.846,-4.161,-15.9,-15
2903865,-3.846,-3.926,-23.9,-23,-3.846,-3.960,-48.7,-39
2903905,-3.846,-3.835,-26.7,-24,-3.846,-3.852,-52.0,-37
2903945,-3.846,-3.805,-13.2,-13,-3.846,-3.984,-41.2,-22
2903985,-3.846,-3.704,-18.3,-18,-3.846,-4.000,-14.7,-14
2904025,-3.846,-3.671,-24.8,-24,-3.846,-3.737,-54.2,-38
2904065,-3.846,-3.734,-10.9,-10,-3.846,-3.867,-37.3,-29
2904105,-3.846,-3.714,-14.8,-14,-3.846,-3.868,-31.2,-31
2904145,-3.846,-3.713,-12.6,-12,-3.846,-3.966,-11.1,-11
2904185,-3.846,-3.639,-28.4,-28,-3.846,-3.789,-51.9,-35
2904225,-3.846,-3.615,-23.3,-23,-3.846,-3.901,-31.9,-31
2904265,-3.846,-3.575,-14.7,-14,-3.846,-3.771,-26.4,-26
2904305,-3.846,-3.545,-23.3,-23,-3.846,-3.767,-25.4,-25
2904345,-3.846,-3.714,-19.2,-15,-3.846,-3.786,-49.9,-28
2904385,-3.846,-3.735,-10.7,-10,-3.846,-3.904,-20.0,-20
2904425,-3.846,-3.562,-32.9,-32,-3.846,-3.687,-47.3,-44
2904465,-3.846,-3.644,-25.7,-20,-3.846,-3.800,-39.7,-30
2904505,-3.846,-3.639,-8.2,-8,-3.846,-3.805,-34.6,-34
2904545,-3.846,-3.466,-37.6,-32,-3.846,-3.910,-12.2,-12
2904585,-3.846,-3.490,-35.0,-22,-3.846,-3.718,-54.6,-36
2904625,-3.846,-3.617,-19.9,-19,-3.846,-3.839,-37.8,-31
2904665,-3.846,-3.389,-32.6,-32,-3.846,-3.719,-28.4,-28
2904705,-3.846,-3.504,-39.4,-12,-3.846,-3.718,-36.3,-36
2904745,-3.846,-3.716,0.0,0,-3.846,-3.737,-41.5,-40
2904785,-3.846,-3.502,-35.8,-24,-3.846,-3.909,-32.7,-31
2904825,-3.846,-3.628,-33.4,-16,-3.846,-3.899,-25.1,-25
2904865,-3.846,-3.594,-14.2,-14,-3.846,-3.759,-45.9,-45
2904905,-3.846,-3.489,-45.1,-31,-3.846,-3.795,-37.2,-37
2904945,-3.846,-3.721,-17.5,-17,-3.846,-3.811,-39.6,-39
2904985,-3.846,-3.629,-14.8,-14,-3.846,-3.900,-27.6,-27
2905025,-3.846,-3.480,-48.1,-35,-3.846,-3.788,-39.5,-39
2905065,-3.846,-3.628,-27.5,-26,-3.846,-3.831,-40.0,-38
2905105,-3.846,-3.717,-11.1,-11,-3.846,-3.820,-46.8,-36
2905145,-3.846,-3.747,-28.1,-28,-3.846,-3.966,-26.5,-26
2905185,-3.846,-3.561,-45.4,-42,-3.846,-3.892,-31.4,-31
2905225,-3.846,-3.636,-31.3,-31,-3.846,-3.920,-34.9,-34
2905265,-3.846,-3.761,-10.9,-10,-3.846,-4.003,-40.3,-29
2905305,-3.846,-3.686,-38.4,-34,-3.846,-4.122,-28.8,-28
2905345,-3.846,-3.747,-31.3,-31,-3.846,-3.972,-33.3,-33
2905385,-3.846,-3.773,-14.5,-14,-3.846,-3.928,-22.2,-22
2905425,-3.846,-3.904,-15.0,-14,-3.846,-3.814,-42.1,-42
2905465,-3.846,-3.848,-30.8,-30,-3.846,-4.005,-31.8,-25
2905505,-3.846,-3.921,-31.0,-27,-3.846,-4.034,-28.9,-28
2905545,-3.846,-3.912,-21.5,-21,-3.846,-4.150,-6.7,-6
2905585,-3.846,-3.930,-20.3,-20,-3.846,-3.928,-50.4,-30
2905625,-3.846,-3.789,-32.4,-32,-3.846,-3.799,-52.4,-37
2905665,-3.846,-3.778,-34.8,-34,-3.846,-3.883,-42.0,-25
2905705,-3.846,-3.843,-22.5,-22,-3.846,-3.932,-13.4,-13
2905745,-3.846,-3.816,-24.2,-24,-3.846,-3.774,-51.1,-37
2905785,-3.846,-3.776,-26.0,-25,-3.846,-3.971,-30.5,-24
2905825,-3.846,-3.723,-38.1,-37,-3.846,-3.956,-26.4,-26
2905865,-3.846,-3.783,-27.1,-27,-3.846,-3.867,-22.8,-22
2905905,-3.846,-3.793,-20.8,-20,-3.846,-3.822,-46.7,-33
2905945,-3.846,-3.767,-36.6,-35,-3.846,-4.024,-14.2,-14
2905985,-3.846,-3.781,-34.3,-34,-3.846,-4.030,-16.9,-16
2906025,-3.846,-3.878,-32.9,-25,-3.846,-3.781,-44.6,-40
2906065,-3.846,-3.829,-21.4,-21,-3.846,-3.807,-43.8,-29
2906105,-3.846,-3.648,-43.2,-43,-3.846,-3.832,-15.0,-15
2906145,-3.846,-3.814,-28.4,-25,-3.846,-3.623,-52.8,-39
2906185,-3.846,-3.744,-21.0,-21,-3.846,-3.807,-31.7,-27
2906225,-3.846,-3.804,-11.5,-11,-3.846,-3.760,-31.9,-31
2906265,-3.846,-3.687,-42.5,-35,-3.846,-3.849,-15.4,-15
2906305,-3.846,-3.928,-16.1,-16,-3.846,-3.738,-45.9,-39
2906345,-3.846,-3.732,-36.0,-36,-3.846,-3.889,-31.0,-30
2906385,-3.846,-3.825,-46.1,-14,-3.846,-3.825,-24.2,-24
2906425,-3.846,-3.672,-47.0,-38,-3.846,-3.852,-19.5,-19
2906465,-3.846,-3.822,-5.0,-5,-3.846,-3.711,-38.2,-38
2906505,-3.846,-3.640,-44.6,-29,-3.846,-3.772,-36.6,-36
2906545,-3.846,-3.883,-20.6,-20,-3.846,-3.821,-26.9,-26
2906585,-3.846,-3.837,-15.3,-15,-3.846,-3.782,-34.7,-34
2906625,-3.846,-3.828,-40.4,-32,-3.846,-3.837,-32.6,-32
2906665,-3.846,-3.681,-50.7,-37,-3.846,-3.860,-39.8,-35
2906705,-3.846,-3.796,-36.2,-25,-3.846,-3.997,-22.2,-22
2906745,-3.846,-3.843,-16.5,-16,-3.846,-3.933,-28.3,-28
2906785,-3.846,-3.700,-44.7,-40,-3.846,-3.886,-28.0,-27
2906825,-3.846,-3.908,-26.2,-25,-3.846,-3.833,-42.2,-40
2906865,-3.846,-3.890,-29.4,-29,-3.846,-3.944,-26.8,-26
2906905,-3.846,-3.958,-15.2,-15,-3.846,-3.904,-25.9,-25
2906945,-3.846,-3.856,-40.6,-39,-3.846,-3.987,-17.3,-17
2906985,-3.846,-3.942,-32.4,-29,-3.846,-3.930,-39.4,-39
2907025,-3.846,-4.013,-34.7,-25,-3.846,-4.024,-38.0,-24
2907065,-3.846,-4.012,-20.9,-20,-3.846,-4.029,-41.1,-29
2907105,-3.846,-3.884,-37.1,-37,-3.846,-4.054,-13.0,-13
2907145,-3.846,-3.913,-31.0,-30,-3.846,-3.842,-48.1,-37
2907185,-3.846,-3.957,-31.7,-31,-3.846,-3.787,-48.7,-31
2907225,-3.846,-3.970,-20.7,-20,-3.846,-3.900,-40.0,-21
2907265,-3.846,-3.901,-28.8,-28,-3.846,-3.911,-12.7,-12
2907305,-3.846,-3.890,-24.9,-24,-3.846,-3.713,-45.9,-36
2907345,-3.846,-3.881,-34.3,-34,-3.846,-3.945,-25.4,-24
2907385,-3.846,-3.966,-21.2,-21,-3.846,-3.894,-31.6,-31
2907425,-3.846,-3.887,-27.2,-27,-3.846,-3.915,-15.4,-15
2907465,-3.846,-3.887,-22.5,-22,-3.846,-3.786,-50.2,-36
2907505,-3.846,-3.828,-36.4,-36,-3.846,-3.948,-21.1,-21
2907545,-3.846,-3.964,-21.8,-21,-3.846,-3.839,-24.8,-24
2907585,-3.846,-3.921,-30.0,-29,-3.846,-3.684,-34.2,-34
2907625,-3.846,-4.018,-10.9,-10,-3.846,-3.773,-40.8,-25
2907665,-3.846,-3.892,-38.5,-34,-3.846,-3.890,-13.6,-13
2907705,-3.846,-3.933,-30.9,-30,-3.846,-3.684,-47.1,-37
2907745,-3.846,-3.896,-29.1,-29,-3.846,-3.847,-33.2,-25
2907785,-3.846,-3.973,-6.3,-6,-3.846,-3.803,-30.3,-30
2907825,-3.846,-3.825,-41.1,-30,-3.846,-3.882,-10.2,-10
2907865,-3.846,-3.991,-26.3,-20,-3.846,-3.699,-49.9,-34
2907905,-3.846,-3.892,-24.4,-24,-3.846,-3.703,-39.4,-38
2907945,-3.846,-3.714,-30.3,-30,-3.846,-3.690,-19.3,-19
2907985,-3.846,-3.922,-37.4,-12,-3.846,-3.670,-42.6,-39
2908025,-3.846,-4.125,0.0,0,-3.846,-3.758,-39.7,-30
2908065,-3.846,-3.930,-30.7,-24,-3.846,-3.801,-41.1,-32
2908105,-3.846,-3.653,-45.8,-45,-3.846,-3.767,-29.0,-29
2908145,-3.846,-3.994,-11.1,-11,-3.846,-3.744,-33.1,-33
2908185,-3.846,-4.022,-5.8,-5,-3.846,-3.875,-34.7,-29
2908225,-3.846,-3.968,-39.5,-27,-3.846,-3.808,-45.5,-38
2908265,-3.846,-3.732,-48.7,-40,-3.846,-3.787,-30.4,-30
2908305,-3.846,-3.920,-25.5,-19,-3.846,-3.767,-28.5,-28
2908345,-3.846,-4.027,-5.8,-5,-3.846,-3.804,-42.8,-32
2908385,-3.846,-4.009,-28.2,-28,-3.846,-3.859,-31.4,-31
2908425,-3.846,-3.849,-38.1,-38,-3.846,-3.934,-28.8,-28
2908465,-3.846,-3.973,-24.9,-24,-3.846,-3.905,-26.8,-26
2908505,-3.846,-3.964,-16.1,-16,-3.846,-3.870,-43.9,-36
2908545,-3.846,-3.969,-12.8,-12,-3.846,-3.802,-44.3,-40
2908585,-3.846,-3.832,-35.3,-35,-3.846,-3.854,-37.5,-34
2908625,-3.846,-3.920,-28.6,-23,-3.846,-3.873,-20.2,-20
2908665,-3.846,-3.908,-18.5,-18,-3.846,-3.742,-46.5,-44
2908705,-3.846,-3.998,-11.2,-11,-3.846,-3.940,-29.9,-26
2908745,-3.846,-3.925,-28.7,-28,-3.846,-3.899,-33.8,-33
2908785,-3.846,-3.950,-26.3,-26,-3.846,-4.002,-8.8,-8
2908825,-3.846,-3.915,-29.5,-29,-3.846,-3.806,-49.5,-32
2908865,-3.846,-3.948,-18.9,-18,-3.846,-3.940,-37.5,-23
2908905,-3.846,-3.831,-27.7,-27,-3.846,-3.799,-40.0,-40
2908945,-3.846,-3.775,-32.5,-32,-3.846,-3.889,-10.7,-10
2908985,-3.846,-3.824,-21.7,-21,-3.846,-3.713,-51.0,-34
2909025,-3.846,-3.834,-23.1,-23,-3.846,-3.857,-36.8,-25
2909065,-3.846,-3.764,-23.3,-23,-3.846,-3.735,-25.8,-25
2909105,-3.846,-3.720,-33.3,-33,-3.846,-3.596,-51.4,-44
2909145,-3.846,-3.859,-18.4,-18,-3.846,-3.680,-42.3,-30
2909185,-3.846,-3.868,-19.6,-19,-3.846,-3.914,-18.0,-18
2909225,-3.846,-3.881,-15.2,-15,-3.846,-3.682,-41.2,-41
2909265,-3.846,-3.691,-38.0,-37,-3.846,-3.701,-47.3,-32
2909305,-3.846,-3.731,-32.0,-28,-3.846,-3.732,-20.2,-20
2909345,-3.846,-3.818,-7.6,-7,-3.846,-3.554,-51.8,-44
2909385,-3.846,-3.660,-42.5,-31,-3.846,-3.797,-33.3,-24
2909425,-3.846,-3.771,-32.2,-21,-3.846,-3.697,-39.3,-39
2909465,-3.846,-3.718,-25.6,-25,-3.846,-3.734,-14.9,-14
2909505,-3.846,-3.779,-12.2,-12,-3.846,-3.610,-48.1,-38
2909545,-3.846,-3.781,-41.4,-22,-3.846,-3.762,-35.5,-34
2909585,-3.846,-3.936,-4.2,-4,-3.846,-3.781,-22.4,-22
2909625,-3.846,-3.700,-37.2,-28,-3.846,-3.675,-50.6,-45
2909665,-3.846,-3.757,-42.8,-16,-3.846,-3.800,-34.0,-33
2909705,-3.846,-3.637,-37.8,-37,-3.846,-3.679,-44.9,-44
2909745,-3.846,-3.725,-7.3,-7,-3.846,-3.769,-25.9,-25
2909785,-3.846,-3.705,-44.0,-25,-3.846,-3.806,-33.5,-33
2909825,-3.846,-3.934,-19.8,-19,-3.846,-3.805,-44.8,-40
2909865,-3.846,-3.815,-15.6,-15,-3.846,-3.869,-29.7,-29
2909905,-3.846,-3.825,-33.2,-32,-3.846,-3.907,-26.8,-26
2909945,-3.846,-3.789,-34.1,-34,-3.846,-3.898,-30.4,-30
2909985,-3.846,-3.995,-24.7,-18,-3.846,-3.910,-44.6,-36
2910025,-3.846,-3.977,-14.2,-14,-3.846,-3.991,-27.8,-27
2910065,-3.846,-3.834,-36.8,-36,-3.846,-3.897,-36.0,-35
2910105,-3.846,-3.732,-34.9,-34,-3.846,-3.851,-29.2,-29
2910145,-3.846,-3.946,-22.6,-20,-3.846,-3.880,-40.0,-39
2910185,-3.846,-4.017,-12.3,-12,-3.846,-4.035,-28.5,-28
2910225,-3.846,-4.028,-26.6,-26,-3.846,-4.009,-34.2,-34
2910265,-3.846,-3.928,-30.1,-30,-3.846,-4.042,-20.6,-20
2910305,-3.846,-4.017,-26.6,-25,-3.846,-4.055,-32.8,-32
2910345,-3.846,-3.972,-22.8,-22,-3.846,-3.915,-44.7,-44
2910385,-3.846,-3.998,-15.8,-15,-3.846,-4.073,-36.0,-24
2910425,-3.846,-3.887,-31.5,-31,-3.846,-4.043,-16.3,-16
2910465,-3.846,-3.882,-31.6,-30,-3.846,-3.880,-41.4,-40
2910505,-3.846,-3.850,-23.1,-23,-3.846,-3.715,-46.3,-46
2910545,-3.846,-3.981,-15.7,-15,-3.846,-4.011,-31.3,-16
2910585,-3.846,-3.909,-25.8,-25,-3.846,-4.077,-12.3,-12
2910625,-3.846,-3.789,-38.3,-36,-3.846,-3.923,-43.3,-36
2910665,-3.846,-3.744,-25.6,-25,-3.846,-3.711,-48.7,-48
2910705,-3.846,-3.787,-15.9,-15,-3.846,-3.978,-25.7,-24
2910745,-3.846,-3.847,-16.6,-16,-3.846,-3.876,-25.5,-25
2910785,-3.846,-3.744,-36.9,-36,-3.846,-3.758,-52.5,-38
2910825,-3.846,-3.730,-31.5,-31,-3.846,-3.794,-34.1,-34
2910865,-3.846,-3.781,-13.5,-13,-3.846,-3.929,-9.5,-9
2910905,-3.846,-3.850,-23.9,-23,-3.846,-3.811,-39.9,-33
2910945,-3.846,-3.742,-34.4,-34,-3.846,-3.870,-41.4,-30
2910985,-3.846,-3.848,-32.5,-20,-3.846,-3.908,-15.1,-15
2911025,-3.846,-3.852,-11.5,-11,-3.846,-3.853,-41.9,-39
2911065,-3.846,-3.616,-45.3,-35,-3.846,-3.658,-52.0,-48
2911105,-3.846,-3.768,-24.9,-24,-3.846,-3.833,-33.5,-28
2911145,0.000,-3.740,0.0,0,0.000,-3.771,0.0,0
2911185,0.000,-3.546,0.0,0,0.000,-3.566,0.0,0
2911225,0.000,-3.511,0.0,0,0.000,-3.520,0.0,0
2911265,0.000,-3.515,0.0,0,0.000,-3.411,0.0,0
2911305,0.000,-3.338,0.0,0,0.000,-3.229,0.0,0
2911345,0.000,-3.278,0.0,0,0.000,-3.119,0.0,0
2911385,0.000,-2.925,0.0,0,0.000,-2.998,0.0,0
2911425,0.000,-2.892,0.0,0,0.000,-2.753,0.0,0
2911465,0.000,-2.798,0.0,0,0.000,-2.601,0.0,0
2911505,0.000,-2.456,0.0,0,0.000,-2.479,0.0,0
2911545,0.000,-2.352,0.0,0,0.000,-2.306,0.0,0
2911585,0.000,-2.116,0.0,0,0.000,-2.189,0.0,0
2911625,0.000,-2.063,0.0,0,0.000,-2.097,0.0,0
2911665,0.000,-1.930,0.0,0,0.000,-1.923,0.0,0
2911705,0.000,-1.670,0.0,0,0.000,-1.732,0.0,0
2911745,0.000,-1.670,0.0,0,0.000,-1.557,0.0,0
2911785,0.000,-1.519,0.0,0,0.000,-1.557,0.0,0
2911825,0.000,-1.519,0.0,0,0.000,-1.340,0.0,0
2911865,0.000,-1.293,0.0,0,0.000,-1.340,0.0,0
2911905,0.000,-1.293,0.0,0,0.000,-1.340,0.0,0
2911945,0.000,-1.293,0.0,0,0.000,-1.086,0.0,0
2911985,0.000,-1.293,0.0,0,0.000,-1.086,0.0,0
2912025,0.000,-0.136,0.0,0,0.000,-1.086,0.0,0
2912065,0.000,-0.136,0.0,0,0.000,-1.086,0.0,0
2912105,0.000,-0.136,0.0,0,0.000,-0.000,0.0,0
2912145,0.000,-0.136,0.0,0,0.000,-0.000,0.0,0
2912185,0.000,-0.000,0.0,0,0.000,-0.000,0.0,0
2912225,0.000,-0.000,0.0,0,0.000,-0.000,0.0,0
2912265,0.000,-0.000,0.0,0,0.000,-0.000,0.0,0
2912305,0.000,-0.000,0.0,0,0.000,-0.000,0.0,0
2912345,0.000,-0.000,0.0,0,0.000,-0.000,0.0,0
2912385,0.000,-0.000,0.0,0,0.000,-0.000,0.0,0
2912425,0.000,-0.000,0.0,0,0.000,-0.000,0.0,0
2912465,0.000,-0.000,0.0,0,0.000,-0.000,0.0,0
2912505,0.000,-0.000,0.0,0,0.000,-0.000,0.0,0
2912545,0.000,-0.000,0.0,0,0.000,-0.000,0.0,0
2912585,0.000,-0.000,0.0,0,0.000,-0.000,0.0,0
2912625,0.000,-0.000,0.0,0,0.000,-0.000,0.0,0
2912665,0.000,-0.000,0.0,0,0.000,-0.000,0.0,0
2912705,0.000,-0.000,0.0,0,0.000,-0.000,0.0,0
2912745,0.000,-0.000,0.0,0,0.000,-0.000,0.0,0
2912785,0.000,-0.000,0.0,0,0.000,-0.000,0.0,0
2912825,0.000,-0.000,0.0,0,0.000,-0.000,0.0,0
2912865,0.000,-0.000,0.0,0,0.000,-0.000,0.0,0
2912905,0.000,-0.000,0.0,0,0.000,-0.000,0.0,0
2912945,0.000,-0.000,0.0,0,0.000,-0.000,0.0,0
2912985,0.000,-0.000,0.0,0,0.000,-0.000,0.0,0
2913025,0.000,-0.000,0.0,0,0.000,-0.000,0.0,0
2913065,0.000,-0.000,0.0,0,0.000,-0.000,0.0,0
2913105,0.000,-0.000,0.0,0,0.000,-0.000,0.0,0
2913145,0.000,-0.000,0.0,0,0.000,-0.000,0.0,0
2913185,0.000,-0.000,0.0,0,0.000,-0.000,0.0,0
2913225,0.000,-0.000,0.0,0,0.000,-0.000,0.0,0
2913265,0.000,-0.000,0.0,0,0.000,-0.000,0.0,0
2913305,0.000,-0.000,0.0,0,0.000,-0.000,0.0,0
2913345,0.000,-0.000,0.0,0,0.000,-0.000,0.0,0
2913385,0.000,-0.000,0.0,0,0.000,-0.000,0.0,0
2913425,0.000,-0.000,0.0,0,0.000,-0.000,0.0,0
2913465,0.000,-0.000,0.0,0,0.000,-0.000,0.0,0
2913505,0.000,-0.000,0.0,0,0.000,-0.000,0.0,0
2913545,0.000,-0.000,0.0,0,0.000,-0.000,0.0,0
2913585,0.000,-0.000,0.0,0,0.000,-0.000,0.0,0
2913625,0.000,-0.000,0.0,0,0.000,-0.000,0.0,0
2913665,0.000,-0.000,0.0,0,0.000,-0.000,0.0,0
2913705,0.000,-0.000,0.0,0,0.000,-0.000,0.0,0
2913745,0.000,-0.000,0.0,0,0.000,-0.000,0.0,0
2913785,0.000,-0.000,0.0,0,0.000,-0.000,0.0,0
2913825,0.000,-0.000,0.0,0,0.000,-0.000,0.0,0
2913865,0.000,-0.000,0.0,0,0.000,-0.000,0.0,0
2913905,0.000,-0.000,0.0,0,0.000,-0.000,0.0,0
2913945,0.000,-0.000,0.0,0,0.000,-0.000,0.0,0
2913985,0.000,-0.000,0.0,0,0.000,-0.000,0.0,0
2914025,0.000,-0.000,0.0,0,0.000,-0.000,0.0,0
2914065,0.000,-0.000,0.0,0,0.000,-0.000,0.0,0
2914105,0.000,-0.000,0.0,0,0.000,-0.000,0.0,0
2914145,0.000,-0.000,0.0,0,0.000,-0.000,0.0,0
2914185,0.000,-0.000,0.0,0,0.000,-0.000,0.0,0
2914225,0.000,-0.000,0.0,0,0.000,-0.000,0.0,0
2914265,0.000,-0.000,0.0,0,0.000,-0.000,0.0,0
2914305,0.000,-0.000,0.0,0,0.000,-0.000,0.0,0
2914345,0.000,-0.000,0.0,0,0.000,-0.000,0.0,0
2914385,0.000,-0.000,0.0,0,0.000,-0.000,0.0,0
2914425,0.000,-0.000,0.0,0,0.000,-0.000,0.0,0
2914465,0.000,-0.000,0.0,0,0.000,-0.000,0.0,0
2914505,0.000,-0.000,0.0,0,0.000,-0.000,0.0,0
2914545,0.000,-0.000,0.0,0,0.000,-0.000,0.0,0
2914585,0.000,-0.000,0.0,0,0.000,-0.000,0.0,0
2914625,0.000,-0.000,0.0,0,0.000,-0.000,0.0,0
2914665,0.000,-0.000,0.0,0,0.000,-0.000,0.0,0
2914705,0.000,-0.000,0.0,0,0.000,-0.000,0.0,0
2914745,0.000,-0.000,0.0,0,0.000,-0.000,0.0,0
2914785,0.000,-0.000,0.0,0,0.000,-0.000,0.0,0
2914825,0.000,-0.000,0.0,0,0.000,-0.000,0.0,0
2914865,0.000,-0.000,0.0,0,0.000,-0.000,0.0,0
2914905,0.000,-0.000,0.0,0,0.000,-0.000,0.0,0
2914945,0.000,-0.000,0.0,0,0.000,-0.000,0.0,0
2914985,0.000,-0.000,0.0,0,0.000,-0.000,0.0,0
2915025,0.000,-0.000,0.0,0,0.000,-0.000,0.0,0
2915065,0.000,-0.000,0.0,0,0.000,-0.000,0.0,0
2915105,0.000,-0.000,0.0,0,0.000,-0.000,0.0,0
2915145,0.000,-0.000,0.0,0,0.000,-0.000,0.0,0
2915185,0.000,-0.000,0.0,0,0.000,-0.000,0.0,0
2915225,0.000,-0.000,0.0,0,0.000,-0.000,0.0,0
2915265,0.000,-0.000,0.0,0,0.000,-0.000,0.0,0
2915305,0.000,-0.000,0.0,0,0.000,-0.000,0.0,0
2915345,0.000,-0.000,0.0,0,0.000,-0.000,0.0,0
2915385,0.000,-0.000,0.0,0,0.000,-0.000,0.0,0
2915425,0.000,-0.000,0.0,0,0.000,-0.000,0.0,0
2915465,0.000,-0.000,0.0,0,0.000,-0.000,0.0,0
2915505,0.000,-0.000,0.0,0,0.000,-0.000,0.0,0
2915545,0.000,-0.000,0.0,0,0.000,-0.000,0.0,0
2915585,0.000,-0.000,0.0,0,0.000,-0.000,0.0,0
2915625,0.000,-0.000,0.0,0,0.000,-0.000,0.0,0
2915665,0.000,-0.000,0.0,0,0.000,-0.000,0.0,0
2915705,0.000,-0.000,0.0,0,0.000,-0.000,0.0,0
2915745,0.000,-0.000,0.0,0,0.000,-0.000,0.0,0
2915785,0.000,-0.000,0.0,0,0.000,-0.000,0.0,0
2915825,0.000,-0.000,0.0,0,0.000,-0.000,0.0,0
2915865,0.000,-0.000,0.0,0,0.000,-0.000,0.0,0
2915905,0.000,-0.000,0.0,0,0.000,-0.000,0.0,0
2915945,0.000,-0.000,0.0,0,0.000,-0.000,0.0,0
2915985,0.000,-0.000,0.0,0,0.000,-0.000,0.0,0
2916025,0.000,-0.000,0.0,0,0.000,-0.000,0.0,0
2916065,0.000,-0.000,0.0,0,0.000,-0.000,0.0,0
2916105,0.000,-0.000,0.0,0,0.000,-0.000,0.0,0
2916145,0.000,-0.000,0.0,0,0.000,-0.000,0.0,0
2916185,0.000,-0.000,0.0,0,0.000,-0.000,0.0,0
2916225,0.000,-0.000,0.0,0,0.000,-0.000,0.0,0
2916265,0.000,-0.000,0.0,0,0.000,-0.000,0.0,0
2916305,0.000,-0.000,0.0,0,0.000,-0.000,0.0,0
2916345,0.000,-0.000,0.0,0,0.000,-0.000,0.0,0
2916385,0.000,-0.000,0.0,0,0.000,-0.000,0.0,0
2916425,0.000,-0.000,0.0,0,0.000,-0.000,0.0,0
2916465,0.000,-0.000,0.0,0,0.000,-0.000,0.0,0
2916505,0.000,-0.000,0.0,0,0.000,-0.000,0.0,0
2916545,0.000,-0.000,0.0,0,0.000,-0.000,0.0,0
2916585,0.000,-0.000,0.0,0,0.000,-0.000,0.0,0
2916625,0.000,-0.000,0.0,0,0.000,-0.000,0.0,0
2916665,0.000,-0.000,0.0,0,0.000,-0.000,0.0,0
2916705,0.000,-0.000,0.0,0,0.000,-0.000,0.0,0
2916745,0.000,-0.000,0.0,0,0.000,-0.000,0.0,0
2916785,0.000,-0.000,0.0,0,0.000,-0.000,0.0,0
2916825,0.000,-0.000,0.0,0,0.000,-0.000,0.0,0
2916865,0.000,-0.000,0.0,0,0.000,-0.000,0.0,0
2916905,0.000,-0.000,0.0,0,0.000,-0.000,0.0,0
2916945,0.000,-0.000,0.0,0,0.000,-0.000,0.0,0
2916985,0.000,-0.000,0.0,0,0.000,-0.000,0.0,0
2917025,0.000,-0.000,0.0,0,0.000,-0.000,0.0,0
2917065,0.000,-0.000,0.0,0,0.000,-0.000,0.0,0
2917105,0.000,-0.000,0.0,0,0.000,-0.000,0.0,0
2917145,0.000,-0.000,0.0,0,0.000,-0.000,0.0,0
2917185,0.000,-0.000,0.0,0,0.000,-0.000,0.0,0
2917225,0.000,-0.000,0.0,0,0.000,-0.000,0.0,0
2917265,0.000,-0.000,0.0,0,0.000,-0.000,0.0,0
2917305,0.000,-0.000,0.0,0,0.000,-0.000,0.0,0
2917345,0.000,-0.000,0.0,0,0.000,-0.000,0.0,0
2917385,0.000,-0.000,0.0,0,0.000,-0.000,0.0,0
2917425,0.000,-0.000,0.0,0,0.000,-0.000,0.0,0
2917465,0.000,-0.000,0.0,0,0.000,-0.000,0.0,0
2917505,0.000,-0.000,0.0,0,0.000,-0.000,0.0,0
2917545,0.000,-0.000,0.0,0,0.000,-0.000,0.0,0
2917585,0.000,-0.000,0.0,0,0.000,-0.000,0.0,0
2917625,0.000,-0.000,0.0,0,0.000,-0.000,0.0,0
2917665,0.000,-0.000,0.0,0,0.000,-0.000,0.0,0
2917705,0.000,-0.000,0.0,0,0.000,-0.000,0.0,0
2917745,0.000,-0.000,0.0,0,0.000,-0.000,0.0,0
2917785,0.000,-0.000,0.0,0,0.000,-0.000,0.0,0
2917825,0.000,-0.000,0.0,0,0.000,-0.000,0.0,0
2917865,0.000,-0.000,0.0,0,0.000,-0.000,0.0,0
2917905,0.000,-0.000,0.0,0,0.000,-0.000,0.0,0
2917945,0.000,-0.000,0.0,0,0.000,-0.000,0.0,0
2917985,0.000,-0.000,0.0,0,0.000,-0.000,0.0,0
2918025,0.000,-0.000,0.0,0,0.000,-0.000,0.0,0
2918065,0.000,-0.000,0.0,0,0.000,-0.000,0.0,0
2918105,0.000,-0.000,0.0,0,0.000,-0.000,0.0,0
2918145,0.000,-0.000,0.0,0,0.000,-0.000,0.0,0
2918185,0.000,-0.000,0.0,0,0.000,-0.000,0.0,0
2918225,0.000,-0.000,0.0,0,0.000,-0.000,0.0,0
2918265,0.000,-0.000,0.0,0,0.000,-0.000,0.0,0
2918305,0.000,-0.000,0.0,0,0.000,-0.000,0.0,0
2918345,0.000,-0.000,0.0,0,0.000,-0.000,0.0,0
2918385,0.000,-0.000,0.0,0,0.000,-0.000,0.0,0
2918425,0.000,-0.000,0.0,0,0.000,-0.000,0.0,0
2918465,0.000,-0.000,0.0,0,0.000,-0.000,0.0,0
2918505,0.000,-0.000,0.0,0,0.000,-0.000,0.0,0
2918545,0.000,-0.000,0.0,0,0.000,-0.000,0.0,0
2918585,0.000,-0.000,0.0,0,0.000,-0.000,0.0,0
2918625,0.000,-0.000,0.0,0,0.000,-0.000,0.0,0
2918665,0.000,-0.000,0.0,0,0.000,-0.000,0.0,0
2918705,0.000,-0.000,0.0,0,0.000,-0.000,0.0,0
2918745,0.000,-0.000,0.0,0,0.000,-0.000,0.0,0
2918785,0.000,-0.000,0.0,0,0.000,-0.000,0.0,0
2918825,0.000,-0.000,0.0,0,0.000,-0.000,0.0,0
2918865,0.000,-0.000,0.0,0,0.000,-0.000,0.0,0
2918905,0.000,-0.000,0.0,0,0.000,-0.000,0.0,0
2918945,0.000,-0.000,0.0,0,0.000,-0.000,0.0,0
2918985,0.000,-0.000,0.0,0,0.000,-0.000,0.0,0
2919025,0.000,-0.000,0.0,0,0.000,-0.000,0.0,0
2919065,0.000,-0.000,0.0,0,0.000,-0.000,0.0,0
2919105,0.000,-0.000,0.0,0,0.000,-0.000,0.0,0
2919145,0.000,-0.000,0.0,0,0.000,-0.000,0.0,0
2919185,0.000,-0.000,0.0,0,0.000,-0.000,0.0,0
2919225,0.000,-0.000,0.0,0,0.000,-0.000,0.0,0
2919265,0.000,-0.000,0.0,0,0.000,-0.000,0.0,0
2919305,0.000,-0.000,0.0,0,0.000,-0.000,0.0,0
2919345,0.000,-0.000,0.0,0,0.000,-0.000,0.0,0
2919385,0.000,-0.000,0.0,0,0.000,-0.000,0.0,0
2919425,0.000,-0.000,0.0,0,0.000,-0.000,0.0,0
2919465,0.000,-0.000,0.0,0,0.000,-0.000,0.0,0
2919505,0.000,-0.000,0.0,0,0.000,-0.000,0.0,0
2919545,0.000,-0.000,0.0,0,0.000,-0.000,0.0,0
2919585,0.000,-0.000,0.0,0,0.000,-0.000,0.0,0
2919625,0.000,-0.000,0.0,0,0.000,-0.000,0.0,0
2919665,0.000,-0.000,0.0,0,0.000,-0.000,0.0,0
2919705,0.000,-0.000,0.0,0,0.000,-0.000,0.0,0
2919745,0.000,-0.000,0.0,0,0.000,-0.000,0.0,0
2919785,0.000,-0.000,0.0,0,0.000,-0.000,0.0,0
2919825,0.000,-0.000,0.0,0,0.000,-0.000,0.0,0
2919865,0.000,-0.000,0.0,0,0.000,-0.000,0.0,0
2919905,0.000,-0.000,0.0,0,0.000,-0.000,0.0,0
2919945,0.000,-0.000,0.0,0,0.000,-0.000,0.0,0
2919985,0.000,-0.000,0.0,0,0.000,-0.000,0.0,0
2920025,0.000,-0.000,0.0,0,0.000,-0.000,0.0,0
2920065,0.000,-0.000,0.0,0,0.000,-0.000,0.0,0
2920105,0.000,-0.000,0.0,0,0.000,-0.000,0.0,0
2920145,0.000,-0.000,0.0,0,0.000,-0.000,0.0,0
2920185,0.000,-0.000,0.0,0,0.000,-0.000,0.0,0
2920225,0.000,-0.000,0.0,0,0.000,-0.000,0.0,0
2920265,0.000,-0.000,0.0,0,0.000,-0.000,0.0,0
2920305,0.000,-0.000,0.0,0,0.000,-0.000,0.0,0
2920345,0.000,-0.000,0.0,0,0.000,-0.000,0.0,0
2920385,0.000,-0.000,0.0,0,0.000,-0.000,0.0,0
2920425,0.000,-0.000,0.0,0,0.000,-0.000,0.0,0
2920465,0.000,-0.000,0.0,0,0.000,-0.000,0.0,0
2920505,0.000,-0.000,0.0,0,0.000,-0.000,0.0,0
2920545,0.000,-0.000,0.0,0,0.000,-0.000,0.0,0
2920585,0.000,-0.000,0.0,0,0.000,-0.000,0.0,0
2920625,0.000,-0.000,0.0,0,0.000,-0.000,0.0,0
2920665,0.000,-0.000,0.0,0,0.000,-0.000,0.0,0
2920705,0.000,-0.000,0.0,0,0.000,-0.000,0.0,0
2920745,0.000,-0.000,0.0,0,0.000,-0.000,0.0,0
2920785,0.000,-0.000,0.0,0,0.000,-0.000,0.0,0
2920825,0.000,-0.000,0.0,0,0.000,-0.000,0.0,0
2920865,0.000,-0.000,0.0,0,0.000,-0.000,0.0,0
2920905,0.000,-0.000,0.0,0,0.000,-0.000,0.0,0
2920945,0.000,-0.000,0.0,0,0.000,-0.000,0.0,0
2920985,0.000,-0.000,0.0,0,0.000,-0.000,0.0,0
2921025,0.000,-0.000,0.0,0,0.000,-0.000,0.0,0
2921065,0.000,-0.000,0.0,0,0.000,-0.000,0.0,0
2921105,0.000,-0.000,0.0,0,0.000,-0.000,0.0,0
2921145,0.000,-0.000,0.0,0,0.000,-0.000,0.0,0
2921185,0.000,-0.000,0.0,0,0.000,-0.000,0.0,0
2921225,0.000,-0.000,0.0,0,0.000,-0.000,0.0,0
2921265,0.000,-0.000,0.0,0,0.000,-0.000,0.0,0
2921305,0.000,-0.000,0.0,0,0.000,-0.000,0.0,0
2921345,0.000,-0.000,0.0,0,0.000,-0.000,0.0,0
2921385,0.000,-0.000,0.0,0,0.000,-0.000,0.0,0
2921425,0.000,-0.000,0.0,0,0.000,-0.000,0.0,0
2921465,0.000,-0.000,0.0,0,0.000,-0.000,0.0,0
2921505,0.000,-0.000,0.0,0,0.000,-0.000,0.0,0
2921545,0.000,-0.000,0.0,0,0.000,-0.000,0.0,0
2921585,0.000,-0.000,0.0,0,0.000,-0.000,0.0,0
2921625,0.000,-0.000,0.0,0,0.000,-0.000,0.0,0
2921665,0.000,-0.000,0.0,0,0.000,-0.000,0.0,0
2921705,0.000,-0.000,0.0,0,0.000,-0.000,0.0,0
2921745,0.000,-0.000,0.0,0,0.000,-0.000,0.0,0
2921785,0.000,-0.000,0.0,0,0.000,-0.000,0.0,0
2921825,0.000,-0.000,0.0,0,0.000,-0.000,0.0,0
2921865,0.000,-0.000,0.0,0,0.000,-0.000,0.0,0
2921905,0.000,-0.000,0.0,0,0.000,-0.000,0.0,0
2921945,0.000,-0.000,0.0,0,0.000,-0.000,0.0,0
2921985,0.000,-0.000,0.0,0,0.000,-0.000,0.0,0
2922025,0.000,-0.000,0.0,0,0.000,-0.000,0.0,0
2922065,0.000,-0.000,0.0,0,0.000,-0.000,0.0,0
2922105,0.000,-0.000,0.0,0,0.000,-0.000,0.0,0
2922145,0.000,-0.000,0.0,0,0.000,-0.000,0.0,0
2922185,0.000,-0.000,0.0,0,0.000,-0.000,0.0,0
2922225,0.000,-0.000,0.0,0,0.000,-0.000,0.0,0
2922265,0.000,-0.000,0.0,0,0.000,-0.000,0.0,0
2922305,0.000,-0.000,0.0,0,0.000,-0.000,0.0,0
2922345,0.000,-0.000,0.0,0,0.000,-0.000,0.0,0
2922385,0.000,-0.000,0.0,0,0.000,-0.000,0.0,0
2922425,0.000,-0.000,0.0,0,0.000,-0.000,0.0,0
2922465,0.000,-0.000,0.0,0,0.000,-0.000,0.0,0
2922505,0.000,-0.000,0.0,0,0.000,-0.000,0.0,0
2922545,0.000,-0.000,0.0,0,0.000,-0.000,0.0,0
2922585,0.000,-0.000,0.0,0,0.000,-0.000,0.0,0
2922625,0.000,-0.000,0.0,0,0.000,-0.000,0.0,0
2922665,0.000,-0.000,0.0,0,0.000,-0.000,0.0,0
2922705,0.000,-0.000,0.0,0,0.000,-0.000,0.0,0
2922745,0.000,-0.000,0.0,0,0.000,-0.000,0.0,0
2922785,0.000,-0.000,0.0,0,0.000,-0.000,0.0,0
2922825,0.000,-0.000,0.0,0,0.000,-0.000,0.0,0
2922865,0.000,-0.000,0.0,0,0.000,-0.000,0.0,0
2922905,0.000,-0.000,0.0,0,0.000,-0.000,0.0,0
2922945,0.000,-0.000,0.0,0,0.000,-0.000,0.0,0
2922985,0.000,-0.000,0.0,0,0.000,-0.000,0.0,0
2923025,0.000,-0.000,0.0,0,0.000,-0.000,0.0,0
2923065,0.000,-0.000,0.0,0,0.000,-0.000,0.0,0
2923105,0.000,-0.000,0.0,0,0.000,-0.000,0.0,0
2923145,0.000,-0.000,0.0,0,0.000,-0.000,0.0,0
2923185,0.000,-0.000,0.0,0,0.000,-0.000,0.0,0
2923225,0.000,-0.000,0.0,0,0.000,-0.000,0.0,0
2923265,0.000,-0.000,0.0,0,0.000,-0.000,0.0,0
2923305,0.000,-0.000,0.0,0,0.000,-0.000,0.0,0
2923345,0.000,-0.000,0.0,0,0.000,-0.000,0.0,0
2923385,0.000,-0.000,0.0,0,0.000,-0.000,0.0,0
2923425,0.000,-0.000,0.0,0,0.000,-0.000,0.0,0
2923465,0.000,-0.000,0.0,0,0.000,-0.000,0.0,0
2923505,0.000,-0.000,0.0,0,0.000,-0.000,0.0,0
2923545,0.000,-0.000,0.0,0,0.000,-0.000,0.0,0
2923585,0.000,-0.000,0.0,0,0.000,-0.000,0.0,0
2923625,0.000,-0.000,0.0,0,0.000,-0.000,0.0,0
2923665,0.000,-0.000,0.0,0,0.000,-0.000,0.0,0
2923705,0.000,-0.000,0.0,0,0.000,-0.000,0.0,0
2923745,0.000,-0.000,0.0,0,0.000,-0.000,0.0,0
2923785,0.000,-0.000,0.0,0,0.000,-0.000,0.0,0
2923825,0.000,-0.000,0.0,0,0.000,-0.000,0.0,0
2923865,0.000,-0.000,0.0,0,0.000,-0.000,0.0,0
2923905,0.000,-0.000,0.0,0,0.000,-0.000,0.0,0
2923945,0.000,-0.000,0.0,0,0.000,-0.000,0.0,0
2923985,0.000,-0.000,0.0,0,0.000,-0.000,0.0,0
2924025,0.000,-0.000,0.0,0,0.000,-0.000,0.0,0
2924065,0.000,-0.000,0.0,0,0.000,-0.000,0.0,0
2924105,0.000,-0.000,0.0,0,0.000,-0.000,0.0,0
2924145,0.000,-0.000,0.0,0,0.000,-0.000,0.0,0
2924185,0.000,-0.000,0.0,0,0.000,-0.000,0.0,0
2924225,0.000,-0.000,0.0,0,0.000,-0.000,0.0,0
2924265,0.000,-0.000,0.0,0,0.000,-0.000,0.0,0
2924305,0.000,-0.000,0.0,0,0.000,-0.000,0.0,0
2924345,0.000,-0.000,0.0,0,0.000,-0.000,0.0,0
2924385,0.000,-0.000,0.0,0,0.000,-0.000,0.0,0
2924425,0.000,-0.000,0.0,0,0.000,-0.000,0.0,0
2924465,0.000,-0.000,0.0,0,0.000,-0.000,0.0,0
2924505,0.000,-0.000,0.0,0,0.000,-0.000,0.0,0
2924545,0.000,-0.000,0.0,0,0.000,-0.000,0.0,0
2924585,0.000,-0.000,0.0,0,0.000,-0.000,0.0,0
2924625,0.000,-0.000,0.0,0,0.000,-0.000,0.0,0
2924665,0.000,-0.000,0.0,0,0.000,-0.000,0.0,0
2924705,0.000,-0.000,0.0,0,0.000,-0.000,0.0,0
2924745,0.000,-0.000,0.0,0,0.000,-0.000,0.0,0
2924785,0.000,-0.000,0.0,0,0.000,-0.000,0.0,0
2924825,0.000,-0.000,0.0,0,0.000,-0.000,0.0,0
2924865,0.000,-0.000,0.0,0,0.000,-0.000,0.0,0
2924905,0.000,-0.000,0.0,0,0.000,-0.000,0.0,0
2924945,0.000,-0.000,0.0,0,0.000,-0.000,0.0,0
2924985,0.000,-0.000,0.0,0,0.000,-0.000,0.0,0
2925025,0.000,-0.000,0.0,0,0.000,-0.000,0.0,0
2925065,0.000,-0.000,0.0,0,0.000,-0.000,0.0,0
2925105,0.000,-0.000,0.0,0,0.000,-0.000,0.0,0
2925145,0.000,-0.000,0.0,0,0.000,-0.000,0.0,0
2925185,0.000,-0.000,0.0,0,0.000,-0.000,0.0,0
2925225,0.000,-0.000,0.0,0,0.000,-0.000,0.0,0
2925265,0.000,-0.000,0.0,0,0.000,-0.000,0.0,0
2925305,0.000,-0.000,0.0,0,0.000,-0.000,0.0,0
2925345,0.000,-0.000,0.0,0,0.000,-0.000,0.0,0
2925385,0.000,-0.000,0.0,0,0.000,-0.000,0.0,0
2925425,0.000,-0.000,0.0,0,0.000,-0.000,0.0,0
2925465,0.000,-0.000,0.0,0,0.000,-0.000,0.0,0
2925505,0.000,-0.000,0.0,0,0.000,-0.000,0.0,0
2925545,0.000,-0.000,0.0,0,0.000,-0.000,0.0,0
2925585,0.000,-0.000,0.0,0,0.000,-0.000,0.0,0
2925625,0.000,-0.000,0.0,0,0.000,-0.000,0.0,0
2925665,0.000,-0.000,0.0,0,0.000,-0.000,0.0,0
2925705,0.000,-0.000,0.0,0,0.000,-0.000,0.0,0
2925745,0.000,-0.000,0.0,0,0.000,-0.000,0.0,0
2925785,0.000,-0.000,0.0,0,0.000,-0.000,0.0,0
2925825,0.000,-0.000,0.0,0,0.000,-0.000,0.0,0
2925865,0.000,-0.000,0.0,0,0.000,-0.000,0.0,0
2925905,0.000,-0.000,0.0,0,0.000,-0.000,0.0,0
2925945,0.000,-0.000,0.0,0,0.000,-0.000,0.0,0
2925985,0.000,-0.000,0.0,0,0.000,-0.000,0.0,0
2926025,0.000,-0.000,0.0,0,0.000,-0.000,0.0,0
2926065,0.000,-0.000,0.0,0,0.000,-0.000,0.0,0
2926105,0.000,-0.000,0.0,0,0.000,-0.000,0.0,0
2926145,0.000,-0.000,0.0,0,0.000,-0.000,0.0,0
2926185,0.000,-0.000,0.0,0,0.000,-0.000,0.0,0
2926225,0.000,-0.000,0.0,0,0.000,-0.000,0.0,0
2926265,0.000,-0.000,0.0,0,0.000,-0.000,0.0,0
2926305,0.000,-0.000,0.0,0,0.000,-0.000,0.0,0
2926345,0.000,-0.000,0.0,0,0.000,-0.000,0.0,0
2926385,0.000,-0.000,0.0,0,0.000,-0.000,0.0,0
2926425,0.000,-0.000,0.0,0,0.000,-0.000,0.0,0
2926465,0.000,-0.000,0.0,0,0.000,-0.000,0.0,0
2926505,0.000,-0.000,0.0,0,0.000,-0.000,0.0,0
2926545,0.000,-0.000,0.0,0,0.000,-0.000,0.0,0
2926585,0.000,-0.000,0.0,0,0.000,-0.000,0.0,0
2926625,0.000,-0.000,0.0,0,0.000,-0.000,0.0,0
2926665,0.000,-0.000,0.0,0,0.000,-0.000,0.0,0
2926705,0.000,-0.000,0.0,0,0.000,-0.000,0.0,0
2926745,0.000,-0.000,0.0,0,0.000,-0.000,0.0,0
2926785,0.000,-0.000,0.0,0,0.000,-0.000,0.0,0
2926825,0.000,-0.000,0.0,0,0.000,-0.000,0.0,0
2926865,0.000,-0.000,0.0,0,0.000,-0.000,0.0,0
2926905,0.000,-0.000,0.0,0,0.000,-0.000,0.0,0
2926945,0.000,-0.000,0.0,0,0.000,-0.000,0.0,0
2926985,0.000,-0.000,0.0,0,0.000,-0.000,0.0,0
2927025,0.000,-0.000,0.0,0,0.000,-0.000,0.0,0
2927065,0.000,-0.000,0.0,0,0.000,-0.000,0.0,0
2927105,0.000,-0.000,0.0,0,0.000,-0.000,0.0,0
2927145,0.000,-0.000,0.0,0,0.000,-0.000,0.0,0
2927185,0.000,-0.000,0.0,0,0.000,-0.000,0.0,0
2927225,0.000,-0.000,0.0,0,0.000,-0.000,0.0,0
2927265,0.000,-0.000,0.0,0,0.000,-0.000,0.0,0
2927305,0.000,-0.000,0.0,0,0.000,-0.000,0.0,0
2927345,0.000,-0.000,0.0,0,0.000,-0.000,0.0,0
2927385,0.000,-0.000,0.0,0,0.000,-0.000,0.0,0
2927425,0.000,-0.000,0.0,0,0.000,-0.000,0.0,0
2927465,0.000,-0.000,0.0,0,0.000,-0.000,0.0,0
2927505,0.000,-0.000,0.0,0,0.000,-0.000,0.0,0
2927545,0.000,-0.000,0.0,0,0.000,-0.000,0.0,0
2927585,0.000,-0.000,0.0,0,0.000,-0.000,0.0,0
2927625,0.000,-0.000,0.0,0,0.000,-0.000,0.0,0
2927665,0.000,-0.000,0.0,0,0.000,-0.000,0.0,0
2927705,0.000,-0.000,0.0,0,0.000,-0.000,0.0,0
2927745,0.000,-0.000,0.0,0,0.000,-0.000,0.0,0
2927785,0.000,-0.000,0.0,0,0.000,-0.000,0.0,0
2927825,0.000,-0.000,0.0,0,0.000,-0.000,0.0,0
2927865,0.000,-0.000,0.0,0,0.000,-0.000,0.0,0
2927905,0.000,-0.000,0.0,0,0.000,-0.000,0.0,0
2927945,0.000,-0.000,0.0,0,0.000,-0.000,0.0,0
2927985,0.000,-0.000,0.0,0,0.000,-0.000,0.0,0
2928025,0.000,-0.000,0.0,0,0.000,-0.000,0.0,0
2928065,0.000,-0.000,0.0,0,0.000,-0.000,0.0,0
2928105,0.000,-0.000,0.0,0,0.000,-0.000,0.0,0
2928145,0.000,-0.000,0.0,0,0.000,-0.000,0.0,0
2928185,0.000,-0.000,0.0,0,0.000,-0.000,0.0,0
2928225,0.000,-0.000,0.0,0,0.000,-0.000,0.0,0
2928265,0.000,-0.000,0.0,0,0.000,-0.000,0.0,0
2928305,0.000,-0.000,0.0,0,0.000,-0.000,0.0,0
2928345,0.000,-0.000,0.0,0,0.000,-0.000,0.0,0
2928385,0.000,-0.000,0.0,0,0.000,-0.000,0.0,0
2928425,0.000,-0.000,0.0,0,0.000,-0.000,0.0,0
2928465,0.000,-0.000,0.0,0,0.000,-0.000,0.0,0
2928505,0.000,-0.000,0.0,0,0.000,-0.000,0.0,0
2928545,0.000,-0.000,0.0,0,0.000,-0.000,0.0,0
2928585,0.000,-0.000,0.0,0,0.000,-0.000,0.0,0
2928625,0.000,-0.000,0.0,0,0.000,-0.000,0.0,0
2928665,0.000,-0.000,0.0,0,0.000,-0.000,0.0,0
2928705,0.000,-0.000,0.0,0,0.000,-0.000,0.0,0
2928745,0.000,-0.000,0.0,0,0.000,-0.000,0.0,0
2928785,0.000,-0.000,0.0,0,0.000,-0.000,0.0,0
2928825,0.000,-0.000,0.0,0,0.000,-0.000,0.0,0
2928865,0.000,-0.000,0.0,0,0.000,-0.000,0.0,0
2928905,0.000,-0.000,0.0,0,0.000,-0.000,0.0,0
2928945,0.000,-0.000,0.0,0,0.000,-0.000,0.0,0
2928985,0.000,-0.000,0.0,0,0.000,-0.000,0.0,0
2929025,0.000,-0.000,0.0,0,0.000,-0.000,0.0,0
2929065,0.000,-0.000,0.0,0,0.000,-0.000,0.0,0
2929105,0.000,-0.000,0.0,0,0.000,-0.000,0.0,0
2929145,0.000,-0.000,0.0,0,0.000,-0.000,0.0,0
2929185,0.000,-0.000,0.0,0,0.000,-0.000,0.0,0
2929225,0.000,-0.000,0.0,0,0.000,-0.000,0.0,0
2929265,0.000,-0.000,0.0,0,0.000,-0.000,0.0,0
2929305,0.000,-0.000,0.0,0,0.000,-0.000,0.0,0
2929345,0.000,-0.000,0.0,0,0.000,-0.000,0.0,0
2929385,0.000,-0.000,0.0,0,0.000,-0.000,0.0,0
2929425,0.000,-0.000,0.0,0,0.000,-0.000,0.0,0
2929465,0.000,-0.000,0.0,0,0.000,-0.000,0.0,0
2929505,0.000,-0.000,0.0,0,0.000,-0.000,0.0,0
2929545,0.000,-0.000,0.0,0,0.000,-0.000,0.0,0
2929585,0.000,-0.000,0.0,0,0.000,-0.000,0.0,0
2929625,0.000,-0.000,0.0,0,0.000,-0.000,0.0,0
2929665,0.000,-0.000,0.0,0,0.000,-0.000,0.0,0
2929705,0.000,-0.000,0.0,0,0.000,-0.000,0.0,0
2929745,0.000,-0.000,0.0,0,0.000,-0.000,0.0,0
2929785,0.000,-0.000,0.0,0,0.000,-0.000,0.0,0
2929825,0.000,-0.000,0.0,0,0.000,-0.000,0.0,0
2929865,0.000,-0.000,0.0,0,0.000,-0.000,0.0,0
2929905,0.000,-0.000,0.0,0,0.000,-0.000,0.0,0
2929945,0.000,-0.000,0.0,0,0.000,-0.000,0.0,0
2929985,0.000,-0.000,0.0,0,0.000,-0.000,0.0,0
2930025,0.000,-0.000,0.0,0,0.000,-0.000,0.0,0
2930065,0.000,-0.000,0.0,0,0.000,-0.000,0.0,0
2930105,0.000,-0.000,0.0,0,0.000,-0.000,0.0,0
2930145,0.000,-0.000,0.0,0,0.000,-0.000,0.0,0
2930185,0.000,-0.000,0.0,0,0.000,-0.000,0.0,0
2930225,0.000,-0.000,0.0,0,0.000,-0.000,0.0,0
2930265,0.000,-0.000,0.0,0,0.000,-0.000,0.0,0
2930305,0.000,-0.000,0.0,0,0.000,-0.000,0.0,0
2930345,0.000,-0.000,0.0,0,0.000,-0.000,0.0,0
2930385,0.000,-0.000,0.0,0,0.000,-0.000,0.0,0
2930425,0.000,-0.000,0.0,0,0.000,-0.000,0.0,0
2930465,0.000,-0.000,0.0,0,0.000,-0.000,0.0,0
2930505,0.000,-0.000,0.0,0,0.000,-0.000,0.0,0
2930545,0.000,-0.000,0.0,0,0.000,-0.000,0.0,0
2930585,0.000,-0.000,0.0,0,0.000,-0.000,0.0,0
2930625,0.000,-0.000,0.0,0,0.000,-0.000,0.0,0
2930665,0.000,-0.000,0.0,0,0.000,-0.000,0.0,0
2930705,0.000,-0.000,0.0,0,0.000,-0.000,0.0,0
2930745,0.000,-0.000,0.0,0,0.000,-0.000,0.0,0
2930785,0.000,-0.000,0.0,0,0.000,-0.000,0.0,0
2930825,0.000,-0.000,0.0,0,0.000,-0.000,0.0,0
2930865,0.000,-0.000,0.0,0,0.000,-0.000,0.0,0
2930905,0.000,-0.000,0.0,0,0.000,-0.000,0.0,0
2930945,0.000,-0.000,0.0,0,0.000,-0.000,0.0,0
2930985,0.000,-0.000,0.0,0,0.000,-0.000,0.0,0
2931025,0.000,-0.000,0.0,0,0.000,-0.000,0.0,0
2931065,0.000,-0.000,0.0,0,0.000,-0.000,0.0,0
2931105,0.000,-0.000,0.0,0,0.000,-0.000,0.0,0
2931145,0.000,-0.000,0.0,0,0.000,-0.000,0.0,0
2931185,0.000,-0.000,0.0,0,0.000,-0.000,0.0,0
2931225,0.000,-0.000,0.0,0,0.000,-0.000,0.0,0
2931265,0.000,-0.000,0.0,0,0.000,-0.000,0.0,0
2931305,0.000,-0.000,0.0,0,0.000,-0.000,0.0,0
2931345,0.000,-0.000,0.0,0,0.000,-0.000,0.0,0
2931385,0.000,-0.000,0.0,0,0.000,-0.000,0.0,0
2931425,0.000,-0.000,0.0,0,0.000,-0.000,0.0,0
2931465,0.000,-0.000,0.0,0,0.000,-0.000,0.0,0
2931505,0.000,-0.000,0.0,0,0.000,-0.000,0.0,0
2931545,0.000,-0.000,0.0,0,0.000,-0.000,0.0,0
2931585,0.000,-0.000,0.0,0,0.000,-0.000,0.0,0
2931625,0.000,-0.000,0.0,0,0.000,-0.000,0.0,0
2931665,0.000,-0.000,0.0,0,0.000,-0.000,0.0,0
2931705,0.000,-0.000,0.0,0,0.000,-0.000,0.0,0
2931745,0.000,-0.000,0.0,0,0.000,-0.000,0.0,0
2931785,0.000,-0.000,0.0,0,0.000,-0.000,0.0,0
2931825,0.000,-0.000,0.0,0,0.000,-0.000,0.0,0
2931865,0.000,-0.000,0.0,0,0.000,-0.000,0.0,0
2931905,0.000,-0.000,0.0,0,0.000,-0.000,0.0,0
2931945,0.000,-0.000,0.0,0,0.000,-0.000,0.0,0
2931985,0.000,-0.000,0.0,0,0.000,-0.000,0.0,0
2932025,0.000,-0.000,0.0,0,0.000,-0.000,0.0,0
2932065,0.000,-0.000,0.0,0,0.000,-0.000,0.0,0
2932105,0.000,-0.000,0.0,0,0.000,-0.000,0.0,0
2932145,0.000,-0.000,0.0,0,0.000,-0.000,0.0,0
2932185,0.000,-0.000,0.0,0,0.000,-0.000,0.0,0
2932225,0.000,-0.000,0.0,0,0.000,-0.000,0.0,0
2932265,0.000,-0.000,0.0,0,0.000,-0.000,0.0,0
2932305,0.000,-0.000,0.0,0,0.000,-0.000,0.0,0
2932345,0.000,-0.000,0.0,0,0.000,-0.000,0.0,0
2932385,0.000,-0.000,0.0,0,0.000,-0.000,0.0,0
2932425,0.000,-0.000,0.0,0,0.000,-0.000,0.0,0
2932465,0.000,-0.000,0.0,0,0.000,-0.000,0.0,0
2932505,0.000,-0.000,0.0,0,0.000,-0.000,0.0,0
2932545,0.000,-0.000,0.0,0,0.000,-0.000,0.0,0
2932585,0.000,-0.000,0.0,0,0.000,-0.000,0.0,0
2932625,0.000,-0.000,0.0,0,0.000,-0.000,0.0,0
2932665,0.000,-0.000,0.0,0,0.000,-0.000,0.0,0
2932705,0.000,-0.000,0.0,0,0.000,-0.000,0.0,0
2932745,0.000,-0.000,0.0,0,0.000,-0.000,0.0,0
2932785,0.000,-0.000,0.0,0,0.000,-0.000,0.0,0
2932825,0.000,-0.000,0.0,0,0.000,-0.000,0.0,0
2932865,0.000,-0.000,0.0,0,0.000,-0.000,0.0,0
2932905,0.000,-0.000,0.0,0,0.000,-0.000,0.0,0
2932945,0.000,-0.000,0.0,0,0.000,-0.000,0.0,0
2932985,0.000,-0.000,0.0,0,0.000,-0.000,0.0,0
2933025,0.000,-0.000,0.0,0,0.000,-0.000,0.0,0
2933065,0.000,-0.000,0.0,0,0.000,-0.000,0.0,0
2933105,0.000,-0.000,0.0,0,0.000,-0.000,0.0,0
2933145,0.000,-0.000,0.0,0,0.000,-0.000,0.0,0
2933185,0.000,-0.000,0.0,0,0.000,-0.000,0.0,0
2933225,0.000,-0.000,0.0,0,0.000,-0.000,0.0,0
2933265,0.000,-0.000,0.0,0,0.000,-0.000,0.0,0
2933305,0.000,-0.000,0.0,0,0.000,-0.000,0.0,0
2933345,0.000,-0.000,0.0,0,0.000,-0.000,0.0,0
2933385,0.000,-0.000,0.0,0,0.000,-0.000,0.0,0
2933425,0.000,-0.000,0.0,0,0.000,-0.000,0.0,0
2933465,0.000,-0.000,0.0,0,0.000,-0.000,0.0,0
2933505,0.000,-0.000,0.0,0,0.000,-0.000,0.0,0
2933545,0.000,-0.000,0.0,0,0.000,-0.000,0.0,0
2933585,0.000,-0.000,0.0,0,0.000,-0.000,0.0,0
2933625,0.000,-0.000,0.0,0,0.000,-0.000,0.0,0
2933665,0.000,-0.000,0.0,0,0.000,-0.000,0.0,0
2933705,0.000,-0.000,0.0,0,0.000,-0.000,0.0,0
2933745,0.000,-0.000,0.0,0,0.000,-0.000,0.0,0
2933785,0.000,-0.000,0.0,0,0.000,-0.000,0.0,0
2933825,0.000,-0.000,0.0,0,0.000,-0.000,0.0,0
2933865,0.000,-0.000,0.0,0,0.000,-0.000,0.0,0
2933905,0.000,-0.000,0.0,0,0.000,-0.000,0.0,0
2933945,0.000,-0.000,0.0,0,0.000,-0.000,0.0,0
2933985,0.000,-0.000,0.0,0,0.000,-0.000,0.0,0
2934025,0.000,-0.000,0.0,0,0.000,-0.000,0.0,0
2934065,0.000,-0.000,0.0,0,0.000,-0.000,0.0,0
2934105,0.000,-0.000,0.0,0,0.000,-0.000,0.0,0
2934145,0.000,-0.000,0.0,0,0.000,-0.000,0.0,0
2934185,0.000,-0.000,0.0,0,0.000,-0.000,0.0,0
2934225,0.000,-0.000,0.0,0,0.000,-0.000,0.0,0
2934265,0.000,-0.000,0.0,0,0.000,-0.000,0.0,0
2934305,0.000,-0.000,0.0,0,0.000,-0.000,0.0,0
2934345,0.000,-0.000,0.0,0,0.000,-0.000,0.0,0
2934385,0.000,-0.000,0.0,0,0.000,-0.000,0.0,0
2934425,0.000,-0.000,0.0,0,0.000,-0.000,0.0,0
2934465,0.000,-0.000,0.0,0,0.000,-0.000,0.0,0
2934505,0.000,-0.000,0.0,0,0.000,-0.000,0.0,0
2934545,0.000,-0.000,0.0,0,0.000,-0.000,0.0,0
2934585,0.000,-0.000,0.0,0,0.000,-0.000,0.0,0
2934625,0.000,-0.000,0.0,0,0.000,-0.000,0.0,0
2934665,0.000,-0.000,0.0,0,0.000,-0.000,0.0,0
2934705,0.000,-0.000,0.0,0,0.000,-0.000,0.0,0
2934745,0.000,-0.000,0.0,0,0.000,-0.000,0.0,0
2934785,0.000,-0.000,0.0,0,0.000,-0.000,0.0,0
2934825,0.000,-0.000,0.0,0,0.000,-0.000,0.0,0
2934865,0.000,-0.000,0.0,0,0.000,-0.000,0.0,0
2934905,0.000,-0.000,0.0,0,0.000,-0.000,0.0,0
2934945,0.000,-0.000,0.0,0,0.000,-0.000,0.0,0
2934985,0.000,-0.000,0.0,0,0.000,-0.000,0.0,0
2935025,0.000,-0.000,0.0,0,0.000,-0.000,0.0,0
2935065,0.000,-0.000,0.0,0,0.000,-0.000,0.0,0
2935105,0.000,-0.000,0.0,0,0.000,-0.000,0.0,0
2935145,0.000,-0.000,0.0,0,0.000,-0.000,0.0,0
2935185,0.000,-0.000,0.0,0,0.000,-0.000,0.0,0
2935225,0.000,-0.000,0.0,0,0.000,-0.000,0.0,0
2935265,0.000,-0.000,0.0,0,0.000,-0.000,0.0,0
2935305,0.000,-0.000,0.0,0,0.000,-0.000,0.0,0
2935345,0.000,-0.000,0.0,0,0.000,-0.000,0.0,0
2935385,0.000,-0.000,0.0,0,0.000,-0.000,0.0,0
2935425,0.000,-0.000,0.0,0,0.000,-0.000,0.0,0
2935465,0.000,-0.000,0.0,0,0.000,-0.000,0.0,0
2935505,0.000,-0.000,0.0,0,0.000,-0.000,0.0,0
2935545,0.000,-0.000,0.0,0,0.000,-0.000,0.0,0
2935585,0.000,-0.000,0.0,0,0.000,-0.000,0.0,0
2935625,0.000,-0.000,0.0,0,0.000,-0.000,0.0,0
2935665,0.000,-0.000,0.0,0,0.000,-0.000,0.0,0
2935705,0.000,-0.000,0.0,0,0.000,-0.000,0.0,0
2935745,0.000,-0.000,0.0,0,0.000,-0.000,0.0,0
2935785,0.000,-0.000,0.0,0,0.000,-0.000,0.0,0
2935825,0.000,-0.000,0.0,0,0.000,-0.000,0.0,0
2935865,0.000,-0.000,0.0,0,0.000,-0.000,0.0,0
2935905,0.000,-0.000,0.0,0,0.000,-0.000,0.0,0
2935945,0.000,-0.000,0.0,0,0.000,-0.000,0.0,0
2935985,0.000,-0.000,0.0,0,0.000,-0.000,0.0,0
2936025,0.000,-0.000,0.0,0,0.000,-0.000,0.0,0
2936065,0.000,-0.000,0.0,0,0.000,-0.000,0.0,0
2936105,0.000,-0.000,0.0,0,0.000,-0.000,0.0,0
2936145,0.000,-0.000,0.0,0,0.000,-0.000,0.0,0
2936185,0.000,-0.000,0.0,0,0.000,-0.000,0.0,0
2936225,0.000,-0.000,0.0,0,0.000,-0.000,0.0,0
2936265,0.000,-0.000,0.0,0,0.000,-0.000,0.0,0
2936305,0.000,-0.000,0.0,0,0.000,-0.000,0.0,0
2936345,0.000,-0.000,0.0,0,0.000,-0.000,0.0,0
2936385,0.000,-0.000,0.0,0,0.000,-0.000,0.0,0
2936425,0.000,-0.000,0.0,0,0.000,-0.000,0.0,0
2936465,0.000,-0.000,0.0,0,0.000,-0.000,0.0,0
2936505,0.000,-0.000,0.0,0,0.000,-0.000,0.0,0
2936545,0.000,-0.000,0.0,0,0.000,-0.000,0.0,0
2936585,0.000,-0.000,0.0,0,0.000,-0.000,0.0,0
2936625,0.000,-0.000,0.0,0,0.000,-0.000,0.0,0
2936665,0.000,-0.000,0.0,0,0.000,-0.000,0.0,0
2936705,0.000,-0.000,0.0,0,0.000,-0.000,0.0,0
2936745,0.000,-0.000,0.0,0,0.000,-0.000,0.0,0
2936785,0.000,-0.000,0.0,0,0.000,-0.000,0.0,0
2936825,0.000,-0.000,0.0,0,0.000,-0.000,0.0,0
2936865,0.000,-0.000,0.0,0,0.000,-0.000,0.0,0
2936905,0.000,-0.000,0.0,0,0.000,-0.000,0.0,0
2936945,0.000,-0.000,0.0,0,0.000,-0.000,0.0,0
2936985,0.000,-0.000,0.0,0,0.000,-0.000,0.0,0
2937025,0.000,-0.000,0.0,0,0.000,-0.000,0.0,0
2937065,0.000,-0.000,0.0,0,0.000,-0.000,0.0,0
2937105,0.000,-0.000,0.0,0,0.000,-0.000,0.0,0
2937145,0.000,-0.000,0.0,0,0.000,-0.000,0.0,0
2937185,0.000,-0.000,0.0,0,0.000,-0.000,0.0,0
2937225,0.000,-0.000,0.0,0,0.000,-0.000,0.0,0
2937265,0.000,-0.000,0.0,0,0.000,-0.000,0.0,0
2937305,0.000,-0.000,0.0,0,0.000,-0.000,0.0,0
2937345,0.000,-0.000,0.0,0,0.000,-0.000,0.0,0
2937385,0.000,-0.000,0.0,0,0.000,-0.000,0.0,0
2937425,0.000,-0.000,0.0,0,0.000,-0.000,0.0,0
2937465,0.000,-0.000,0.0,0,0.000,-0.000,0.0,0
2937505,0.000,-0.000,0.0,0,0.000,-0.000,0.0,0
2937545,0.000,-0.000,0.0,0,0.000,-0.000,0.0,0
2937585,0.000,-0.000,0.0,0,0.000,-0.000,0.0,0
2937625,0.000,-0.000,0.0,0,0.000,-0.000,0.0,0
2937665,0.000,-0.000,0.0,0,0.000,-0.000,0.0,0
2937705,0.000,-0.000,0.0,0,0.000,-0.000,0.0,0
2937745,0.000,-0.000,0.0,0,0.000,-0.000,0.0,0
2937785,0.000,-0.000,0.0,0,0.000,-0.000,0.0,0
2937825,0.000,-0.000,0.0,0,0.000,-0.000,0.0,0
2937865,0.000,-0.000,0.0,0,0.000,-0.000,0.0,0
2937905,0.000,-0.000,0.0,0,0.000,-0.000,0.0,0
2937945,0.000,-0.000,0.0,0,0.000,-0.000,0.0,0
2937985,0.000,-0.000,0.0,0,0.000,-0.000,0.0,0
2938025,0.000,-0.000,0.0,0,0.000,-0.000,0.0,0
2938065,0.000,-0.000,0.0,0,0.000,-0.000,0.0,0
2938105,0.000,-0.000,0.0,0,0.000,-0.000,0.0,0
2938145,0.000,-0.000,0.0,0,0.000,-0.000,0.0,0
2938185,0.000,-0.000,0.0,0,0.000,-0.000,0.0,0
2938225,0.000,-0.000,0.0,0,0.000,-0.000,0.0,0
2938265,0.000,-0.000,0.0,0,0.000,-0.000,0.0,0
2938305,0.000,-0.000,0.0,0,0.000,-0.000,0.0,0
2938345,0.000,-0.000,0.0,0,0.000,-0.000,0.0,0
2938385,0.000,-0.000,0.0,0,0.000,-0.000,0.0,0
2938425,0.000,-0.000,0.0,0,0.000,-0.000,0.0,0
2938465,0.000,-0.000,0.0,0,0.000,-0.000,0.0,0
2938505,0.000,-0.000,0.0,0,0.000,-0.000,0.0,0
2938545,0.000,-0.000,0.0,0,0.000,-0.000,0.0,0
2938585,0.000,-0.000,0.0,0,0.000,-0.000,0.0,0
2938625,0.000,-0.000,0.0,0,0.000,-0.000,0.0,0
2938665,0.000,-0.000,0.0,0,0.000,-0.000,0.0,0
2938705,0.000,-0.000,0.0,0,0.000,-0.000,0.0,0
2938745,0.000,-0.000,0.0,0,0.000,-0.000,0.0,0
2938785,0.000,-0.000,0.0,0,0.000,-0.000,0.0,0
2938825,0.000,-0.000,0.0,0,0.000,-0.000,0.0,0
2938865,0.000,-0.000,0.0,0,0.000,-0.000,0.0,0
2938905,0.000,-0.000,0.0,0,0.000,-0.000,0.0,0
2938945,0.000,-0.000,0.0,0,0.000,-0.000,0.0,0
2938985,0.000,-0.000,0.0,0,0.000,-0.000,0.0,0
2939025,0.000,-0.000,0.0,0,0.000,-0.000,0.0,0
2939065,0.000,-0.000,0.0,0,0.000,-0.000,0.0,0
2939105,0.000,-0.000,0.0,0,0.000,-0.000,0.0,0
2939145,0.000,-0.000,0.0,0,0.000,-0.000,0.0,0
2939185,0.000,-0.000,0.0,0,0.000,-0.000,0.0,0
2939225,0.000,-0.000,0.0,0,0.000,-0.000,0.0,0
2939265,0.000,-0.000,0.0,0,0.000,-0.000,0.0,0
2939305,0.000,-0.000,0.0,0,0.000,-0.000,0.0,0
2939345,0.000,-0.000,0.0,0,0.000,-0.000,0.0,0
2939385,0.000,-0.000,0.0,0,0.000,-0.000,0.0,0
2939425,0.000,-0.000,0.0,0,0.000,-0.000,0.0,0
2939465,0.000,-0.000,0.0,0,0.000,-0.000,0.0,0
2939505,0.000,-0.000,0.0,0,0.000,-0.000,0.0,0
2939545,0.000,-0.000,0.0,0,0.000,-0.000,0.0,0
2939585,0.000,-0.000,0.0,0,0.000,-0.000,0.0,0
2939625,0.000,-0.000,0.0,0,0.000,-0.000,0.0,0
2939665,0.000,-0.000,0.0,0,0.000,-0.000,0.0,0
2939705,0.000,-0.000,0.0,0,0.000,-0.000,0.0,0
2939745,0.000,-0.000,0.0,0,0.000,-0.000,0.0,0
2939785,0.000,-0.000,0.0,0,0.000,-0.000,0.0,0
2939825,0.000,-0.000,0.0,0,0.000,-0.000,0.0,0
2939865,0.000,-0.000,0.0,0,0.000,-0.000,0.0,0
2939905,0.000,-0.000,0.0,0,0.000,-0.000,0.0,0
2939945,0.000,-0.000,0.0,0,0.000,-0.000,0.0,0
2939985,0.000,-0.000,0.0,0,0.000,-0.000,0.0,0
2940025,0.000,-0.000,0.0,0,0.000,-0.000,0.0,0
2940065,0.000,-0.000,0.0,0,0.000,-0.000,0.0,0
2940105,0.000,-0.000,0.0,0,0.000,-0.000,0.0,0
2940145,0.000,-0.000,0.0,0,0.000,-0.000,0.0,0
2940185,0.000,-0.000,0.0,0,0.000,-0.000,0.0,0
2940225,0.000,-0.000,0.0,0,0.000,-0.000,0.0,0
2940265,0.000,-0.000,0.0,0,0.000,-0.000,0.0,0
2940305,0.000,-0.000,0.0,0,0.000,-0.000,0.0,0
2940345,0.000,-0.000,0.0,0,0.000,-0.000,0.0,0
2940385,0.000,-0.000,0.0,0,0.000,-0.000,0.0,0
2940425,0.000,-0.000,0.0,0,0.000,-0.000,0.0,0
2940465,0.000,-0.000,0.0,0,0.000,-0.000,0.0,0
2940505,0.000,-0.000,0.0,0,0.000,-0.000,0.0,0
2940545,0.000,-0.000,0.0,0,0.000,-0.000,0.0,0
2940585,0.000,-0.000,0.0,0,0.000,-0.000,0.0,0
2940625,0.000,-0.000,0.0,0,0.000,-0.000,0.0,0
2940665,0.000,-0.000,0.0,0,0.000,-0.000,0.0,0
2940705,0.000,-0.000,0.0,0,0.000,-0.000,0.0,0
2940745,0.000,-0.000,0.0,0,0.000,-0.000,0.0,0
2940785,0.000,-0.000,0.0,0,0.000,-0.000,0.0,0
2940825,0.000,-0.000,0.0,0,0.000,-0.000,0.0,0
2940865,0.000,-0.000,0.0,0,0.000,-0.000,0.0,0
2940905,0.000,-0.000,0.0,0,0.000,-0.000,0.0,0
2940945,0.000,-0.000,0.0,0,0.000,-0.000,0.0,0
2940985,0.000,-0.000,0.0,0,0.000,-0.000,0.0,0
2941025,0.000,-0.000,0.0,0,0.000,-0.000,0.0,0
2941065,0.000,-0.000,0.0,0,0.000,-0.000,0.0,0
2941105,0.000,-0.000,0.0,0,0.000,-0.000,0.0,0
2941145,0.000,-0.000,0.0,0,0.000,-0.000,0.0,0
2941185,0.000,-0.000,0.0,0,0.000,-0.000,0.0,0
2941225,0.000,-0.000,0.0,0,0.000,-0.000,0.0,0
2941265,0.000,-0.000,0.0,0,0.000,-0.000,0.0,0
2941305,0.000,-0.000,0.0,0,0.000,-0.000,0.0,0
2941345,0.000,-0.000,0.0,0,0.000,-0.000,0.0,0
2941385,0.000,-0.000,0.0,0,0.000,-0.000,0.0,0
2941425,0.000,-0.000,0.0,0,0.000,-0.000,0.0,0
2941465,0.000,-0.000,0.0,0,0.000,-0.000,0.0,0
2941505,0.000,-0.000,0.0,0,0.000,-0.000,0.0,0
2941545,3.846,0.000,35.4,24,3.846,0.000,35.4,24
2941585,3.846,0.001,40.0,39,3.846,0.000,40.0,39
2941625,3.846,0.001,44.6,44,3.846,0.001,44.6,44
2941665,3.846,0.315,46.3,12,3.846,0.520,0.0,0
2941705,3.846,0.807,46.0,12,3.846,1.020,0.0,0
2941745,3.846,1.181,46.2,12,3.846,1.295,45.3,12
2941785,3.846,1.254,30.6,30,3.846,1.377,27.1,27
2941825,3.846,1.496,49.7,12,3.846,1.513,15.5,15
2941865,3.846,1.798,49.7,12,3.846,1.811,49.5,12
2941905,3.846,1.941,27.5,27,3.846,1.951,50.7,26
2941945,3.846,1.979,43.2,43,3.846,1.901,55.1,50
2941985,3.846,1.984,53.9,53,3.846,2.129,0.0,0
2942025,3.846,2.832,0.0,0,3.846,2.795,0.0,0
2942065,3.846,3.113,3.8,3,3.846,2.948,43.1,24
2942105,3.846,3.226,86.1,12,3.846,2.963,63.4,45
2942145,3.846,3.268,6.0,5,3.846,3.161,12.9,12
2942185,3.846,3.060,74.6,29,3.846,3.118,61.9,36
2942225,3.846,3.177,75.9,12,3.846,3.375,7.0,7
2942265,3.846,3.100,71.6,36,3.846,3.294,46.9,31
2942305,3.846,3.237,33.0,33,3.846,3.238,72.2,55
2942345,3.846,3.363,7.2,7,3.846,3.634,0.0,0
2942385,3.846,3.737,46.3,12,3.846,3.711,5.0,4
2942425,3.846,3.725,96.1,15,3.846,3.600,48.7,28
2942465,3.846,3.812,17.7,17,3.846,3.520,97.0,35
2942505,3.846,3.670,50.9,41,3.846,3.555,14.0,13
2942545,3.846,3.881,51.2,12,3.846,3.399,65.2,37
2942585,3.846,3.960,60.5,26,3.846,3.467,81.7,18
2942625,3.846,4.027,28.9,28,3.846,3.407,69.0,42
2942665,3.846,4.034,24.2,24,3.846,3.444,54.1,54
2942705,3.846,4.245,0.0,0,3.846,3.822,0.0,0
2942745,3.846,4.531,25.7,12,3.846,3.819,21.1,21
2942785,3.846,4.483,63.7,36,3.846,3.764,94.5,33
2942825,3.846,4.414,62.3,49,3.846,3.920,10.0,10
2942865,3.846,4.536,30.9,30,3.846,4.053,0.0,0
2942905,3.846,4.637,42.2,20,3.846,3.899,51.3,24
2942945,3.846,4.583,50.9,44,3.846,3.883,99.3,16
2942985,3.846,4.620,20.5,20,3.846,4.015,7.5,7
2943025,3.846,4.715,8.7,8,3.846,4.068,5.6,5
2943065,3.846,4.627,32.7,32,3.846,3.821,61.4,29
2943105,3.846,4.492,32.7,32,3.846,3.741,94.3,39
2943145,3.846,4.457,19.4,19,3.846,3.926,0.0,0
2943185,3.846,4.628,14.8,14,3.846,4.154,0.0,0
2943225,3.846,4.693,52.8,12,3.846,4.030,51.1,24
2943265,3.846,4.561,80.0,25,3.846,3.914,89.1,48
2943305,3.846,4.447,67.7,34,3.846,3.915,61.1,49
2943345,3.846,4.583,12.6,12,3.846,4.121,23.5,23
2943385,3.846,4.777,0.0,0,3.846,4.056,35.5,35
2943425,3.846,4.745,1.4,1,3.846,4.102,29.3,29
2943465,3.846,4.658,0.0,0,3.846,4.027,75.5,49
2943505,3.846,4.656,0.0,0,3.846,4.149,47.5,27
2943545,3.846,4.651,25.5,24,3.846,4.213,49.4,37
2943585,3.846,4.696,71.5,12,3.846,4.238,18.8,18
2943625,3.846,4.795,69.5,12,3.846,4.235,36.7,36
2943665,3.846,4.634,59.6,36,3.846,4.146,56.6,56
2943705,3.846,4.693,0.0,0,3.846,4.195,48.7,38
2943745,3.846,4.857,0.0,0,3.846,4.378,39.9,12
2943785,3.846,4.903,0.0,0,3.846,4.339,68.5,36
2943825,3.846,4.780,13.1,13,3.846,4.485,9.0,8
2943865,3.846,4.817,19.3,19,3.846,4.478,14.4,14
2943905,3.846,4.750,32.4,31,3.846,4.352,25.6,25
2943945,3.846,4.668,54.2,12,3.846,4.156,33.9,33
2943985,3.846,4.553,53.4,21,3.846,4.091,93.0,15
2944025,3.846,4.382,58.7,30,3.846,4.188,5.1,5
2944065,3.846,4.392,13.9,13,3.846,4.107,15.3,15
2944105,3.846,4.271,16.3,16,3.846,3.822,70.0,39
2944145,3.846,4.214,5.7,5,3.846,3.881,65.3,15
2944185,3.846,4.119,39.4,29,3.846,3.819,13.9,13
2944225,3.846,3.962,52.9,35,3.846,3.599,88.7,37
2944265,3.846,3.916,30.3,30,3.846,3.686,32.8,32
2944305,3.846,3.989,0.0,0,3.846,3.695,7.6,7
2944345,3.846,4.009,11.9,11,3.846,3.631,30.6,30
2944385,3.846,3.869,37.5,35,3.846,3.541,101.9,22
2944425,3.846,3.810,46.9,18,3.846,3.638,18.7,18
2944465,3.846,3.817,5.3,5,3.846,3.442,54.5,42
2944505,3.846,3.728,29.0,29,3.846,3.466,89.3,12
2944545,3.846,3.783,38.8,12,3.846,3.603,11.2,11
2944585,3.846,3.759,20.5,20,3.846,3.331,67.6,35
2944625,3.846,3.551,30.7,30,3.846,3.442,49.4,33
2944665,3.846,3.448,49.3,34,3.846,3.235,51.7,51
2944705,3.846,3.522,26.5,14,3.846,3.365,64.1,17
2944745,3.846,3.751,0.0,0,3.846,3.533,10.8,10
2944785,3.846,3.543,33.9,24,3.846,3.341,72.5,34
2944825,3.846,3.453,59.1,24,3.846,3.283,81.4,51
2944865,3.846,3.665,0.0,0,3.846,3.480,9.3,9
2944905,3.846,3.760,0.0,0,3.846,3.500,45.1,33
2944945,3.846,3.681,85.2,12,3.846,3.550,67.3,37
2944985,3.846,3.792,11.3,11,3.846,3.561,49.4,49
2945025,3.846,3.697,0.0,0,3.846,3.603,23.5,23
2945065,3.846,3.694,8.6,8,3.846,3.743,20.1,20
2945105,3.846,3.858,57.9,12,3.846,3.725,76.3,44
2945145,3.846,4.004,0.0,0,3.846,3.844,42.5,42
2945185,3.846,3.754,51.2,24,3.846,3.829,29.2,29
2945225,3.846,3.817,42.3,12,3.846,3.924,22.1,22
2945265,3.846,4.060,0.0,0,3.846,3.869,66.4,46
2945305,3.846,3.957,11.7,11,3.846,3.974,44.3,42
2945345,3.846,3.996,47.3,12,3.846,3.983,32.8,32
2945385,3.846,4.019,59.1,12,3.846,4.059,20.4,20
2945425,3.846,4.152,0.0,0,3.846,3.925,65.0,44
2945465,3.846,3.983,23.1,23,3.846,3.900,73.2,45
2945505,3.846,3.931,7.6,7,3.846,3.867,72.6,47
2945545,3.846,4.057,34.1,12,3.846,4.163,0.0,0
2945585,3.846,4.014,48.8,14,3.846,4.095,30.6,24
2945625,3.846,3.987,25.2,25,3.846,3.890,48.5,48
2945665,3.846,3.855,16.9,16,3.846,3.856,93.7,25
2945705,3.846,3.824,48.7,14,3.846,4.013,2.9,2
2945745,3.846,3.813,29.6,29,3.846,3.737,87.5,26
2945785,3.846,3.690,24.2,24,3.846,3.638,99.3,39
2945825,3.846,3.666,4.1,4,3.846,3.681,13.1,13
2945865,3.846,3.684,26.8,26,3.846,3.695,46.5,37
2945905,3.846,3.707,32.2,21,3.846,3.666,69.7,53
2945945,3.846,3.785,0.0,0,3.846,3.932,18.9,18
2945985,3.846,3.829,22.9,22,3.846,3.859,21.1,21
2946025,3.846,3.757,44.2,32,3.846,3.794,97.7,31
2946065,3.846,3.691,50.3,25,3.846,3.706,89.7,47
2946105,3.846,3.765,0.0,0,3.846,3.963,1.4,1
2946145,3.846,3.723,29.3,24,3.846,3.780,58.1,25
2946185,3.846,3.663,64.5,12,3.846,3.711,104.7,27
2946225,3.846,3.599,24.3,24,3.846,3.747,22.2,22
2946265,3.846,3.509,19.5,19,3.846,3.519,68.8,46
2946305,3.846,3.599,44.3,12,3.846,3.698,63.6,12
2946345,3.846,3.764,0.0,0,3.846,3.684,94.3,26
2946385,3.846,3.617,29.3,24,3.846,3.731,30.4,30
2946425,3.846,3.450,70.2,38,3.846,3.574,58.9,54
2946465,3.846,3.549,29.5,13,3.846,3.724,58.3,22
2946505,3.846,3.809,0.0,0,3.846,3.863,19.5,19
2946545,3.846,3.655,15.0,14,3.846,3.741,64.7,43
2946585,3.846,3.495,88.1,20,3.846,3.734,63.8,56
2946625,3.846,3.806,0.0,0,3.846,3.799,60.8,41
2946665,3.846,3.844,0.0,0,3.846,4.021,21.8,21
2946705,3.846,3.878,56.3,12,3.846,3.986,38.6,38
2946745,3.846,3.879,73.2,12,3.846,4.013,21.4,21
2946785,3.846,4.052,0.0,0,3.846,3.940,78.3,45
2946825,3.846,3.775,58.6,24,3.846,4.030,47.3,43
2946865,3.846,3.895,59.4,12,3.846,4.110,23.3,23
2946905,3.846,4.065,6.3,6,3.846,4.116,58.2,47
2946945,3.846,3.980,9.7,9,3.846,4.247,19.9,19
2946985,3.846,4.060,44.9,12,3.846,4.141,76.7,43
2947025,3.846,4.032,68.1,12,3.846,4.172,62.3,36
2947065,3.846,4.176,0.0,0,3.846,4.124,76.7,41
2947105,3.846,4.047,14.5,14,3.846,4.258,4.7,4
2947145,3.846,4.010,15.3,15,3.846,4.254,31.9,28
2947185,3.846,3.990,56.5,12,3.846,4.041,51.2,51
2947225,3.846,3.983,11.0,11,3.846,4.049,81.5,20
2947265,3.846,3.977,12.3,12,3.846,3.893,91.7,44
2947305,3.846,3.913,13.0,13,3.846,4.151,0.0,0
2947345,3.846,3.942,35.8,16,3.846,4.084,32.1,24
2947385,3.846,3.948,37.4,20,3.846,3.956,54.2,48
2947425,3.846,3.999,20.4,20,3.846,4.127,59.6,12
2947465,3.846,3.960,17.1,17,3.846,4.045,30.9,30
2947505,3.846,3.876,50.3,30,3.846,3.981,23.0,22
2947545,3.846,3.833,36.6,34,3.846,3.869,100.5,31
2947585,3.846,3.881,33.9,13,3.846,4.053,17.9,17
2947625,3.846,3.901,11.6,11,3.846,3.972,26.2,26
2947665,3.846,3.775,40.9,35,3.846,3.836,37.2,37
2947705,3.846,3.809,31.3,21,3.846,3.873,87.3,12
2947745,3.846,3.827,41.9,14,3.846,4.035,0.1,0
2947785,3.846,3.830,3.8,3,3.846,3.877,37.7,24
2947825,3.846,3.649,36.0,27,3.846,3.660,51.1,48
2947865,3.846,3.598,50.7,26,3.846,3.752,84.2,12
2947905,3.846,3.724,0.0,0,3.846,3.796,22.4,22
2947945,3.846,3.542,41.5,24,3.846,3.588,60.5,46
2947985,3.846,3.452,57.1,34,3.846,3.638,66.2,30
2948025,3.846,3.682,0.0,0,3.846,3.737,7.5,7
2948065,3.846,3.678,2.9,2,3.846,3.674,56.7,31
2948105,3.846,3.565,31.9,26,3.846,3.714,70.2,29
2948145,3.846,3.481,78.1,13,3.846,3.663,69.3,53
2948185,3.846,3.749,0.0,0,3.846,3.833,30.7,30
2948225,3.846,3.696,0.0,0,3.846,3.838,29.7,29
2948265,3.846,3.621,81.1,12,3.846,3.774,80.3,44
2948305,3.846,3.786,9.6,9,3.846,3.849,41.5,41
2948345,3.846,3.612,30.3,30,3.846,3.876,33.1,33
2948385,3.846,3.801,47.9,12,3.846,3.962,22.1,22
2948425,3.846,3.880,39.1,12,3.846,3.964,65.6,39
2948465,3.846,4.087,0.0,0,3.846,3.963,65.9,39
2948505,3.846,3.842,59.7,24,3.846,4.018,47.2,43
2948545,3.846,3.849,52.8,12,3.846,4.062,20.0,19
2948585,3.846,4.138,0.0,0,3.846,4.180,10.6,10
2948625,3.846,3.980,31.3,24,3.846,4.053,52.5,34
2948665,3.846,3.935,66.9,12,3.846,3.936,79.0,53
2948705,3.846,3.892,59.4,16,3.846,3.919,67.7,39
2948745,3.846,4.044,0.0,0,3.846,4.161,3.5,3
2948785,3.846,4.023,10.4,10,3.846,4.107,22.1,22
2948825,3.846,3.869,38.3,34,3.846,3.942,39.3,39
2948865,3.846,3.867,49.2,16,3.846,3.940,86.7,14
2948905,3.846,3.954,12.7,12,3.846,4.140,0.0,0
2948945,3.846,3.808,31.6,31,3.846,4.048,25.3,24
2948985,3.846,3.682,54.9,44,3.846,3.761,70.9,48
2949025,3.846,3.725,30.7,27,3.846,3.889,54.6,15
2949065,3.846,3.835,25.9,13,3.846,3.951,2.1,2
2949105,3.846,3.753,26.9,26,3.846,3.773,91.2,26
2949145,3.846,3.652,45.4,45,3.846,3.668,79.8,50
2949185,3.846,3.831,6.8,6,3.846,4.027,0.0,0
2949225,3.846,3.890,31.2,20,3.846,3.977,28.5,24
2949265,3.846,3.879,19.6,19,3.846,3.959,89.1,14
2949305,3.846,3.674,54.4,43,3.846,3.750,106.1,38
2949345,3.846,3.660,41.9,32,3.846,3.941,0.0,0
2949385,3.846,3.843,0.0,0,3.846,3.838,44.7,24
2949425,3.846,3.912,5.7,5,3.846,3.923,89.6,12
2949465,3.846,3.663,51.3,29,3.846,3.699,105.6,36
2949505,3.846,3.532,63.6,42,3.846,3.800,11.9,11
2949545,3.846,3.757,0.0,0,3.846,3.716,35.1,35
2949585,3.846,3.691,29.0,24,3.846,3.804,67.4,13
2949625,3.846,3.626,68.1,20,3.846,3.826,26.3,26
2949665,3.846,3.636,17.4,17,3.846,3.581,67.0,50
2949705,3.846,3.454,35.8,35,3.846,3.604,59.0,42
2949745,3.846,3.553,43.6,12,3.846,3.711,23.3,23
2949785,3.846,3.779,0.0,0,3.846,3.835,36.3,36
2949825,3.846,3.684,11.4,11,3.846,3.804,32.2,32
2949865,3.846,3.611,51.1,35,3.846,3.760,74.8,41
2949905,3.846,3.613,74.0,12,3.846,3.888,26.6,26
2949945,3.846,3.896,0.0,0,3.846,3.927,29.1,29
2949985,3.846,3.687,36.8,24,3.846,3.903,30.9,30
2950025,3.846,3.697,75.7,12,3.846,3.800,70.0,54
2950065,3.846,3.817,0.0,0,3.846,4.035,8.7,8
2950105,3.846,3.719,29.5,24,3.846,3.817,76.6,32
2950145,3.846,3.606,34.0,33,3.846,3.756,33.3,33
2950185,3.846,3.764,0.0,0,3.846,3.790,35.6,35
2950225,3.846,3.845,0.0,0,3.846,3.996,49.9,12
2950265,3.846,3.882,68.1,12,3.846,3.908,78.1,36
2950305,3.846,3.930,6.0,5,3.846,3.986,12.6,12
2950345,3.846,3.961,0.0,0,3.846,3.829,50.6,36
2950385,3.846,3.755,44.6,24,3.846,3.809,70.4,38
2950425,3.846,3.707,66.3,23,3.846,3.855,29.6,29
2950465,3.846,3.812,4.4,4,3.846,3.999,33.1,32
2950505,3.846,3.680,47.6,28,3.846,3.789,45.2,45
2950545,3.846,3.649,52.8,35,3.846,3.847,73.1,15
2950585,3.846,3.702,43.8,23,3.846,3.956,0.0,0
2950625,3.846,3.863,13.5,13,3.846,4.018,2.8,2
2950665,3.846,3.795,23.5,23,3.846,3.755,76.8,26
2950705,3.846,3.685,52.6,47,3.846,3.799,53.4,40
2950745,3.846,3.790,19.7,19,3.846,3.807,11.2,11
2950785,3.846,3.870,15.1,15,3.846,3.945,66.1,12
2950825,3.846,3.885,18.9,18,3.846,3.805,93.5,36
2950865,3.846,3.819,43.7,42,3.846,4.005,0.0,0
2950905,3.846,4.002,20.1,12,3.846,3.928,48.8,24
2950945,3.846,4.063,44.8,14,3.846,3.992,43.8,41
2950985,3.846,4.036,19.1,19,3.846,3.968,93.2,12
2951025,3.846,3.862,48.7,43,3.846,3.994,5.2,5
2951065,3.846,3.861,43.9,33,3.846,3.710,57.3,29
2951105,3.846,3.879,60.2,12,3.846,3.729,86.5,12
2951145,3.846,3.890,23.6,23,3.846,3.633,86.2,36
2951185,3.846,3.704,45.3,45,3.846,3.762,12.1,12
2951225,3.846,3.788,39.5,18,3.846,3.650,47.0,36
2951265,3.846,3.764,55.3,29,3.846,3.726,69.2,17
2951305,3.846,3.943,0.0,0,3.846,3.779,28.6,28
2951345,3.846,3.819,25.7,24,3.846,3.712,39.1,39
2951385,3.846,3.841,60.0,12,3.846,3.827,48.8,28
2951425,3.846,3.710,82.5,29,3.846,3.764,72.6,48
2951465,3.846,3.900,4.0,4,3.846,3.818,41.4,41
2951505,3.846,3.798,5.0,5,3.846,3.827,25.6,25
2951545,3.846,3.766,83.2,12,3.846,3.905,52.7,32
2951585,3.846,3.978,8.6,8,3.846,3.878,59.6,51
2951625,3.846,3.935,0.0,0,3.846,4.027,34.5,30
2951665,3.846,3.814,43.6,24,3.846,4.024,22.4,22
2951705,3.846,3.967,64.9,12,3.846,4.018,24.0,24
2951745,3.846,4.046,0.0,0,3.846,3.903,63.9,48
2951785,3.846,3.828,49.3,24,3.846,3.946,50.0,41
2951825,3.846,3.770,63.8,29,3.846,3.931,55.1,50
2951865,3.846,4.032,0.0,0,3.846,4.108,18.2,18
2951905,3.846,4.000,16.7,16,3.846,4.012,43.3,42
2951945,3.846,3.827,31.0,30,3.846,3.990,70.9,33
2951985,3.846,3.890,62.1,12,3.846,3.921,82.7,33
2952025,3.846,4.009,1.4,1,3.846,4.144,0.0,0
2952065,3.846,4.002,9.4,9,3.846,4.103,13.9,13
2952105,3.846,3.907,36.4,33,3.846,3.994,34.6,34
2952145,3.846,3.825,62.0,35,3.846,3.950,85.9,22
2952185,3.846,3.836,23.6,23,3.846,3.912,20.4,20
2952225,3.846,3.723,39.7,39,3.846,3.797,42.8,42
2952265,3.846,3.802,28.5,28,3.846,3.798,45.3,45
2952305,3.846,3.927,27.6,17,3.846,4.204,13.5,12
2952345,3.846,4.103,23.0,12,3.846,4.247,28.1,28
2952385,3.846,4.016,43.9,36,3.846,4.113,25.4,25
2952425,3.846,4.030,10.0,10,3.846,4.004,90.9,30
2952465,3.846,3.966,48.2,34,3.846,3.956,81.2,25
2952505,3.846,3.959,49.5,25,3.846,4.128,5.2,5
2952545,3.846,3.869,57.3,39,3.846,3.878,60.3,29
2952585,3.846,3.891,7.3,7,3.846,3.795,93.6,23
2952625,3.846,3.825,41.6,31,3.846,3.749,72.7,36
2952665,3.846,3.836,47.4,24,3.846,3.996,0.0,0
2952705,3.846,3.759,58.0,37,3.846,3.795,49.6,24
2952745,3.846,3.844,13.1,13,3.846,3.737,83.4,28
2952785,3.846,3.726,34.1,34,3.846,3.826,11.0,10
2952825,3.846,3.723,54.3,23,3.846,3.862,15.7,15
2952865,3.846,3.769,17.4,17,3.846,3.649,59.0,39
2952905,3.846,3.592,44.8,41,3.846,3.619,73.1,35
2952945,3.846,3.598,63.3,15,3.846,3.706,20.8,20
2952985,3.846,3.595,54.4,27,3.846,3.692,46.2,44
2953025,3.846,3.798,0.0,0,3.846,3.744,50.0,37
2953065,3.846,3.787,0.6,0,3.846,3.814,29.0,29
2953105,3.846,3.755,82.4,12,3.846,3.928,33.4,33
2953145,3.846,3.995,5.2,5,3.846,3.903,20.8,20
2953185,0.000,3.928,0.0,0,0.000,3.791,0.0,0
2953225,0.000,3.613,0.0,0,0.000,3.715,0.0,0
2953265,0.000,3.502,0.0,0,0.000,3.508,0.0,0
2953305,0.000,3.442,0.0,0,0.000,3.290,0.0,0
2953345,0.000,3.267,0.0,0,0.000,3.182,0.0,0
2953385,0.000,3.232,0.0,0,0.000,3.078,0.0,0
2953425,0.000,2.869,0.0,0,0.000,2.922,0.0,0
2953465,0.000,2.826,0.0,0,0.000,2.725,0.0,0
2953505,0.000,2.741,0.0,0,0.000,2.563,0.0,0
2953545,0.000,2.445,0.0,0,0.000,2.454,0.0,0
2953585,0.000,2.410,0.0,0,0.000,2.385,0.0,0
2953625,0.000,2.205,0.0,0,0.000,2.203,0.0,0
2953665,0.000,2.067,0.0,0,0.000,2.088,0.0,0
2953705,0.000,1.974,0.0,0,0.000,1.977,0.0,0
2953745,0.000,1.738,0.0,0,0.000,1.753,0.0,0
2953785,0.000,1.738,0.0,0,0.000,1.588,0.0,0
2953825,0.000,1.571,0.0,0,0.000,1.588,0.0,0
2953865,0.000,1.413,0.0,0,0.000,1.430,0.0,0
2953905,0.000,1.413,0.0,0,0.000,1.430,0.0,0
2953945,0.000,1.413,0.0,0,0.000,1.430,0.0,0
2953985,0.000,1.413,0.0,0,0.000,1.430,0.0,0
2954025,0.000,0.000,0.0,0,0.000,0.000,0.0,0
2954065,0.000,0.000,0.0,0,0.000,0.000,0.0,0
2954105,0.000,0.000,0.0,0,0.000,0.000,0.0,0
2954145,0.000,0.000,0.0,0,0.000,0.000,0.0,0
2954185,0.000,0.000,0.0,0,0.000,0.000,0.0,0
2954225,0.000,0.000,0.0,0,0.000,0.000,0.0,0
2954265,0.000,0.000,0.0,0,0.000,0.000,0.0,0
2954305,0.000,0.000,0.0,0,0.000,0.000,0.0,0
2954345,0.000,0.000,0.0,0,0.000,0.000,0.0,0
2954385,0.000,0.000,0.0,0,0.000,0.000,0.0,0
2954425,0.000,0.000,0.0,0,0.000,0.000,0.0,0
2954465,0.000,0.000,0.0,0,0.000,0.000,0.0,0
2954505,0.000,0.000,0.0,0,0.000,0.000,0.0,0
2954545,0.000,0.000,0.0,0,0.000,0.000,0.0,0
2954585,0.000,0.000,0.0,0,0.000,0.000,0.0,0
2954625,0.000,0.000,0.0,0,0.000,0.000,0.0,0
2954665,0.000,0.000,0.0,0,0.000,0.000,0.0,0
2954705,0.000,0.000,0.0,0,0.000,0.000,0.0,0
2954745,0.000,0.000,0.0,0,0.000,0.000,0.0,0
2954785,0.000,0.000,0.0,0,0.000,0.000,0.0,0
2954825,0.000,0.000,0.0,0,0.000,0.000,0.0,0
2954865,0.000,0.000,0.0,0,0.000,0.000,0.0,0
2954905,0.000,0.000,0.0,0,0.000,0.000,0.0,0
2954945,0.000,0.000,0.0,0,0.000,0.000,0.0,0
2954985,0.000,0.000,0.0,0,0.000,0.000,0.0,0
2955025,0.000,0.000,0.0,0,0.000,0.000,0.0,0
2955065,0.000,0.000,0.0,0,0.000,0.000,0.0,0
2955105,0.000,0.000,0.0,0,0.000,0.000,0.0,0
2955145,0.000,0.000,0.0,0,0.000,0.000,0.0,0
2955185,0.000,0.000,0.0,0,0.000,0.000,0.0,0
2955225,0.000,0.000,0.0,0,0.000,0.000,0.0,0
2955265,0.000,0.000,0.0,0,0.000,0.000,0.0,0
2955305,0.000,0.000,0.0,0,0.000,0.000,0.0,0
2955345,0.000,0.000,0.0,0,0.000,0.000,0.0,0
2955385,0.000,0.000,0.0,0,0.000,0.000,0.0,0
2955425,0.000,0.000,0.0,0,0.000,0.000,0.0,0
2955465,0.000,0.000,0.0,0,0.000,0.000,0.0,0
2955505,0.000,0.000,0.0,0,0.000,0.000,0.0,0
2955545,0.000,0.000,0.0,0,0.000,0.000,0.0,0
2955585,0.000,0.000,0.0,0,0.000,0.000,0.0,0
2955625,0.000,0.000,0.0,0,0.000,0.000,0.0,0
2955665,0.000,0.000,0.0,0,0.000,0.000,0.0,0
2955705,0.000,0.000,0.0,0,0.000,0.000,0.0,0
2955745,0.000,0.000,0.0,0,0.000,0.000,0.0,0
2955785,0.000,0.000,0.0,0,0.000,0.000,0.0,0
2955825,0.000,0.000,0.0,0,0.000,0.000,0.0,0
2955865,0.000,0.000,0.0,0,0.000,0.000,0.0,0
2955905,0.000,0.000,0.0,0,0.000,0.000,0.0,0
2955945,0.000,0.000,0.0,0,0.000,0.000,0.0,0
2955985,0.000,0.000,0.0,0,0.000,0.000,0.0,0
2956025,0.000,0.000,0.0,0,0.000,0.000,0.0,0
2956065,0.000,0.000,0.0,0,0.000,0.000,0.0,0
2956105,0.000,0.000,0.0,0,0.000,0.000,0.0,0
2956145,0.000,0.000,0.0,0,0.000,0.000,0.0,0
2956185,0.000,0.000,0.0,0,0.000,0.000,0.0,0
2956225,0.000,0.000,0.0,0,0.000,0.000,0.0,0
2956265,0.000,0.000,0.0,0,0.000,0.000,0.0,0
2956305,0.000,0.000,0.0,0,0.000,0.000,0.0,0
2956345,0.000,0.000,0.0,0,0.000,0.000,0.0,0
2956385,0.000,0.000,0.0,0,0.000,0.000,0.0,0
2956425,0.000,0.000,0.0,0,0.000,0.000,0.0,0
2956465,0.000,0.000,0.0,0,0.000,0.000,0.0,0
2956505,0.000,0.000,0.0,0,0.000,0.000,0.0,0
2956545,0.000,0.000,0.0,0,0.000,0.000,0.0,0
2956585,0.000,0.000,0.0,0,0.000,0.000,0.0,0
2956625,0.000,0.000,0.0,0,0.000,0.000,0.0,0
2956665,0.000,0.000,0.0,0,0.000,0.000,0.0,0
2956705,0.000,0.000,0.0,0,0.000,0.000,0.0,0
2956745,0.000,0.000,0.0,0,0.000,0.000,0.0,0
2956785,0.000,0.000,0.0,0,0.000,0.000,0.0,0
2956825,0.000,0.000,0.0,0,0.000,0.000,0.0,0
2956865,0.000,0.000,0.0,0,0.000,0.000,0.0,0
2956905,0.000,0.000,0.0,0,0.000,0.000,0.0,0
2956945,0.000,0.000,0.0,0,0.000,0.000,0.0,0
2956985,0.000,0.000,0.0,0,0.000,0.000,0.0,0
2957025,0.000,0.000,0.0,0,0.000,0.000,0.0,0
2957065,0.000,0.000,0.0,0,0.000,0.000,0.0,0
2957105,0.000,0.000,0.0,0,0.000,0.000,0.0,0
2957145,0.000,0.000,0.0,0,0.000,0.000,0.0,0
2957185,0.000,0.000,0.0,0,0.000,0.000,0.0,0
2957225,0.000,0.000,0.0,0,0.000,0.000,0.0,0
2957265,0.000,0.000,0.0,0,0.000,0.000,0.0,0
2957305,0.000,0.000,0.0,0,0.000,0.000,0.0,0
2957345,0.000,0.000,0.0,0,0.000,0.000,0.0,0
2957385,0.000,0.000,0.0,0,0.000,0.000,0.0,0
2957425,0.000,0.000,0.0,0,0.000,0.000,0.0,0
2957465,0.000,0.000,0.0,0,0.000,0.000,0.0,0
2957505,0.000,0.000,0.0,0,0.000,0.000,0.0,0
2957545,0.000,0.000,0.0,0,0.000,0.000,0.0,0
2957585,0.000,0.000,0.0,0,0.000,0.000,0.0,0
2957625,0.000,0.000,0.0,0,0.000,0.000,0.0,0
2957665,0.000,0.000,0.0,0,0.000,0.000,0.0,0
2957705,0.000,0.000,0.0,0,0.000,0.000,0.0,0
2957745,0.000,0.000,0.0,0,0.000,0.000,0.0,0
2957785,0.000,0.000,0.0,0,0.000,0.000,0.0,0
2957825,0.000,0.000,0.0,0,0.000,0.000,0.0,0
2957865,0.000,0.000,0.0,0,0.000,0.000,0.0,0
2957905,0.000,0.000,0.0,0,0.000,0.000,0.0,0
2957945,0.000,0.000,0.0,0,0.000,0.000,0.0,0
2957985,0.000,0.000,0.0,0,0.000,0.000,0.0,0
2958025,0.000,0.000,0.0,0,0.000,0.000,0.0,0
2958065,0.000,0.000,0.0,0,0.000,0.000,0.0,0
2958105,0.000,0.000,0.0,0,0.000,0.000,0.0,0
2958145,0.000,0.000,0.0,0,0.000,0.000,0.0,0
2958185,0.000,0.000,0.0,0,0.000,0.000,0.0,0
2958225,0.000,0.000,0.0,0,0.000,0.000,0.0,0
2958265,0.000,0.000,0.0,0,0.000,0.000,0.0,0
2958305,0.000,0.000,0.0,0,0.000,0.000,0.0,0
2958345,0.000,0.000,0.0,0,0.000,0.000,0.0,0
2958385,0.000,0.000,0.0,0,0.000,0.000,0.0,0
2958425,0.000,0.000,0.0,0,0.000,0.000,0.0,0
2958465,0.000,0.000,0.0,0,0.000,0.000,0.0,0
2958505,0.000,0.000,0.0,0,0.000,0.000,0.0,0
2958545,0.000,0.000,0.0,0,0.000,0.000,0.0,0
2958585,0.000,0.000,0.0,0,0.000,0.000,0.0,0
2958625,0.000,0.000,0.0,0,0.000,0.000,0.0,0
2958665,0.000,0.000,0.0,0,0.000,0.000,0.0,0
2958705,0.000,0.000,0.0,0,0.000,0.000,0.0,0
2958745,0.000,0.000,0.0,0,0.000,0.000,0.0,0
2958785,0.000,0.000,0.0,0,0.000,0.000,0.0,0
2958825,0.000,0.000,0.0,0,0.000,0.000,0.0,0
2958865,0.000,0.000,0.0,0,0.000,0.000,0.0,0
2958905,0.000,0.000,0.0,0,0.000,0.000,0.0,0
2958945,0.000,0.000,0.0,0,0.000,0.000,0.0,0
2958985,0.000,0.000,0.0,0,0.000,0.000,0.0,0
2959025,0.000,0.000,0.0,0,0.000,0.000,0.0,0
2959065,0.000,0.000,0.0,0,0.000,0.000,0.0,0
2959105,0.000,0.000,0.0,0,0.000,0.000,0.0,0
2959145,0.000,0.000,0.0,0,0.000,0.000,0.0,0
2959185,0.000,0.000,0.0,0,0.000,0.000,0.0,0
2959225,0.000,0.000,0.0,0,0.000,0.000,0.0,0
2959265,0.000,0.000,0.0,0,0.000,0.000,0.0,0
2959305,0.000,0.000,0.0,0,0.000,0.000,0.0,0
2959345,0.000,0.000,0.0,0,0.000,0.000,0.0,0
2959385,0.000,0.000,0.0,0,0.000,0.000,0.0,0
2959425,0.000,0.000,0.0,0,0.000,0.000,0.0,0
2959465,0.000,0.000,0.0,0,0.000,0.000,0.0,0
2959505,0.000,0.000,0.0,0,0.000,0.000,0.0,0
2959545,0.000,0.000,0.0,0,0.000,0.000,0.0,0
2959585,0.000,0.000,0.0,0,0.000,0.000,0.0,0
2959625,0.000,0.000,0.0,0,0.000,0.000,0.0,0
2959665,0.000,0.000,0.0,0,0.000,0.000,0.0,0
2959705,0.000,0.000,0.0,0,0.000,0.000,0.0,0
2959745,0.000,0.000,0.0,0,0.000,0.000,0.0,0
2959785,0.000,0.000,0.0,0,0.000,0.000,0.0,0
2959825,0.000,0.000,0.0,0,0.000,0.000,0.0,0
2959865,0.000,0.000,0.0,0,0.000,0.000,0.0,0
2959905,0.000,0.000,0.0,0,0.000,0.000,0.0,0
2959945,0.000,0.000,0.0,0,0.000,0.000,0.0,0
2959985,0.000,0.000,0.0,0,0.000,0.000,0.0,0
2960025,0.000,0.000,0.0,0,0.000,0.000,0.0,0
2960065,0.000,0.000,0.0,0,0.000,0.000,0.0,0
2960105,0.000,0.000,0.0,0,0.000,0.000,0.0,0
2960145,0.000,0.000,0.0,0,0.000,0.000,0.0,0
2960185,0.000,0.000,0.0,0,0.000,0.000,0.0,0
2960225,0.000,0.000,0.0,0,0.000,0.000,0.0,0
2960265,0.000,0.000,0.0,0,0.000,0.000,0.0,0
2960305,0.000,0.000,0.0,0,0.000,0.000,0.0,0
2960345,0.000,0.000,0.0,0,0.000,0.000,0.0,0
2960385,0.000,0.000,0.0,0,0.000,0.000,0.0,0
2960425,0.000,0.000,0.0,0,0.000,0.000,0.0,0
2960465,0.000,0.000,0.0,0,0.000,0.000,0.0,0
2960505,0.000,0.000,0.0,0,0.000,0.000,0.0,0
2960545,0.000,0.000,0.0,0,0.000,0.000,0.0,0
2960585,0.000,0.000,0.0,0,0.000,0.000,0.0,0
2960625,0.000,0.000,0.0,0,0.000,0.000,0.0,0
2960665,0.000,0.000,0.0,0,0.000,0.000,0.0,0
2960705,0.000,0.000,0.0,0,0.000,0.000,0.0,0
2960745,0.000,0.000,0.0,0,0.000,0.000,0.0,0
2960785,0.000,0.000,0.0,0,0.000,0.000,0.0,0
2960825,0.000,0.000,0.0,0,0.000,0.000,0.0,0
2960865,0.000,0.000,0.0,0,0.000,0.000,0.0,0
2960905,0.000,0.000,0.0,0,0.000,0.000,0.0,0
2960945,0.000,0.000,0.0,0,0.000,0.000,0.0,0
2960985,0.000,0.000,0.0,0,0.000,0.000,0.0,0
2961025,0.000,0.000,0.0,0,0.000,0.000,0.0,0
2961065,0.000,0.000,0.0,0,0.000,0.000,0.0,0
2961105,0.000,0.000,0.0,0,0.000,0.000,0.0,0
2961145,0.000,0.000,0.0,0,0.000,0.000,0.0,0
2961185,0.000,0.000,0.0,0,0.000,0.000,0.0,0
2961225,0.000,0.000,0.0,0,0.000,0.000,0.0,0
2961265,0.000,0.000,0.0,0,0.000,0.000,0.0,0
2961305,0.000,0.000,0.0,0,0.000,0.000,0.0,0
2961345,0.000,0.000,0.0,0,0.000,0.000,0.0,0
2961385,0.000,0.000,0.0,0,0.000,0.000,0.0,0
2961425,0.000,0.000,0.0,0,0.000,0.000,0.0,0
2961465,0.000,0.000,0.0,0,0.000,0.000,0.0,0
2961505,0.000,0.000,0.0,0,0.000,0.000,0.0,0
2961545,0.000,0.000,0.0,0,0.000,0.000,0.0,0
2961585,0.000,0.000,0.0,0,0.000,0.000,0.0,0
2961625,0.000,0.000,0.0,0,0.000,0.000,0.0,0
2961665,0.000,0.000,0.0,0,0.000,0.000,0.0,0
2961705,0.000,0.000,0.0,0,0.000,0.000,0.0,0
2961745,0.000,0.000,0.0,0,0.000,0.000,0.0,0
2961785,0.000,0.000,0.0,0,0.000,0.000,0.0,0
2961825,0.000,0.000,0.0,0,0.000,0.000,0.0,0
2961865,0.000,0.000,0.0,0,0.000,0.000,0.0,0
2961905,0.000,0.000,0.0,0,0.000,0.000,0.0,0
2961945,0.000,0.000,0.0,0,0.000,0.000,0.0,0
2961985,0.000,0.000,0.0,0,0.000,0.000,0.0,0
2962025,0.000,0.000,0.0,0,0.000,0.000,0.0,0
2962065,0.000,0.000,0.0,0,0.000,0.000,0.0,0
2962105,0.000,0.000,0.0,0,0.000,0.000,0.0,0
2962145,0.000,0.000,0.0,0,0.000,0.000,0.0,0
2962185,0.000,0.000,0.0,0,0.000,0.000,0.0,0
2962225,0.000,0.000,0.0,0,0.000,0.000,0.0,0
2962265,0.000,0.000,0.0,0,0.000,0.000,0.0,0
2962305,0.000,0.000,0.0,0,0.000,0.000,0.0,0
2962345,0.000,0.000,0.0,0,0.000,0.000,0.0,0
2962385,0.000,0.000,0.0,0,0.000,0.000,0.0,0
2962425,0.000,0.000,0.0,0,0.000,0.000,0.0,0
2962465,0.000,0.000,0.0,0,0.000,0.000,0.0,0
2962505,0.000,0.000,0.0,0,0.000,0.000,0.0,0
2962545,0.000,0.000,0.0,0,0.000,0.000,0.0,0
2962585,0.000,0.000,0.0,0,0.000,0.000,0.0,0
2962625,0.000,0.000,0.0,0,0.000,0.000,0.0,0
2962665,0.000,0.000,0.0,0,0.000,0.000,0.0,0
2962705,0.000,0.000,0.0,0,0.000,0.000,0.0,0
2962745,0.000,0.000,0.0,0,0.000,0.000,0.0,0
2962785,0.000,0.000,0.0,0,0.000,0.000,0.0,0
2962825,0.000,0.000,0.0,0,0.000,0.000,0.0,0
2962865,0.000,0.000,0.0,0,0.000,0.000,0.0,0
2962905,0.000,0.000,0.0,0,0.000,0.000,0.0,0
2962945,0.000,0.000,0.0,0,0.000,0.000,0.0,0
2962985,0.000,0.000,0.0,0,0.000,0.000,0.0,0
2963025,0.000,0.000,0.0,0,0.000,0.000,0.0,0
2963065,0.000,0.000,0.0,0,0.000,0.000,0.0,0
2963105,0.000,0.000,0.0,0,0.000,0.000,0.0,0
2963145,0.000,0.000,0.0,0,0.000,0.000,0.0,0
2963185,0.000,0.000,0.0,0,0.000,0.000,0.0,0
2963225,0.000,0.000,0.0,0,0.000,0.000,0.0,0
2963265,0.000,0.000,0.0,0,0.000,0.000,0.0,0
2963305,0.000,0.000,0.0,0,0.000,0.000,0.0,0
2963345,0.000,0.000,0.0,0,0.000,0.000,0.0,0
2963385,0.000,0.000,0.0,0,0.000,0.000,0.0,0
2963425,0.000,0.000,0.0,0,0.000,0.000,0.0,0
2963465,0.000,0.000,0.0,0,0.000,0.000,0.0,0
2963505,0.000,0.000,0.0,0,0.000,0.000,0.0,0
2963545,0.000,0.000,0.0,0,0.000,0.000,0.0,0
2963585,0.000,0.000,0.0,0,0.000,0.000,0.0,0
2963625,0.000,0.000,0.0,0,0.000,0.000,0.0,0
2963665,0.000,0.000,0.0,0,0.000,0.000,0.0,0
2963705,0.000,0.000,0.0,0,0.000,0.000,0.0,0
2963745,0.000,0.000,0.0,0,0.000,0.000,0.0,0
2963785,0.000,0.000,0.0,0,0.000,0.000,0.0,0
2963825,0.000,0.000,0.0,0,0.000,0.000,0.0,0
2963865,0.000,0.000,0.0,0,0.000,0.000,0.0,0
2963905,0.000,0.000,0.0,0,0.000,0.000,0.0,0
2963945,0.000,0.000,0.0,0,0.000,0.000,0.0,0
2963985,0.000,0.000,0.0,0,0.000,0.000,0.0,0
2964025,0.000,0.000,0.0,0,0.000,0.000,0.0,0
2964065,0.000,0.000,0.0,0,0.000,0.000,0.0,0
2964105,0.000,0.000,0.0,0,0.000,0.000,0.0,0
2964145,0.000,0.000,0.0,0,0.000,0.000,0.0,0
2964185,0.000,0.000,0.0,0,0.000,0.000,0.0,0
2964225,0.000,0.000,0.0,0,0.000,0.000,0.0,0
2964265,0.000,0.000,0.0,0,0.000,0.000,0.0,0
2964305,0.000,0.000,0.0,0,0.000,0.000,0.0,0
2964345,0.000,0.000,0.0,0,0.000,0.000,0.0,0
2964385,0.000,0.000,0.0,0,0.000,0.000,0.0,0
2964425,0.000,0.000,0.0,0,0.000,0.000,0.0,0
2964465,0.000,0.000,0.0,0,0.000,0.000,0.0,0
2964505,0.000,0.000,0.0,0,0.000,0.000,0.0,0
2964545,0.000,0.000,0.0,0,0.000,0.000,0.0,0
2964585,0.000,0.000,0.0,0,0.000,0.000,0.0,0
2964625,0.000,0.000,0.0,0,0.000,0.000,0.0,0
2964665,0.000,0.000,0.0,0,0.000,0.000,0.0,0
2964705,0.000,0.000,0.0,0,0.000,0.000,0.0,0
2964745,0.000,0.000,0.0,0,0.000,0.000,0.0,0
2964785,0.000,0.000,0.0,0,0.000,0.000,0.0,0
2964825,0.000,0.000,0.0,0,0.000,0.000,0.0,0
2964865,0.000,0.000,0.0,0,0.000,0.000,0.0,0
2964905,0.000,0.000,0.0,0,0.000,0.000,0.0,0
2964945,0.000,0.000,0.0,0,0.000,0.000,0.0,0
2964985,0.000,0.000,0.0,0,0.000,0.000,0.0,0
2965025,0.000,0.000,0.0,0,0.000,0.000,0.0,0
2965065,0.000,0.000,0.0,0,0.000,0.000,0.0,0
2965105,0.000,0.000,0.0,0,0.000,0.000,0.0,0
2965145,0.000,0.000,0.0,0,0.000,0.000,0.0,0
2965185,0.000,0.000,0.0,0,0.000,0.000,0.0,0
2965225,0.000,0.000,0.0,0,0.000,0.000,0.0,0
2965265,0.000,0.000,0.0,0,0.000,0.000,0.0,0
2965305,0.000,0.000,0.0,0,0.000,0.000,0.0,0
2965345,0.000,0.000,0.0,0,0.000,0.000,0.0,0
2965385,0.000,0.000,0.0,0,0.000,0.000,0.0,0
2965425,0.000,0.000,0.0,0,0.000,0.000,0.0,0
2965465,0.000,0.000,0.0,0,0.000,0.000,0.0,0
2965505,0.000,0.000,0.0,0,0.000,0.000,0.0,0
2965545,0.000,0.000,0.0,0,0.000,0.000,0.0,0
2965585,0.000,0.000,0.0,0,0.000,0.000,0.0,0
2965625,0.000,0.000,0.0,0,0.000,0.000,0.0,0
2965665,0.000,0.000,0.0,0,0.000,0.000,0.0,0
2965705,0.000,0.000,0.0,0,0.000,0.000,0.0,0
2965745,0.000,0.000,0.0,0,0.000,0.000,0.0,0
2965785,0.000,0.000,0.0,0,0.000,0.000,0.0,0
2965825,0.000,0.000,0.0,0,0.000,0.000,0.0,0
2965865,0.000,0.000,0.0,0,0.000,0.000,0.0,0
2965905,0.000,0.000,0.0,0,0.000,0.000,0.0,0
2965945,0.000,0.000,0.0,0,0.000,0.000,0.0,0
2965985,0.000,0.000,0.0,0,0.000,0.000,0.0,0
2966025,0.000,0.000,0.0,0,0.000,0.000,0.0,0
2966065,0.000,0.000,0.0,0,0.000,0.000,0.0,0
2966105,0.000,0.000,0.0,0,0.000,0.000,0.0,0
2966145,0.000,0.000,0.0,0,0.000,0.000,0.0,0
2966185,0.000,0.000,0.0,0,0.000,0.000,0.0,0
2966225,0.000,0.000,0.0,0,0.000,0.000,0.0,0
2966265,0.000,0.000,0.0,0,0.000,0.000,0.0,0
2966305,0.000,0.000,0.0,0,0.000,0.000,0.0,0
2966345,0.000,0.000,0.0,0,0.000,0.000,0.0,0
2966385,0.000,0.000,0.0,0,0.000,0.000,0.0,0
2966425,0.000,0.000,0.0,0,0.000,0.000,0.0,0
2966465,0.000,0.000,0.0,0,0.000,0.000,0.0,0
2966505,0.000,0.000,0.0,0,0.000,0.000,0.0,0
2966545,0.000,0.000,0.0,0,0.000,0.000,0.0,0
2966585,0.000,0.000,0.0,0,0.000,0.000,0.0,0
2966625,0.000,0.000,0.0,0,0.000,0.000,0.0,0
2966665,0.000,0.000,0.0,0,0.000,0.000,0.0,0
2966705,0.000,0.000,0.0,0,0.000,0.000,0.0,0
2966745,0.000,0.000,0.0,0,0.000,0.000,0.0,0
2966785,0.000,0.000,0.0,0,0.000,0.000,0.0,0
2966825,0.000,0.000,0.0,0,0.000,0.000,0.0,0
2966865,0.000,0.000,0.0,0,0.000,0.000,0.0,0
2966905,0.000,0.000,0.0,0,0.000,0.000,0.0,0
2966945,0.000,0.000,0.0,0,0.000,0.000,0.0,0
2966985,0.000,0.000,0.0,0,0.000,0.000,0.0,0
2967025,0.000,0.000,0.0,0,0.000,0.000,0.0,0
2967065,0.000,0.000,0.0,0,0.000,0.000,0.0,0
2967105,0.000,0.000,0.0,0,0.000,0.000,0.0,0
2967145,0.000,0.000,0.0,0,0.000,0.000,0.0,0
2967185,0.000,0.000,0.0,0,0.000,0.000,0.0,0
2967225,0.000,0.000,0.0,0,0.000,0.000,0.0,0
2967265,0.000,0.000,0.0,0,0.000,0.000,0.0,0
2967305,0.000,0.000,0.0,0,0.000,0.000,0.0,0
2967345,0.000,0.000,0.0,0,0.000,0.000,0.0,0
2967385,0.000,0.000,0.0,0,0.000,0.000,0.0,0
2967425,0.000,0.000,0.0,0,0.000,0.000,0.0,0
2967465,0.000,0.000,0.0,0,0.000,0.000,0.0,0
2967505,0.000,0.000,0.0,0,0.000,0.000,0.0,0
2967545,0.000,0.000,0.0,0,0.000,0.000,0.0,0
2967585,0.000,0.000,0.0,0,0.000,0.000,0.0,0
2967625,0.000,0.000,0.0,0,0.000,0.000,0.0,0
2967665,0.000,0.000,0.0,0,0.000,0.000,0.0,0
2967705,0.000,0.000,0.0,0,0.000,0.000,0.0,0
2967745,0.000,0.000,0.0,0,0.000,0.000,0.0,0
2967785,0.000,0.000,0.0,0,0.000,0.000,0.0,0
2967825,0.000,0.000,0.0,0,0.000,0.000,0.0,0
2967865,0.000,0.000,0.0,0,0.000,0.000,0.0,0
2967905,0.000,0.000,0.0,0,0.000,0.000,0.0,0
2967945,0.000,0.000,0.0,0,0.000,0.000,0.0,0
2967985,0.000,0.000,0.0,0,0.000,0.000,0.0,0
2968025,0.000,0.000,0.0,0,0.000,0.000,0.0,0
2968065,0.000,0.000,0.0,0,0.000,0.000,0.0,0
2968105,0.000,0.000,0.0,0,0.000,0.000,0.0,0
2968145,0.000,0.000,0.0,0,0.000,0.000,0.0,0
2968185,0.000,0.000,0.0,0,0.000,0.000,0.0,0
2968225,0.000,0.000,0.0,0,0.000,0.000,0.0,0
2968265,0.000,0.000,0.0,0,0.000,0.000,0.0,0
2968305,0.000,0.000,0.0,0,0.000,0.000,0.0,0
2968345,0.000,0.000,0.0,0,0.000,0.000,0.0,0
2968385,0.000,0.000,0.0,0,0.000,0.000,0.0,0
2968425,0.000,0.000,0.0,0,0.000,0.000,0.0,0
2968465,0.000,0.000,0.0,0,0.000,0.000,0.0,0
2968505,0.000,0.000,0.0,0,0.000,0.000,0.0,0
2968545,0.000,0.000,0.0,0,0.000,0.000,0.0,0
2968585,0.000,0.000,0.0,0,0.000,0.000,0.0,0
2968625,0.000,0.000,0.0,0,0.000,0.000,0.0,0
2968665,0.000,0.000,0.0,0,0.000,0.000,0.0,0
2968705,0.000,0.000,0.0,0,0.000,0.000,0.0,0
2968745,0.000,0.000,0.0,0,0.000,0.000,0.0,0
2968785,0.000,0.000,0.0,0,0.000,0.000,0.0,0
2968825,0.000,0.000,0.0,0,0.000,0.000,0.0,0
2968865,0.000,0.000,0.0,0,0.000,0.000,0.0,0
2968905,0.000,0.000,0.0,0,0.000,0.000,0.0,0
2968945,0.000,0.000,0.0,0,0.000,0.000,0.0,0
2968985,0.000,0.000,0.0,0,0.000,0.000,0.0,0
2969025,0.000,0.000,0.0,0,0.000,0.000,0.0,0
2969065,0.000,0.000,0.0,0,0.000,0.000,0.0,0
2969105,0.000,0.000,0.0,0,0.000,0.000,0.0,0
2969145,0.000,0.000,0.0,0,0.000,0.000,0.0,0
2969185,0.000,0.000,0.0,0,0.000,0.000,0.0,0
2969225,0.000,0.000,0.0,0,0.000,0.000,0.0,0
2969265,0.000,0.000,0.0,0,0.000,0.000,0.0,0
2969305,0.000,0.000,0.0,0,0.000,0.000,0.0,0
2969345,0.000,0.000,0.0,0,0.000,0.000,0.0,0
2969385,0.000,0.000,0.0,0,0.000,0.000,0.0,0
2969425,0.000,0.000,0.0,0,0.000,0.000,0.0,0
2969465,0.000,0.000,0.0,0,0.000,0.000,0.0,0
2969505,0.000,0.000,0.0,0,0.000,0.000,0.0,0
2969545,0.000,0.000,0.0,0,0.000,0.000,0.0,0
2969585,0.000,0.000,0.0,0,0.000,0.000,0.0,0
2969625,0.000,0.000,0.0,0,0.000,0.000,0.0,0
2969665,0.000,0.000,0.0,0,0.000,0.000,0.0,0
2969705,0.000,0.000,0.0,0,0.000,0.000,0.0,0
2969745,0.000,0.000,0.0,0,0.000,0.000,0.0,0
2969785,0.000,0.000,0.0,0,0.000,0.000,0.0,0
2969825,0.000,0.000,0.0,0,0.000,0.000,0.0,0
2969865,0.000,0.000,0.0,0,0.000,0.000,0.0,0
2969905,0.000,0.000,0.0,0,0.000,0.000,0.0,0
2969945,0.000,0.000,0.0,0,0.000,0.000,0.0,0
2969985,0.000,0.000,0.0,0,0.000,0.000,0.0,0
2970025,0.000,0.000,0.0,0,0.000,0.000,0.0,0
2970065,0.000,0.000,0.0,0,0.000,0.000,0.0,0
2970105,0.000,0.000,0.0,0,0.000,0.000,0.0,0
2970145,0.000,0.000,0.0,0,0.000,0.000,0.0,0
2970185,0.000,0.000,0.0,0,0.000,0.000,0.0,0
2970225,0.000,0.000,0.0,0,0.000,0.000,0.0,0
2970265,0.000,0.000,0.0,0,0.000,0.000,0.0,0
2970305,0.000,0.000,0.0,0,0.000,0.000,0.0,0
2970345,0.000,0.000,0.0,0,0.000,0.000,0.0,0
2970385,0.000,0.000,0.0,0,0.000,0.000,0.0,0
2970425,0.000,0.000,0.0,0,0.000,0.000,0.0,0
2970465,0.000,0.000,0.0,0,0.000,0.000,0.0,0
2970505,0.000,0.000,0.0,0,0.000,0.000,0.0,0
2970545,0.000,0.000,0.0,0,0.000,0.000,0.0,0
2970585,0.000,0.000,0.0,0,0.000,0.000,0.0,0
2970625,0.000,0.000,0.0,0,0.000,0.000,0.0,0
2970665,0.000,0.000,0.0,0,0.000,0.000,0.0,0
2970705,0.000,0.000,0.0,0,0.000,0.000,0.0,0
2970745,0.000,0.000,0.0,0,0.000,0.000,0.0,0
2970785,0.000,0.000,0.0,0,0.000,0.000,0.0,0
2970825,0.000,0.000,0.0,0,0.000,0.000,0.0,0
2970865,0.000,0.000,0.0,0,0.000,0.000,0.0,0
2970905,0.000,0.000,0.0,0,0.000,0.000,0.0,0
2970945,0.000,0.000,0.0,0,0.000,0.000,0.0,0
2970985,0.000,0.000,0.0,0,0.000,0.000,0.0,0
2971025,0.000,0.000,0.0,0,0.000,0.000,0.0,0
2971065,0.000,0.000,0.0,0,0.000,0.000,0.0,0
2971105,0.000,0.000,0.0,0,0.000,0.000,0.0,0
2971145,0.000,0.000,0.0,0,0.000,0.000,0.0,0
2971185,0.000,0.000,0.0,0,0.000,0.000,0.0,0
2971225,0.000,0.000,0.0,0,0.000,0.000,0.0,0
2971265,0.000,0.000,0.0,0,0.000,0.000,0.0,0
2971305,0.000,0.000,0.0,0,0.000,0.000,0.0,0
2971345,0.000,0.000,0.0,0,0.000,0.000,0.0,0
2971385,0.000,0.000,0.0,0,0.000,0.000,0.0,0
2971425,0.000,0.000,0.0,0,0.000,0.000,0.0,0
2971465,0.000,0.000,0.0,0,0.000,0.000,0.0,0
2971505,0.000,0.000,0.0,0,0.000,0.000,0.0,0
2971545,0.000,0.000,0.0,0,0.000,0.000,0.0,0
2971585,0.000,0.000,0.0,0,0.000,0.000,0.0,0
2971625,0.000,0.000,0.0,0,0.000,0.000,0.0,0
2971665,0.000,0.000,0.0,0,0.000,0.000,0.0,0
2971705,0.000,0.000,0.0,0,0.000,0.000,0.0,0
2971745,0.000,0.000,0.0,0,0.000,0.000,0.0,0
2971785,0.000,0.000,0.0,0,0.000,0.000,0.0,0
2971825,0.000,0.000,0.0,0,0.000,0.000,0.0,0
2971865,0.000,0.000,0.0,0,0.000,0.000,0.0,0
2971905,0.000,0.000,0.0,0,0.000,0.000,0.0,0
2971945,0.000,0.000,0.0,0,0.000,0.000,0.0,0
2971985,0.000,0.000,0.0,0,0.000,0.000,0.0,0
2972025,0.000,0.000,0.0,0,0.000,0.000,0.0,0
2972065,0.000,0.000,0.0,0,0.000,0.000,0.0,0
2972105,0.000,0.000,0.0,0,0.000,0.000,0.0,0
2972145,0.000,0.000,0.0,0,0.000,0.000,0.0,0
2972185,0.000,0.000,0.0,0,0.000,0.000,0.0,0
2972225,0.000,0.000,0.0,0,0.000,0.000,0.0,0
2972265,0.000,0.000,0.0,0,0.000,0.000,0.0,0
2972305,0.000,0.000,0.0,0,0.000,0.000,0.0,0
2972345,-3.846,-0.000,-35.4,-24,-3.846,-0.000,-35.4,-24
2972385,-3.846,-0.000,-40.0,-39,-3.846,-0.000,-40.0,-39
2972425,-3.846,-0.001,-44.6,-44,-3.846,-0.001,-44.6,-44
2972465,-3.846,-0.487,-44.7,-44,-3.846,-0.557,-44.4,-44
2972505,-3.846,-1.501,-39.7,-39,-3.846,-1.121,-43.2,-43
2972545,-3.846,-2.466,-33.9,-33,-3.846,-2.126,-37.5,-37
2972585,-3.846,-3.127,-29.7,-29,-3.846,-2.748,-34.0,-34
2972625,-3.846,-3.430,-27.8,-27,-3.846,-3.362,-29.9,-29
2972665,-3.846,-3.874,-24.3,-24,-3.846,-3.713,-27.3,-27
2972705,-3.846,-3.929,-23.9,-23,-3.846,-3.956,-25.3,-25
2972745,-3.846,-3.732,-25.6,-25,-3.846,-3.927,-25.4,-25
2972785,-3.846,-3.786,-25.1,-25,-3.846,-3.826,-26.2,-26
2972825,-3.846,-3.921,-24.1,-24,-3.846,-3.627,-28.0,-27
2972865,-3.846,-3.779,-25.2,-25,-3.846,-3.567,-28.8,-28
2972905,-3.846,-3.808,-24.9,-24,-3.846,-3.535,-29.5,-29
2972945,-3.846,-4.050,-22.8,-22,-3.846,-3.534,-29.8,-29
2972985,-3.846,-3.893,-24.1,-24,-3.846,-3.645,-29.2,-29
2973025,-3.846,-3.643,-26.2,-26,-3.846,-3.573,-30.1,-30
2973065,-3.846,-3.678,-26.0,-26,-3.846,-3.450,-31.5,-31
2973105,-3.846,-3.675,-26.3,-26,-3.846,-3.477,-31.7,-31
2973145,-3.846,-3.768,-25.8,-25,-3.846,-3.490,-32.1,-32
2973185,-3.846,-3.613,-27.2,-27,-3.846,-3.556,-31.9,-31
2973225,-3.846,-3.636,-27.3,-27,-3.846,-3.817,-29.9,-29
2973265,-3.846,-3.631,-27.6,-27,-3.846,-3.904,-29.2,-29
2973305,-3.846,-3.556,-28.5,-28,-3.846,-4.007,-28.3,-28
2973345,-3.846,-3.694,-27.6,-27,-3.846,-3.843,-29.5,-29
2973385,-3.846,-3.795,-27.0,-26,-3.846,-3.951,-28.5,-28
2973425,-3.846,-3.761,-27.3,-27,-3.846,-3.975,-28.2,-28
2973465,-3.846,-3.673,-28.2,-28,-3.846,-4.165,-26.4,-26
2973505,-3.846,-3.717,-28.0,-28,-3.846,-4.138,-26.3,-26
2973545,-3.846,-3.792,-27.5,-27,-3.846,-3.941,-27.7,-27
2973585,-3.846,-3.803,-27.5,-27,-3.846,-4.064,-26.4,-26
2973625,-3.846,-3.889,-26.7,-26,-3.846,-4.061,-26.3,-26
2973665,-3.846,-3.851,-27.0,-26,-3.846,-4.067,-26.0,-26
2973705,-3.846,-3.825,-27.2,-27,-3.846,-3.881,-27.4,-27
2973745,-3.846,-3.744,-28.0,-28,-3.846,-3.974,-26.5,-26
2973785,-3.846,-3.714,-28.4,-28,-3.846,-3.897,-27.1,-27
2973825,-3.846,-3.745,-28.2,-28,-3.846,-3.756,-28.3,-28
2973865,-3.846,-3.738,-28.5,-28,-3.846,-3.845,-27.5,-27
2973905,-3.846,-3.761,-28.4,-28,-3.846,-3.945,-26.7,-26
2973945,-3.846,-3.727,-28.8,-28,-3.846,-3.775,-28.1,-28
2973985,-3.846,-3.789,-28.4,-28,-3.846,-3.750,-28.3,-28
2974025,-3.846,-3.851,-27.9,-27,-3.846,-3.895,-27.1,-27
2974065,-3.846,-3.801,-28.4,-28,-3.846,-3.885,-27.3,-27
2974105,-3.846,-3.678,-29.5,-29,-3.846,-3.715,-28.7,-28
2974145,-3.846,-3.784,-28.7,-28,-3.846,-3.804,-28.0,-28
2974185,-3.846,-3.800,-28.7,-28,-3.846,-3.786,-28.3,-28
2974225,-3.846,-3.633,-30.3,-30,-3.846,-3.821,-28.1,-28
2974265,-3.846,-3.764,-29.3,-29,-3.846,-3.739,-28.8,-28
2974305,-3.846,-3.722,-29.8,-29,-3.846,-3.772,-28.6,-28
2974345,-3.846,-3.751,-29.7,-29,-3.846,-3.827,-28.3,-28
2974385,-3.846,-3.887,-28.5,-28,-3.846,-3.839,-28.2,-28
2974425,-3.846,-4.051,-27.0,-27,-3.846,-3.814,-28.4,-28
2974465,-3.846,-3.768,-29.3,-29,-3.846,-3.800,-28.6,-28
2974505,-3.846,-3.873,-28.4,-28,-3.846,-3.857,-28.1,-28
2974545,-3.846,-3.881,-28.3,-28,-3.846,-3.831,-28.4,-28
2974585,-3.846,-3.877,-28.4,-28,-3.846,-3.874,-28.0,-28
2974625,-3.846,-3.753,-29.4,-29,-3.846,-3.867,-28.0,-28
2974665,-3.846,-3.996,-27.3,-27,-3.846,-3.948,-27.3,-27
2974705,-3.846,-3.956,-27.5,-27,-3.846,-3.933,-27.3,-27
2974745,-3.846,-4.032,-26.8,-26,-3.846,-3.933,-27.2,-27
2974785,-3.846,-3.863,-28.0,-28,-3.846,-3.840,-27.9,-27
2974825,-3.846,-3.936,-27.3,-27,-3.846,-3.884,-27.5,-27
2974865,-3.846,-3.829,-28.2,-28,-3.846,-3.896,-27.4,-27
2974905,-3.846,-3.864,-27.9,-27,-3.846,-3.942,-27.0,-27
2974945,-3.846,-3.798,-28.5,-28,-3.846,-3.817,-28.0,-28
2974985,-3.846,-3.924,-27.4,-27,-3.846,-3.949,-26.8,-26
2975025,-3.846,-3.895,-27.5,-27,-3.846,-4.014,-26.2,-26
2975065,-3.846,-3.890,-27.5,-27,-3.846,-4.074,-25.6,-25
2975105,-3.846,-3.753,-28.7,-28,-3.846,-3.818,-27.5,-27
2975145,-3.846,-3.779,-28.6,-28,-3.846,-3.933,-26.5,-26
2975185,-3.846,-3.814,-28.4,-28,-3.846,-3.956,-26.3,-26
2975225,-3.846,-3.887,-27.8,-27,-3.846,-3.894,-26.7,-26
2975265,-3.846,-3.812,-28.4,-28,-3.846,-3.725,-28.1,-28
2975305,-3.846,-3.768,-28.8,-28,-3.846,-3.900,-26.6,-26
2975345,-3.846,-3.749,-29.1,-29,-3.846,-3.832,-27.3,-27
2975385,-3.846,-3.684,-29.8,-29,-3.846,-3.818,-27.4,-27
2975425,-3.846,-3.752,-29.4,-29,-3.846,-3.745,-28.0,-27
2975465,-3.846,-3.782,-29.2,-29,-3.846,-3.890,-26.9,-26
2975505,-3.846,-3.876,-28.4,-28,-3.846,-3.681,-28.7,-28
2975545,-3.846,-3.864,-28.5,-28,-3.846,-3.698,-28.7,-28
2975585,-3.846,-3.859,-28.5,-28,-3.846,-3.765,-28.3,-28
2975625,-3.846,-3.786,-29.2,-29,-3.846,-3.634,-29.6,-29
2975665,-3.846,-3.949,-27.7,-27,-3.846,-3.714,-29.0,-29
2975705,-3.846,-4.066,-26.7,-26,-3.846,-3.993,-26.6,-26
2975745,-3.846,-4.205,-25.2,-25,-3.846,-4.012,-26.4,-26
2975785,-3.846,-3.984,-26.7,-26,-3.846,-3.942,-26.8,-26
2975825,-3.846,-4.032,-26.1,-26,-3.846,-3.747,-28.4,-28
2975865,-3.846,-3.936,-26.7,-26,-3.846,-3.772,-28.2,-28
2975905,-3.846,-3.862,-27.3,-27,-3.846,-3.804,-28.1,-28
2975945,-3.846,-3.836,-27.5,-27,-3.846,-3.765,-28.5,-28
2975985,-3.846,-4.115,-25.1,-25,-3.846,-3.859,-27.7,-27
2976025,-3.846,-4.048,-25.4,-25,-3.846,-3.882,-27.5,-27
2976065,-3.846,-3.852,-26.9,-26,-3.846,-3.944,-26.9,-26
2976105,-3.846,-4.004,-25.5,-25,-3.846,-3.838,-27.8,-27
2976145,-3.846,-3.962,-25.8,-25,-3.846,-3.856,-27.6,-27
2976185,-3.846,-3.965,-25.7,-25,-3.846,-3.822,-27.8,-27
2976225,-3.846,-3.838,-26.6,-26,-3.846,-3.930,-26.9,-26
2976265,-3.846,-4.030,-24.9,-24,-3.846,-3.894,-27.1,-27
2976305,-3.846,-3.932,-25.5,-25,-3.846,-3.888,-27.1,-27
2976345,-3.846,-3.989,-25.0,-24,-3.846,-3.802,-27.8,-27
2976385,-3.846,-3.861,-25.9,-25,-3.846,-3.832,-27.5,-27
2976425,-3.846,-3.985,-24.7,-24,-3.846,-3.805,-27.9,-27
2976465,-3.846,-3.883,-25.5,-25,-3.846,-3.698,-28.9,-28
2976505,-3.846,-3.859,-25.7,-25,-3.846,-3.795,-28.1,-28
2976545,-3.846,-3.727,-26.9,-26,-3.846,-3.812,-28.0,-28
2976585,-3.846,-3.829,-26.1,-26,-3.846,-3.906,-27.3,-27
2976625,-3.846,-3.846,-26.0,-25,-3.846,-3.715,-28.9,-28
2976665,-3.846,-3.890,-25.6,-25,-3.846,-3.790,-28.3,-28
2976705,-3.846,-3.791,-26.4,-26,-3.846,-3.773,-28.6,-28
2976745,-3.846,-3.813,-26.3,-26,-3.846,-3.564,-30.6,-30
2976785,-3.846,-3.856,-26.0,-25,-3.846,-3.624,-30.3,-30
2976825,-3.846,-3.860,-25.9,-25,-3.846,-3.883,-28.2,-28
2976865,-3.846,-3.775,-26.7,-26,-3.846,-3.954,-27.6,-27
2976905,-3.846,-3.754,-26.9,-26,-3.846,-3.746,-29.3,-29
2976945,-3.846,-3.823,-26.4,-26,-3.846,-3.827,-28.7,-28
2976985,-3.846,-3.819,-26.5,-26,-3.846,-3.720,-29.7,-29
2977025,-3.846,-3.867,-26.1,-26,-3.846,-3.689,-30.2,-30
2977065,-3.846,-3.835,-26.3,-26,-3.846,-3.709,-30.1,-30
2977105,-3.846,-3.853,-26.2,-26,-3.846,-3.843,-29.2,-29
2977145,-3.846,-3.777,-26.9,-26,-3.846,-3.647,-30.9,-30
2977185,-3.846,-3.687,-27.7,-27,-3.846,-3.691,-30.7,-30
2977225,-3.846,-3.695,-27.8,-27,-3.846,-3.738,-30.5,-30
2977265,-3.846,-3.874,-26.4,-26,-3.846,-3.835,-29.9,-29
2977305,-3.846,-3.969,-25.6,-25,-3.846,-3.696,-31.1,-31
2977345,-3.846,-3.848,-26.5,-26,-3.846,-3.851,-29.8,-29
2977385,-3.846,-3.757,-27.2,-27,-3.846,-3.807,-30.3,-30
2977425,-3.846,-3.799,-26.9,-26,-3.846,-3.636,-31.8,-31
2977465,-3.846,-3.790,-27.1,-27,-3.846,-3.742,-31.1,-31
2977505,-3.846,-3.664,-28.3,-28,-3.846,-3.797,-30.7,-30
2977545,-3.846,-3.883,-26.5,-26,-3.846,-3.882,-30.1,-30
2977585,-3.846,-3.897,-26.4,-26,-3.846,-3.823,-30.6,-30
2977625,-3.846,-3.771,-27.5,-27,-3.846,-3.845,-30.4,-30
2977665,-3.846,-3.952,-25.9,-25,-3.846,-3.827,-30.5,-30
2977705,-3.846,-3.984,-25.5,-25,-3.846,-3.954,-29.4,-29
2977745,-3.846,-3.990,-25.4,-25,-3.846,-3.928,-29.5,-29
2977785,-3.846,-3.824,-26.6,-26,-3.846,-3.939,-29.3,-29
2977825,-3.846,-3.963,-25.4,-25,-3.846,-3.843,-30.0,-30
2977865,-3.846,-3.841,-26.4,-26,-3.846,-3.889,-29.6,-29
2977905,-3.846,-3.832,-26.5,-26,-3.846,-3.843,-30.0,-30
2977945,-3.846,-3.778,-27.0,-26,-3.846,-3.840,-30.0,-30
2977985,-3.846,-3.952,-25.5,-25,-3.846,-3.871,-29.7,-29
2978025,-3.846,-3.983,-25.1,-25,-3.846,-3.950,-28.9,-28
2978065,-3.846,-3.861,-26.0,-26,-3.846,-3.917,-29.2,-29
2978105,-3.846,-3.661,-27.8,-27,-3.846,-3.770,-30.4,-30
2978145,-3.846,-3.721,-27.5,-27,-3.846,-3.708,-31.0,-30
2978185,-3.846,-3.783,-27.1,-27,-3.846,-3.828,-30.0,-30
2978225,-3.846,-3.753,-27.4,-27,-3.846,-3.921,-29.3,-29
2978265,-3.846,-3.856,-26.6,-26,-3.846,-3.760,-30.6,-30
2978305,-3.846,-3.782,-27.2,-27,-3.846,-3.904,-29.3,-29
2978345,-3.846,-3.812,-27.0,-27,-3.846,-3.861,-29.6,-29
2978385,-3.846,-3.775,-27.4,-27,-3.846,-3.976,-28.7,-28
2978425,-3.846,-3.871,-26.6,-26,-3.846,-3.822,-29.9,-29
2978465,-3.846,-3.861,-26.7,-26,-3.846,-3.981,-28.5,-28
2978505,-3.846,-3.815,-27.1,-27,-3.846,-3.848,-29.5,-29
2978545,-3.846,-3.714,-28.1,-28,-3.846,-3.784,-30.1,-30
2978585,-3.846,-3.692,-28.4,-28,-3.846,-3.660,-31.3,-31
2978625,-3.846,-3.814,-27.5,-27,-3.846,-3.866,-29.7,-29
2978665,-3.846,-3.836,-27.4,-27,-3.846,-3.927,-29.1,-29
2978705,-3.846,-3.904,-26.8,-26,-3.846,-3.831,-29.9,-29
2978745,-3.846,-3.809,-27.5,-27,-3.846,-3.881,-29.4,-29
2978785,-3.846,-3.836,-27.3,-27,-3.846,-3.930,-29.0,-29
2978825,-3.846,-3.834,-27.4,-27,-3.846,-3.856,-29.6,-29
2978865,-3.846,-3.839,-27.4,-27,-3.846,-3.745,-30.5,-30
2978905,-3.846,-3.785,-27.9,-27,-3.846,-3.929,-29.0,-28
2978945,-3.846,-3.865,-27.2,-27,-3.846,-3.944,-28.8,-28
2978985,-3.846,-3.938,-26.6,-26,-3.846,-3.776,-30.2,-30
2979025,-3.846,-3.751,-28.1,-28,-3.846,-3.740,-30.5,-30
2979065,-3.846,-3.748,-28.2,-28,-3.846,-3.884,-29.3,-29
2979105,-3.846,-3.945,-26.5,-26,-3.846,-3.932,-28.9,-28
2979145,-3.846,-3.892,-26.9,-26,-3.846,-3.869,-29.3,-29
2979185,-3.846,-3.787,-27.7,-27,-3.846,-3.806,-29.9,-29
2979225,-3.846,-3.938,-26.5,-26,-3.846,-3.749,-30.4,-30
2979265,-3.846,-4.010,-25.9,-25,-3.846,-3.755,-30.5,-30
2979305,-3.846,-3.751,-28.0,-28,-3.846,-3.753,-30.6,-30
2979345,-3.846,-3.916,-26.6,-26,-3.846,-3.811,-30.2,-30
2979385,-3.846,-3.911,-26.6,-26,-3.846,-3.852,-29.8,-29
2979425,-3.846,-3.905,-26.5,-26,-3.846,-3.972,-28.7,-28
2979465,-3.846,-3.756,-27.7,-27,-3.846,-3.903,-29.2,-29
2979505,-3.846,-3.956,-26.0,-26,-3.846,-3.865,-29.5,-29
2979545,-3.846,-3.918,-26.3,-26,-3.846,-3.813,-29.9,-29
2979585,-3.846,-3.859,-26.8,-26,-3.846,-3.869,-29.4,-29
2979625,-3.846,-3.705,-28.1,-28,-3.846,-3.820,-29.9,-29
2979665,-3.846,-3.826,-27.1,-27,-3.846,-3.720,-30.8,-30
2979705,-3.846,-3.847,-27.0,-27,-3.846,-3.801,-30.2,-30
2979745,-3.846,-3.774,-27.6,-27,-3.846,-3.854,-29.7,-29
2979785,-3.846,-3.866,-26.9,-26,-3.846,-3.975,-28.7,-28
2979825,-3.846,-3.946,-26.1,-26,-3.846,-3.846,-29.7,-29
2979865,-3.846,-3.957,-25.9,-25,-3.846,-3.946,-28.8,-28
2979905,-3.846,-3.817,-27.0,-27,-3.846,-3.830,-29.6,-29
2979945,-3.846,-3.843,-26.8,-26,-3.846,-3.856,-29.5,-29
2979985,-3.846,-3.820,-27.0,-27,-3.846,-3.661,-31.2,-31
2980025,-3.846,-3.888,-26.5,-26,-3.846,-3.820,-30.0,-29
2980065,-3.846,-3.833,-26.9,-26,-3.846,-3.884,-29.5,-29
2980105,-3.846,-3.850,-26.7,-26,-3.846,-3.905,-29.3,-29
2980145,-3.846,-3.805,-27.1,-27,-3.846,-3.812,-30.0,-30
2980185,-3.846,-3.884,-26.5,-26,-3.846,-4.040,-28.0,-27
2980225,-3.846,-3.883,-26.4,-26,-3.846,-3.985,-28.3,-28
2980265,-3.846,-3.906,-26.2,-26,-3.846,-3.914,-28.8,-28
2980305,-3.846,-3.880,-26.3,-26,-3.846,-3.870,-29.0,-29
2980345,-3.846,-3.954,-25.6,-25,-3.846,-3.971,-28.2,-28
2980385,-3.846,-3.935,-25.6,-25,-3.846,-3.918,-28.5,-28
2980425,-3.846,-3.941,-25.5,-25,-3.846,-3.830,-29.2,-29
2980465,-3.846,-3.899,-25.7,-25,-3.846,-4.069,-27.0,-27
2980505,-3.846,-4.040,-24.4,-24,-3.846,-4.057,-26.9,-26
2980545,-3.846,-4.013,-24.4,-24,-3.846,-4.079,-26.5,-26
2980585,-3.846,-4.065,-23.8,-23,-3.846,-3.895,-27.9,-27
2980625,-3.846,-3.807,-25.8,-25,-3.846,-3.941,-27.3,-27
2980665,-3.846,-3.834,-25.6,-25,-3.846,-3.842,-28.1,-28
2980705,-3.846,-3.842,-25.6,-25,-3.846,-3.829,-28.3,-28
2980745,-3.846,-3.811,-25.9,-25,-3.846,-3.771,-28.8,-28
2980785,-3.846,-3.808,-25.9,-25,-3.846,-3.847,-28.2,-28
2980825,-3.846,-4.021,-24.1,-24,-3.846,-3.901,-27.7,-27
2980865,-3.846,-3.763,-26.2,-26,-3.846,-3.907,-27.6,-27
2980905,-3.846,-3.826,-25.6,-25,-3.846,-3.875,-27.9,-27
2980945,-3.846,-3.754,-26.3,-26,-3.846,-3.868,-27.9,-27
2980985,-3.846,-3.765,-26.4,-26,-3.846,-3.897,-27.6,-27
2981025,-3.846,-3.663,-27.3,-27,-3.846,-3.858,-27.9,-27
2981065,-3.846,-3.897,-25.4,-25,-3.846,-3.756,-28.8,-28
2981105,-3.846,-3.821,-26.2,-26,-3.846,-3.712,-29.3,-29
2981145,-3.846,-3.670,-27.5,-27,-3.846,-3.818,-28.5,-28
2981185,-3.846,-3.668,-27.6,-27,-3.846,-3.828,-28.5,-28
2981225,-3.846,-3.829,-26.4,-26,-3.846,-3.860,-28.2,-28
2981265,-3.846,-3.905,-25.8,-25,-3.846,-3.774,-28.9,-28
2981305,-3.846,-3.766,-26.9,-26,-3.846,-3.821,-28.6,-28
2981345,-3.846,-3.819,-26.5,-26,-3.846,-3.826,-28.6,-28
2981385,-3.846,-3.746,-27.2,-27,-3.846,-3.667,-30.0,-30
2981425,-3.846,-3.770,-27.2,-27,-3.846,-3.754,-29.4,-29
2981465,-3.846,-3.718,-27.7,-27,-3.846,-3.782,-29.3,-29
2981505,-3.846,-3.831,-26.8,-26,-3.846,-3.896,-28.4,-28
2981545,-3.846,-3.854,-26.7,-26,-3.846,-3.734,-29.8,-29
2981585,-3.846,-3.819,-27.0,-26,-3.846,-3.887,-28.5,-28
2981625,-3.846,-3.797,-27.2,-27,-3.846,-3.855,-28.7,-28
2981665,-3.846,-3.876,-26.5,-26,-3.846,-3.962,-27.8,-27
2981705,-3.846,-3.924,-26.1,-26,-3.846,-3.810,-29.0,-29
2981745,-3.846,-3.823,-26.9,-26,-3.846,-3.919,-28.0,-28
2981785,-3.846,-3.741,-27.7,-27,-3.846,-3.814,-28.9,-28
2981825,-3.846,-3.739,-27.8,-27,-3.846,-3.760,-29.5,-29
2981865,-3.846,-3.873,-26.8,-26,-3.846,-3.723,-29.9,-29
2981905,-3.846,-3.871,-26.8,-26,-3.846,-3.920,-28.3,-28
2981945,-3.846,-3.876,-26.7,-26,-3.846,-3.763,-29.7,-29
2981985,-3.846,-3.789,-27.4,-27,-3.846,-3.810,-29.3,-29
2982025,-3.846,-3.832,-27.0,-27,-3.846,-3.758,-29.8,-29
2982065,-3.846,-3.833,-27.1,-27,-3.846,-3.890,-28.8,-28
2982105,-3.846,-3.720,-28.1,-28,-3.846,-3.713,-30.3,-30
2982145,-3.846,-3.789,-27.6,-27,-3.846,-3.845,-29.2,-29
2982185,-3.846,-3.747,-28.0,-28,-3.846,-3.835,-29.4,-29
2982225,-3.846,-3.882,-27.0,-27,-3.846,-3.764,-30.0,-30
2982265,-3.846,-3.746,-28.2,-28,-3.846,-3.671,-30.9,-30
2982305,-3.846,-3.874,-27.1,-27,-3.846,-3.835,-29.6,-29
2982345,-3.846,-3.856,-27.3,-27,-3.846,-3.855,-29.5,-29
2982385,-3.846,-3.834,-27.5,-27,-3.846,-3.794,-30.0,-30
2982425,-3.846,-3.766,-28.1,-28,-3.846,-3.829,-29.7,-29
2982465,-3.846,-3.941,-26.7,-26,-3.846,-3.791,-30.1,-30
2982505,-3.846,-3.680,-28.9,-28,-3.846,-3.777,-30.3,-30
2982545,-3.846,-3.774,-28.2,-28,-3.846,-3.724,-30.9,-30
2982585,-3.846,-3.770,-28.3,-28,-3.846,-3.742,-30.8,-30
2982625,-3.846,-3.809,-28.1,-28,-3.846,-3.838,-30.1,-30
2982665,-3.846,-3.709,-29.0,-28,-3.846,-3.891,-29.7,-29
2982705,-3.846,-3.956,-26.9,-26,-3.846,-3.838,-30.1,-30
2982745,-3.846,-3.873,-27.6,-27,-3.846,-3.821,-30.3,-30
2982785,-3.846,-3.890,-27.5,-27,-3.846,-3.890,-29.7,-29
2982825,-3.846,-3.765,-28.6,-28,-3.846,-3.888,-29.7,-29
2982865,-3.846,-3.866,-27.7,-27,-3.846,-3.846,-30.0,-30
2982905,-3.846,-3.880,-27.7,-27,-3.846,-3.745,-30.9,-30
2982945,-3.846,-3.827,-28.1,-28,-3.846,-3.820,-30.3,-30
2982985,-3.846,-3.759,-28.7,-28,-3.846,-3.885,-29.8,-29
2983025,-3.846,-3.889,-27.6,-27,-3.846,-3.990,-28.9,-28
2983065,-3.846,-3.947,-27.1,-27,-3.846,-3.842,-30.1,-30
2983105,-3.846,-3.957,-26.9,-26,-3.846,-3.974,-28.8,-28
2983145,-3.846,-3.841,-27.8,-27,-3.846,-3.898,-29.4,-29
2983185,-3.846,-3.840,-27.8,-27,-3.846,-3.935,-29.1,-29
2983225,-3.846,-3.852,-27.7,-27,-3.846,-3.713,-31.0,-30
2983265,-3.846,-3.831,-27.9,-27,-3.846,-3.858,-29.8,-29
2983305,-3.846,-3.817,-28.1,-28,-3.846,-3.929,-29.2,-29
2983345,-3.846,-3.861,-27.6,-27,-3.846,-3.926,-29.1,-29
2983385,-3.846,-3.915,-27.2,-27,-3.846,-3.803,-30.1,-30
2983425,-3.846,-3.914,-27.1,-27,-3.846,-3.989,-28.5,-28
2983465,-3.846,-3.881,-27.4,-27,-3.846,-3.919,-29.0,-28
2983505,-3.846,-3.842,-27.6,-27,-3.846,-3.891,-29.1,-29
2983545,-3.846,-3.834,-27.7,-27,-3.846,-3.791,-29.8,-29
2983585,-3.846,-3.766,-28.4,-28,-3.846,-3.846,-29.5,-29
2983625,-3.846,-3.752,-28.6,-28,-3.846,-3.649,-31.2,-31
2983665,-3.846,-3.735,-28.8,-28,-3.846,-3.745,-30.6,-30
2983705,-3.846,-3.811,-28.2,-28,-3.846,-3.803,-30.2,-30
2983745,-3.846,-3.862,-27.9,-27,-3.846,-3.901,-29.5,-29
2983785,-3.846,-3.743,-28.9,-28,-3.846,-3.767,-30.6,-30
2983825,-3.846,-3.822,-28.3,-28,-3.846,-3.936,-29.1,-29
2983865,-3.846,-3.856,-28.0,-27,-3.846,-3.910,-29.3,-29
2983905,-3.846,-3.933,-27.4,-27,-3.846,-3.851,-29.7,-29
2983945,-3.846,-3.770,-28.7,-28,-3.846,-3.736,-30.7,-30
2983985,-3.846,-3.915,-27.4,-27,-3.846,-3.842,-29.9,-29
2984025,-3.846,-3.949,-27.1,-27,-3.846,-3.913,-29.3,-29
2984065,-3.846,-3.837,-28.0,-28,-3.846,-3.936,-29.1,-29
2984105,-3.846,-3.978,-26.6,-26,-3.846,-3.936,-29.0,-28
2984145,-3.846,-3.913,-27.0,-27,-3.846,-3.913,-29.0,-29
2984185,-3.846,-4.025,-26.0,-26,-3.846,-3.963,-28.5,-28
2984225,-3.846,-3.768,-28.1,-28,-3.846,-3.947,-28.5,-28
2984265,-3.846,-3.957,-26.5,-26,-3.846,-3.868,-29.2,-29
2984305,0.000,-3.897,0.0,0,0.000,-3.805,0.0,0
2984345,0.000,-3.794,0.0,0,0.000,-3.801,0.0,0
2984385,0.000,-3.548,0.0,0,0.000,-3.629,0.0,0
2984425,0.000,-3.490,0.0,0,0.000,-3.457,0.0,0
2984465,0.000,-3.357,0.0,0,0.000,-3.389,0.0,0
2984505,0.000,-3.264,0.0,0,0.000,-3.244,0.0,0
2984545,0.000,-3.102,0.0,0,0.000,-3.159,0.0,0
2984585,0.000,-2.982,0.0,0,0.000,-2.935,0.0,0
2984625,0.000,-2.722,0.0,0,0.000,-2.782,0.0,0
2984665,0.000,-2.579,0.0,0,0.000,-2.516,0.0,0
2984705,0.000,-2.387,0.0,0,0.000,-2.355,0.0,0
2984745,0.000,-2.319,0.0,0,0.000,-2.190,0.0,0
2984785,0.000,-2.180,0.0,0,0.000,-2.138,0.0,0
2984825,0.000,-1.997,0.0,0,0.000,-1.974,0.0,0
2984865,0.000,-1.872,0.0,0,0.000,-1.752,0.0,0
2984905,0.000,-1.687,0.0,0,0.000,-1.622,0.0,0
2984945,0.000,-1.491,0.0,0,0.000,-1.622,0.0,0
2984985,0.000,-1.491,0.0,0,0.000,-1.437,0.0,0
2985025,0.000,-1.314,0.0,0,0.000,-1.437,0.0,0
2985065,0.000,-1.314,0.0,0,0.000,-1.437,0.0,0
2985105,0.000,-1.314,0.0,0,0.000,-1.166,0.0,0
2985145,0.000,-1.314,0.0,0,0.000,-1.166,0.0,0
2985185,0.000,-1.022,0.0,0,0.000,-1.166,0.0,0
2985225,0.000,-1.022,0.0,0,0.000,-1.166,0.0,0
2985265,0.000,-1.022,0.0,0,0.000,-0.000,0.0,0
2985305,0.000,-1.022,0.0,0,0.000,-0.000,0.0,0
2985345,0.000,-0.000,0.0,0,0.000,-0.000,0.0,0
2985385,0.000,-0.000,0.0,0,0.000,-0.000,0.0,0
2985425,0.000,-0.000,0.0,0,0.000,-0.000,0.0,0
2985465,0.000,-0.000,0.0,0,0.000,-0.000,0.0,0
2985505,0.000,-0.000,0.0,0,0.000,-0.000,0.0,0
2985545,0.000,-0.000,0.0,0,0.000,-0.000,0.0,0
2985585,0.000,-0.000,0.0,0,0.000,-0.000,0.0,0
2985625,0.000,-0.000,0.0,0,0.000,-0.000,0.0,0
2985665,0.000,-0.000,0.0,0,0.000,-0.000,0.0,0
2985705,0.000,-0.000,0.0,0,0.000,-0.000,0.0,0
2985745,0.000,-0.000,0.0,0,0.000,-0.000,0.0,0
2985785,0.000,-0.000,0.0,0,0.000,-0.000,0.0,0
2985825,0.000,-0.000,0.0,0,0.000,-0.000,0.0,0
2985865,0.000,-0.000,0.0,0,0.000,-0.000,0.0,0
2985905,0.000,-0.000,0.0,0,0.000,-0.000,0.0,0
2985945,0.000,-0.000,0.0,0,0.000,-0.000,0.0,0
2985985,0.000,-0.000,0.0,0,0.000,-0.000,0.0,0
2986025,0.000,-0.000,0.0,0,0.000,-0.000,0.0,0
2986065,0.000,-0.000,0.0,0,0.000,-0.000,0.0,0
2986105,0.000,-0.000,0.0,0,0.000,-0.000,0.0,0
2986145,0.000,-0.000,0.0,0,0.000,-0.000,0.0,0
2986185,0.000,-0.000,0.0,0,0.000,-0.000,0.0,0
2986225,0.000,-0.000,0.0,0,0.000,-0.000,0.0,0
2986265,0.000,-0.000,0.0,0,0.000,-0.000,0.0,0
2986305,0.000,-0.000,0.0,0,0.000,-0.000,0.0,0
2986345,0.000,-0.000,0.0,0,0.000,-0.000,0.0,0
2986385,0.000,-0.000,0.0,0,0.000,-0.000,0.0,0
2986425,0.000,-0.000,0.0,0,0.000,-0.000,0.0,0
2986465,0.000,-0.000,0.0,0,0.000,-0.000,0.0,0
2986505,0.000,-0.000,0.0,0,0.000,-0.000,0.0,0
2986545,0.000,-0.000,0.0,0,0.000,-0.000,0.0,0
2986585,0.000,-0.000,0.0,0,0.000,-0.000,0.0,0
2986625,0.000,-0.000,0.0,0,0.000,-0.000,0.0,0
2986665,0.000,-0.000,0.0,0,0.000,-0.000,0.0,0
2986705,0.000,-0.000,0.0,0,0.000,-0.000,0.0,0
2986745,0.000,-0.000,0.0,0,0.000,-0.000,0.0,0
2986785,0.000,-0.000,0.0,0,0.000,-0.000,0.0,0
2986825,0.000,-0.000,0.0,0,0.000,-0.000,0.0,0
2986865,0.000,-0.000,0.0,0,0.000,-0.000,0.0,0
2986905,0.000,-0.000,0.0,0,0.000,-0.000,0.0,0
2986945,0.000,-0.000,0.0,0,0.000,-0.000,0.0,0
2986985,0.000,-0.000,0.0,0,0.000,-0.000,0.0,0
2987025,0.000,-0.000,0.0,0,0.000,-0.000,0.0,0
2987065,0.000,-0.000,0.0,0,0.000,-0.000,0.0,0
2987105,0.000,-0.000,0.0,0,0.000,-0.000,0.0,0
2987145,0.000,-0.000,0.0,0,0.000,-0.000,0.0,0
2987185,0.000,-0.000,0.0,0,0.000,-0.000,0.0,0
2987225,0.000,-0.000,0.0,0,0.000,-0.000,0.0,0
2987265,0.000,-0.000,0.0,0,0.000,-0.000,0.0,0
2987305,0.000,-0.000,0.0,0,0.000,-0.000,0.0,0
2987345,0.000,-0.000,0.0,0,0.000,-0.000,0.0,0
2987385,0.000,-0.000,0.0,0,0.000,-0.000,0.0,0
2987425,0.000,-0.000,0.0,0,0.000,-0.000,0.0,0
2987465,0.000,-0.000,0.0,0,0.000,-0.000,0.0,0
2987505,0.000,-0.000,0.0,0,0.000,-0.000,0.0,0
2987545,0.000,-0.000,0.0,0,0.000,-0.000,0.0,0
2987585,0.000,-0.000,0.0,0,0.000,-0.000,0.0,0
2987625,0.000,-0.000,0.0,0,0.000,-0.000,0.0,0
2987665,0.000,-0.000,0.0,0,0.000,-0.000,0.0,0
2987705,0.000,-0.000,0.0,0,0.000,-0.000,0.0,0
2987745,0.000,-0.000,0.0,0,0.000,-0.000,0.0,0
2987785,0.000,-0.000,0.0,0,0.000,-0.000,0.0,0
2987825,0.000,-0.000,0.0,0,0.000,-0.000,0.0,0
2987865,0.000,-0.000,0.0,0,0.000,-0.000,0.0,0
2987905,0.000,-0.000,0.0,0,0.000,-0.000,0.0,0
2987945,0.000,-0.000,0.0,0,0.000,-0.000,0.0,0
2987985,0.000,-0.000,0.0,0,0.000,-0.000,0.0,0
2988025,0.000,-0.000,0.0,0,0.000,-0.000,0.0,0
2988065,0.000,-0.000,0.0,0,0.000,-0.000,0.0,0
2988105,0.000,-0.000,0.0,0,0.000,-0.000,0.0,0
2988145,0.000,-0.000,0.0,0,0.000,-0.000,0.0,0
2988185,0.000,-0.000,0.0,0,0.000,-0.000,0.0,0
2988225,0.000,-0.000,0.0,0,0.000,-0.000,0.0,0
2988265,0.000,-0.000,0.0,0,0.000,-0.000,0.0,0
2988305,0.000,-0.000,0.0,0,0.000,-0.000,0.0,0
2988345,0.000,-0.000,0.0,0,0.000,-0.000,0.0,0
2988385,0.000,-0.000,0.0,0,0.000,-0.000,0.0,0
2988425,0.000,-0.000,0.0,0,0.000,-0.000,0.0,0
2988465,0.000,-0.000,0.0,0,0.000,-0.000,0.0,0
2988505,0.000,-0.000,0.0,0,0.000,-0.000,0.0,0
2988545,0.000,-0.000,0.0,0,0.000,-0.000,0.0,0
2988585,0.000,-0.000,0.0,0,0.000,-0.000,0.0,0
2988625,0.000,-0.000,0.0,0,0.000,-0.000,0.0,0
2988665,0.000,-0.000,0.0,0,0.000,-0.000,0.0,0
2988705,0.000,-0.000,0.0,0,0.000,-0.000,0.0,0
2988745,0.000,-0.000,0.0,0,0.000,-0.000,0.0,0
2988785,0.000,-0.000,0.0,0,0.000,-0.000,0.0,0
2988825,0.000,-0.000,0.0,0,0.000,-0.000,0.0,0
2988865,0.000,-0.000,0.0,0,0.000,-0.000,0.0,0
2988905,0.000,-0.000,0.0,0,0.000,-0.000,0.0,0
2988945,0.000,-0.000,0.0,0,0.000,-0.000,0.0,0
2988985,0.000,-0.000,0.0,0,0.000,-0.000,0.0,0
2989025,0.000,-0.000,0.0,0,0.000,-0.000,0.0,0
2989065,0.000,-0.000,0.0,0,0.000,-0.000,0.0,0
2989105,0.000,-0.000,0.0,0,0.000,-0.000,0.0,0
2989145,0.000,-0.000,0.0,0,0.000,-0.000,0.0,0
2989185,0.000,-0.000,0.0,0,0.000,-0.000,0.0,0
2989225,0.000,-0.000,0.0,0,0.000,-0.000,0.0,0
2989265,0.000,-0.000,0.0,0,0.000,-0.000,0.0,0
2989305,0.000,-0.000,0.0,0,0.000,-0.000,0.0,0
2989345,0.000,-0.000,0.0,0,0.000,-0.000,0.0,0
2989385,0.000,-0.000,0.0,0,0.000,-0.000,0.0,0
2989425,0.000,-0.000,0.0,0,0.000,-0.000,0.0,0
2989465,0.000,-0.000,0.0,0,0.000,-0.000,0.0,0
2989505,0.000,-0.000,0.0,0,0.000,-0.000,0.0,0
2989545,0.000,-0.000,0.0,0,0.000,-0.000,0.0,0
2989585,0.000,-0.000,0.0,0,0.000,-0.000,0.0,0
2989625,0.000,-0.000,0.0,0,0.000,-0.000,0.0,0
2989665,0.000,-0.000,0.0,0,0.000,-0.000,0.0,0
2989705,0.000,-0.000,0.0,0,0.000,-0.000,0.0,0
2989745,0.000,-0.000,0.0,0,0.000,-0.000,0.0,0
2989785,0.000,-0.000,0.0,0,0.000,-0.000,0.0,0
2989825,0.000,-0.000,0.0,0,0.000,-0.000,0.0,0
2989865,0.000,-0.000,0.0,0,0.000,-0.000,0.0,0
2989905,0.000,-0.000,0.0,0,0.000,-0.000,0.0,0
2989945,0.000,-0.000,0.0,0,0.000,-0.000,0.0,0
2989985,0.000,-0.000,0.0,0,0.000,-0.000,0.0,0
2990025,0.000,-0.000,0.0,0,0.000,-0.000,0.0,0
2990065,0.000,-0.000,0.0,0,0.000,-0.000,0.0,0
2990105,0.000,-0.000,0.0,0,0.000,-0.000,0.0,0
2990145,0.000,-0.000,0.0,0,0.000,-0.000,0.0,0
2990185,0.000,-0.000,0.0,0,0.000,-0.000,0.0,0
2990225,0.000,-0.000,0.0,0,0.000,-0.000,0.0,0
2990265,0.000,-0.000,0.0,0,0.000,-0.000,0.0,0
2990305,0.000,-0.000,0.0,0,0.000,-0.000,0.0,0
2990345,0.000,-0.000,0.0,0,0.000,-0.000,0.0,0
2990385,0.000,-0.000,0.0,0,0.000,-0.000,0.0,0
2990425,0.000,-0.000,0.0,0,0.000,-0.000,0.0,0
2990465,0.000,-0.000,0.0,0,0.000,-0.000,0.0,0
2990505,0.000,-0.000,0.0,0,0.000,-0.000,0.0,0
2990545,0.000,-0.000,0.0,0,0.000,-0.000,0.0,0
2990585,0.000,-0.000,0.0,0,0.000,-0.000,0.0,0
2990625,0.000,-0.000,0.0,0,0.000,-0.000,0.0,0
2990665,0.000,-0.000,0.0,0,0.000,-0.000,0.0,0
2990705,0.000,-0.000,0.0,0,0.000,-0.000,0.0,0
2990745,0.000,-0.000,0.0,0,0.000,-0.000,0.0,0
2990785,0.000,-0.000,0.0,0,0.000,-0.000,0.0,0
2990825,0.000,-0.000,0.0,0,0.000,-0.000,0.0,0
2990865,0.000,-0.000,0.0,0,0.000,-0.000,0.0,0
2990905,0.000,-0.000,0.0,0,0.000,-0.000,0.0,0
2990945,0.000,-0.000,0.0,0,0.000,-0.000,0.0,0
2990985,0.000,-0.000,0.0,0,0.000,-0.000,0.0,0
2991025,0.000,-0.000,0.0,0,0.000,-0.000,0.0,0
2991065,0.000,-0.000,0.0,0,0.000,-0.000,0.0,0
2991105,0.000,-0.000,0.0,0,0.000,-0.000,0.0,0
2991145,0.000,-0.000,0.0,0,0.000,-0.000,0.0,0
2991185,0.000,-0.000,0.0,0,0.000,-0.000,0.0,0
2991225,0.000,-0.000,0.0,0,0.000,-0.000,0.0,0
2991265,0.000,-0.000,0.0,0,0.000,-0.000,0.0,0
2991305,0.000,-0.000,0.0,0,0.000,-0.000,0.0,0
2991345,0.000,-0.000,0.0,0,0.000,-0.000,0.0,0
2991385,0.000,-0.000,0.0,0,0.000,-0.000,0.0,0
2991425,0.000,-0.000,0.0,0,0.000,-0.000,0.0,0
2991465,0.000,-0.000,0.0,0,0.000,-0.000,0.0,0
2991505,0.000,-0.000,0.0,0,0.000,-0.000,0.0,0
2991545,0.000,-0.000,0.0,0,0.000,-0.000,0.0,0
2991585,0.000,-0.000,0.0,0,0.000,-0.000,0.0,0
2991625,0.000,-0.000,0.0,0,0.000,-0.000,0.0,0
2991665,0.000,-0.000,0.0,0,0.000,-0.000,0.0,0
2991705,0.000,-0.000,0.0,0,0.000,-0.000,0.0,0
2991745,0.000,-0.000,0.0,0,0.000,-0.000,0.0,0
2991785,0.000,-0.000,0.0,0,0.000,-0.000,0.0,0
2991825,0.000,-0.000,0.0,0,0.000,-0.000,0.0,0
2991865,0.000,-0.000,0.0,0,0.000,-0.000,0.0,0
2991905,0.000,-0.000,0.0,0,0.000,-0.000,0.0,0
2991945,0.000,-0.000,0.0,0,0.000,-0.000,0.0,0
2991985,0.000,-0.000,0.0,0,0.000,-0.000,0.0,0
2992025,0.000,-0.000,0.0,0,0.000,-0.000,0.0,0
2992065,0.000,-0.000,0.0,0,0.000,-0.000,0.0,0
2992105,0.000,-0.000,0.0,0,0.000,-0.000,0.0,0
2992145,0.000,-0.000,0.0,0,0.000,-0.000,0.0,0
2992185,0.000,-0.000,0.0,0,0.000,-0.000,0.0,0
2992225,0.000,-0.000,0.0,0,0.000,-0.000,0.0,0
2992265,0.000,-0.000,0.0,0,0.000,-0.000,0.0,0
2992305,0.000,-0.000,0.0,0,0.000,-0.000,0.0,0
2992345,0.000,-0.000,0.0,0,0.000,-0.000,0.0,0
2992385,0.000,-0.000,0.0,0,0.000,-0.000,0.0,0
2992425,0.000,-0.000,0.0,0,0.000,-0.000,0.0,0
2992465,0.000,-0.000,0.0,0,0.000,-0.000,0.0,0
2992505,0.000,-0.000,0.0,0,0.000,-0.000,0.0,0
2992545,0.000,-0.000,0.0,0,0.000,-0.000,0.0,0
2992585,0.000,-0.000,0.0,0,0.000,-0.000,0.0,0
2992625,0.000,-0.000,0.0,0,0.000,-0.000,0.0,0
2992665,0.000,-0.000,0.0,0,0.000,-0.000,0.0,0
2992705,0.000,-0.000,0.0,0,0.000,-0.000,0.0,0
2992745,0.000,-0.000,0.0,0,0.000,-0.000,0.0,0
2992785,0.000,-0.000,0.0,0,0.000,-0.000,0.0,0
2992825,0.000,-0.000,0.0,0,0.000,-0.000,0.0,0
2992865,0.000,-0.000,0.0,0,0.000,-0.000,0.0,0
2992905,0.000,-0.000,0.0,0,0.000,-0.000,0.0,0
2992945,0.000,-0.000,0.0,0,0.000,-0.000,0.0,0
2992985,0.000,-0.000,0.0,0,0.000,-0.000,0.0,0
2993025,0.000,-0.000,0.0,0,0.000,-0.000,0.0,0
2993065,0.000,-0.000,0.0,0,0.000,-0.000,0.0,0
2993105,0.000,-0.000,0.0,0,0.000,-0.000,0.0,0
2993145,0.000,-0.000,0.0,0,0.000,-0.000,0.0,0
2993185,0.000,-0.000,0.0,0,0.000,-0.000,0.0,0
2993225,0.000,-0.000,0.0,0,0.000,-0.000,0.0,0
2993265,0.000,-0.000,0.0,0,0.000,-0.000,0.0,0
2993305,0.000,-0.000,0.0,0,0.000,-0.000,0.0,0
2993345,0.000,-0.000,0.0,0,0.000,-0.000,0.0,0
2993385,0.000,-0.000,0.0,0,0.000,-0.000,0.0,0
2993425,0.000,-0.000,0.0,0,0.000,-0.000,0.0,0
2993465,0.000,-0.000,0.0,0,0.000,-0.000,0.0,0
2993505,0.000,-0.000,0.0,0,0.000,-0.000,0.0,0
2993545,0.000,-0.000,0.0,0,0.000,-0.000,0.0,0
2993585,0.000,-0.000,0.0,0,0.000,-0.000,0.0,0
2993625,0.000,-0.000,0.0,0,0.000,-0.000,0.0,0
2993665,0.000,-0.000,0.0,0,0.000,-0.000,0.0,0
2993705,0.000,-0.000,0.0,0,0.000,-0.000,0.0,0
2993745,0.000,-0.000,0.0,0,0.000,-0.000,0.0,0
2993785,0.000,-0.000,0.0,0,0.000,-0.000,0.0,0
2993825,0.000,-0.000,0.0,0,0.000,-0.000,0.0,0
2993865,0.000,-0.000,0.0,0,0.000,-0.000,0.0,0
2993905,0.000,-0.000,0.0,0,0.000,-0.000,0.0,0
2993945,0.000,-0.000,0.0,0,0.000,-0.000,0.0,0
2993985,0.000,-0.000,0.0,0,0.000,-0.000,0.0,0
2994025,0.000,-0.000,0.0,0,0.000,-0.000,0.0,0
2994065,0.000,-0.000,0.0,0,0.000,-0.000,0.0,0
2994105,0.000,-0.000,0.0,0,0.000,-0.000,0.0,0
2994145,0.000,-0.000,0.0,0,0.000,-0.000,0.0,0
2994185,0.000,-0.000,0.0,0,0.000,-0.000,0.0,0
2994225,0.000,-0.000,0.0,0,0.000,-0.000,0.0,0
2994265,0.000,-0.000,0.0,0,0.000,-0.000,0.0,0
2994305,0.000,-0.000,0.0,0,0.000,-0.000,0.0,0
2994345,0.000,-0.000,0.0,0,0.000,-0.000,0.0,0
2994385,0.000,-0.000,0.0,0,0.000,-0.000,0.0,0
2994425,0.000,-0.000,0.0,0,0.000,-0.000,0.0,0
2994465,0.000,-0.000,0.0,0,0.000,-0.000,0.0,0
2994505,0.000,-0.000,0.0,0,0.000,-0.000,0.0,0
2994545,0.000,-0.000,0.0,0,0.000,-0.000,0.0,0
2994585,0.000,-0.000,0.0,0,0.000,-0.000,0.0,0
2994625,0.000,-0.000,0.0,0,0.000,-0.000,0.0,0
2994665,0.000,-0.000,0.0,0,0.000,-0.000,0.0,0
2994705,0.000,-0.000,0.0,0,0.000,-0.000,0.0,0
2994745,0.000,-0.000,0.0,0,0.000,-0.000,0.0,0
2994785,0.000,-0.000,0.0,0,0.000,-0.000,0.0,0
2994825,0.000,-0.000,0.0,0,0.000,-0.000,0.0,0
2994865,0.000,-0.000,0.0,0,0.000,-0.000,0.0,0
2994905,0.000,-0.000,0.0,0,0.000,-0.000,0.0,0
2994945,0.000,-0.000,0.0,0,0.000,-0.000,0.0,0
2994985,0.000,-0.000,0.0,0,0.000,-0.000,0.0,0
2995025,0.000,-0.000,0.0,0,0.000,-0.000,0.0,0
2995065,0.000,-0.000,0.0,0,0.000,-0.000,0.0,0
2995105,0.000,-0.000,0.0,0,0.000,-0.000,0.0,0
2995145,0.000,-0.000,0.0,0,0.000,-0.000,0.0,0
2995185,0.000,-0.000,0.0,0,0.000,-0.000,0.0,0
2995225,0.000,-0.000,0.0,0,0.000,-0.000,0.0,0
2995265,0.000,-0.000,0.0,0,0.000,-0.000,0.0,0
2995305,0.000,-0.000,0.0,0,0.000,-0.000,0.0,0
2995345,0.000,-0.000,0.0,0,0.000,-0.000,0.0,0
2995385,0.000,-0.000,0.0,0,0.000,-0.000,0.0,0
2995425,0.000,-0.000,0.0,0,0.000,-0.000,0.0,0
2995465,0.000,-0.000,0.0,0,0.000,-0.000,0.0,0
2995505,0.000,-0.000,0.0,0,0.000,-0.000,0.0,0
2995545,0.000,-0.000,0.0,0,0.000,-0.000,0.0,0
2995585,0.000,-0.000,0.0,0,0.000,-0.000,0.0,0
2995625,0.000,-0.000,0.0,0,0.000,-0.000,0.0,0
2995665,0.000,-0.000,0.0,0,0.000,-0.000,0.0,0
2995705,0.000,-0.000,0.0,0,0.000,-0.000,0.0,0
2995745,0.000,-0.000,0.0,0,0.000,-0.000,0.0,0
2995785,0.000,-0.000,0.0,0,0.000,-0.000,0.0,0
2995825,0.000,-0.000,0.0,0,0.000,-0.000,0.0,0
2995865,0.000,-0.000,0.0,0,0.000,-0.000,0.0,0
2995905,0.000,-0.000,0.0,0,0.000,-0.000,0.0,0
2995945,0.000,-0.000,0.0,0,0.000,-0.000,0.0,0
2995985,0.000,-0.000,0.0,0,0.000,-0.000,0.0,0
2996025,0.000,-0.000,0.0,0,0.000,-0.000,0.0,0
2996065,0.000,-0.000,0.0,0,0.000,-0.000,0.0,0
2996105,0.000,-0.000,0.0,0,0.000,-0.000,0.0,0
2996145,0.000,-0.000,0.0,0,0.000,-0.000,0.0,0
2996185,0.000,-0.000,0.0,0,0.000,-0.000,0.0,0
2996225,0.000,-0.000,0.0,0,0.000,-0.000,0.0,0
2996265,0.000,-0.000,0.0,0,0.000,-0.000,0.0,0
2996305,0.000,-0.000,0.0,0,0.000,-0.000,0.0,0
2996345,0.000,-0.000,0.0,0,0.000,-0.000,0.0,0
2996385,0.000,-0.000,0.0,0,0.000,-0.000,0.0,0
2996425,0.000,-0.000,0.0,0,0.000,-0.000,0.0,0
2996465,0.000,-0.000,0.0,0,0.000,-0.000,0.0,0
2996505,0.000,-0.000,0.0,0,0.000,-0.000,0.0,0
2996545,0.000,-0.000,0.0,0,0.000,-0.000,0.0,0
2996585,0.000,-0.000,0.0,0,0.000,-0.000,0.0,0
2996625,0.000,-0.000,0.0,0,0.000,-0.000,0.0,0
2996665,0.000,-0.000,0.0,0,0.000,-0.000,0.0,0
2996705,0.000,-0.000,0.0,0,0.000,-0.000,0.0,0
2996745,0.000,-0.000,0.0,0,0.000,-0.000,0.0,0
2996785,0.000,-0.000,0.0,0,0.000,-0.000,0.0,0
2996825,0.000,-0.000,0.0,0,0.000,-0.000,0.0,0
2996865,0.000,-0.000,0.0,0,0.000,-0.000,0.0,0
2996905,0.000,-0.000,0.0,0,0.000,-0.000,0.0,0
2996945,0.000,-0.000,0.0,0,0.000,-0.000,0.0,0
2996985,0.000,-0.000,0.0,0,0.000,-0.000,0.0,0
2997025,0.000,-0.000,0.0,0,0.000,-0.000,0.0,0
2997065,0.000,-0.000,0.0,0,0.000,-0.000,0.0,0
2997105,0.000,-0.000,0.0,0,0.000,-0.000,0.0,0
2997145,0.000,-0.000,0.0,0,0.000,-0.000,0.0,0
2997185,0.000,-0.000,0.0,0,0.000,-0.000,0.0,0
2997225,0.000,-0.000,0.0,0,0.000,-0.000,0.0,0
2997265,0.000,-0.000,0.0,0,0.000,-0.000,0.0,0
2997305,0.000,-0.000,0.0,0,0.000,-0.000,0.0,0
2997345,0.000,-0.000,0.0,0,0.000,-0.000,0.0,0
2997385,0.000,-0.000,0.0,0,0.000,-0.000,0.0,0
2997425,0.000,-0.000,0.0,0,0.000,-0.000,0.0,0
2997465,0.000,-0.000,0.0,0,0.000,-0.000,0.0,0
2997505,0.000,-0.000,0.0,0,0.000,-0.000,0.0,0
2997545,0.000,-0.000,0.0,0,0.000,-0.000,0.0,0
2997585,0.000,-0.000,0.0,0,0.000,-0.000,0.0,0
2997625,0.000,-0.000,0.0,0,0.000,-0.000,0.0,0
2997665,0.000,-0.000,0.0,0,0.000,-0.000,0.0,0
2997705,0.000,-0.000,0.0,0,0.000,-0.000,0.0,0
2997745,0.000,-0.000,0.0,0,0.000,-0.000,0.0,0
2997785,0.000,-0.000,0.0,0,0.000,-0.000,0.0,0
2997825,0.000,-0.000,0.0,0,0.000,-0.000,0.0,0
2997865,0.000,-0.000,0.0,0,0.000,-0.000,0.0,0
2997905,0.000,-0.000,0.0,0,0.000,-0.000,0.0,0
2997945,0.000,-0.000,0.0,0,0.000,-0.000,0.0,0
2997985,0.000,-0.000,0.0,0,0.000,-0.000,0.0,0
2998025,0.000,-0.000,0.0,0,0.000,-0.000,0.0,0
2998065,0.000,-0.000,0.0,0,0.000,-0.000,0.0,0
2998105,0.000,-0.000,0.0,0,0.000,-0.000,0.0,0
2998145,0.000,-0.000,0.0,0,0.000,-0.000,0.0,0
2998185,0.000,-0.000,0.0,0,0.000,-0.000,0.0,0
2998225,0.000,-0.000,0.0,0,0.000,-0.000,0.0,0
2998265,0.000,-0.000,0.0,0,0.000,-0.000,0.0,0
2998305,0.000,-0.000,0.0,0,0.000,-0.000,0.0,0
2998345,0.000,-0.000,0.0,0,0.000,-0.000,0.0,0
2998385,0.000,-0.000,0.0,0,0.000,-0.000,0.0,0
2998425,0.000,-0.000,0.0,0,0.000,-0.000,0.0,0
2998465,0.000,-0.000,0.0,0,0.000,-0.000,0.0,0
2998505,0.000,-0.000,0.0,0,0.000,-0.000,0.0,0
2998545,0.000,-0.000,0.0,0,0.000,-0.000,0.0,0
2998585,0.000,-0.000,0.0,0,0.000,-0.000,0.0,0
2998625,0.000,-0.000,0.0,0,0.000,-0.000,0.0,0
2998665,0.000,-0.000,0.0,0,0.000,-0.000,0.0,0
2998705,0.000,-0.000,0.0,0,0.000,-0.000,0.0,0
2998745,0.000,-0.000,0.0,0,0.000,-0.000,0.0,0
2998785,0.000,-0.000,0.0,0,0.000,-0.000,0.0,0
2998825,0.000,-0.000,0.0,0,0.000,-0.000,0.0,0
2998865,0.000,-0.000,0.0,0,0.000,-0.000,0.0,0
2998905,0.000,-0.000,0.0,0,0.000,-0.000,0.0,0
2998945,0.000,-0.000,0.0,0,0.000,-0.000,0.0,0
2998985,0.000,-0.000,0.0,0,0.000,-0.000,0.0,0
2999025,0.000,-0.000,0.0,0,0.000,-0.000,0.0,0
2999065,0.000,-0.000,0.0,0,0.000,-0.000,0.0,0
2999105,0.000,-0.000,0.0,0,0.000,-0.000,0.0,0
2999145,0.000,-0.000,0.0,0,0.000,-0.000,0.0,0
2999185,0.000,-0.000,0.0,0,0.000,-0.000,0.0,0
2999225,0.000,-0.000,0.0,0,0.000,-0.000,0.0,0
2999265,0.000,-0.000,0.0,0,0.000,-0.000,0.0,0
2999305,0.000,-0.000,0.0,0,0.000,-0.000,0.0,0
2999345,3.846,-0.000,33.1,12,3.846,-0.000,33.1,12
2999385,3.846,0.002,37.7,36,3.846,0.000,37.7,36
2999425,3.846,0.002,42.3,42,3.846,0.002,42.3,42
2999465,3.846,0.315,44.2,44,3.846,0.735,40.6,40
2999505,3.846,0.882,43.6,43,3.846,2.521,28.4,28
2999545,3.846,1.330,43.3,43,3.846,2.514,30.1,30
2999585,3.846,2.253,38.1,38,3.846,2.571,31.2,31
2999625,3.846,2.863,34.6,34,3.846,2.768,31.0,31
2999665,3.846,3.402,30.9,30,3.846,3.119,29.2,29
2999705,3.846,3.815,27.7,27,3.846,3.462,27.0,26
2999745,3.846,4.136,24.9,24,3.846,3.540,26.8,26
2999785,3.846,3.987,26.0,25,3.846,3.547,27.0,27
2999825,3.846,3.900,26.5,26,3.846,3.499,27.8,27
2999865,3.846,3.818,27.1,27,3.846,3.306,30.0,29
2999905,3.846,4.141,24.3,24,3.846,3.191,31.6,31
2999945,3.846,4.116,24.3,24,3.846,3.257,31.8,31
2999985,3.846,4.070,24.4,24,3.846,3.172,33.3,33
3000025,3.846,3.991,24.8,24,3.846,3.242,33.4,33
3000065,3.846,4.012,24.4,24,3.846,3.246,34.1,34
3000105,3.846,4.343,21.3,21,3.846,3.245,34.9,34
3000145,3.846,4.360,20.6,20,3.846,3.405,34.2,34
3000185,3.846,4.246,21.0,21,3.846,3.460,34.2,34
3000225,3.846,4.249,20.4,20,3.846,3.436,34.9,34
3000265,3.846,4.472,18.0,17,3.846,3.449,35.3,35
3000305,3.846,4.532,16.8,16,3.846,3.503,35.3,35
3000345,3.846,4.396,17.2,17,3.846,3.487,35.9,35
3000385,3.846,4.491,15.7,15,3.846,3.516,36.0,35
3000425,3.846,4.598,13.9,13,3.846,3.676,35.0,34
3000465,3.846,4.630,12.6,12,3.846,3.656,35.4,35
3000505,3.846,4.569,12.2,12,3.846,3.621,36.0,35
3000545,3.846,4.552,11.4,11,3.846,3.629,36.1,36
3000585,3.846,4.608,10.1,10,3.846,3.846,34.5,34
3000625,3.846,4.704,8.3,8,3.846,3.743,35.4,35
3000665,3.846,4.758,6.8,6,3.846,3.815,34.8,34
3000705,3.846,4.768,5.7,5,3.846,3.814,34.8,34
3000745,3.846,4.757,4.7,4,3.846,3.988,33.4,33
3000785,3.846,4.760,3.6,3,3.846,3.803,34.9,34
3000825,3.846,4.754,2.6,2,3.846,3.923,33.8,33
3000865,3.846,4.672,2.2,2,3.846,3.935,33.6,33
3000905,3.846,4.605,1.9,1,3.846,3.903,33.9,33
3000945,3.846,4.663,0.4,0,3.846,3.914,33.6,33
3000985,3.846,4.751,0.0,0,3.846,3.967,33.1,33
3001025,3.846,4.649,0.0,0,3.846,4.092,31.9,31
3001065,3.846,4.450,0.8,0,3.846,3.815,34.1,34
3001105,3.846,4.448,0.1,0,3.846,3.725,34.8,34
3001145,3.846,4.489,0.0,0,3.846,3.878,33.7,33
3001185,3.846,4.435,0.0,0,3.846,3.874,33.7,33
3001225,3.846,4.408,0.0,0,3.846,3.841,34.0,34
3001265,3.846,4.492,0.0,0,3.846,3.910,33.3,33
3001305,3.846,4.356,0.0,0,3.846,4.036,32.2,32
3001345,3.846,4.230,0.8,0,3.846,4.007,32.3,32
3001385,3.846,4.433,0.0,0,3.846,3.841,33.6,33
3001425,3.846,4.305,0.0,0,3.846,3.791,34.0,33
3001465,3.846,4.116,1.1,1,3.846,3.878,33.3,33
3001505,3.846,4.153,0.4,0,3.846,3.872,33.4,33
3001545,3.846,4.369,0.0,0,3.846,3.882,33.3,33
3001585,3.846,4.423,0.0,0,3.846,3.865,33.3,33
3001625,3.846,4.354,0.0,0,3.846,3.993,32.2,32
3001665,3.846,4.333,0.0,0,3.846,3.971,32.2,32
3001705,3.846,4.280,0.0,0,3.846,3.909,32.6,32
3001745,3.846,4.176,0.0,0,3.846,3.777,33.7,33
3001785,3.846,4.283,0.0,0,3.846,3.838,33.2,33
3001825,3.846,4.261,0.0,0,3.846,3.833,33.3,33
3001865,3.846,4.227,0.0,0,3.846,3.935,32.5,32
3001905,3.846,4.316,0.0,0,3.846,3.890,32.8,32
3001945,3.846,4.235,0.0,0,3.846,3.880,32.7,32
3001985,3.846,4.229,0.0,0,3.846,3.793,33.4,33
3002025,3.846,4.159,0.0,0,3.846,3.903,32.5,32
3002065,3.846,4.171,0.0,0,3.846,3.828,33.2,33
3002105,3.846,4.248,0.0,0,3.846,3.852,32.9,32
3002145,3.846,4.217,0.0,0,3.846,3.800,33.3,33
3002185,3.846,4.173,0.0,0,3.846,3.961,31.9,31
3002225,3.846,4.068,0.4,0,3.846,3.758,33.7,33
3002265,3.846,4.037,0.4,0,3.846,3.732,33.9,33
3002305,3.846,4.025,0.3,0,3.846,3.834,33.2,33
3002345,3.846,4.041,0.0,0,3.846,3.858,33.1,33
3002385,3.846,4.141,0.0,0,3.846,3.793,33.6,33
3002425,3.846,4.063,0.0,0,3.846,3.984,31.9,31
3002465,3.846,4.093,0.0,0,3.846,3.874,32.8,32
3002505,3.846,3.942,0.6,0,3.846,3.708,34.2,34
3002545,3.846,3.972,0.2,0,3.846,3.685,34.5,34
3002585,3.846,4.001,0.0,0,3.846,3.946,32.4,32
3002625,3.846,4.188,0.0,0,3.846,3.819,33.5,33
3002665,3.846,4.061,0.0,0,3.846,3.771,33.9,33
3002705,3.846,3.902,0.7,0,3.846,3.871,33.1,33
3002745,3.846,3.857,1.1,1,3.846,3.800,33.8,33
3002785,3.846,4.151,0.0,0,3.846,3.740,34.4,34
3002825,3.846,4.236,0.0,0,3.846,3.832,33.6,33
3002865,3.846,4.129,0.0,0,3.846,3.977,32.4,32
3002905,3.846,4.017,0.0,0,3.846,3.831,33.6,33
3002945,3.846,3.998,0.0,0,3.846,3.705,34.8,34
3002985,3.846,4.218,0.0,0,3.846,3.780,34.2,34
3003025,3.846,4.178,0.0,0,3.846,3.934,32.9,32
3003065,3.846,4.021,0.0,0,3.846,3.877,33.4,33
3003105,3.846,4.206,0.0,0,3.846,3.901,33.1,33
3003145,3.846,4.221,0.0,0,3.846,3.808,33.9,33
3003185,3.846,4.039,0.0,0,3.846,3.865,33.4,33
3003225,3.846,4.133,0.0,0,3.846,3.873,33.4,33
3003265,3.846,4.210,0.0,0,3.846,3.912,33.0,32
3003305,3.846,4.316,0.0,0,3.846,3.863,33.3,33
3003345,3.846,4.253,0.0,0,3.846,3.870,33.2,33
3003385,3.846,3.989,0.0,0,3.846,3.802,33.8,33
3003425,3.846,3.905,0.5,0,3.846,3.679,34.9,34
3003465,3.846,3.895,0.5,0,3.846,3.706,34.9,34
3003505,3.846,3.987,0.0,0,3.846,3.739,34.7,34
3003545,3.846,3.959,0.0,0,3.846,3.867,33.8,33
3003585,3.846,3.871,0.6,0,3.846,3.826,34.1,34
3003625,3.846,3.836,0.9,0,3.846,3.772,34.6,34
3003665,3.846,3.848,0.8,0,3.846,3.841,34.1,34
3003705,3.846,3.834,0.9,0,3.846,3.895,33.7,33
3003745,3.846,3.772,1.5,1,3.846,3.800,34.5,34
3003785,3.846,3.809,1.2,1,3.846,3.769,34.7,34
3003825,3.846,3.804,1.3,1,3.846,3.881,33.9,33
3003865,3.846,3.754,1.9,1,3.846,3.675,35.7,35
3003905,3.846,3.625,3.1,3,3.846,3.646,36.1,36
3003945,3.846,3.659,3.1,3,3.846,3.616,36.5,36
3003985,3.846,3.787,2.2,2,3.846,3.791,35.3,35
3004025,3.846,3.713,2.9,2,3.846,3.647,36.7,36
3004065,3.846,3.702,3.1,3,3.846,3.841,35.1,35
3004105,3.846,3.786,2.6,2,3.846,3.805,35.5,35
3004145,3.846,3.731,3.2,3,3.846,3.688,36.5,36
3004185,3.846,3.661,4.0,3,3.846,3.668,36.8,36
3004225,3.846,3.690,3.9,3,3.846,3.913,34.9,34
3004265,3.846,3.858,2.6,2,3.846,3.787,36.0,36
3004305,3.846,3.753,3.5,3,3.846,3.807,35.8,35
3004345,3.846,3.722,3.8,3,3.846,3.763,36.2,36
3004385,3.846,3.646,4.6,4,3.846,3.983,34.4,34
3004425,3.846,3.936,2.2,2,3.846,3.809,35.8,35
3004465,3.846,3.815,3.3,3,3.846,3.824,35.6,35
3004505,3.846,3.694,4.3,4,3.846,3.944,34.6,34
3004545,3.846,3.877,2.9,2,3.846,3.921,34.8,34
3004585,3.846,3.776,3.9,3,3.846,3.768,36.1,36
3004625,3.846,3.623,5.3,5,3.846,3.784,36.0,35
3004665,3.846,3.788,4.0,4,3.846,3.865,35.3,35
3004705,3.846,3.784,4.2,4,3.846,3.830,35.7,35
3004745,3.846,3.699,5.0,4,3.846,3.806,35.9,35
3004785,3.846,3.871,3.6,3,3.846,3.789,36.1,36
3004825,3.846,3.838,4.0,3,3.846,3.913,35.1,35
3004865,3.846,3.803,4.3,4,3.846,3.917,35.0,34
3004905,3.846,3.863,3.7,3,3.846,3.966,34.5,34
3004945,3.846,3.933,3.1,3,3.846,3.891,35.0,34
3004985,3.846,3.856,3.8,3,3.846,3.913,34.7,34
3005025,3.846,3.793,4.4,4,3.846,3.922,34.6,34
3005065,3.846,3.856,3.8,3,3.846,3.961,34.2,34
3005105,3.846,3.981,2.7,2,3.846,3.907,34.5,34
3005145,3.846,3.904,3.2,3,3.846,3.919,34.3,34
3005185,3.846,3.830,3.9,3,3.846,3.844,34.9,34
3005225,3.846,3.765,4.5,4,3.846,3.905,34.4,34
3005265,3.846,3.837,3.9,3,3.846,3.843,34.9,34
3005305,3.846,3.832,4.0,4,3.846,3.852,34.7,34
3005345,3.846,3.864,3.7,3,3.846,3.824,34.9,34
3005385,3.846,3.777,4.5,4,3.846,4.013,33.3,33
3005425,3.846,3.797,4.4,4,3.846,3.854,34.6,34
3005465,3.846,3.840,4.1,4,3.846,3.821,34.8,34
3005505,3.846,3.766,4.7,4,3.846,3.863,34.4,34
3005545,3.846,3.743,5.0,5,3.846,3.953,33.7,33
3005585,3.846,3.748,5.1,5,3.846,3.782,35.1,35
3005625,3.846,3.822,4.6,4,3.846,3.874,34.3,34
3005665,3.846,3.713,5.6,5,3.846,3.913,34.0,33
3005705,3.846,3.685,6.0,5,3.846,3.842,34.5,34
3005745,3.846,3.762,5.5,5,3.846,3.737,35.4,35
3005785,3.846,3.755,5.7,5,3.846,3.947,33.7,33
3005825,3.846,3.741,6.0,5,3.846,3.845,34.5,34
3005865,3.846,3.766,5.8,5,3.846,3.924,33.7,33
3005905,0.000,3.881,0.0,0,0.000,3.867,0.0,0
3005945,0.000,3.701,0.0,0,0.000,3.901,0.0,0
3005985,0.000,3.554,0.0,0,0.000,3.588,0.0,0
3006025,0.000,3.619,0.0,0,0.000,3.495,0.0,0
3006065,0.000,3.431,0.0,0,0.000,3.529,0.0,0
3006105,0.000,3.223,0.0,0,0.000,3.238,0.0,0
3006145,0.000,3.218,0.0,0,0.000,3.293,0.0,0
3006185,0.000,2.982,0.0,0,0.000,2.977,0.0,0
3006225,0.000,2.946,0.0,0,0.000,2.796,0.0,0
3006265,0.000,2.753,0.0,0,0.000,2.701,0.0,0
3006305,0.000,2.687,0.0,0,0.000,2.695,0.0,0
3006345,0.000,2.498,0.0,0,0.000,2.414,0.0,0
3006385,0.000,2.302,0.0,0,0.000,2.333,0.0,0
3006425,0.000,2.287,0.0,0,0.000,2.136,0.0,0
3006465,0.000,2.086,0.0,0,0.000,2.001,0.0,0
3006505,0.000,1.899,0.0,0,0.000,1.909,0.0,0
3006545,0.000,1.818,0.0,0,0.000,1.752,0.0,0
3006585,0.000,1.715,0.0,0,0.000,1.752,0.0,0
3006625,0.000,1.715,0.0,0,0.000,1.631,0.0,0
3006665,0.000,1.507,0.0,0,0.000,1.484,0.0,0
3006705,0.000,1.349,0.0,0,0.000,1.484,0.0,0
3006745,0.000,1.349,0.0,0,0.000,1.288,0.0,0
3006785,0.000,1.189,0.0,0,0.000,1.288,0.0,0
3006825,0.000,1.189,0.0,0,0.000,1.092,0.0,0
3006865,0.000,1.189,0.0,0,0.000,1.092,0.0,0
3006905,0.000,1.189,0.0,0,0.000,1.092,0.0,0
3006945,0.000,0.000,0.0,0,0.000,1.092,0.0,0
3006985,0.000,0.130,0.0,0,0.000,0.000,0.0,0
3007025,0.000,0.130,0.0,0,0.000,0.000,0.0,0
3007065,0.000,0.130,0.0,0,0.000,0.000,0.0,0
3007105,0.000,0.130,0.0,0,0.000,0.000,0.0,0
3007145,0.000,0.000,0.0,0,0.000,0.000,0.0,0
3007185,0.000,0.000,0.0,0,0.000,0.000,0.0,0
3007225,0.000,0.000,0.0,0,0.000,0.000,0.0,0
3007265,0.000,0.000,0.0,0,0.000,0.000,0.0,0
3007305,0.000,0.000,0.0,0,0.000,0.000,0.0,0
3007345,0.000,0.000,0.0,0,0.000,0.000,0.0,0
3007385,0.000,0.000,0.0,0,0.000,0.000,0.0,0
3007425,0.000,0.000,0.0,0,0.000,0.000,0.0,0
3007465,0.000,0.000,0.0,0,0.000,0.000,0.0,0
3007505,0.000,0.000,0.0,0,0.000,0.000,0.0,0
3007545,0.000,0.000,0.0,0,0.000,0.000,0.0,0
3007585,0.000,0.000,0.0,0,0.000,0.000,0.0,0
3007625,0.000,0.000,0.0,0,0.000,0.000,0.0,0
3007665,0.000,0.000,0.0,0,0.000,0.000,0.0,0
3007705,0.000,0.000,0.0,0,0.000,0.000,0.0,0
3007745,0.000,0.000,0.0,0,0.000,0.000,0.0,0
3007785,0.000,0.000,0.0,0,0.000,0.000,0.0,0
3007825,0.000,0.000,0.0,0,0.000,0.000,0.0,0
3007865,0.000,0.000,0.0,0,0.000,0.000,0.0,0
3007905,0.000,0.000,0.0,0,0.000,0.000,0.0,0
3007945,0.000,0.000,0.0,0,0.000,0.000,0.0,0
3007985,0.000,0.000,0.0,0,0.000,0.000,0.0,0
3008025,0.000,0.000,0.0,0,0.000,0.000,0.0,0
3008065,0.000,0.000,0.0,0,0.000,0.000,0.0,0
3008105,0.000,0.000,0.0,0,0.000,0.000,0.0,0
3008145,0.000,0.000,0.0,0,0.000,0.000,0.0,0
3008185,0.000,0.000,0.0,0,0.000,0.000,0.0,0
3008225,0.000,0.000,0.0,0,0.000,0.000,0.0,0
3008265,0.000,0.000,0.0,0,0.000,0.000,0.0,0
3008305,0.000,0.000,0.0,0,0.000,0.000,0.0,0
3008345,0.000,0.000,0.0,0,0.000,0.000,0.0,0
3008385,0.000,0.000,0.0,0,0.000,0.000,0.0,0
3008425,0.000,0.000,0.0,0,0.000,0.000,0.0,0
3008465,0.000,0.000,0.0,0,0.000,0.000,0.0,0
3008505,0.000,0.000,0.0,0,0.000,0.000,0.0,0
3008545,0.000,0.000,0.0,0,0.000,0.000,0.0,0
3008585,0.000,0.000,0.0,0,0.000,0.000,0.0,0
3008625,0.000,0.000,0.0,0,0.000,0.000,0.0,0
3008665,0.000,0.000,0.0,0,0.000,0.000,0.0,0
3008705,0.000,0.000,0.0,0,0.000,0.000,0.0,0
3008745,0.000,0.000,0.0,0,0.000,0.000,0.0,0
3008785,0.000,0.000,0.0,0,0.000,0.000,0.0,0
3008825,0.000,0.000,0.0,0,0.000,0.000,0.0,0
3008865,0.000,0.000,0.0,0,0.000,0.000,0.0,0
3008905,0.000,0.000,0.0,0,0.000,0.000,0.0,0
3008945,0.000,0.000,0.0,0,0.000,0.000,0.0,0
3008985,0.000,0.000,0.0,0,0.000,0.000,0.0,0
3009025,0.000,0.000,0.0,0,0.000,0.000,0.0,0
3009065,0.000,0.000,0.0,0,0.000,0.000,0.0,0
3009105,0.000,0.000,0.0,0,0.000,0.000,0.0,0
3009145,0.000,0.000,0.0,0,0.000,0.000,0.0,0
3009185,0.000,0.000,0.0,0,0.000,0.000,0.0,0
3009225,0.000,0.000,0.0,0,0.000,0.000,0.0,0
3009265,0.000,0.000,0.0,0,0.000,0.000,0.0,0
3009305,0.000,0.000,0.0,0,0.000,0.000,0.0,0
3009345,0.000,0.000,0.0,0,0.000,0.000,0.0,0
3009385,0.000,0.000,0.0,0,0.000,0.000,0.0,0
3009425,0.000,0.000,0.0,0,0.000,0.000,0.0,0
3009465,0.000,0.000,0.0,0,0.000,0.000,0.0,0
3009505,0.000,0.000,0.0,0,0.000,0.000,0.0,0
3009545,0.000,0.000,0.0,0,0.000,0.000,0.0,0
3009585,0.000,0.000,0.0,0,0.000,0.000,0.0,0
3009625,0.000,0.000,0.0,0,0.000,0.000,0.0,0
3009665,0.000,0.000,0.0,0,0.000,0.000,0.0,0
3009705,0.000,0.000,0.0,0,0.000,0.000,0.0,0
3009745,0.000,0.000,0.0,0,0.000,0.000,0.0,0
3009785,0.000,0.000,0.0,0,0.000,0.000,0.0,0
3009825,0.000,0.000,0.0,0,0.000,0.000,0.0,0
3009865,0.000,0.000,0.0,0,0.000,0.000,0.0,0
3009905,0.000,0.000,0.0,0,0.000,0.000,0.0,0
3009945,0.000,0.000,0.0,0,0.000,0.000,0.0,0
3009985,0.000,0.000,0.0,0,0.000,0.000,0.0,0
3010025,0.000,0.000,0.0,0,0.000,0.000,0.0,0
3010065,0.000,0.000,0.0,0,0.000,0.000,0.0,0
3010105,0.000,0.000,0.0,0,0.000,0.000,0.0,0
3010145,0.000,0.000,0.0,0,0.000,0.000,0.0,0
3010185,0.000,0.000,0.0,0,0.000,0.000,0.0,0
3010225,0.000,0.000,0.0,0,0.000,0.000,0.0,0
3010265,0.000,0.000,0.0,0,0.000,0.000,0.0,0
3010305,0.000,0.000,0.0,0,0.000,0.000,0.0,0
3010345,0.000,0.000,0.0,0,0.000,0.000,0.0,0
3010385,0.000,0.000,0.0,0,0.000,0.000,0.0,0
3010425,0.000,0.000,0.0,0,0.000,0.000,0.0,0
3010465,0.000,0.000,0.0,0,0.000,0.000,0.0,0
3010505,0.000,0.000,0.0,0,0.000,0.000,0.0,0
3010545,0.000,0.000,0.0,0,0.000,0.000,0.0,0
3010585,0.000,0.000,0.0,0,0.000,0.000,0.0,0
3010625,0.000,0.000,0.0,0,0.000,0.000,0.0,0
3010665,0.000,0.000,0.0,0,0.000,0.000,0.0,0
3010705,0.000,0.000,0.0,0,0.000,0.000,0.0,0
3010745,0.000,0.000,0.0,0,0.000,0.000,0.0,0
3010785,0.000,0.000,0.0,0,0.000,0.000,0.0,0
3010825,0.000,0.000,0.0,0,0.000,0.000,0.0,0
3010865,0.000,0.000,0.0,0,0.000,0.000,0.0,0
3010905,0.000,0.000,0.0,0,0.000,0.000,0.0,0
3010945,0.000,0.000,0.0,0,0.000,0.000,0.0,0
3010985,0.000,0.000,0.0,0,0.000,0.000,0.0,0
3011025,0.000,0.000,0.0,0,0.000,0.000,0.0,0
3011065,0.000,0.000,0.0,0,0.000,0.000,0.0,0
3011105,0.000,0.000,0.0,0,0.000,0.000,0.0,0
3011145,0.000,0.000,0.0,0,0.000,0.000,0.0,0
3011185,0.000,0.000,0.0,0,0.000,0.000,0.0,0
3011225,0.000,0.000,0.0,0,0.000,0.000,0.0,0
3011265,0.000,0.000,0.0,0,0.000,0.000,0.0,0
3011305,0.000,0.000,0.0,0,0.000,0.000,0.0,0
3011345,0.000,0.000,0.0,0,0.000,0.000,0.0,0
3011385,0.000,0.000,0.0,0,0.000,0.000,0.0,0
3011425,0.000,0.000,0.0,0,0.000,0.000,0.0,0
3011465,0.000,0.000,0.0,0,0.000,0.000,0.0,0
3011505,0.000,0.000,0.0,0,0.000,0.000,0.0,0
3011545,0.000,0.000,0.0,0,0.000,0.000,0.0,0
3011585,0.000,0.000,0.0,0,0.000,0.000,0.0,0
3011625,0.000,0.000,0.0,0,0.000,0.000,0.0,0
3011665,0.000,0.000,0.0,0,0.000,0.000,0.0,0
3011705,0.000,0.000,0.0,0,0.000,0.000,0.0,0
3011745,0.000,0.000,0.0,0,0.000,0.000,0.0,0
3011785,0.000,0.000,0.0,0,0.000,0.000,0.0,0
3011825,0.000,0.000,0.0,0,0.000,0.000,0.0,0
3011865,0.000,0.000,0.0,0,0.000,0.000,0.0,0
3011905,0.000,0.000,0.0,0,0.000,0.000,0.0,0
3011945,0.000,0.000,0.0,0,0.000,0.000,0.0,0
3011985,0.000,0.000,0.0,0,0.000,0.000,0.0,0
3012025,0.000,0.000,0.0,0,0.000,0.000,0.0,0
3012065,0.000,0.000,0.0,0,0.000,0.000,0.0,0
3012105,0.000,0.000,0.0,0,0.000,0.000,0.0,0
3012145,0.000,0.000,0.0,0,0.000,0.000,0.0,0
3012185,0.000,0.000,0.0,0,0.000,0.000,0.0,0
3012225,0.000,0.000,0.0,0,0.000,0.000,0.0,0
3012265,0.000,0.000,0.0,0,0.000,0.000,0.0,0
3012305,0.000,0.000,0.0,0,0.000,0.000,0.0,0
3012345,0.000,0.000,0.0,0,0.000,0.000,0.0,0
3012385,0.000,0.000,0.0,0,0.000,0.000,0.0,0
3012425,0.000,0.000,0.0,0,0.000,0.000,0.0,0
3012465,0.000,0.000,0.0,0,0.000,0.000,0.0,0
3012505,0.000,0.000,0.0,0,0.000,0.000,0.0,0
3012545,0.000,0.000,0.0,0,0.000,0.000,0.0,0
3012585,0.000,0.000,0.0,0,0.000,0.000,0.0,0
3012625,0.000,0.000,0.0,0,0.000,0.000,0.0,0
3012665,0.000,0.000,0.0,0,0.000,0.000,0.0,0
3012705,0.000,0.000,0.0,0,0.000,0.000,0.0,0
3012745,0.000,0.000,0.0,0,0.000,0.000,0.0,0
3012785,0.000,0.000,0.0,0,0.000,0.000,0.0,0
3012825,0.000,0.000,0.0,0,0.000,0.000,0.0,0
3012865,0.000,0.000,0.0,0,0.000,0.000,0.0,0
3012905,0.000,0.000,0.0,0,0.000,0.000,0.0,0
3012945,0.000,0.000,0.0,0,0.000,0.000,0.0,0
3012985,0.000,0.000,0.0,0,0.000,0.000,0.0,0
3013025,0.000,0.000,0.0,0,0.000,0.000,0.0,0
3013065,0.000,0.000,0.0,0,0.000,0.000,0.0,0
3013105,0.000,0.000,0.0,0,0.000,0.000,0.0,0
3013145,0.000,0.000,0.0,0,0.000,0.000,0.0,0
3013185,0.000,0.000,0.0,0,0.000,0.000,0.0,0
3013225,0.000,0.000,0.0,0,0.000,0.000,0.0,0
3013265,0.000,0.000,0.0,0,0.000,0.000,0.0,0
3013305,0.000,0.000,0.0,0,0.000,0.000,0.0,0
3013345,0.000,0.000,0.0,0,0.000,0.000,0.0,0
3013385,0.000,0.000,0.0,0,0.000,0.000,0.0,0
3013425,0.000,0.000,0.0,0,0.000,0.000,0.0,0
3013465,0.000,0.000,0.0,0,0.000,0.000,0.0,0
3013505,0.000,0.000,0.0,0,0.000,0.000,0.0,0
3013545,0.000,0.000,0.0,0,0.000,0.000,0.0,0
3013585,0.000,0.000,0.0,0,0.000,0.000,0.0,0
3013625,0.000,0.000,0.0,0,0.000,0.000,0.0,0
3013665,0.000,0.000,0.0,0,0.000,0.000,0.0,0
3013705,0.000,0.000,0.0,0,0.000,0.000,0.0,0
3013745,0.000,0.000,0.0,0,0.000,0.000,0.0,0
3013785,0.000,0.000,0.0,0,0.000,0.000,0.0,0
3013825,0.000,0.000,0.0,0,0.000,0.000,0.0,0
3013865,0.000,0.000,0.0,0,0.000,0.000,0.0,0
3013905,0.000,0.000,0.0,0,0.000,0.000,0.0,0
3013945,0.000,0.000,0.0,0,0.000,0.000,0.0,0
3013985,0.000,0.000,0.0,0,0.000,0.000,0.0,0
3014025,0.000,0.000,0.0,0,0.000,0.000,0.0,0
3014065,0.000,0.000,0.0,0,0.000,0.000,0.0,0
3014105,0.000,0.000,0.0,0,0.000,0.000,0.0,0
3014145,0.000,0.000,0.0,0,0.000,0.000,0.0,0
3014185,0.000,0.000,0.0,0,0.000,0.000,0.0,0
3014225,0.000,0.000,0.0,0,0.000,0.000,0.0,0
3014265,0.000,0.000,0.0,0,0.000,0.000,0.0,0
3014305,0.000,0.000,0.0,0,0.000,0.000,0.0,0
3014345,0.000,0.000,0.0,0,0.000,0.000,0.0,0
3014385,0.000,0.000,0.0,0,0.000,0.000,0.0,0
3014425,0.000,0.000,0.0,0,0.000,0.000,0.0,0
3014465,0.000,0.000,0.0,0,0.000,0.000,0.0,0
3014505,0.000,0.000,0.0,0,0.000,0.000,0.0,0
3014545,0.000,0.000,0.0,0,0.000,0.000,0.0,0
3014585,0.000,0.000,0.0,0,0.000,0.000,0.0,0
3014625,0.000,0.000,0.0,0,0.000,0.000,0.0,0
3014665,0.000,0.000,0.0,0,0.000,0.000,0.0,0
3014705,0.000,0.000,0.0,0,0.000,0.000,0.0,0
3014745,0.000,0.000,0.0,0,0.000,0.000,0.0,0
3014785,0.000,0.000,0.0,0,0.000,0.000,0.0,0
3014825,0.000,0.000,0.0,0,0.000,0.000,0.0,0
3014865,0.000,0.000,0.0,0,0.000,0.000,0.0,0
3014905,0.000,0.000,0.0,0,0.000,0.000,0.0,0
3014945,0.000,0.000,0.0,0,0.000,0.000,0.0,0
3014985,0.000,0.000,0.0,0,0.000,0.000,0.0,0
3015025,0.000,0.000,0.0,0,0.000,0.000,0.0,0
3015065,0.000,0.000,0.0,0,0.000,0.000,0.0,0
3015105,0.000,0.000,0.0,0,0.000,0.000,0.0,0
3015145,0.000,0.000,0.0,0,0.000,0.000,0.0,0
3015185,0.000,0.000,0.0,0,0.000,0.000,0.0,0
3015225,0.000,0.000,0.0,0,0.000,0.000,0.0,0
3015265,0.000,0.000,0.0,0,0.000,0.000,0.0,0
3015305,0.000,0.000,0.0,0,0.000,0.000,0.0,0
3015345,0.000,0.000,0.0,0,0.000,0.000,0.0,0
3015385,0.000,0.000,0.0,0,0.000,0.000,0.0,0
3015425,0.000,0.000,0.0,0,0.000,0.000,0.0,0
3015465,0.000,0.000,0.0,0,0.000,0.000,0.0,0
3015505,0.000,0.000,0.0,0,0.000,0.000,0.0,0
3015545,0.000,0.000,0.0,0,0.000,0.000,0.0,0
3015585,0.000,0.000,0.0,0,0.000,0.000,0.0,0
3015625,0.000,0.000,0.0,0,0.000,0.000,0.0,0
3015665,0.000,0.000,0.0,0,0.000,0.000,0.0,0
3015705,0.000,0.000,0.0,0,0.000,0.000,0.0,0
3015745,0.000,0.000,0.0,0,0.000,0.000,0.0,0
3015785,0.000,0.000,0.0,0,0.000,0.000,0.0,0
3015825,0.000,0.000,0.0,0,0.000,0.000,0.0,0
3015865,0.000,0.000,0.0,0,0.000,0.000,0.0,0
3015905,0.000,0.000,0.0,0,0.000,0.000,0.0,0
3015945,0.000,0.000,0.0,0,0.000,0.000,0.0,0
3015985,0.000,0.000,0.0,0,0.000,0.000,0.0,0
3016025,0.000,0.000,0.0,0,0.000,0.000,0.0,0
3016065,0.000,0.000,0.0,0,0.000,0.000,0.0,0
3016105,0.000,0.000,0.0,0,0.000,0.000,0.0,0
3016145,0.000,0.000,0.0,0,0.000,0.000,0.0,0
3016185,0.000,0.000,0.0,0,0.000,0.000,0.0,0
3016225,0.000,0.000,0.0,0,0.000,0.000,0.0,0
3016265,0.000,0.000,0.0,0,0.000,0.000,0.0,0
3016305,0.000,0.000,0.0,0,0.000,0.000,0.0,0
3016345,0.000,0.000,0.0,0,0.000,0.000,0.0,0
3016385,0.000,0.000,0.0,0,0.000,0.000,0.0,0
3016425,0.000,0.000,0.0,0,0.000,0.000,0.0,0
3016465,0.000,0.000,0.0,0,0.000,0.000,0.0,0
3016505,0.000,0.000,0.0,0,0.000,0.000,0.0,0
3016545,0.000,0.000,0.0,0,0.000,0.000,0.0,0
3016585,0.000,0.000,0.0,0,0.000,0.000,0.0,0
3016625,0.000,0.000,0.0,0,0.000,0.000,0.0,0
3016665,0.000,0.000,0.0,0,0.000,0.000,0.0,0
3016705,0.000,0.000,0.0,0,0.000,0.000,0.0,0
3016745,0.000,0.000,0.0,0,0.000,0.000,0.0,0
3016785,0.000,0.000,0.0,0,0.000,0.000,0.0,0
3016825,0.000,0.000,0.0,0,0.000,0.000,0.0,0
3016865,0.000,0.000,0.0,0,0.000,0.000,0.0,0
3016905,0.000,0.000,0.0,0,0.000,0.000,0.0,0
3016945,0.000,0.000,0.0,0,0.000,0.000,0.0,0
3016985,0.000,0.000,0.0,0,0.000,0.000,0.0,0
3017025,0.000,0.000,0.0,0,0.000,0.000,0.0,0
3017065,0.000,0.000,0.0,0,0.000,0.000,0.0,0
3017105,0.000,0.000,0.0,0,0.000,0.000,0.0,0
3017145,0.000,0.000,0.0,0,0.000,0.000,0.0,0
3017185,0.000,0.000,0.0,0,0.000,0.000,0.0,0
3017225,0.000,0.000,0.0,0,0.000,0.000,0.0,0
3017265,0.000,0.000,0.0,0,0.000,0.000,0.0,0
3017305,0.000,0.000,0.0,0,0.000,0.000,0.0,0
3017345,0.000,0.000,0.0,0,0.000,0.000,0.0,0
3017385,0.000,0.000,0.0,0,0.000,0.000,0.0,0
3017425,0.000,0.000,0.0,0,0.000,0.000,0.0,0
3017465,0.000,0.000,0.0,0,0.000,0.000,0.0,0
3017505,0.000,0.000,0.0,0,0.000,0.000,0.0,0
3017545,0.000,0.000,0.0,0,0.000,0.000,0.0,0
3017585,0.000,0.000,0.0,0,0.000,0.000,0.0,0
3017625,0.000,0.000,0.0,0,0.000,0.000,0.0,0
3017665,0.000,0.000,0.0,0,0.000,0.000,0.0,0
3017705,0.000,0.000,0.0,0,0.000,0.000,0.0,0
3017745,0.000,0.000,0.0,0,0.000,0.000,0.0,0
3017785,0.000,0.000,0.0,0,0.000,0.000,0.0,0
3017825,0.000,0.000,0.0,0,0.000,0.000,0.0,0
3017865,0.000,0.000,0.0,0,0.000,0.000,0.0,0
3017905,0.000,0.000,0.0,0,0.000,0.000,0.0,0
3017945,0.000,0.000,0.0,0,0.000,0.000,0.0,0
3017985,0.000,0.000,0.0,0,0.000,0.000,0.0,0
3018025,0.000,0.000,0.0,0,0.000,0.000,0.0,0
3018065,0.000,0.000,0.0,0,0.000,0.000,0.0,0
3018105,0.000,0.000,0.0,0,0.000,0.000,0.0,0
3018145,0.000,0.000,0.0,0,0.000,0.000,0.0,0
3018185,0.000,0.000,0.0,0,0.000,0.000,0.0,0
3018225,0.000,0.000,0.0,0,0.000,0.000,0.0,0
3018265,0.000,0.000,0.0,0,0.000,0.000,0.0,0
3018305,0.000,0.000,0.0,0,0.000,0.000,0.0,0
3018345,0.000,0.000,0.0,0,0.000,0.000,0.0,0
3018385,0.000,0.000,0.0,0,0.000,0.000,0.0,0
3018425,0.000,0.000,0.0,0,0.000,0.000,0.0,0
3018465,0.000,0.000,0.0,0,0.000,0.000,0.0,0
3018505,0.000,0.000,0.0,0,0.000,0.000,0.0,0
3018545,0.000,0.000,0.0,0,0.000,0.000,0.0,0
3018585,0.000,0.000,0.0,0,0.000,0.000,0.0,0
3018625,0.000,0.000,0.0,0,0.000,0.000,0.0,0
3018665,0.000,0.000,0.0,0,0.000,0.000,0.0,0
3018705,0.000,0.000,0.0,0,0.000,0.000,0.0,0
3018745,0.000,0.000,0.0,0,0.000,0.000,0.0,0
3018785,0.000,0.000,0.0,0,0.000,0.000,0.0,0
3018825,0.000,0.000,0.0,0,0.000,0.000,0.0,0
3018865,0.000,0.000,0.0,0,0.000,0.000,0.0,0
3018905,0.000,0.000,0.0,0,0.000,0.000,0.0,0
3018945,0.000,0.000,0.0,0,0.000,0.000,0.0,0
3018985,0.000,0.000,0.0,0,0.000,0.000,0.0,0
3019025,0.000,0.000,0.0,0,0.000,0.000,0.0,0
3019065,0.000,0.000,0.0,0,0.000,0.000,0.0,0
3019105,0.000,0.000,0.0,0,0.000,0.000,0.0,0
3019145,0.000,0.000,0.0,0,0.000,0.000,0.0,0
3019185,0.000,0.000,0.0,0,0.000,0.000,0.0,0
3019225,0.000,0.000,0.0,0,0.000,0.000,0.0,0
3019265,0.000,0.000,0.0,0,0.000,0.000,0.0,0
3019305,0.000,0.000,0.0,0,0.000,0.000,0.0,0
3019345,0.000,0.000,0.0,0,0.000,0.000,0.0,0
3019385,0.000,0.000,0.0,0,0.000,0.000,0.0,0
3019425,0.000,0.000,0.0,0,0.000,0.000,0.0,0
3019465,0.000,0.000,0.0,0,0.000,0.000,0.0,0
3019505,0.000,0.000,0.0,0,0.000,0.000,0.0,0
3019545,0.000,0.000,0.0,0,0.000,0.000,0.0,0
3019585,0.000,0.000,0.0,0,0.000,0.000,0.0,0
3019625,0.000,0.000,0.0,0,0.000,0.000,0.0,0
3019665,0.000,0.000,0.0,0,0.000,0.000,0.0,0
3019705,0.000,0.000,0.0,0,0.000,0.000,0.0,0
3019745,0.000,0.000,0.0,0,0.000,0.000,0.0,0
3019785,0.000,0.000,0.0,0,0.000,0.000,0.0,0
3019825,0.000,0.000,0.0,0,0.000,0.000,0.0,0
3019865,0.000,0.000,0.0,0,0.000,0.000,0.0,0
3019905,0.000,0.000,0.0,0,0.000,0.000,0.0,0
3019945,0.000,0.000,0.0,0,0.000,0.000,0.0,0
3019985,0.000,0.000,0.0,0,0.000,0.000,0.0,0
3020025,0.000,0.000,0.0,0,0.000,0.000,0.0,0
3020065,0.000,0.000,0.0,0,0.000,0.000,0.0,0
3020105,0.000,0.000,0.0,0,0.000,0.000,0.0,0
3020145,0.000,0.000,0.0,0,0.000,0.000,0.0,0
3020185,0.000,0.000,0.0,0,0.000,0.000,0.0,0
3020225,0.000,0.000,0.0,0,0.000,0.000,0.0,0
3020265,0.000,0.000,0.0,0,0.000,0.000,0.0,0
3020305,0.000,0.000,0.0,0,0.000,0.000,0.0,0
3020345,0.000,0.000,0.0,0,0.000,0.000,0.0,0
3020385,0.000,0.000,0.0,0,0.000,0.000,0.0,0
3020425,0.000,0.000,0.0,0,0.000,0.000,0.0,0
3020465,0.000,0.000,0.0,0,0.000,0.000,0.0,0
3020505,0.000,0.000,0.0,0,0.000,0.000,0.0,0
3020545,0.000,0.000,0.0,0,0.000,0.000,0.0,0
3020585,0.000,0.000,0.0,0,0.000,0.000,0.0,0
3020625,0.000,0.000,0.0,0,0.000,0.000,0.0,0
3020665,0.000,0.000,0.0,0,0.000,0.000,0.0,0
3020705,0.000,0.000,0.0,0,0.000,0.000,0.0,0
3020745,0.000,0.000,0.0,0,0.000,0.000,0.0,0
3020785,0.000,0.000,0.0,0,0.000,0.000,0.0,0
3020825,0.000,0.000,0.0,0,0.000,0.000,0.0,0
3020865,0.000,0.000,0.0,0,0.000,0.000,0.0,0
3020905,0.000,0.000,0.0,0,0.000,0.000,0.0,0
3020945,0.000,0.000,0.0,0,0.000,0.000,0.0,0
3020985,0.000,0.000,0.0,0,0.000,0.000,0.0,0
3021025,0.000,0.000,0.0,0,0.000,0.000,0.0,0
3021065,0.000,0.000,0.0,0,0.000,0.000,0.0,0
3021105,0.000,0.000,0.0,0,0.000,0.000,0.0,0
3021145,0.000,0.000,0.0,0,0.000,0.000,0.0,0
3021185,0.000,0.000,0.0,0,0.000,0.000,0.0,0
3021225,0.000,0.000,0.0,0,0.000,0.000,0.0,0
3021265,0.000,0.000,0.0,0,0.000,0.000,0.0,0
3021305,0.000,0.000,0.0,0,0.000,0.000,0.0,0
3021345,0.000,0.000,0.0,0,0.000,0.000,0.0,0
3021385,0.000,0.000,0.0,0,0.000,0.000,0.0,0
3021425,0.000,0.000,0.0,0,0.000,0.000,0.0,0
3021465,0.000,0.000,0.0,0,0.000,0.000,0.0,0
3021505,0.000,0.000,0.0,0,0.000,0.000,0.0,0
3021545,0.000,0.000,0.0,0,0.000,0.000,0.0,0
3021585,0.000,0.000,0.0,0,0.000,0.000,0.0,0
3021625,0.000,0.000,0.0,0,0.000,0.000,0.0,0
3021665,0.000,0.000,0.0,0,0.000,0.000,0.0,0
3021705,0.000,0.000,0.0,0,0.000,0.000,0.0,0
3021745,0.000,0.000,0.0,0,0.000,0.000,0.0,0
3021785,0.000,0.000,0.0,0,0.000,0.000,0.0,0
3021825,0.000,0.000,0.0,0,0.000,0.000,0.0,0
3021865,0.000,0.000,0.0,0,0.000,0.000,0.0,0
3021905,0.000,0.000,0.0,0,0.000,0.000,0.0,0
3021945,0.000,0.000,0.0,0,0.000,0.000,0.0,0
3021985,0.000,0.000,0.0,0,0.000,0.000,0.0,0
3022025,0.000,0.000,0.0,0,0.000,0.000,0.0,0
3022065,0.000,0.000,0.0,0,0.000,0.000,0.0,0
3022105,0.000,0.000,0.0,0,0.000,0.000,0.0,0
3022145,0.000,0.000,0.0,0,0.000,0.000,0.0,0
3022185,0.000,0.000,0.0,0,0.000,0.000,0.0,0
3022225,0.000,0.000,0.0,0,0.000,0.000,0.0,0
3022265,0.000,0.000,0.0,0,0.000,0.000,0.0,0
3022305,0.000,0.000,0.0,0,0.000,0.000,0.0,0
3022345,0.000,0.000,0.0,0,0.000,0.000,0.0,0
3022385,0.000,0.000,0.0,0,0.000,0.000,0.0,0
3022425,0.000,0.000,0.0,0,0.000,0.000,0.0,0
3022465,0.000,0.000,0.0,0,0.000,0.000,0.0,0
3022505,0.000,0.000,0.0,0,0.000,0.000,0.0,0
3022545,0.000,0.000,0.0,0,0.000,0.000,0.0,0
3022585,0.000,0.000,0.0,0,0.000,0.000,0.0,0
3022625,0.000,0.000,0.0,0,0.000,0.000,0.0,0
3022665,0.000,0.000,0.0,0,0.000,0.000,0.0,0
3022705,0.000,0.000,0.0,0,0.000,0.000,0.0,0
3022745,0.000,0.000,0.0,0,0.000,0.000,0.0,0
3022785,0.000,0.000,0.0,0,0.000,0.000,0.0,0
3022825,0.000,0.000,0.0,0,0.000,0.000,0.0,0
3022865,0.000,0.000,0.0,0,0.000,0.000,0.0,0
3022905,0.000,0.000,0.0,0,0.000,0.000,0.0,0
3022945,0.000,0.000,0.0,0,0.000,0.000,0.0,0
3022985,0.000,0.000,0.0,0,0.000,0.000,0.0,0
3023025,0.000,0.000,0.0,0,0.000,0.000,0.0,0
3023065,0.000,0.000,0.0,0,0.000,0.000,0.0,0
3023105,0.000,0.000,0.0,0,0.000,0.000,0.0,0
3023145,0.000,0.000,0.0,0,0.000,0.000,0.0,0
3023185,0.000,0.000,0.0,0,0.000,0.000,0.0,0
3023225,0.000,0.000,0.0,0,0.000,0.000,0.0,0
3023265,0.000,0.000,0.0,0,0.000,0.000,0.0,0
3023305,0.000,0.000,0.0,0,0.000,0.000,0.0,0
3023345,0.000,0.000,0.0,0,0.000,0.000,0.0,0
3023385,0.000,0.000,0.0,0,0.000,0.000,0.0,0
3023425,0.000,0.000,0.0,0,0.000,0.000,0.0,0
3023465,0.000,0.000,0.0,0,0.000,0.000,0.0,0
3023505,0.000,0.000,0.0,0,0.000,0.000,0.0,0
3023545,0.000,0.000,0.0,0,0.000,0.000,0.0,0
3023585,0.000,0.000,0.0,0,0.000,0.000,0.0,0
3023625,0.000,0.000,0.0,0,0.000,0.000,0.0,0
3023665,0.000,0.000,0.0,0,0.000,0.000,0.0,0
3023705,0.000,0.000,0.0,0,0.000,0.000,0.0,0
3023745,0.000,0.000,0.0,0,0.000,0.000,0.0,0
3023785,0.000,0.000,0.0,0,0.000,0.000,0.0,0
3023825,0.000,0.000,0.0,0,0.000,0.000,0.0,0
3023865,0.000,0.000,0.0,0,0.000,0.000,0.0,0
3023905,0.000,0.000,0.0,0,0.000,0.000,0.0,0
3023945,0.000,0.000,0.0,0,0.000,0.000,0.0,0
3023985,0.000,0.000,0.0,0,0.000,0.000,0.0,0
3024025,0.000,0.000,0.0,0,0.000,0.000,0.0,0
3024065,0.000,0.000,0.0,0,0.000,0.000,0.0,0
3024105,0.000,0.000,0.0,0,0.000,0.000,0.0,0
3024145,0.000,0.000,0.0,0,0.000,0.000,0.0,0
3024185,0.000,0.000,0.0,0,0.000,0.000,0.0,0
3024225,0.000,0.000,0.0,0,0.000,0.000,0.0,0
3024265,0.000,0.000,0.0,0,0.000,0.000,0.0,0
3024305,0.000,0.000,0.0,0,0.000,0.000,0.0,0
3024345,0.000,0.001,0.0,0,0.000,0.000,0.0,0
3024385,0.000,0.001,0.0,0,0.000,0.000,0.0,0
3024425,0.000,0.001,0.0,0,0.000,0.000,0.0,0
3024465,0.000,0.001,0.0,0,0.000,0.001,0.0,0
3024505,0.000,0.000,0.0,0,0.000,0.001,0.0,0
3024545,0.000,0.109,0.0,0,0.000,0.242,0.0,0
3024585,0.000,0.109,0.0,0,0.000,0.242,0.0,0
3024625,0.000,0.109,0.0,0,0.000,0.488,0.0,0
3024665,0.000,0.323,0.0,0,0.000,0.775,0.0,0
3024705,0.000,0.544,0.0,0,0.000,1.009,0.0,0
3024745,0.000,0.544,0.0,0,0.000,1.009,0.0,0
3024785,0.000,0.736,0.0,0,0.000,1.179,0.0,0
3024825,0.000,0.957,0.0,0,0.000,1.589,0.0,0
3024865,0.000,1.129,0.0,0,0.000,1.736,0.0,0
3024905,0.000,1.129,0.0,0,0.000,2.003,0.0,0
3024945,0.000,1.182,0.0,0,0.000,2.319,0.0,0
3024985,0.000,1.234,0.0,0,0.000,2.723,0.0,0
3025025,0.000,1.422,0.0,0,0.000,2.928,0.0,0
3025065,0.000,1.469,0.0,0,0.000,3.232,0.0,0
3025105,0.000,1.558,0.0,0,0.000,3.670,0.0,0
3025145,0.000,1.800,0.0,0,0.000,3.961,0.0,0
3025185,0.000,1.828,0.0,0,0.000,4.036,0.0,0
3025225,0.000,2.117,0.0,0,0.000,3.937,0.0,0
3025265,0.000,2.208,0.0,0,0.000,4.129,0.0,0
3025305,0.000,2.247,0.0,0,0.000,4.165,0.0,0
3025345,0.000,2.638,0.0,0,0.000,4.312,0.0,0
3025385,0.000,2.733,0.0,0,0.000,4.323,0.0,0
3025425,0.000,2.818,0.0,0,0.000,4.246,0.0,0
3025465,0.000,2.888,0.0,0,0.000,4.214,0.0,0
3025505,0.000,2.867,0.0,0,0.000,4.386,0.0,0
3025545,0.000,2.952,0.0,0,0.000,4.291,0.0,0
3025585,0.000,2.704,0.0,0,0.000,4.149,0.0,0
3025625,0.000,2.386,0.0,0,0.000,4.233,0.0,0
3025665,0.000,2.168,0.0,0,0.000,4.346,0.0,0
3025705,0.000,2.168,0.0,0,0.000,4.256,0.0,0
3025745,0.000,2.168,0.0,0,0.000,4.271,0.0,0
3025785,0.000,2.168,0.0,0,0.000,4.136,0.0,0
3025825,0.000,0.000,0.0,0,0.000,4.213,0.0,0
3025865,0.000,0.000,0.0,0,0.000,4.460,0.0,0
3025905,0.000,0.000,0.0,0,0.000,4.695,0.0,0
3025945,0.000,0.000,0.0,0,0.000,4.692,0.0,0
3025985,0.000,0.000,0.0,0,0.000,4.673,0.0,0
3026025,0.000,0.000,0.0,0,0.000,4.686,0.0,0
3026065,0.000,0.000,0.0,0,0.000,4.868,0.0,0
3026105,0.000,0.000,0.0,0,0.000,5.033,0.0,0
3026145,0.000,0.000,0.0,0,0.000,5.241,0.0,0
3026185,0.000,0.000,0.0,0,0.000,5.283,0.0,0
3026225,0.000,0.000,0.0,0,0.000,5.339,0.0,0
3026265,0.000,2.288,0.0,0,0.000,5.354,0.0,0
3026305,0.000,4.937,0.0,0,0.000,5.348,0.0,0
3026345,0.000,5.953,0.0,0,0.000,5.422,0.0,0
3026385,0.000,6.591,0.0,0,0.000,5.462,0.0,0
3026425,0.000,6.887,0.0,0,0.000,5.732,0.0,0
3026465,0.000,7.244,0.0,0,0.000,5.927,0.0,0
3026505,0.000,7.564,0.0,0,0.000,6.204,0.0,0
3026545,0.000,7.760,0.0,0,0.000,6.261,0.0,0
3026585,0.000,7.793,0.0,0,0.000,6.122,0.0,0
3026625,0.000,7.896,0.0,0,0.000,5.442,0.0,0
3026665,0.000,7.938,0.0,0,0.000,4.775,0.0,0
3026705,0.000,8.186,0.0,0,0.000,5.342,0.0,0
3026745,0.000,8.317,0.0,0,0.000,6.487,0.0,0
3026785,0.000,8.193,0.0,0,0.000,7.070,0.0,0
3026825,0.000,8.306,0.0,0,0.000,7.227,0.0,0
3026865,0.000,8.135,0.0,0,0.000,7.504,0.0,0
3026905,0.000,8.117,0.0,0,0.000,7.471,0.0,0
3026945,0.000,7.977,0.0,0,0.000,7.598,0.0,0
3026985,0.000,8.149,0.0,0,0.000,7.610,0.0,0
3027025,0.000,7.996,0.0,0,0.000,7.658,0.0,0
3027065,0.000,7.977,0.0,0,0.000,7.482,0.0,0
3027105,0.000,7.596,0.0,0,0.000,7.305,0.0,0
3027145,0.000,7.503,0.0,0,0.000,7.209,0.0,0
3027185,0.000,7.524,0.0,0,0.000,7.124,0.0,0
3027225,0.000,7.605,0.0,0,0.000,7.221,0.0,0
3027265,0.000,7.617,0.0,0,0.000,7.112,0.0,0
3027305,0.000,7.568,0.0,0,0.000,7.149,0.0,0
3027345,0.000,7.419,0.0,0,0.000,7.059,0.0,0
3027385,0.000,7.382,0.0,0,0.000,6.857,0.0,0
3027425,0.000,7.455,0.0,0,0.000,7.026,0.0,0
3027465,0.000,7.487,0.0,0,0.000,7.089,0.0,0
3027505,0.000,7.580,0.0,0,0.000,6.965,0.0,0
3027545,0.000,7.619,0.0,0,0.000,7.048,0.0,0
3027585,0.000,7.597,0.0,0,0.000,7.103,0.0,0
3027625,0.000,7.361,0.0,0,0.000,6.830,0.0,0
3027665,0.000,7.223,0.0,0,0.000,6.477,0.0,0
3027705,0.000,7.314,0.0,0,0.000,6.407,0.0,0
3027745,0.000,7.177,0.0,0,0.000,6.300,0.0,0
3027785,0.000,7.272,0.0,0,0.000,6.303,0.0,0
3027825,0.000,7.265,0.0,0,0.000,6.248,0.0,0
3027865,0.000,6.919,0.0,0,0.000,6.065,0.0,0
3027905,0.000,6.977,0.0,0,0.000,5.956,0.0,0
3027945,0.000,7.053,0.0,0,0.000,5.981,0.0,0
3027985,0.000,7.064,0.0,0,0.000,5.946,0.0,0
3028025,0.000,7.168,0.0,0,0.000,5.921,0.0,0
3028065,0.000,6.981,0.0,0,0.000,5.976,0.0,0
3028105,0.000,6.994,0.0,0,0.000,6.007,0.0,0
3028145,0.000,6.997,0.0,0,0.000,6.037,0.0,0
3028185,0.000,6.879,0.0,0,0.000,6.121,0.0,0
3028225,0.000,6.352,0.0,0,0.000,6.110,0.0,0
3028265,0.000,5.495,0.0,0,0.000,6.077,0.0,0
3028305,0.000,4.413,0.0,0,0.000,6.111,0.0,0
3028345,0.000,4.993,0.0,0,0.000,6.313,0.0,0
3028385,0.000,6.275,0.0,0,0.000,6.391,0.0,0
3028425,0.000,6.778,0.0,0,0.000,6.333,0.0,0
3028465,0.000,6.834,0.0,0,0.000,6.237,0.0,0
3028505,0.000,6.960,0.0,0,0.000,6.292,0.0,0
3028545,0.000,6.889,0.0,0,0.000,6.153,0.0,0
3028585,0.000,6.670,0.0,0,0.000,6.186,0.0,0
3028625,0.000,6.623,0.0,0,0.000,6.066,0.0,0
3028665,0.000,6.813,0.0,0,0.000,6.111,0.0,0
3028705,0.000,6.773,0.0,0,0.000,6.171,0.0,0
3028745,0.000,6.632,0.0,0,0.000,5.948,0.0,0
3028785,0.000,6.207,0.0,0,0.000,5.913,0.0,0
3028825,0.000,6.226,0.0,0,0.000,5.670,0.0,0
3028865,0.000,6.271,0.0,0,0.000,5.759,0.0,0
3028905,0.000,6.313,0.0,0,0.000,5.789,0.0,0
3028945,0.000,6.236,0.0,0,0.000,5.868,0.0,0
3028985,0.000,6.028,0.0,0,0.000,5.700,0.0,0
3029025,0.000,5.946,0.0,0,0.000,5.615,0.0,0
3029065,0.000,6.089,0.0,0,0.000,5.558,0.0,0
3029105,0.000,6.223,0.0,0,0.000,5.593,0.0,0
3029145,0.000,6.234,0.0,0,0.000,5.698,0.0,0
3029185,0.000,6.061,0.0,0,0.000,5.623,0.0,0
3029225,0.000,5.846,0.0,0,0.000,5.435,0.0,0
3029265,0.000,5.744,0.0,0,0.000,5.270,0.0,0
3029305,0.000,5.811,0.0,0,0.000,5.261,0.0,0
3029345,0.000,5.907,0.0,0,0.000,5.483,0.0,0
3029385,0.000,5.855,0.0,0,0.000,5.557,0.0,0
3029425,0.000,5.712,0.0,0,0.000,5.456,0.0,0
3029465,0.000,5.444,0.0,0,0.000,5.293,0.0,0
3029505,0.000,5.426,0.0,0,0.000,5.038,0.0,0
3029545,0.000,5.531,0.0,0,0.000,5.003,0.0,0
3029585,0.000,5.537,0.0,0,0.000,5.100,0.0,0
3029625,0.000,5.548,0.0,0,0.000,5.057,0.0,0
3029665,0.000,5.491,0.0,0,0.000,4.736,0.0,0
3029705,0.000,5.494,0.0,0,0.000,4.408,0.0,0
3029745,0.000,5.490,0.0,0,0.000,4.334,0.0,0
3029785,0.000,5.405,0.0,0,0.000,4.120,0.0,0
3029825,0.000,5.617,0.0,0,0.000,3.993,0.0,0
3029865,0.000,5.626,0.0,0,0.000,4.088,0.0,0
3029905,0.000,5.487,0.0,0,0.000,4.012,0.0,0
3029945,0.000,5.318,0.0,0,0.000,3.884,0.0,0
3029985,0.000,5.161,0.0,0,0.000,3.530,0.0,0
3030025,0.000,5.048,0.0,0,0.000,3.546,0.0,0
3030065,0.000,4.845,0.0,0,0.000,3.373,0.0,0
3030105,0.000,4.663,0.0,0,0.000,3.347,0.0,0
3030145,0.000,4.505,0.0,0,0.000,3.189,0.0,0
3030185,0.000,4.314,0.0,0,0.000,2.943,0.0,0
3030225,0.000,4.247,0.0,0,0.000,2.946,0.0,0
3030265,0.000,4.210,0.0,0,0.000,2.791,0.0,0
3030305,0.000,4.020,0.0,0,0.000,2.817,0.0,0
3030345,0.000,3.803,0.0,0,0.000,2.564,0.0,0
3030385,0.000,3.485,0.0,0,0.000,2.455,0.0,0
3030425,0.000,3.262,0.0,0,0.000,2.274,0.0,0
3030465,0.000,2.993,0.0,0,0.000,2.121,0.0,0
3030505,0.000,2.715,0.0,0,0.000,2.033,0.0,0
3030545,0.000,2.599,0.0,0,0.000,1.905,0.0,0
3030585,0.000,2.387,0.0,0,0.000,1.791,0.0,0
3030625,0.000,2.188,0.0,0,0.000,1.679,0.0,0
3030665,0.000,2.028,0.0,0,0.000,1.679,0.0,0
3030705,0.000,1.875,0.0,0,0.000,1.527,0.0,0
3030745,0.000,1.825,0.0,0,0.000,1.419,0.0,0
3030785,0.000,1.766,0.0,0,0.000,1.370,0.0,0
3030825,0.000,1.609,0.0,0,0.000,1.370,0.0,0
3030865,0.000,1.609,0.0,0,0.000,1.203,0.0,0
3030905,0.000,1.404,0.0,0,0.000,1.203,0.0,0
3030945,0.000,1.404,0.0,0,0.000,1.203,0.0,0
3030985,0.000,1.404,0.0,0,0.000,1.203,0.0,0
3031025,0.000,1.123,0.0,0,0.000,0.967,0.0,0
3031065,0.000,1.123,0.0,0,0.000,0.967,0.0,0
3031105,0.000,0.977,0.0,0,0.000,0.967,0.0,0
3031145,0.000,0.977,0.0,0,0.000,0.798,0.0,0
3031185,0.000,0.977,0.0,0,0.000,0.798,0.0,0
3031225,0.000,0.977,0.0,0,0.000,0.798,0.0,0
3031265,0.000,0.000,0.0,0,0.000,0.798,0.0,0
3031305,0.000,0.000,0.0,0,0.000,0.000,0.0,0
3031345,0.000,0.000,0.0,0,0.000,0.000,0.0,0
3031385,0.000,0.000,0.0,0,0.000,0.000,0.0,0
3031425,0.000,0.000,0.0,0,0.000,0.000,0.0,0
3031465,0.000,0.000,0.0,0,0.000,0.000,0.0,0
3031505,0.000,0.000,0.0,0,0.000,0.000,0.0,0
3031545,0.000,0.000,0.0,0,0.000,0.000,0.0,0
3031585,0.000,0.000,0.0,0,0.000,0.000,0.0,0
3031625,0.000,0.000,0.0,0,0.000,0.000,0.0,0
3031665,0.000,0.000,0.0,0,0.000,0.000,0.0,0
3031705,0.000,0.000,0.0,0,0.000,0.000,0.0,0
3031745,0.000,0.000,0.0,0,0.000,0.000,0.0,0
3031785,0.000,0.000,0.0,0,0.000,0.000,0.0,0
3031825,0.000,0.000,0.0,0,0.000,0.000,0.0,0
3031865,0.000,0.000,0.0,0,0.000,0.000,0.0,0
3031905,0.000,0.000,0.0,0,0.000,0.000,0.0,0
3031945,0.000,0.000,0.0,0,0.000,0.000,0.0,0
3031985,0.000,0.000,0.0,0,0.000,0.000,0.0,0
3032025,0.000,0.000,0.0,0,0.000,0.000,0.0,0
3032065,0.000,0.000,0.0,0,0.000,0.000,0.0,0
3032105,0.000,0.000,0.0,0,0.000,0.000,0.0,0
3032145,0.000,0.000,0.0,0,0.000,0.000,0.0,0
3032185,0.000,0.000,0.0,0,0.000,0.000,0.0,0
3032225,0.000,0.000,0.0,0,0.000,0.000,0.0,0
3032265,0.000,0.000,0.0,0,0.000,0.000,0.0,0
3032305,0.000,0.000,0.0,0,0.000,0.000,0.0,0
3032345,0.000,0.000,0.0,0,0.000,0.000,0.0,0
3032385,0.000,0.000,0.0,0,0.000,0.000,0.0,0
3032425,0.000,0.000,0.0,0,0.000,0.000,0.0,0
3032465,0.000,0.000,0.0,0,0.000,0.000,0.0,0
3032505,0.000,0.000,0.0,0,0.000,0.000,0.0,0
3032545,0.000,0.000,0.0,0,0.000,0.000,0.0,0
3032585,0.000,0.000,0.0,0,0.000,0.000,0.0,0
3032625,0.000,0.000,0.0,0,0.000,0.000,0.0,0
3032665,0.000,0.000,0.0,0,0.000,0.000,0.0,0
3032705,0.000,0.000,0.0,0,0.000,0.000,0.0,0
3032745,0.000,0.000,0.0,0,0.000,0.000,0.0,0
3032785,0.000,0.000,0.0,0,0.000,0.000,0.0,0
3032825,0.000,0.000,0.0,0,0.000,0.000,0.0,0
3032865,0.000,0.000,0.0,0,0.000,0.000,0.0,0
3032905,0.000,0.000,0.0,0,0.000,0.000,0.0,0
3032945,0.000,0.000,0.0,0,0.000,0.000,0.0,0
3032985,0.000,0.000,0.0,0,0.000,0.000,0.0,0
3033025,0.000,0.000,0.0,0,0.000,0.000,0.0,0
3033065,0.000,0.000,0.0,0,0.000,0.000,0.0,0
3033105,0.000,0.000,0.0,0,0.000,0.000,0.0,0
3033145,0.000,0.000,0.0,0,0.000,0.000,0.0,0
3033185,0.000,0.000,0.0,0,0.000,0.000,0.0,0
3033225,0.000,0.000,0.0,0,0.000,0.000,0.0,0
3033265,0.000,0.000,0.0,0,0.000,0.000,0.0,0
3033305,0.000,0.000,0.0,0,0.000,0.000,0.0,0
3033345,0.000,0.000,0.0,0,0.000,0.000,0.0,0
3033385,0.000,0.000,0.0,0,0.000,0.000,0.0,0
3033425,0.000,0.000,0.0,0,0.000,0.000,0.0,0
3033465,0.000,0.000,0.0,0,0.000,0.000,0.0,0
3033505,0.000,0.000,0.0,0,0.000,0.000,0.0,0
3033545,0.000,0.000,0.0,0,0.000,0.000,0.0,0
3033585,0.000,0.000,0.0,0,0.000,0.000,0.0,0
3033625,0.000,0.000,0.0,0,0.000,0.000,0.0,0
3033665,0.000,0.000,0.0,0,0.000,0.000,0.0,0
3033705,0.000,0.000,0.0,0,0.000,0.000,0.0,0
3033745,0.000,0.000,0.0,0,0.000,0.000,0.0,0
3033785,0.000,0.000,0.0,0,0.000,0.000,0.0,0
3033825,0.000,0.000,0.0,0,0.000,0.000,0.0,0
3033865,0.000,0.000,0.0,0,0.000,0.000,0.0,0
3033905,0.000,0.000,0.0,0,0.000,0.000,0.0,0
3033945,0.000,0.000,0.0,0,0.000,0.000,0.0,0
3033985,0.000,0.000,0.0,0,0.000,0.000,0.0,0
3034025,0.000,0.000,0.0,0,0.000,0.000,0.0,0
3034065,0.000,0.000,0.0,0,0.000,0.000,0.0,0
3034105,0.000,0.000,0.0,0,0.000,0.000,0.0,0
3034145,0.000,0.000,0.0,0,0.000,0.000,0.0,0
3034185,0.000,0.000,0.0,0,0.000,0.000,0.0,0
3034225,0.000,0.000,0.0,0,0.000,0.000,0.0,0
3034265,0.000,0.000,0.0,0,0.000,0.000,0.0,0
3034305,0.000,0.000,0.0,0,0.000,0.000,0.0,0
3034345,0.000,0.000,0.0,0,0.000,0.000,0.0,0
3034385,0.000,0.000,0.0,0,0.000,0.000,0.0,0
3034425,0.000,0.000,0.0,0,0.000,0.000,0.0,0
3034465,0.000,0.000,0.0,0,0.000,0.000,0.0,0
3034505,0.000,0.000,0.0,0,0.000,0.000,0.0,0
3034545,0.000,0.000,0.0,0,0.000,0.000,0.0,0
3034585,0.000,0.000,0.0,0,0.000,0.000,0.0,0
3034625,0.000,0.000,0.0,0,0.000,0.000,0.0,0
3034665,0.000,0.000,0.0,0,0.000,0.000,0.0,0
3034705,0.000,0.000,0.0,0,0.000,0.000,0.0,0
3034745,0.000,0.000,0.0,0,0.000,0.000,0.0,0
3034785,0.000,0.000,0.0,0,0.000,0.000,0.0,0
3034825,0.000,0.000,0.0,0,0.000,0.000,0.0,0
3034865,0.000,0.000,0.0,0,0.000,0.000,0.0,0
3034905,0.000,0.000,0.0,0,0.000,0.000,0.0,0
3034945,0.000,0.000,0.0,0,0.000,0.000,0.0,0
3034985,0.000,0.000,0.0,0,0.000,0.000,0.0,0
3035025,0.000,0.000,0.0,0,0.000,0.000,0.0,0
3035065,0.000,0.000,0.0,0,0.000,0.000,0.0,0
3035105,0.000,0.000,0.0,0,0.000,0.000,0.0,0
3035145,0.000,0.000,0.0,0,0.000,0.000,0.0,0
3035185,0.000,0.000,0.0,0,0.000,0.000,0.0,0
3035225,0.000,0.000,0.0,0,0.000,0.000,0.0,0
3035265,0.000,0.000,0.0,0,0.000,0.000,0.0,0
3035305,0.000,0.000,0.0,0,0.000,0.000,0.0,0
3035345,0.000,0.000,0.0,0,0.000,0.000,0.0,0
3035385,0.000,0.000,0.0,0,0.000,0.000,0.0,0
3035425,0.000,0.000,0.0,0,0.000,0.000,0.0,0
3035465,0.000,0.000,0.0,0,0.000,0.000,0.0,0
3035505,0.000,0.000,0.0,0,0.000,0.000,0.0,0
3035545,0.000,0.000,0.0,0,0.000,0.000,0.0,0
3035585,0.000,0.000,0.0,0,0.000,0.000,0.0,0
3035625,0.000,0.000,0.0,0,0.000,0.000,0.0,0
3035665,0.000,0.000,0.0,0,0.000,0.000,0.0,0
3035705,0.000,0.000,0.0,0,0.000,0.000,0.0,0
3035745,0.000,0.000,0.0,0,0.000,0.000,0.0,0
3035785,0.000,0.000,0.0,0,0.000,0.000,0.0,0
3035825,0.000,0.000,0.0,0,0.000,0.000,0.0,0
3035865,0.000,0.000,0.0,0,0.000,0.000,0.0,0
3035905,0.000,0.000,0.0,0,0.000,0.000,0.0,0
3035945,0.000,0.000,0.0,0,0.000,0.000,0.0,0
3035985,0.000,0.000,0.0,0,0.000,0.000,0.0,0
3036025,0.000,0.000,0.0,0,0.000,0.000,0.0,0
3036065,0.000,0.000,0.0,0,0.000,0.000,0.0,0
3036105,0.000,0.000,0.0,0,0.000,0.000,0.0,0
3036145,0.000,0.000,0.0,0,0.000,0.000,0.0,0
3036185,0.000,0.000,0.0,0,0.000,0.000,0.0,0
3036225,0.000,0.000,0.0,0,0.000,0.000,0.0,0
3036265,0.000,0.000,0.0,0,0.000,0.000,0.0,0
3036305,0.000,0.000,0.0,0,0.000,0.000,0.0,0
3036345,0.000,0.000,0.0,0,0.000,0.000,0.0,0
3036385,0.000,0.000,0.0,0,0.000,0.000,0.0,0
3036425,0.000,0.000,0.0,0,0.000,0.000,0.0,0
3036465,0.000,0.000,0.0,0,0.000,0.000,0.0,0
3036505,0.000,0.000,0.0,0,0.000,0.000,0.0,0
3036545,0.000,0.000,0.0,0,0.000,0.000,0.0,0
3036585,0.000,0.000,0.0,0,0.000,0.000,0.0,0
3036625,0.000,0.000,0.0,0,0.000,0.000,0.0,0
3036665,0.000,0.000,0.0,0,0.000,0.000,0.0,0
3036705,0.000,0.000,0.0,0,0.000,0.000,0.0,0
3036745,0.000,0.000,0.0,0,0.000,0.000,0.0,0
3036785,0.000,0.000,0.0,0,0.000,0.000,0.0,0
3036825,0.000,0.000,0.0,0,0.000,0.000,0.0,0
3036865,0.000,0.000,0.0,0,0.000,0.000,0.0,0
3036905,0.000,0.000,0.0,0,0.000,0.000,0.0,0
3036945,0.000,0.000,0.0,0,0.000,0.000,0.0,0
3036985,0.000,0.000,0.0,0,0.000,0.000,0.0,0
3037025,0.000,0.000,0.0,0,0.000,0.000,0.0,0
3037065,0.000,0.000,0.0,0,0.000,0.000,0.0,0
3037105,0.000,0.000,0.0,0,0.000,0.000,0.0,0
3037145,0.000,0.000,0.0,0,0.000,0.000,0.0,0
3037185,0.000,0.000,0.0,0,0.000,0.000,0.0,0
3037225,0.000,0.000,0.0,0,0.000,0.000,0.0,0
3037265,0.000,0.000,0.0,0,0.000,0.000,0.0,0
3037305,0.000,0.000,0.0,0,0.000,0.000,0.0,0
3037345,0.000,0.000,0.0,0,0.000,0.000,0.0,0
3037385,0.000,0.000,0.0,0,0.000,0.000,0.0,0
3037425,0.000,0.000,0.0,0,0.000,0.000,0.0,0
3037465,0.000,0.000,0.0,0,0.000,0.000,0.0,0
3037505,0.000,0.000,0.0,0,0.000,0.000,0.0,0
3037545,0.000,0.000,0.0,0,0.000,0.000,0.0,0
3037585,0.000,0.000,0.0,0,0.000,0.000,0.0,0
3037625,0.000,0.000,0.0,0,0.000,0.000,0.0,0
3037665,0.000,0.000,0.0,0,0.000,0.000,0.0,0
3037705,0.000,0.000,0.0,0,0.000,0.000,0.0,0
3037745,0.000,0.000,0.0,0,0.000,0.000,0.0,0
3037785,0.000,0.000,0.0,0,0.000,0.000,0.0,0
3037825,0.000,0.000,0.0,0,0.000,0.000,0.0,0
3037865,0.000,0.000,0.0,0,0.000,0.000,0.0,0
3037905,0.000,0.000,0.0,0,0.000,0.000,0.0,0
3037945,0.000,0.000,0.0,0,0.000,0.000,0.0,0
3037985,0.000,0.000,0.0,0,0.000,0.000,0.0,0
3038025,0.000,0.000,0.0,0,0.000,0.000,0.0,0
3038065,0.000,0.000,0.0,0,0.000,0.000,0.0,0
3038105,0.000,0.000,0.0,0,0.000,0.000,0.0,0
3038145,0.000,0.000,0.0,0,0.000,0.000,0.0,0
3038185,0.000,0.000,0.0,0,0.000,0.000,0.0,0
3038225,0.000,0.000,0.0,0,0.000,0.000,0.0,0
3038265,0.000,0.000,0.0,0,0.000,0.000,0.0,0
3038305,0.000,0.000,0.0,0,0.000,0.000,0.0,0
3038345,0.000,0.000,0.0,0,0.000,0.000,0.0,0
3038385,0.000,0.000,0.0,0,0.000,0.000,0.0,0
3038425,0.000,0.000,0.0,0,0.000,0.000,0.0,0
3038465,0.000,0.000,0.0,0,0.000,0.000,0.0,0
3038505,0.000,0.000,0.0,0,0.000,0.000,0.0,0
3038545,0.000,0.000,0.0,0,0.000,0.000,0.0,0
3038585,0.000,0.000,0.0,0,0.000,0.000,0.0,0
3038625,0.000,0.000,0.0,0,0.000,0.000,0.0,0
3038665,0.000,0.000,0.0,0,0.000,0.000,0.0,0
3038705,3.846,0.000,40.8,12,3.846,0.000,40.8,12
3038745,3.846,0.000,45.4,36,3.846,0.000,45.4,36
3038785,3.846,0.003,49.6,49,3.846,0.003,49.6,49
3038825,3.846,0.742,0.0,0,3.846,0.003,54.6,54
3038865,3.846,1.750,13.2,12,3.846,1.253,0.0,0
3038905,3.846,1.840,31.9,31,3.846,1.663,44.1,13
3038945,3.846,1.885,38.3,38,3.846,2.083,21.7,21
3038985,3.846,2.373,15.1,15,3.846,2.253,25.5,25
3039025,3.846,2.545,22.6,22,3.846,2.635,20.1,20
3039065,3.846,2.782,35.0,30,3.846,2.788,35.1,35
3039105,3.846,2.695,41.0,40,3.846,2.885,40.2,40
3039145,3.846,2.714,40.1,40,3.846,3.011,28.8,28
3039185,3.846,2.979,20.7,20,3.846,3.354,27.6,25
3039225,3.846,3.158,33.7,33,3.846,3.638,29.7,23
3039265,3.846,3.291,39.6,36,3.846,3.882,17.7,17
3039305,3.846,3.335,33.4,33,3.846,3.780,32.7,32
3039345,3.846,3.301,40.0,40,3.846,3.798,41.9,33
3039385,3.846,3.420,38.7,38,3.846,3.816,43.3,31
3039425,3.846,3.618,23.4,23,3.846,4.147,7.5,7
3039465,3.846,3.614,37.6,37,3.846,4.152,15.4,15
3039505,3.846,3.666,47.0,34,3.846,4.025,34.2,34
3039545,3.846,3.748,28.2,28,3.846,4.150,37.7,17
3039585,3.846,3.698,36.7,36,3.846,4.140,33.3,33
3039625,3.846,3.772,33.7,33,3.846,4.301,2.2,2
3039665,3.846,3.815,46.5,33,3.846,4.408,11.3,11
3039705,3.846,3.991,20.6,20,3.846,4.265,45.4,29
3039745,3.846,3.815,38.2,38,3.846,4.203,41.3,26
3039785,3.846,3.840,44.4,37,3.846,4.407,3.9,3
3039825,3.846,3.790,55.6,33,3.846,4.483,3.9,3
3039865,3.846,4.006,22.1,22,3.846,4.285,25.3,25
3039905,3.846,3.853,27.0,27,3.846,4.240,28.1,28
3039945,3.846,3.746,61.4,33,3.846,4.210,44.6,13
3039985,3.846,3.630,57.7,41,3.846,4.143,24.4,24
3040025,3.846,3.866,13.8,13,3.846,4.260,6.3,6
3040065,3.846,3.621,47.7,37,3.846,4.146,20.3,20
3040105,3.846,3.717,51.0,26,3.846,4.131,24.6,24
3040145,3.846,3.814,15.1,15,3.846,4.063,38.8,22
3040185,3.846,3.559,57.0,39,3.846,4.102,14.3,14
3040225,3.846,3.713,31.5,31,3.846,4.047,17.9,17
3040265,3.846,3.630,35.7,35,3.846,4.020,17.2,17
3040305,3.846,3.729,36.8,36,3.846,4.024,27.3,27
3040345,3.846,3.734,55.4,32,3.846,4.060,26.4,23
3040385,3.846,3.854,23.6,23,3.846,4.128,19.7,19
3040425,3.846,3.693,43.1,43,3.846,4.069,13.7,13
3040465,3.846,3.736,47.1,38,3.846,4.122,7.9,7
3040505,3.846,3.824,32.3,32,3.846,4.112,24.4,24
3040545,3.846,3.974,23.6,23,3.846,4.197,21.3,18
3040585,3.846,3.924,36.8,36,3.846,4.288,17.4,17
3040625,3.846,3.903,46.4,42,3.846,4.231,21.4,21
3040665,3.846,3.897,43.2,43,3.846,4.343,0.2,0
3040705,3.846,4.029,32.4,32,3.846,4.475,0.0,0
3040745,3.846,4.057,26.7,26,3.846,4.478,3.8,3
3040785,3.846,4.090,30.6,30,3.846,4.419,8.1,8
3040825,3.846,4.030,40.1,40,3.846,4.456,20.1,12
3040865,3.846,4.083,35.5,35,3.846,4.435,32.3,12
3040905,3.846,4.162,36.2,34,3.846,4.432,25.8,12
3040945,3.846,4.230,23.0,23,3.846,4.536,5.1,5
3040985,3.846,4.232,25.1,25,3.846,4.665,0.0,0
3041025,3.846,4.083,38.3,38,3.846,4.698,0.0,0
3041065,3.846,4.084,39.2,37,3.846,4.431,22.7,22
3041105,3.846,4.018,42.6,41,3.846,4.415,21.4,12
3041145,3.846,4.132,21.9,21,3.846,4.443,14.9,12
3041185,3.846,4.031,31.4,31,3.846,4.547,0.4,0
3041225,3.846,3.923,31.7,31,3.846,4.406,0.4,0
3041265,3.846,3.948,42.8,31,3.846,4.321,0.0,0
3041305,3.846,4.142,14.1,14,3.846,4.414,18.3,12
3041345,3.846,4.131,22.6,22,3.846,4.392,28.0,12
3041385,3.846,3.896,39.4,39,3.846,4.189,32.6,13
3041425,3.846,3.763,56.7,34,3.846,4.249,0.0,0
3041465,3.846,3.859,25.4,25,3.846,3.959,15.9,15
3041505,3.846,3.658,29.0,29,3.846,3.888,27.4,12
3041545,3.846,3.583,56.1,34,3.846,3.856,19.0,16
3041585,3.846,3.593,49.5,33,3.846,4.038,0.0,0
3041625,3.846,3.862,11.2,11,3.846,3.935,10.7,10
3041665,3.846,3.590,47.8,35,3.846,3.926,11.1,11
3041705,3.846,3.642,51.3,27,3.846,3.807,22.4,22
3041745,3.846,3.687,15.7,15,3.846,3.775,12.1,12
3041785,3.846,3.478,51.1,39,3.846,3.706,9.6,9
3041825,3.846,3.657,31.3,31,3.846,3.628,22.5,22
3041865,3.846,3.543,35.7,35,3.846,3.707,11.1,11
3041905,3.846,3.565,52.0,34,3.846,3.682,5.7,5
3041945,3.846,3.718,21.0,20,3.846,3.705,14.3,14
3041985,3.846,3.738,25.7,25,3.846,3.717,15.5,15
3042025,3.846,3.740,32.3,32,3.846,3.859,8.7,8
3042065,3.846,3.838,46.2,28,3.846,3.899,4.1,4
3042105,3.846,3.942,27.7,27,3.846,3.887,13.5,13
3042145,3.846,3.853,35.0,35,3.846,3.755,19.8,19
3042185,3.846,3.851,30.1,30,3.846,3.772,19.4,15
3042225,3.846,3.875,43.7,37,3.846,3.946,0.0,0
3042265,3.846,4.024,25.6,25,3.846,3.961,2.6,2
3042305,3.846,4.041,31.1,31,3.846,3.917,6.9,6
3042345,3.846,4.049,27.2,27,3.846,3.915,22.0,12
3042385,3.846,4.008,41.7,41,3.846,4.148,0.0,0
3042425,0.000,4.033,0.0,0,0.000,4.205,0.0,0
3042465,0.000,4.075,0.0,0,0.000,4.061,0.0,0
3042505,0.000,4.023,0.0,0,0.000,4.037,0.0,0
3042545,0.000,3.862,0.0,0,0.000,3.822,0.0,0
3042585,0.000,3.613,0.0,0,0.000,3.742,0.0,0
3042625,0.000,3.440,0.0,0,0.000,3.394,0.0,0
3042665,0.000,3.337,0.0,0,0.000,3.445,0.0,0
3042705,0.000,3.213,0.0,0,0.000,3.205,0.0,0
3042745,0.000,3.135,0.0,0,0.000,3.173,0.0,0
3042785,0.000,2.978,0.0,0,0.000,2.931,0.0,0
3042825,0.000,2.844,0.0,0,0.000,2.897,0.0,0
3042865,0.000,2.664,0.0,0,0.000,2.694,0.0,0
3042905,0.000,2.539,0.0,0,0.000,2.627,0.0,0
3042945,0.000,2.539,0.0,0,0.000,2.306,0.0,0
3042985,0.000,2.539,0.0,0,0.000,2.306,0.0,0
3043025,0.000,2.539,0.0,0,0.000,1.853,0.0,0
3043065,0.000,0.000,0.0,0,0.000,1.853,0.0,0
3043105,0.000,0.000,0.0,0,0.000,1.853,0.0,0
3043145,0.000,0.000,0.0,0,0.000,1.853,0.0,0
3043185,0.000,0.000,0.0,0,0.000,0.000,0.0,0
3043225,0.000,0.000,0.0,0,0.000,0.000,0.0,0
3043265,0.000,0.000,0.0,0,0.000,0.000,0.0,0
3043305,0.000,0.000,0.0,0,0.000,0.000,0.0,0
3043345,0.000,0.000,0.0,0,0.000,0.000,0.0,0
3043385,0.000,0.000,0.0,0,0.000,0.000,0.0,0
3043425,0.000,0.000,0.0,0,0.000,0.000,0.0,0
3043465,0.000,0.000,0.0,0,0.000,0.000,0.0,0
3043505,0.000,0.000,0.0,0,0.000,0.000,0.0,0
3043545,0.000,0.000,0.0,0,0.000,0.000,0.0,0
3043585,0.000,0.000,0.0,0,0.000,0.000,0.0,0
3043625,0.000,0.000,0.0,0,0.000,0.000,0.0,0
3043665,0.000,0.000,0.0,0,0.000,0.000,0.0,0
3043705,0.000,0.000,0.0,0,0.000,0.000,0.0,0
3043745,0.000,0.000,0.0,0,0.000,0.000,0.0,0
3043785,0.000,0.000,0.0,0,0.000,0.000,0.0,0
3043825,0.000,0.000,0.0,0,0.000,0.000,0.0,0
3043865,0.000,0.000,0.0,0,0.000,0.000,0.0,0
3043905,0.000,0.000,0.0,0,0.000,0.000,0.0,0
3043945,0.000,0.000,0.0,0,0.000,0.000,0.0,0
3043985,0.000,0.000,0.0,0,0.000,0.000,0.0,0
3044025,0.000,0.000,0.0,0,0.000,0.000,0.0,0
3044065,0.000,0.000,0.0,0,0.000,0.000,0.0,0
3044105,0.000,0.000,0.0,0,0.000,0.000,0.0,0
3044145,0.000,0.000,0.0,0,0.000,0.000,0.0,0
3044185,0.000,0.000,0.0,0,0.000,0.000,0.0,0
3044225,0.000,0.000,0.0,0,0.000,0.000,0.0,0
3044265,0.000,0.000,0.0,0,0.000,0.000,0.0,0
3044305,0.000,0.000,0.0,0,0.000,0.000,0.0,0
3044345,0.000,0.000,0.0,0,0.000,0.000,0.0,0
3044385,0.000,0.000,0.0,0,0.000,0.000,0.0,0
3044425,0.000,0.000,0.0,0,0.000,0.000,0.0,0
3044465,0.000,0.000,0.0,0,0.000,0.000,0.0,0
3044505,0.000,0.000,0.0,0,0.000,0.000,0.0,0
3044545,0.000,0.000,0.0,0,0.000,0.000,0.0,0
3044585,0.000,0.000,0.0,0,0.000,0.000,0.0,0
3044625,0.000,0.000,0.0,0,0.000,0.000,0.0,0
3044665,0.000,0.000,0.0,0,0.000,0.000,0.0,0
3044705,0.000,0.000,0.0,0,0.000,0.000,0.0,0
3044745,0.000,0.000,0.0,0,0.000,0.000,0.0,0
3044785,0.000,0.000,0.0,0,0.000,0.000,0.0,0
3044825,0.000,0.000,0.0,0,0.000,0.000,0.0,0
3044865,0.000,0.000,0.0,0,0.000,0.000,0.0,0
3044905,0.000,0.000,0.0,0,0.000,0.000,0.0,0
3044945,0.000,0.000,0.0,0,0.000,0.000,0.0,0
3044985,0.000,0.000,0.0,0,0.000,0.000,0.0,0
3045025,0.000,0.000,0.0,0,0.000,0.000,0.0,0
3045065,0.000,0.000,0.0,0,0.000,0.000,0.0,0
3045105,0.000,0.000,0.0,0,0.000,0.000,0.0,0
3045145,0.000,0.000,0.0,0,0.000,0.000,0.0,0
3045185,0.000,0.000,0.0,0,0.000,0.000,0.0,0
3045225,0.000,0.000,0.0,0,0.000,0.000,0.0,0
3045265,0.000,0.000,0.0,0,0.000,0.000,0.0,0
3045305,0.000,0.000,0.0,0,0.000,0.000,0.0,0
3045345,0.000,0.000,0.0,0,0.000,0.000,0.0,0
3045385,0.000,0.000,0.0,0,0.000,0.000,0.0,0
3045425,0.000,0.000,0.0,0,0.000,0.000,0.0,0
3045465,0.000,0.000,0.0,0,0.000,0.000,0.0,0
3045505,0.000,0.000,0.0,0,0.000,0.000,0.0,0
3045545,0.000,0.000,0.0,0,0.000,0.000,0.0,0
3045585,0.000,0.000,0.0,0,0.000,0.000,0.0,0
3045625,0.000,0.000,0.0,0,0.000,0.000,0.0,0
3045665,0.000,0.000,0.0,0,0.000,0.000,0.0,0
3045705,0.000,0.000,0.0,0,0.000,0.000,0.0,0
3045745,0.000,0.000,0.0,0,0.000,0.000,0.0,0
3045785,0.000,0.000,0.0,0,0.000,0.000,0.0,0
3045825,0.000,0.000,0.0,0,0.000,0.000,0.0,0
3045865,0.000,0.000,0.0,0,0.000,0.000,0.0,0
3045905,0.000,0.000,0.0,0,0.000,0.000,0.0,0
3045945,0.000,0.000,0.0,0,0.000,0.000,0.0,0
3045985,0.000,0.000,0.0,0,0.000,0.000,0.0,0
3046025,0.000,0.000,0.0,0,0.000,0.000,0.0,0
3046065,0.000,0.000,0.0,0,0.000,0.000,0.0,0
3046105,0.000,0.000,0.0,0,0.000,0.000,0.0,0
3046145,0.000,0.000,0.0,0,0.000,0.000,0.0,0
3046185,0.000,0.000,0.0,0,0.000,0.000,0.0,0
3046225,0.000,0.000,0.0,0,0.000,0.000,0.0,0
3046265,0.000,0.000,0.0,0,0.000,0.000,0.0,0
3046305,0.000,0.000,0.0,0,0.000,0.000,0.0,0
3046345,0.000,0.000,0.0,0,0.000,0.000,0.0,0
3046385,0.000,0.000,0.0,0,0.000,0.000,0.0,0
3046425,0.000,0.000,0.0,0,0.000,0.000,0.0,0
3046465,0.000,0.000,0.0,0,0.000,0.000,0.0,0
3046505,0.000,0.000,0.0,0,0.000,0.000,0.0,0
3046545,0.000,0.000,0.0,0,0.000,0.000,0.0,0
3046585,0.000,0.000,0.0,0,0.000,0.000,0.0,0
3046625,0.000,0.000,0.0,0,0.000,0.000,0.0,0
3046665,0.000,0.000,0.0,0,0.000,0.000,0.0,0
3046705,0.000,0.000,0.0,0,0.000,0.000,0.0,0
3046745,0.000,0.000,0.0,0,0.000,0.000,0.0,0
3046785,0.000,0.000,0.0,0,0.000,0.000,0.0,0
3046825,0.000,0.000,0.0,0,0.000,0.000,0.0,0
3046865,0.000,0.000,0.0,0,0.000,0.000,0.0,0
3046905,0.000,0.000,0.0,0,0.000,0.000,0.0,0
3046945,0.000,0.000,0.0,0,0.000,0.000,0.0,0
3046985,0.000,0.000,0.0,0,0.000,0.000,0.0,0
3047025,0.000,0.000,0.0,0,0.000,0.000,0.0,0
3047065,0.000,0.000,0.0,0,0.000,0.000,0.0,0
3047105,0.000,0.000,0.0,0,0.000,0.000,0.0,0
3047145,0.000,0.000,0.0,0,0.000,0.000,0.0,0
3047185,0.000,0.000,0.0,0,0.000,0.000,0.0,0
3047225,0.000,0.000,0.0,0,0.000,0.000,0.0,0
3047265,0.000,0.000,0.0,0,0.000,0.000,0.0,0
3047305,0.000,0.000,0.0,0,0.000,0.000,0.0,0
3047345,0.000,0.000,0.0,0,0.000,0.000,0.0,0
3047385,0.000,0.000,0.0,0,0.000,0.000,0.0,0
3047425,0.000,0.000,0.0,0,0.000,0.000,0.0,0
3047465,0.000,0.000,0.0,0,0.000,0.000,0.0,0
3047505,0.000,0.000,0.0,0,0.000,0.000,0.0,0
3047545,0.000,0.000,0.0,0,0.000,0.000,0.0,0
3047585,0.000,0.000,0.0,0,0.000,0.000,0.0,0
3047625,0.000,0.000,0.0,0,0.000,0.000,0.0,0
3047665,0.000,0.000,0.0,0,0.000,0.000,0.0,0
3047705,0.000,0.000,0.0,0,0.000,0.000,0.0,0
3047745,0.000,0.000,0.0,0,0.000,0.000,0.0,0
3047785,0.000,0.000,0.0,0,0.000,0.000,0.0,0
3047825,0.000,0.000,0.0,0,0.000,0.000,0.0,0
3047865,0.000,0.000,0.0,0,0.000,0.000,0.0,0
3047905,0.000,0.000,0.0,0,0.000,0.000,0.0,0
3047945,0.000,0.000,0.0,0,0.000,0.000,0.0,0
3047985,0.000,0.000,0.0,0,0.000,0.000,0.0,0
3048025,0.000,0.000,0.0,0,0.000,0.000,0.0,0
3048065,0.000,0.000,0.0,0,0.000,0.000,0.0,0
3048105,0.000,0.000,0.0,0,0.000,0.000,0.0,0
3048145,0.000,0.000,0.0,0,0.000,0.000,0.0,0
3048185,0.000,0.000,0.0,0,0.000,0.000,0.0,0
3048225,0.000,0.000,0.0,0,0.000,0.000,0.0,0
3048265,0.000,0.000,0.0,0,0.000,0.000,0.0,0
3048305,0.000,0.000,0.0,0,0.000,0.000,0.0,0
3048345,0.000,0.000,0.0,0,0.000,0.000,0.0,0
3048385,0.000,0.000,0.0,0,0.000,0.000,0.0,0
3048425,0.000,0.000,0.0,0,0.000,0.000,0.0,0
3048465,0.000,0.000,0.0,0,0.000,0.000,0.0,0
3048505,0.000,0.000,0.0,0,0.000,0.000,0.0,0
3048545,0.000,0.000,0.0,0,0.000,0.000,0.0,0
3048585,0.000,0.000,0.0,0,0.000,0.000,0.0,0
3048625,0.000,0.000,0.0,0,0.000,0.000,0.0,0
3048665,0.000,0.000,0.0,0,0.000,0.000,0.0,0
3048705,0.000,0.000,0.0,0,0.000,0.000,0.0,0
3048745,0.000,0.000,0.0,0,0.000,0.000,0.0,0
3048785,0.000,0.000,0.0,0,0.000,0.000,0.0,0
3048825,0.000,0.000,0.0,0,0.000,0.000,0.0,0
3048865,0.000,0.000,0.0,0,0.000,0.000,0.0,0
3048905,0.000,0.000,0.0,0,0.000,0.000,0.0,0
3048945,0.000,0.000,0.0,0,0.000,0.000,0.0,0
3048985,0.000,0.000,0.0,0,0.000,0.000,0.0,0
3049025,0.000,0.000,0.0,0,0.000,0.000,0.0,0
3049065,0.000,0.000,0.0,0,0.000,0.000,0.0,0
3049105,0.000,0.000,0.0,0,0.000,0.000,0.0,0
3049145,0.000,0.000,0.0,0,0.000,0.000,0.0,0
3049185,0.000,0.000,0.0,0,0.000,0.000,0.0,0
3049225,0.000,0.000,0.0,0,0.000,0.000,0.0,0
3049265,0.000,0.000,0.0,0,0.000,0.000,0.0,0
3049305,0.000,0.000,0.0,0,0.000,0.000,0.0,0
3049345,0.000,0.000,0.0,0,0.000,0.000,0.0,0
3049385,0.000,0.000,0.0,0,0.000,0.000,0.0,0
3049425,0.000,0.000,0.0,0,0.000,0.000,0.0,0
3049465,0.000,0.000,0.0,0,0.000,0.000,0.0,0
3049505,0.000,0.000,0.0,0,0.000,0.000,0.0,0
3049545,0.000,0.000,0.0,0,0.000,0.000,0.0,0
3049585,0.000,0.000,0.0,0,0.000,0.000,0.0,0
3049625,0.000,0.000,0.0,0,0.000,0.000,0.0,0
3049665,0.000,0.000,0.0,0,0.000,0.000,0.0,0
3049705,0.000,0.000,0.0,0,0.000,0.000,0.0,0
3049745,0.000,0.000,0.0,0,0.000,0.000,0.0,0
3049785,0.000,0.000,0.0,0,0.000,0.000,0.0,0
3049825,0.000,0.000,0.0,0,0.000,0.000,0.0,0
3049865,0.000,0.000,0.0,0,0.000,0.000,0.0,0
3049905,0.000,0.000,0.0,0,0.000,0.000,0.0,0
3049945,0.000,0.000,0.0,0,0.000,0.000,0.0,0
3049985,0.000,0.000,0.0,0,0.000,0.000,0.0,0
3050025,0.000,0.000,0.0,0,0.000,0.000,0.0,0
3050065,0.000,0.000,0.0,0,0.000,0.000,0.0,0
3050105,0.000,0.000,0.0,0,0.000,0.000,0.0,0
3050145,0.000,0.000,0.0,0,0.000,0.000,0.0,0
3050185,0.000,0.000,0.0,0,0.000,0.000,0.0,0
3050225,0.000,0.000,0.0,0,0.000,0.000,0.0,0
3050265,0.000,0.000,0.0,0,0.000,0.000,0.0,0
3050305,0.000,0.000,0.0,0,0.000,0.000,0.0,0
3050345,0.000,0.000,0.0,0,0.000,0.000,0.0,0
3050385,0.000,0.000,0.0,0,0.000,0.000,0.0,0
3050425,0.000,0.000,0.0,0,0.000,0.000,0.0,0
3050465,0.000,0.000,0.0,0,0.000,0.000,0.0,0
3050505,0.000,0.000,0.0,0,0.000,0.000,0.0,0
3050545,0.000,0.000,0.0,0,0.000,0.000,0.0,0
3050585,0.000,0.000,0.0,0,0.000,0.000,0.0,0
3050625,0.000,0.000,0.0,0,0.000,0.000,0.0,0
3050665,0.000,0.000,0.0,0,0.000,0.000,0.0,0
3050705,0.000,0.000,0.0,0,0.000,0.000,0.0,0
3050745,0.000,0.000,0.0,0,0.000,0.000,0.0,0
3050785,0.000,0.000,0.0,0,0.000,0.000,0.0,0
3050825,0.000,0.000,0.0,0,0.000,0.000,0.0,0
3050865,0.000,0.000,0.0,0,0.000,0.000,0.0,0
3050905,0.000,0.000,0.0,0,0.000,0.000,0.0,0
3050945,0.000,0.000,0.0,0,0.000,0.000,0.0,0
3050985,0.000,0.000,0.0,0,0.000,0.000,0.0,0
3051025,0.000,0.000,0.0,0,0.000,0.000,0.0,0
3051065,0.000,0.000,0.0,0,0.000,0.000,0.0,0
3051105,0.000,0.000,0.0,0,0.000,0.000,0.0,0
3051145,0.000,0.000,0.0,0,0.000,0.000,0.0,0
3051185,0.000,0.000,0.0,0,0.000,0.000,0.0,0
3051225,0.000,0.000,0.0,0,0.000,0.000,0.0,0
3051265,0.000,0.000,0.0,0,0.000,0.000,0.0,0
3051305,0.000,0.000,0.0,0,0.000,0.000,0.0,0
3051345,0.000,0.000,0.0,0,0.000,0.000,0.0,0
3051385,0.000,0.000,0.0,0,0.000,0.000,0.0,0
3051425,0.000,0.000,0.0,0,0.000,0.000,0.0,0
3051465,0.000,0.000,0.0,0,0.000,0.000,0.0,0
3051505,0.000,0.000,0.0,0,0.000,0.000,0.0,0
3051545,0.000,0.000,0.0,0,0.000,0.000,0.0,0
3051585,0.000,0.000,0.0,0,0.000,0.000,0.0,0
3051625,0.000,0.000,0.0,0,0.000,0.000,0.0,0
3051665,0.000,0.000,0.0,0,0.000,0.000,0.0,0
3051705,0.000,0.000,0.0,0,0.000,0.000,0.0,0
3051745,0.000,0.000,0.0,0,0.000,0.000,0.0,0
3051785,0.000,0.000,0.0,0,0.000,0.000,0.0,0
3051825,0.000,0.000,0.0,0,0.000,0.000,0.0,0
3051865,0.000,0.000,0.0,0,0.000,0.000,0.0,0
3051905,0.000,0.000,0.0,0,0.000,0.000,0.0,0
3051945,0.000,0.000,0.0,0,0.000,0.000,0.0,0
3051985,0.000,0.000,0.0,0,0.000,0.000,0.0,0
3052025,0.000,0.000,0.0,0,0.000,0.000,0.0,0
3052065,0.000,0.000,0.0,0,0.000,0.000,0.0,0
3052105,0.000,0.000,0.0,0,0.000,0.000,0.0,0
3052145,0.000,0.000,0.0,0,0.000,0.000,0.0,0
3052185,0.000,0.000,0.0,0,0.000,0.000,0.0,0
3052225,0.000,0.000,0.0,0,0.000,0.000,0.0,0
3052265,0.000,0.000,0.0,0,0.000,0.000,0.0,0
3052305,0.000,0.000,0.0,0,0.000,0.000,0.0,0
3052345,0.000,0.000,0.0,0,0.000,0.000,0.0,0
3052385,0.000,0.000,0.0,0,0.000,0.000,0.0,0
3052425,0.000,0.000,0.0,0,0.000,0.000,0.0,0
3052465,0.000,0.000,0.0,0,0.000,0.000,0.0,0
3052505,0.000,0.000,0.0,0,0.000,0.000,0.0,0
3052545,0.000,0.000,0.0,0,0.000,0.000,0.0,0
3052585,0.000,0.000,0.0,0,0.000,0.000,0.0,0
3052625,0.000,0.000,0.0,0,0.000,0.000,0.0,0
3052665,0.000,0.000,0.0,0,0.000,0.000,0.0,0
3052705,0.000,0.000,0.0,0,0.000,0.000,0.0,0
3052745,0.000,0.000,0.0,0,0.000,0.000,0.0,0
3052785,0.000,0.000,0.0,0,0.000,0.000,0.0,0
3052825,0.000,0.000,0.0,0,0.000,0.000,0.0,0
3052865,0.000,0.000,0.0,0,0.000,0.000,0.0,0
3052905,0.000,0.000,0.0,0,0.000,0.000,0.0,0
3052945,0.000,0.000,0.0,0,0.000,0.000,0.0,0
3052985,0.000,0.000,0.0,0,0.000,0.000,0.0,0
3053025,0.000,0.000,0.0,0,0.000,0.000,0.0,0
3053065,0.000,0.000,0.0,0,0.000,0.000,0.0,0
3053105,0.000,0.000,0.0,0,0.000,0.000,0.0,0
3053145,0.000,0.000,0.0,0,0.000,0.000,0.0,0
3053185,0.000,0.000,0.0,0,0.000,0.000,0.0,0
3053225,0.000,0.000,0.0,0,0.000,0.000,0.0,0
3053265,0.000,0.000,0.0,0,0.000,0.000,0.0,0
3053305,0.000,0.000,0.0,0,0.000,0.000,0.0,0
3053345,0.000,0.000,0.0,0,0.000,0.000,0.0,0
3053385,0.000,0.000,0.0,0,0.000,0.000,0.0,0
3053425,0.000,0.000,0.0,0,0.000,0.000,0.0,0
3053465,0.000,0.000,0.0,0,0.000,0.000,0.0,0
3053505,0.000,0.000,0.0,0,0.000,0.000,0.0,0
3053545,0.000,0.000,0.0,0,0.000,0.000,0.0,0
3053585,0.000,0.000,0.0,0,0.000,0.000,0.0,0
3053625,0.000,0.000,0.0,0,0.000,0.000,0.0,0
3053665,0.000,0.000,0.0,0,0.000,0.000,0.0,0
3053705,0.000,0.000,0.0,0,0.000,0.000,0.0,0
3053745,0.000,0.000,0.0,0,0.000,0.000,0.0,0
3053785,0.000,0.000,0.0,0,0.000,0.000,0.0,0
3053825,0.000,0.000,0.0,0,0.000,0.000,0.0,0
3053865,0.000,0.000,0.0,0,0.000,0.000,0.0,0
3053905,0.000,0.000,0.0,0,0.000,0.000,0.0,0
3053945,0.000,0.000,0.0,0,0.000,0.000,0.0,0
3053985,0.000,0.000,0.0,0,0.000,0.000,0.0,0
3054025,0.000,0.000,0.0,0,0.000,0.000,0.0,0
3054065,0.000,0.000,0.0,0,0.000,0.000,0.0,0
3054105,0.000,0.000,0.0,0,0.000,0.000,0.0,0
3054145,0.000,0.000,0.0,0,0.000,0.000,0.0,0
3054185,0.000,0.000,0.0,0,0.000,0.000,0.0,0
3054225,0.000,0.000,0.0,0,0.000,0.000,0.0,0
3054265,-2.564,0.000,-27.2,-12,-2.564,0.000,-27.2,-12
3054305,-2.564,-0.000,-30.3,-30,-2.564,-0.000,-30.3,-30
3054345,-2.564,-0.002,-33.1,-33,-2.564,-0.002,-33.1,-33
3054385,-2.564,-0.002,-36.4,-36,-2.564,-0.002,-36.4,-36
3054425,-2.564,-0.433,-34.6,-12,-2.564,-0.407,-34.9,-12
3054465,-2.564,-0.830,-32.7,-12,-2.564,-0.759,-33.6,-12
3054505,-2.564,-0.979,-18.3,-18,-2.564,-0.993,-9.9,-9
3054545,-2.564,-1.155,-15.7,-15,-2.564,-1.110,-22.1,-22
3054585,-2.564,-1.314,-17.4,-17,-2.564,-1.110,-35.6,-35
3054625,-2.564,-1.447,-20.0,-20,-2.564,-1.524,-6.4,-6
3054665,-2.564,-1.622,-15.5,-15,-2.564,-1.626,-22.9,-22
3054705,-2.564,-1.654,-30.4,-30,-2.564,-1.626,-34.2,-34
3054745,-2.564,-1.751,-24.0,-23,-2.564,-1.691,-22.0,-21
3054785,-2.564,-2.052,-31.3,-12,-2.564,-1.907,-11.8,-11
3054825,-2.564,-2.392,-13.2,-13,-2.564,-2.000,-33.2,-33
3054865,-2.564,-2.549,-26.6,-23,-2.564,-2.181,-25.3,-25
3054905,-2.564,-2.544,-27.3,-27,-2.564,-2.071,-44.5,-44
3054945,-2.564,-2.665,-20.4,-20,-2.564,-2.105,-30.4,-30
3054985,-2.564,-2.731,-18.0,-18,-2.564,-2.291,-32.2,-25
3055025,-2.564,-2.904,-21.4,-18,-2.564,-2.312,-29.4,-29
3055065,-2.564,-3.009,-12.1,-12,-2.564,-2.481,-30.7,-25
3055105,-2.564,-2.988,-19.3,-19,-2.564,-2.394,-35.5,-35
3055145,-2.564,-3.037,-19.6,-19,-2.564,-2.565,-13.1,-13
3055185,-2.564,-3.062,-14.5,-14,-2.564,-2.466,-41.5,-37
3055225,-2.564,-3.031,-24.8,-24,-2.564,-2.606,-15.8,-15
3055265,-2.564,-3.072,-14.7,-14,-2.564,-2.502,-41.3,-39
3055305,-2.564,-3.006,-17.6,-17,-2.564,-2.663,-13.1,-13
3055345,-2.564,-3.101,-12.8,-12,-2.564,-2.532,-40.8,-37
3055385,-2.564,-3.048,-13.9,-13,-2.564,-2.609,-22.1,-22
3055425,-2.564,-2.959,-24.2,-24,-2.564,-2.574,-30.1,-30
3055465,-2.564,-3.009,-15.3,-15,-2.564,-2.581,-21.9,-21
3055505,-2.564,-2.940,-19.3,-19,-2.564,-2.618,-29.6,-29
3055545,-2.564,-3.020,-15.6,-15,-2.564,-2.638,-21.6,-21
3055585,-2.564,-3.073,-2.5,-2,-2.564,-2.600,-37.4,-37
3055625,-2.564,-3.032,-13.0,-12,-2.564,-2.690,-19.7,-19
3055665,-2.564,-3.114,0.0,0,-2.564,-2.606,-32.5,-32
3055705,-2.564,-2.933,-25.4,-24,-2.564,-2.644,-25.2,-25
3055745,-2.564,-3.003,-18.1,-12,-2.564,-2.622,-28.3,-28
3055785,-2.564,-2.917,-21.3,-21,-2.564,-2.665,-24.4,-24
3055825,-2.564,-3.049,-11.0,-10,-2.564,-2.638,-27.9,-27
3055865,-2.564,-3.002,-4.8,-4,-2.564,-2.685,-28.2,-28
3055905,-2.564,-3.049,-9.9,-9,-2.564,-2.617,-29.4,-29
3055945,-2.564,-2.876,-16.2,-16,-2.564,-2.669,-28.2,-28
3055985,-2.564,-2.934,-24.2,-12,-2.564,-2.628,-25.6,-25
3056025,-2.564,-3.071,0.0,0,-2.564,-2.722,-27.4,-27
3056065,-2.564,-2.959,-20.7,-20,-2.564,-2.663,-24.2,-24
3056105,-2.564,-3.066,0.0,0,-2.564,-2.709,-27.2,-27
3056145,-2.564,-2.901,-21.4,-21,-2.564,-2.676,-24.9,-24
3056185,-2.564,-3.017,-8.0,-7,-2.564,-2.637,-35.2,-35
3056225,-2.564,-2.909,-24.9,-13,-2.564,-2.673,-23.6,-23
3056265,-2.564,-3.071,-2.6,-2,-2.564,-2.624,-33.4,-33
3056305,-2.564,-2.997,0.0,0,-2.564,-2.665,-23.0,-22
3056345,-2.564,-3.018,-4.4,-4,-2.564,-2.590,-34.6,-34
3056385,-2.564,-2.973,0.0,0,-2.564,-2.661,-20.0,-19
3056425,-2.564,-2.840,-17.8,-17,-2.564,-2.558,-36.2,-36
3056465,-2.564,-2.917,0.0,0,-2.564,-2.643,-18.6,-18
3056505,-2.564,-2.790,-18.0,-18,-2.564,-2.539,-35.7,-35
3056545,-2.564,-2.874,-7.8,-7,-2.564,-2.654,-26.9,-26
3056585,-2.564,-2.780,-16.6,-16,-2.564,-2.535,-33.7,-33
3056625,-2.564,-2.847,-6.7,-6,-2.564,-2.642,-16.2,-16
3056665,-2.564,-2.788,-6.7,-6,-2.564,-2.470,-42.3,-40
3056705,-2.564,-2.809,-9.5,-9,-2.564,-2.596,-14.9,-14
3056745,-2.564,-2.773,-1.9,-1,-2.564,-2.527,-28.2,-28
3056785,-2.564,-2.737,-10.1,-10,-2.564,-2.539,-15.4,-15
3056825,-2.564,-2.797,0.0,0,-2.564,-2.522,-28.4,-28
3056865,-2.564,-2.776,-5.7,-5,-2.564,-2.608,-12.5,-12
3056905,-2.564,-2.801,0.0,0,-2.564,-2.569,-28.0,-27
3056945,-2.564,-2.724,-5.9,-5,-2.564,-2.533,-20.7,-20
3056985,-2.564,-2.688,-2.2,-2,-2.564,-2.495,-32.6,-32
3057025,-2.564,-2.656,-6.4,-6,-2.564,-2.562,-12.9,-12
3057065,-2.564,-2.774,0.0,0,-2.564,-2.538,-30.9,-30
3057105,-2.564,-2.757,-7.4,-7,-2.564,-2.602,-16.1,-16
3057145,-2.564,-2.803,-4.3,-4,-2.564,-2.591,-29.1,-29
3057185,-2.564,-2.624,-14.2,-14,-2.564,-2.453,-29.5,-29
3057225,-2.564,-2.633,-5.8,-5,-2.564,-2.492,-27.6,-27
3057265,-2.564,-2.603,-4.3,-4,-2.564,-2.424,-36.9,-36
3057305,-2.564,-2.658,-5.4,-5,-2.564,-2.578,-16.9,-16
3057345,-2.564,-2.691,-2.1,-2,-2.564,-2.477,-39.6,-39
3057385,-2.564,-2.710,-4.6,-4,-2.564,-2.586,-17.0,-16
3057425,-2.564,-2.650,-6.2,-6,-2.564,-2.490,-39.2,-39
3057465,-2.564,-2.649,-5.0,-4,-2.564,-2.577,-15.2,-15
3057505,-2.564,-2.648,0.0,0,-2.564,-2.510,-36.1,-36
3057545,-2.564,-2.615,-9.5,-9,-2.564,-2.484,-29.8,-29
3057585,-2.564,-2.676,0.0,0,-2.564,-2.627,-29.1,-25
3057625,-2.564,-2.581,-14.6,-14,-2.564,-2.500,-29.6,-29
3057665,-2.564,-2.592,-4.2,-4,-2.564,-2.515,-36.1,-32
3057705,-2.564,-2.541,-5.9,-5,-2.564,-2.377,-44.8,-41
3057745,-2.564,-2.572,0.0,0,-2.564,-2.493,-30.2,-30
3057785,-2.564,-2.595,-5.3,-5,-2.564,-2.442,-35.7,-35
3057825,-2.564,-2.631,0.0,0,-2.564,-2.537,-29.7,-29
3057865,-2.564,-2.596,-5.3,-5,-2.564,-2.441,-37.9,-37
3057905,-2.564,-2.634,0.0,0,-2.564,-2.538,-29.8,-29
3057945,-2.564,-2.617,-5.1,-5,-2.564,-2.474,-35.1,-35
3057985,-2.564,-2.645,0.0,0,-2.564,-2.563,-29.6,-29
3058025,-2.564,-2.626,-4.9,-4,-2.564,-2.531,-33.4,-33
3058065,-2.564,-2.659,0.0,0,-2.564,-2.615,-29.1,-29
3058105,-2.564,-2.642,-4.7,-4,-2.564,-2.554,-30.7,-30
3058145,-2.564,-2.588,0.0,0,-2.564,-2.600,-29.2,-29
3058185,-2.564,-2.643,-4.6,-4,-2.564,-2.562,-28.6,-28
3058225,-2.564,-2.545,-6.7,-6,-2.564,-2.601,-29.1,-29
3058265,-2.564,-2.725,-3.7,-3,-2.564,-2.592,-26.2,-26
3058305,-2.564,-2.588,-8.5,-8,-2.564,-2.638,-28.7,-28
3058345,-2.564,-2.659,-14.5,-12,-2.564,-2.613,-27.0,-26
3058385,-2.564,-2.595,-11.2,-11,-2.564,-2.673,-28.1,-28
3058425,-2.564,-2.714,-8.9,-8,-2.564,-2.668,-23.8,-23
3058465,-2.564,-2.609,-15.0,-14,-2.564,-2.729,-27.3,-27
3058505,-2.564,-2.738,-0.2,0,-2.564,-2.679,-25.2,-25
3058545,-2.564,-2.605,-17.6,-15,-2.564,-2.681,-34.3,-31
3058585,-2.564,-2.761,0.0,0,-2.564,-2.726,-22.3,-22
3058625,-2.564,-2.599,-4.3,-4,-2.564,-2.674,-35.7,-35
3058665,-2.564,-2.711,-1.7,-1,-2.564,-2.717,-26.5,-26
3058705,-2.564,-2.593,-4.3,-4,-2.564,-2.656,-32.8,-32
3058745,-2.564,-2.691,-3.2,-3,-2.564,-2.521,-41.8,-38
3058785,-2.564,-2.190,-8.7,-8,-2.564,-2.183,-65.8,-40
3058825,-2.564,-1.817,-50.4,-20,-2.564,-2.138,-32.9,-32
3058865,-2.564,-1.817,-14.0,-13,-2.564,-2.368,-37.2,-12
3058905,-2.564,-1.756,-15.5,-15,-2.564,-2.368,-31.1,-31
3058945,-2.564,-1.624,-18.0,-18,-2.564,-2.022,-35.2,-35
3058985,-2.564,-1.496,-33.2,-30,-2.564,-1.845,-37.8,-37
3059025,-2.564,-1.590,-11.4,-11,-2.564,-1.743,-39.8,-39
3059065,-2.564,-1.656,-14.6,-14,-2.564,-1.782,-40.4,-40
3059105,-2.564,-1.677,-20.0,-19,-2.564,-1.946,-37.8,-36
3059145,-2.564,-1.761,-22.2,-22,-2.564,-1.929,-42.1,-42
3059185,-2.564,-1.807,-22.7,-22,-2.564,-2.108,-21.3,-21
3059225,-2.564,-1.846,-23.2,-23,-2.564,-2.108,-39.8,-39
3059265,0.000,-1.986,0.0,0,0.000,-2.040,0.0,0
3059305,0.000,-1.893,0.0,0,0.000,-2.063,0.0,0
3059345,0.000,-1.893,0.0,0,0.000,-1.966,0.0,0
3059385,0.000,-1.796,0.0,0,0.000,-1.787,0.0,0
3059425,0.000,-1.602,0.0,0,0.000,-1.686,0.0,0
3059465,0.000,-1.602,0.0,0,0.000,-1.686,0.0,0
3059505,0.000,-1.380,0.0,0,0.000,-1.466,0.0,0
3059545,0.000,-1.380,0.0,0,0.000,-1.466,0.0,0
3059585,0.000,-1.203,0.0,0,0.000,-1.217,0.0,0
3059625,0.000,-1.203,0.0,0,0.000,-1.217,0.0,0
3059665,0.000,-1.203,0.0,0,0.000,-1.217,0.0,0
3059705,0.000,-1.203,0.0,0,0.000,-1.217,0.0,0
3059745,0.000,-0.000,0.0,0,0.000,-0.000,0.0,0
3059785,0.000,-0.000,0.0,0,0.000,-0.000,0.0,0
3059825,0.000,-0.000,0.0,0,0.000,-0.000,0.0,0
3059865,0.000,-0.000,0.0,0,0.000,-0.000,0.0,0
3059905,0.000,-0.000,0.0,0,0.000,-0.000,0.0,0
3059945,0.000,-0.000,0.0,0,0.000,-0.000,0.0,0
3059985,0.000,-0.000,0.0,0,0.000,-0.000,0.0,0
3060025,0.000,-0.000,0.0,0,0.000,-0.000,0.0,0
3060065,0.000,-0.000,0.0,0,0.000,-0.000,0.0,0
3060105,0.000,-0.000,0.0,0,0.000,-0.000,0.0,0
3060145,0.000,-0.000,0.0,0,0.000,-0.000,0.0,0
3060185,0.000,-0.000,0.0,0,0.000,-0.000,0.0,0
3060225,0.000,-0.000,0.0,0,0.000,-0.000,0.0,0
3060265,0.000,-0.000,0.0,0,0.000,-0.000,0.0,0
3060305,0.000,-0.000,0.0,0,0.000,-0.000,0.0,0
3060345,0.000,-0.000,0.0,0,0.000,-0.000,0.0,0
3060385,0.000,-0.000,0.0,0,0.000,-0.000,0.0,0
3060425,0.000,-0.000,0.0,0,0.000,-0.000,0.0,0
3060465,0.000,-0.000,0.0,0,0.000,-0.000,0.0,0
3060505,0.000,-0.000,0.0,0,0.000,-0.000,0.0,0
3060545,0.000,-0.000,0.0,0,0.000,-0.000,0.0,0
3060585,0.000,-0.000,0.0,0,0.000,-0.000,0.0,0
3060625,0.000,-0.000,0.0,0,0.000,-0.000,0.0,0
3060665,0.000,-0.000,0.0,0,0.000,-0.000,0.0,0
3060705,0.000,-0.000,0.0,0,0.000,-0.000,0.0,0
3060745,0.000,-0.000,0.0,0,0.000,-0.000,0.0,0
3060785,0.000,-0.000,0.0,0,0.000,-0.000,0.0,0
3060825,0.000,-0.000,0.0,0,0.000,-0.000,0.0,0
3060865,0.000,-0.000,0.0,0,0.000,-0.000,0.0,0
3060905,0.000,-0.000,0.0,0,0.000,-0.000,0.0,0
3060945,0.000,-0.000,0.0,0,0.000,-0.000,0.0,0
3060985,0.000,-0.000,0.0,0,0.000,-0.000,0.0,0
3061025,0.000,-0.000,0.0,0,0.000,-0.000,0.0,0
3061065,0.000,-0.000,0.0,0,0.000,-0.000,0.0,0
3061105,0.000,-0.000,0.0,0,0.000,-0.000,0.0,0
3061145,0.000,-0.000,0.0,0,0.000,-0.000,0.0,0
3061185,0.000,-0.000,0.0,0,0.000,-0.000,0.0,0
3061225,0.000,-0.000,0.0,0,0.000,-0.000,0.0,0
3061265,0.000,-0.000,0.0,0,0.000,-0.000,0.0,0
3061305,0.000,-0.000,0.0,0,0.000,-0.000,0.0,0
3061345,0.000,-0.000,0.0,0,0.000,-0.000,0.0,0
3061385,0.000,-0.000,0.0,0,0.000,-0.000,0.0,0
3061425,0.000,-0.000,0.0,0,0.000,-0.000,0.0,0
3061465,0.000,-0.000,0.0,0,0.000,-0.000,0.0,0
3061505,0.000,-0.000,0.0,0,0.000,-0.000,0.0,0
3061545,0.000,-0.000,0.0,0,0.000,-0.000,0.0,0
3061585,0.000,-0.000,0.0,0,0.000,-0.000,0.0,0
3061625,0.000,-0.000,0.0,0,0.000,-0.000,0.0,0
3061665,0.000,-0.000,0.0,0,0.000,-0.000,0.0,0
3061705,0.000,-0.000,0.0,0,0.000,-0.000,0.0,0
3061745,0.000,-0.000,0.0,0,0.000,-0.000,0.0,0
3061785,0.000,-0.000,0.0,0,0.000,-0.000,0.0,0
3061825,0.000,-0.000,0.0,0,0.000,-0.000,0.0,0
3061865,0.000,-0.000,0.0,0,0.000,-0.000,0.0,0
3061905,0.000,-0.000,0.0,0,0.000,-0.000,0.0,0
3061945,0.000,-0.000,0.0,0,0.000,-0.000,0.0,0
3061985,0.000,-0.000,0.0,0,0.000,-0.000,0.0,0
3062025,0.000,-0.000,0.0,0,0.000,-0.000,0.0,0
3062065,0.000,-0.000,0.0,0,0.000,-0.000,0.0,0
3062105,0.000,-0.000,0.0,0,0.000,-0.000,0.0,0
3062145,0.000,-0.000,0.0,0,0.000,-0.000,0.0,0
3062185,0.000,-0.000,0.0,0,0.000,-0.000,0.0,0
3062225,0.000,-0.000,0.0,0,0.000,-0.000,0.0,0
3062265,0.000,-0.000,0.0,0,0.000,-0.000,0.0,0
3062305,0.000,-0.000,0.0,0,0.000,-0.000,0.0,0
3062345,0.000,-0.000,0.0,0,0.000,-0.000,0.0,0
3062385,0.000,-0.000,0.0,0,0.000,-0.000,0.0,0
3062425,0.000,-0.000,0.0,0,0.000,-0.000,0.0,0
3062465,0.000,-0.000,0.0,0,0.000,-0.000,0.0,0
3062505,0.000,-0.000,0.0,0,0.000,-0.000,0.0,0
3062545,0.000,-0.000,0.0,0,0.000,-0.000,0.0,0
3062585,0.000,-0.000,0.0,0,0.000,-0.000,0.0,0
3062625,0.000,-0.008,0.0,0,0.000,-0.000,0.0,0
3062665,0.000,-0.442,0.0,0,0.000,-0.008,0.0,0
3062705,0.000,-0.853,0.0,0,0.000,-0.008,0.0,0
3062745,0.000,-1.253,0.0,0,0.000,-0.290,0.0,0
3062785,0.000,-1.624,0.0,0,0.000,-0.643,0.0,0
3062825,0.000,-1.826,0.0,0,0.000,-1.049,0.0,0
3062865,0.000,-2.276,0.0,0,0.000,-1.239,0.0,0
3062905,0.000,-2.344,0.0,0,0.000,-1.401,0.0,0
3062945,0.000,-2.616,0.0,0,0.000,-1.533,0.0,0
3062985,0.000,-2.662,0.0,0,0.000,-1.443,0.0,0
3063025,0.000,-2.783,0.0,0,0.000,-1.443,0.0,0
3063065,0.000,-2.774,0.0,0,0.000,-1.387,0.0,0
3063105,0.000,-2.869,0.0,0,0.000,-1.305,0.0,0
3063145,0.000,-2.693,0.0,0,0.000,-1.305,0.0,0
3063185,0.000,-2.674,0.0,0,0.000,-1.305,0.0,0
3063225,0.000,-2.423,0.0,0,0.000,-1.305,0.0,0
3063265,0.000,-2.228,0.0,0,0.000,-0.000,0.0,0
3063305,0.000,-1.991,0.0,0,0.000,-0.130,0.0,0
3063345,0.000,-1.916,0.0,0,0.000,-0.130,0.0,0
3063385,0.000,-1.916,0.0,0,0.000,-0.340,0.0,0
3063425,0.000,-1.821,0.0,0,0.000,-0.340,0.0,0
3063465,0.000,-1.569,0.0,0,0.000,-0.724,0.0,0
3063505,0.000,-1.569,0.0,0,0.000,-1.402,0.0,0
3063545,0.000,-1.427,0.0,0,0.000,-1.585,0.0,0
3063585,0.000,-1.281,0.0,0,0.000,-1.723,0.0,0
3063625,0.000,-1.281,0.0,0,0.000,-2.278,0.0,0
3063665,0.000,-1.281,0.0,0,0.000,-2.394,0.0,0
3063705,0.000,-1.281,0.0,0,0.000,-2.794,0.0,0
3063745,0.000,-0.000,0.0,0,0.000,-2.938,0.0,0
3063785,0.000,-0.000,0.0,0,0.000,-2.937,0.0,0
3063825,0.000,-0.000,0.0,0,0.000,-2.997,0.0,0
3063865,0.000,-0.000,0.0,0,0.000,-2.971,0.0,0
3063905,0.000,-0.079,0.0,0,0.000,-3.378,0.0,0
3063945,0.000,-0.079,0.0,0,0.000,-3.439,0.0,0
3063985,0.000,-0.399,0.0,0,0.000,-3.385,0.0,0
3064025,0.000,-0.670,0.0,0,0.000,-3.480,0.0,0
3064065,0.000,-0.670,0.0,0,0.000,-3.383,0.0,0
3064105,0.000,-0.772,0.0,0,0.000,-3.599,0.0,0
3064145,0.000,-1.057,0.0,0,0.000,-3.894,0.0,0
3064185,0.000,-1.393,0.0,0,0.000,-3.903,0.0,0
3064225,0.000,-1.895,0.0,0,0.000,-3.774,0.0,0
3064265,0.000,-2.046,0.0,0,0.000,-3.952,0.0,0
3064305,0.000,-2.013,0.0,0,0.000,-4.067,0.0,0
3064345,0.000,-2.189,0.0,0,0.000,-4.229,0.0,0
3064385,0.000,-2.383,0.0,0,0.000,-4.193,0.0,0
3064425,0.000,-2.881,0.0,0,0.000,-4.205,0.0,0
3064465,0.000,-3.199,0.0,0,0.000,-4.287,0.0,0
3064505,0.000,-3.180,0.0,0,0.000,-4.098,0.0,0
3064545,0.000,-3.307,0.0,0,0.000,-3.351,0.0,0
3064585,0.000,-3.469,0.0,0,0.000,-2.927,0.0,0
3064625,0.000,-3.544,0.0,0,0.000,-3.809,0.0,0
3064665,0.000,-3.870,0.0,0,0.000,-4.283,0.0,0
3064705,0.000,-4.051,0.0,0,0.000,-4.353,0.0,0
3064745,0.000,-4.230,0.0,0,0.000,-4.356,0.0,0
3064785,0.000,-4.252,0.0,0,0.000,-4.115,0.0,0
3064825,0.000,-4.270,0.0,0,0.000,-3.548,0.0,0
3064865,0.000,-4.441,0.0,0,0.000,-3.337,0.0,0
3064905,0.000,-4.645,0.0,0,0.000,-4.101,0.0,0
3064945,0.000,-4.814,0.0,0,0.000,-4.391,0.0,0
3064985,0.000,-4.878,0.0,0,0.000,-4.461,0.0,0
3065025,0.000,-4.904,0.0,0,0.000,-4.449,0.0,0
3065065,0.000,-4.870,0.0,0,0.000,-4.362,0.0,0
3065105,0.000,-4.872,0.0,0,0.000,-4.457,0.0,0
3065145,0.000,-4.930,0.0,0,0.000,-4.444,0.0,0
3065185,0.000,-4.950,0.0,0,0.000,-4.294,0.0,0
3065225,0.000,-5.056,0.0,0,0.000,-4.217,0.0,0
3065265,0.000,-5.095,0.0,0,0.000,-4.308,0.0,0
3065305,0.000,-5.157,0.0,0,0.000,-4.155,0.0,0
3065345,0.000,-5.197,0.0,0,0.000,-4.170,0.0,0
3065385,0.000,-5.187,0.0,0,0.000,-3.982,0.0,0
3065425,0.000,-5.097,0.0,0,0.000,-4.113,0.0,0
3065465,0.000,-5.198,0.0,0,0.000,-3.996,0.0,0
3065505,0.000,-5.139,0.0,0,0.000,-3.800,0.0,0
3065545,0.000,-5.027,0.0,0,0.000,-3.644,0.0,0
3065585,0.000,-4.763,0.0,0,0.000,-3.717,0.0,0
3065625,0.000,-4.532,0.0,0,0.000,-3.485,0.0,0
3065665,0.000,-4.321,0.0,0,0.000,-3.456,0.0,0
3065705,0.000,-4.401,0.0,0,0.000,-3.408,0.0,0
3065745,0.000,-4.198,0.0,0,0.000,-3.103,0.0,0
3065785,0.000,-4.044,0.0,0,0.000,-3.168,0.0,0
3065825,0.000,-3.718,0.0,0,0.000,-2.854,0.0,0
3065865,0.000,-3.652,0.0,0,0.000,-2.879,0.0,0
3065905,0.000,-3.431,0.0,0,0.000,-2.585,0.0,0
3065945,0.000,-3.315,0.0,0,0.000,-2.621,0.0,0
3065985,0.000,-3.151,0.0,0,0.000,-2.416,0.0,0
3066025,0.000,-2.927,0.0,0,0.000,-2.431,0.0,0
3066065,0.000,-2.951,0.0,0,0.000,-2.355,0.0,0
3066105,0.000,-2.794,0.0,0,0.000,-2.215,0.0,0
3066145,0.000,-2.747,0.0,0,0.000,-2.217,0.0,0
3066185,0.000,-2.640,0.0,0,0.000,-2.028,0.0,0
3066225,0.000,-2.619,0.0,0,0.000,-2.007,0.0,0
3066265,0.000,-2.419,0.0,0,0.000,-1.952,0.0,0
3066305,0.000,-2.437,0.0,0,0.000,-1.890,0.0,0
3066345,0.000,-2.410,0.0,0,0.000,-1.946,0.0,0
3066385,0.000,-2.498,0.0,0,0.000,-1.938,0.0,0
3066425,0.000,-2.503,0.0,0,0.000,-1.946,0.0,0
3066465,0.000,-2.474,0.0,0,0.000,-2.000,0.0,0
3066505,0.000,-2.351,0.0,0,0.000,-1.943,0.0,0
3066545,0.000,-2.219,0.0,0,0.000,-1.914,0.0,0
3066585,0.000,-2.121,0.0,0,0.000,-1.808,0.0,0
3066625,0.000,-1.993,0.0,0,0.000,-1.808,0.0,0
3066665,0.000,-1.857,0.0,0,0.000,-1.672,0.0,0
3066705,0.000,-1.656,0.0,0,0.000,-1.493,0.0,0
3066745,0.000,-1.656,0.0,0,0.000,-1.493,0.0,0
3066785,0.000,-1.656,0.0,0,0.000,-1.493,0.0,0
3066825,0.000,-1.326,0.0,0,0.000,-1.177,0.0,0
3066865,0.000,-1.326,0.0,0,0.000,-1.177,0.0,0
3066905,0.000,-1.326,0.0,0,0.000,-1.177,0.0,0
3066945,0.000,-1.326,0.0,0,0.000,-1.177,0.0,0
3066985,0.000,-0.000,0.0,0,0.000,-0.000,0.0,0
3067025,0.000,-0.000,0.0,0,0.000,-0.000,0.0,0
3067065,0.000,-0.000,0.0,0,0.000,-0.000,0.0,0
3067105,0.000,-0.000,0.0,0,0.000,-0.000,0.0,0
3067145,0.000,-0.000,0.0,0,0.000,-0.000,0.0,0
3067185,0.000,-0.000,0.0,0,0.000,-0.000,0.0,0
3067225,0.000,-0.000,0.0,0,0.000,-0.000,0.0,0
3067265,0.000,-0.000,0.0,0,0.000,-0.000,0.0,0
3067305,0.000,-0.000,0.0,0,0.000,-0.000,0.0,0
3067345,0.000,-0.000,0.0,0,0.000,-0.000,0.0,0
3067385,0.000,-0.000,0.0,0,0.000,-0.000,0.0,0
3067425,0.000,-0.000,0.0,0,0.000,-0.000,0.0,0
3067465,0.000,-0.000,0.0,0,0.000,-0.000,0.0,0
3067505,0.000,-0.000,0.0,0,0.000,-0.000,0.0,0
3067545,0.000,-0.000,0.0,0,0.000,-0.000,0.0,0
3067585,0.000,-0.000,0.0,0,0.000,-0.000,0.0,0
3067625,0.000,-0.000,0.0,0,0.000,-0.000,0.0,0
3067665,0.000,-0.000,0.0,0,0.000,-0.000,0.0,0
3067705,0.000,-0.000,0.0,0,0.000,-0.000,0.0,0
3067745,0.000,-0.000,0.0,0,0.000,-0.000,0.0,0
3067785,0.000,-0.000,0.0,0,0.000,-0.000,0.0,0
3067825,0.000,-0.000,0.0,0,0.000,-0.000,0.0,0
3067865,0.000,-0.000,0.0,0,0.000,-0.000,0.0,0
3067905,0.000,-0.000,0.0,0,0.000,-0.000,0.0,0
3067945,0.000,-0.000,0.0,0,0.000,-0.000,0.0,0
3067985,0.000,-0.000,0.0,0,0.000,-0.000,0.0,0
3068025,0.000,-0.000,0.0,0,0.000,-0.000,0.0,0
3068065,0.000,-0.000,0.0,0,0.000,-0.000,0.0,0
3068105,0.000,-0.000,0.0,0,0.000,-0.000,0.0,0
3068145,0.000,-0.000,0.0,0,0.000,-0.000,0.0,0
3068185,0.000,-0.000,0.0,0,0.000,-0.000,0.0,0
3068225,0.000,-0.000,0.0,0,0.000,-0.000,0.0,0
3068265,0.000,-0.000,0.0,0,0.000,-0.000,0.0,0
3068305,0.000,-0.000,0.0,0,0.000,-0.000,0.0,0
3068345,0.000,-0.000,0.0,0,0.000,-0.000,0.0,0
3068385,0.000,-0.000,0.0,0,0.000,-0.000,0.0,0
3068425,0.000,-0.000,0.0,0,0.000,-0.000,0.0,0
3068465,0.000,-0.000,0.0,0,0.000,-0.000,0.0,0
3068505,0.000,-0.000,0.0,0,0.000,-0.000,0.0,0
3068545,0.000,-0.000,0.0,0,0.000,-0.000,0.0,0
3068585,0.000,-0.000,0.0,0,0.000,-0.000,0.0,0
3068625,0.000,-0.000,0.0,0,0.000,-0.000,0.0,0
3068665,0.000,-0.000,0.0,0,0.000,-0.000,0.0,0
3068705,0.000,-0.000,0.0,0,0.000,-0.000,0.0,0
3068745,0.000,-0.000,0.0,0,0.000,-0.000,0.0,0
3068785,0.000,-0.000,0.0,0,0.000,-0.000,0.0,0
3068825,0.000,-0.000,0.0,0,0.000,-0.000,0.0,0
3068865,0.000,-0.000,0.0,0,0.000,-0.000,0.0,0
3068905,0.000,-0.000,0.0,0,0.000,-0.000,0.0,0
3068945,0.000,-0.000,0.0,0,0.000,-0.000,0.0,0
3068985,0.000,-0.000,0.0,0,0.000,-0.000,0.0,0
3069025,0.000,-0.000,0.0,0,0.000,-0.000,0.0,0
3069065,0.000,-0.000,0.0,0,0.000,-0.000,0.0,0
3069105,0.000,-0.000,0.0,0,0.000,-0.000,0.0,0
3069145,0.000,-0.000,0.0,0,0.000,-0.000,0.0,0
3069185,0.000,-0.000,0.0,0,0.000,-0.000,0.0,0
3069225,0.000,-0.000,0.0,0,0.000,-0.000,0.0,0
3069265,0.000,-0.000,0.0,0,0.000,-0.000,0.0,0
3069305,0.000,-0.000,0.0,0,0.000,-0.000,0.0,0
3069345,0.000,-0.000,0.0,0,0.000,-0.000,0.0,0
3069385,0.000,-0.000,0.0,0,0.000,-0.000,0.0,0
3069425,0.000,-0.000,0.0,0,0.000,-0.000,0.0,0
3069465,0.000,-0.000,0.0,0,0.000,-0.000,0.0,0
3069505,0.000,-0.000,0.0,0,0.000,-0.000,0.0,0
3069545,0.000,-0.000,0.0,0,0.000,-0.000,0.0,0
3069585,0.000,-0.000,0.0,0,0.000,-0.000,0.0,0
3069625,0.000,-0.000,0.0,0,0.000,-0.000,0.0,0
3069665,0.000,-0.000,0.0,0,0.000,-0.000,0.0,0
3069705,0.000,-0.000,0.0,0,0.000,-0.000,0.0,0
3069745,0.000,-0.000,0.0,0,0.000,-0.000,0.0,0
3069785,0.000,-0.000,0.0,0,0.000,-0.000,0.0,0
3069825,0.000,-0.000,0.0,0,0.000,-0.000,0.0,0
3069865,0.000,-0.000,0.0,0,0.000,-0.000,0.0,0
3069905,0.000,-0.000,0.0,0,0.000,-0.000,0.0,0
3069945,0.000,-0.000,0.0,0,0.000,-0.000,0.0,0
3069985,0.000,-0.000,0.0,0,0.000,-0.000,0.0,0
3070025,0.000,-0.000,0.0,0,0.000,-0.000,0.0,0
3070065,0.000,-0.000,0.0,0,0.000,-0.000,0.0,0
3070105,0.000,-0.000,0.0,0,0.000,-0.000,0.0,0
3070145,0.000,-0.000,0.0,0,0.000,-0.000,0.0,0
3070185,0.000,-0.000,0.0,0,0.000,-0.000,0.0,0
3070225,0.000,-0.000,0.0,0,0.000,-0.000,0.0,0
3070265,0.000,-0.000,0.0,0,0.000,-0.000,0.0,0
3070305,0.000,-0.000,0.0,0,0.000,-0.000,0.0,0
3070345,0.000,-0.000,0.0,0,0.000,-0.000,0.0,0
3070385,0.000,-0.000,0.0,0,0.000,-0.000,0.0,0
3070425,0.000,-0.000,0.0,0,0.000,-0.000,0.0,0
3070465,0.000,-0.000,0.0,0,0.000,-0.000,0.0,0
3070505,0.000,-0.000,0.0,0,0.000,-0.000,0.0,0
3070545,0.000,-0.000,0.0,0,0.000,-0.000,0.0,0
3070585,0.000,-0.000,0.0,0,0.000,-0.000,0.0,0
3070625,0.000,-0.000,0.0,0,0.000,-0.000,0.0,0
3070665,0.000,-0.000,0.0,0,0.000,-0.000,0.0,0
3070705,0.000,-0.000,0.0,0,0.000,-0.000,0.0,0
3070745,0.000,-0.000,0.0,0,0.000,-0.000,0.0,0
3070785,0.000,-0.000,0.0,0,0.000,-0.000,0.0,0
3070825,0.000,-0.000,0.0,0,0.000,-0.000,0.0,0
3070865,0.000,-0.000,0.0,0,0.000,-0.000,0.0,0
3070905,0.000,-0.000,0.0,0,0.000,-0.000,0.0,0
3070945,0.000,-0.000,0.0,0,0.000,-0.000,0.0,0
3070985,0.000,-0.000,0.0,0,0.000,-0.000,0.0,0
3071025,0.000,-0.000,0.0,0,0.000,-0.000,0.0,0
3071065,0.000,-0.000,0.0,0,0.000,-0.000,0.0,0
3071105,0.000,-0.000,0.0,0,0.000,-0.000,0.0,0
3071145,0.000,-0.000,0.0,0,0.000,-0.000,0.0,0
3071185,0.000,-0.000,0.0,0,0.000,-0.000,0.0,0
3071225,0.000,-0.000,0.0,0,0.000,-0.000,0.0,0
3071265,0.000,-0.000,0.0,0,0.000,-0.000,0.0,0
3071305,0.000,-0.000,0.0,0,0.000,-0.000,0.0,0
3071345,0.000,-0.000,0.0,0,0.000,-0.000,0.0,0
3071385,0.000,-0.000,0.0,0,0.000,-0.000,0.0,0
3071425,0.000,-0.000,0.0,0,0.000,-0.000,0.0,0
3071465,0.000,-0.000,0.0,0,0.000,-0.000,0.0,0
3071505,0.000,-0.000,0.0,0,0.000,-0.000,0.0,0
3071545,0.000,-0.000,0.0,0,0.000,-0.000,0.0,0
3071585,0.000,-0.000,0.0,0,0.000,-0.000,0.0,0
3071625,0.000,-0.000,0.0,0,0.000,-0.000,0.0,0
3071665,0.000,-0.000,0.0,0,0.000,-0.000,0.0,0
3071705,0.000,-0.000,0.0,0,0.000,-0.000,0.0,0
3071745,0.000,-0.000,0.0,0,0.000,-0.000,0.0,0
3071785,0.000,-0.000,0.0,0,0.000,-0.000,0.0,0
3071825,0.000,-0.000,0.0,0,0.000,-0.000,0.0,0
3071865,0.000,-0.000,0.0,0,0.000,-0.000,0.0,0
3071905,0.000,-0.000,0.0,0,0.000,-0.000,0.0,0
3071945,0.000,-0.000,0.0,0,0.000,-0.000,0.0,0
3071985,0.000,-0.000,0.0,0,0.000,-0.000,0.0,0
3072025,0.000,-0.000,0.0,0,0.000,-0.000,0.0,0
3072065,0.000,-0.000,0.0,0,0.000,-0.000,0.0,0
3072105,0.000,-0.000,0.0,0,0.000,-0.000,0.0,0
3072145,0.000,-0.000,0.0,0,0.000,-0.000,0.0,0
3072185,0.000,-0.000,0.0,0,0.000,-0.000,0.0,0
3072225,0.000,-0.000,0.0,0,0.000,-0.000,0.0,0
3072265,0.000,-0.000,0.0,0,0.000,-0.000,0.0,0
3072305,0.000,-0.000,0.0,0,0.000,-0.000,0.0,0
3072345,0.000,-0.000,0.0,0,0.000,-0.000,0.0,0
3072385,0.000,-0.000,0.0,0,0.000,-0.000,0.0,0
3072425,0.000,-0.000,0.0,0,0.000,-0.000,0.0,0
3072465,0.000,-0.000,0.0,0,0.000,-0.000,0.0,0
3072505,0.000,-0.000,0.0,0,0.000,-0.000,0.0,0
3072545,0.000,-0.000,0.0,0,0.000,-0.000,0.0,0
3072585,0.000,-0.000,0.0,0,0.000,-0.000,0.0,0
3072625,0.000,-0.000,0.0,0,0.000,-0.000,0.0,0
3072665,0.000,-0.000,0.0,0,0.000,-0.000,0.0,0
3072705,0.000,-0.000,0.0,0,0.000,-0.000,0.0,0
3072745,0.000,-0.000,0.0,0,0.000,-0.000,0.0,0
3072785,0.000,-0.000,0.0,0,0.000,-0.000,0.0,0
3072825,0.000,-0.000,0.0,0,0.000,-0.000,0.0,0
3072865,0.000,-0.000,0.0,0,0.000,-0.000,0.0,0
3072905,0.000,-0.000,0.0,0,0.000,-0.000,0.0,0
3072945,0.000,-0.000,0.0,0,0.000,-0.000,0.0,0
3072985,0.000,-0.000,0.0,0,0.000,-0.000,0.0,0
3073025,0.000,-0.000,0.0,0,0.000,-0.000,0.0,0
3073065,0.000,-0.000,0.0,0,0.000,-0.000,0.0,0
3073105,0.000,-0.000,0.0,0,0.000,-0.000,0.0,0
3073145,0.000,-0.000,0.0,0,0.000,-0.000,0.0,0
3073185,0.000,-0.000,0.0,0,0.000,-0.000,0.0,0
3073225,0.000,-0.000,0.0,0,0.000,-0.000,0.0,0
3073265,0.000,-0.000,0.0,0,0.000,-0.000,0.0,0
3073305,0.000,-0.000,0.0,0,0.000,-0.000,0.0,0
3073345,0.000,-0.000,0.0,0,0.000,-0.000,0.0,0
3073385,0.000,-0.000,0.0,0,0.000,-0.000,0.0,0
3073425,0.000,-0.000,0.0,0,0.000,-0.000,0.0,0
3073465,0.000,-0.000,0.0,0,0.000,-0.000,0.0,0
3073505,0.000,-0.000,0.0,0,0.000,-0.000,0.0,0
3073545,0.000,-0.000,0.0,0,0.000,-0.000,0.0,0
3073585,0.000,-0.000,0.0,0,0.000,-0.000,0.0,0
3073625,0.000,-0.000,0.0,0,0.000,-0.000,0.0,0
3073665,0.000,-0.000,0.0,0,0.000,-0.000,0.0,0
3073705,0.000,-0.000,0.0,0,0.000,-0.000,0.0,0
3073745,0.000,-0.000,0.0,0,0.000,-0.000,0.0,0
3073785,0.000,-0.000,0.0,0,0.000,-0.000,0.0,0
3073825,0.000,-0.000,0.0,0,0.000,-0.000,0.0,0
3073865,0.000,-0.000,0.0,0,0.000,-0.000,0.0,0
3073905,0.000,-0.000,0.0,0,0.000,-0.000,0.0,0
3073945,0.000,-0.000,0.0,0,0.000,-0.000,0.0,0
3073985,0.000,-0.000,0.0,0,0.000,-0.000,0.0,0
3074025,0.000,-0.000,0.0,0,0.000,-0.000,0.0,0
3074065,0.000,-0.000,0.0,0,0.000,-0.000,0.0,0
3074105,0.000,-0.000,0.0,0,0.000,-0.000,0.0,0
3074145,0.000,-0.000,0.0,0,0.000,-0.000,0.0,0
3074185,0.000,-0.000,0.0,0,0.000,-0.000,0.0,0
3074225,0.000,-0.000,0.0,0,0.000,-0.000,0.0,0
3074265,0.000,-0.000,0.0,0,0.000,-0.000,0.0,0
3074305,0.000,-0.000,0.0,0,0.000,-0.000,0.0,0
3074345,0.000,-0.000,0.0,0,0.000,-0.000,0.0,0
3074385,0.000,-0.000,0.0,0,0.000,-0.000,0.0,0
3074425,0.000,-0.000,0.0,0,0.000,-0.000,0.0,0
3074465,0.000,-0.000,0.0,0,0.000,-0.000,0.0,0
3074505,0.000,-0.000,0.0,0,0.000,-0.000,0.0,0
3074545,0.000,-0.000,0.0,0,0.000,-0.000,0.0,0
3074585,0.000,-0.000,0.0,0,0.000,-0.000,0.0,0
3074625,0.000,-0.000,0.0,0,0.000,-0.000,0.0,0
3074665,0.000,-0.000,0.0,0,0.000,-0.000,0.0,0
3074705,0.000,-0.000,0.0,0,0.000,-0.000,0.0,0
3074745,0.000,-0.000,0.0,0,0.000,-0.000,0.0,0
3074785,0.000,-0.000,0.0,0,0.000,-0.000,0.0,0
3074825,0.000,-0.000,0.0,0,0.000,-0.000,0.0,0
3074865,0.000,-0.000,0.0,0,0.000,-0.000,0.0,0
3074905,0.000,-0.000,0.0,0,0.000,-0.000,0.0,0
3074945,0.000,-0.000,0.0,0,0.000,-0.000,0.0,0
3074985,0.000,-0.000,0.0,0,0.000,-0.000,0.0,0
3075025,0.000,-0.000,0.0,0,0.000,-0.000,0.0,0
3075065,0.000,-0.000,0.0,0,0.000,-0.000,0.0,0
3075105,0.000,-0.000,0.0,0,0.000,-0.000,0.0,0
3075145,0.000,-0.000,0.0,0,0.000,-0.000,0.0,0
3075185,0.000,-0.000,0.0,0,0.000,-0.000,0.0,0
3075225,0.000,-0.000,0.0,0,0.000,-0.000,0.0,0
3075265,0.000,-0.000,0.0,0,0.000,-0.000,0.0,0
3075305,0.000,-0.000,0.0,0,0.000,-0.000,0.0,0
3075345,0.000,-0.000,0.0,0,0.000,-0.000,0.0,0
3075385,0.000,-0.000,0.0,0,0.000,-0.000,0.0,0
3075425,0.000,-0.000,0.0,0,0.000,-0.000,0.0,0
3075465,0.000,-0.000,0.0,0,0.000,-0.000,0.0,0
3075505,0.000,-0.000,0.0,0,0.000,-0.000,0.0,0
3075545,0.000,-0.000,0.0,0,0.000,-0.000,0.0,0
3075585,0.000,-0.000,0.0,0,0.000,-0.000,0.0,0
3075625,0.000,-0.000,0.0,0,0.000,-0.000,0.0,0
3075665,0.000,-0.000,0.0,0,0.000,-0.000,0.0,0
3075705,0.000,-0.000,0.0,0,0.000,-0.000,0.0,0
3075745,0.000,-0.000,0.0,0,0.000,-0.000,0.0,0
3075785,0.000,-0.000,0.0,0,0.000,-0.000,0.0,0
3075825,0.000,-0.000,0.0,0,0.000,-0.000,0.0,0
3075865,0.000,-0.000,0.0,0,0.000,-0.000,0.0,0
3075905,0.000,-0.000,0.0,0,0.000,-0.000,0.0,0
3075945,0.000,-0.000,0.0,0,0.000,-0.000,0.0,0
3075985,0.000,-0.000,0.0,0,0.000,-0.000,0.0,0
3076025,0.000,-0.000,0.0,0,0.000,-0.000,0.0,0
3076065,0.000,-0.000,0.0,0,0.000,-0.000,0.0,0
3076105,0.000,-0.000,0.0,0,0.000,-0.000,0.0,0
3076145,0.000,-0.000,0.0,0,0.000,-0.000,0.0,0
3076185,0.000,-0.000,0.0,0,0.000,-0.000,0.0,0
3076225,0.000,-0.000,0.0,0,0.000,-0.000,0.0,0
3076265,0.000,-0.000,0.0,0,0.000,-0.000,0.0,0
3076305,0.000,-0.000,0.0,0,0.000,-0.000,0.0,0
3076345,0.000,-0.000,0.0,0,0.000,-0.000,0.0,0
3076385,0.000,-0.000,0.0,0,0.000,-0.000,0.0,0
3076425,0.000,-0.000,0.0,0,0.000,-0.000,0.0,0
3076465,0.000,-0.000,0.0,0,0.000,-0.000,0.0,0
3076505,0.000,-0.000,0.0,0,0.000,-0.000,0.0,0
3076545,0.000,-0.000,0.0,0,0.000,-0.000,0.0,0
3076585,0.000,-0.000,0.0,0,0.000,-0.000,0.0,0
3076625,0.000,-0.000,0.0,0,0.000,-0.000,0.0,0
3076665,0.000,-0.000,0.0,0,0.000,-0.000,0.0,0
3076705,0.000,-0.000,0.0,0,0.000,-0.000,0.0,0
3076745,0.000,-0.000,0.0,0,0.000,-0.000,0.0,0
3076785,0.000,-0.000,0.0,0,0.000,-0.000,0.0,0
3076825,0.000,-0.000,0.0,0,0.000,-0.000,0.0,0
3076865,0.000,-0.000,0.0,0,0.000,-0.000,0.0,0
3076905,0.000,-0.000,0.0,0,0.000,-0.000,0.0,0
3076945,0.000,-0.000,0.0,0,0.000,-0.000,0.0,0
3076985,0.000,-0.000,0.0,0,0.000,-0.000,0.0,0
3077025,0.000,-0.000,0.0,0,0.000,-0.000,0.0,0
3077065,0.000,-0.000,0.0,0,0.000,-0.000,0.0,0
3077105,0.000,-0.000,0.0,0,0.000,-0.000,0.0,0
3077145,0.000,-0.000,0.0,0,0.000,-0.000,0.0,0
3077185,0.000,-0.000,0.0,0,0.000,-0.000,0.0,0
3077225,0.000,-0.000,0.0,0,0.000,-0.000,0.0,0
3077265,0.000,-0.000,0.0,0,0.000,-0.000,0.0,0
3077305,0.000,-0.000,0.0,0,0.000,-0.000,0.0,0
3077345,0.000,-0.000,0.0,0,0.000,-0.000,0.0,0
3077385,0.000,-0.000,0.0,0,0.000,-0.000,0.0,0
3077425,0.000,-0.000,0.0,0,0.000,-0.000,0.0,0
3077465,0.000,-0.000,0.0,0,0.000,-0.000,0.0,0
3077505,0.000,-0.000,0.0,0,0.000,-0.000,0.0,0
3077545,0.000,-0.000,0.0,0,0.000,-0.000,0.0,0
3077585,0.000,-0.000,0.0,0,0.000,-0.000,0.0,0
3077625,0.000,-0.000,0.0,0,0.000,-0.000,0.0,0
3077665,0.000,-0.000,0.0,0,0.000,-0.000,0.0,0
3077705,0.000,-0.000,0.0,0,0.000,-0.000,0.0,0
3077745,0.000,-0.000,0.0,0,0.000,-0.000,0.0,0
3077785,0.000,-0.000,0.0,0,0.000,-0.000,0.0,0
3077825,0.000,-0.000,0.0,0,0.000,-0.000,0.0,0
3077865,0.000,-0.000,0.0,0,0.000,-0.000,0.0,0
3077905,0.000,-0.000,0.0,0,0.000,-0.000,0.0,0
3077945,0.000,-0.000,0.0,0,0.000,-0.000,0.0,0
3077985,0.000,-0.000,0.0,0,0.000,-0.000,0.0,0
3078025,0.000,-0.000,0.0,0,0.000,-0.000,0.0,0
3078065,0.000,-0.000,0.0,0,0.000,-0.000,0.0,0
3078105,0.000,-0.000,0.0,0,0.000,-0.000,0.0,0
3078145,0.000,-0.000,0.0,0,0.000,-0.000,0.0,0
3078185,0.000,-0.000,0.0,0,0.000,-0.000,0.0,0
3078225,0.000,-0.000,0.0,0,0.000,-0.000,0.0,0
3078265,0.000,-0.000,0.0,0,0.000,-0.000,0.0,0
3078305,0.000,-0.000,0.0,0,0.000,-0.000,0.0,0
3078345,0.000,-0.000,0.0,0,0.000,-0.000,0.0,0
3078385,0.000,-0.000,0.0,0,0.000,-0.000,0.0,0
3078425,0.000,-0.000,0.0,0,0.000,-0.000,0.0,0
3078465,0.000,-0.000,0.0,0,0.000,-0.000,0.0,0
3078505,0.000,-0.000,0.0,0,0.000,-0.000,0.0,0
3078545,0.000,-0.000,0.0,0,0.000,-0.000,0.0,0
3078585,0.000,-0.000,0.0,0,0.000,-0.000,0.0,0
3078625,0.000,-0.000,0.0,0,0.000,-0.000,0.0,0
3078665,0.000,-0.000,0.0,0,0.000,-0.000,0.0,0
3078705,0.000,-0.000,0.0,0,0.000,-0.000,0.0,0
3078745,0.000,-0.000,0.0,0,0.000,-0.000,0.0,0
3078785,0.000,-0.000,0.0,0,0.000,-0.000,0.0,0
3078825,0.000,-0.000,0.0,0,0.000,-0.000,0.0,0
3078865,0.000,-0.000,0.0,0,0.000,-0.000,0.0,0
3078905,0.000,-0.000,0.0,0,0.000,-0.000,0.0,0
3078945,0.000,-0.000,0.0,0,0.000,-0.000,0.0,0
3078985,0.000,-0.000,0.0,0,0.000,-0.000,0.0,0
3079025,0.000,-0.000,0.0,0,0.000,-0.000,0.0,0
3079065,0.000,-0.000,0.0,0,0.000,-0.000,0.0,0
3079105,0.000,-0.000,0.0,0,0.000,-0.000,0.0,0
3079145,0.000,-0.000,0.0,0,0.000,-0.000,0.0,0
3079185,0.000,-0.000,0.0,0,0.000,-0.000,0.0,0
3079225,0.000,-0.000,0.0,0,0.000,-0.000,0.0,0
3079265,0.000,-0.000,0.0,0,0.000,-0.000,0.0,0
3079305,0.000,-0.000,0.0,0,0.000,-0.000,0.0,0
3079345,0.000,-0.000,0.0,0,0.000,-0.000,0.0,0
3079385,0.000,-0.000,0.0,0,0.000,-0.000,0.0,0
3079425,0.000,-0.000,0.0,0,0.000,-0.000,0.0,0
3079465,0.000,-0.000,0.0,0,0.000,-0.000,0.0,0
3079505,0.000,-0.000,0.0,0,0.000,-0.000,0.0,0
3079545,0.000,-0.000,0.0,0,0.000,-0.000,0.0,0
3079585,0.000,-0.000,0.0,0,0.000,-0.000,0.0,0
3079625,0.000,-0.000,0.0,0,0.000,-0.000,0.0,0
3079665,0.000,-0.000,0.0,0,0.000,-0.000,0.0,0
3079705,0.000,-0.000,0.0,0,0.000,-0.000,0.0,0
3079745,0.000,-0.000,0.0,0,0.000,-0.000,0.0,0
3079785,0.000,-0.000,0.0,0,0.000,-0.000,0.0,0
3079825,0.000,-0.000,0.0,0,0.000,-0.000,0.0,0
3079865,0.000,-0.000,0.0,0,0.000,-0.000,0.0,0
3079905,0.000,-0.000,0.0,0,0.000,-0.000,0.0,0
3079945,0.000,-0.000,0.0,0,0.000,-0.000,0.0,0
3079985,0.000,-0.000,0.0,0,0.000,-0.000,0.0,0
3080025,0.000,-0.000,0.0,0,0.000,-0.000,0.0,0
3080065,0.000,-0.000,0.0,0,0.000,-0.000,0.0,0
3080105,0.000,-0.000,0.0,0,0.000,-0.000,0.0,0
3080145,0.000,-0.000,0.0,0,0.000,-0.000,0.0,0
3080185,0.000,-0.000,0.0,0,0.000,-0.000,0.0,0
3080225,0.000,-0.000,0.0,0,0.000,-0.000,0.0,0
3080265,0.000,-0.000,0.0,0,0.000,-0.000,0.0,0
3080305,0.000,-0.000,0.0,0,0.000,-0.000,0.0,0
3080345,0.000,-0.000,0.0,0,0.000,-0.000,0.0,0
3080385,0.000,-0.000,0.0,0,0.000,-0.000,0.0,0
3080425,0.000,-0.000,0.0,0,0.000,-0.000,0.0,0
3080465,0.000,-0.000,0.0,0,0.000,-0.000,0.0,0
3080505,0.000,-0.000,0.0,0,0.000,-0.000,0.0,0
3080545,0.000,-0.000,0.0,0,0.000,-0.000,0.0,0
3080585,0.000,-0.000,0.0,0,0.000,-0.000,0.0,0
3080625,0.000,-0.000,0.0,0,0.000,-0.000,0.0,0
3080665,0.000,-0.000,0.0,0,0.000,-0.000,0.0,0
3080705,0.000,-0.000,0.0,0,0.000,-0.000,0.0,0
3080745,0.000,-0.000,0.0,0,0.000,-0.000,0.0,0
3080785,0.000,-0.000,0.0,0,0.000,-0.000,0.0,0
3080825,0.000,-0.000,0.0,0,0.000,-0.000,0.0,0
3080865,0.000,-0.000,0.0,0,0.000,-0.000,0.0,0
3080905,0.000,-0.000,0.0,0,0.000,-0.000,0.0,0
3080945,0.000,-0.000,0.0,0,0.000,-0.000,0.0,0
3080985,0.000,-0.000,0.0,0,0.000,-0.000,0.0,0
3081025,0.000,-0.000,0.0,0,0.000,-0.000,0.0,0
3081065,0.000,-0.000,0.0,0,0.000,-0.000,0.0,0
3081105,0.000,-0.000,0.0,0,0.000,-0.000,0.0,0
3081145,0.000,-0.000,0.0,0,0.000,-0.000,0.0,0
3081185,0.000,-0.000,0.0,0,0.000,-0.000,0.0,0
3081225,0.000,-0.000,0.0,0,0.000,-0.000,0.0,0
3081265,0.000,-0.000,0.0,0,0.000,-0.000,0.0,0
3081305,0.000,-0.000,0.0,0,0.000,-0.000,0.0,0
3081345,0.000,-0.000,0.0,0,0.000,-0.000,0.0,0
3081385,0.000,-0.000,0.0,0,0.000,-0.000,0.0,0
3081425,0.000,-0.000,0.0,0,0.000,-0.000,0.0,0
3081465,0.000,-0.000,0.0,0,0.000,-0.000,0.0,0
3081505,0.000,-0.000,0.0,0,0.000,-0.000,0.0,0
3081545,0.000,-0.000,0.0,0,0.000,-0.000,0.0,0
3081585,3.846,-0.000,41.5,12,3.846,-0.000,41.5,12
3081625,3.846,0.000,47.7,36,3.846,0.000,47.7,36
3081665,3.846,0.002,53.8,53,3.846,0.002,53.8,53
3081705,3.846,2.069,37.0,36,3.846,0.390,55.8,55
3081745,3.846,3.831,19.9,19,3.846,1.022,54.5,54
3081785,3.846,3.603,22.6,22,3.846,2.102,46.9,46
3081825,3.846,2.954,30.4,30,3.846,2.900,40.7,40
3081865,3.846,2.980,31.6,31,3.846,3.441,36.1,36
3081905,3.846,3.205,30.4,30,3.846,3.716,33.7,33
3081945,3.846,3.374,29.6,29,3.846,3.991,30.8,30
3081985,3.846,3.300,31.1,31,3.846,4.109,29.2,29
3082025,3.846,3.347,31.5,31,3.846,4.153,28.2,28
3082065,3.846,3.267,33.2,33,3.846,4.403,24.9,24
3082105,3.846,3.351,33.1,33,3.846,4.602,21.9,21
3082145,3.846,3.506,32.2,32,3.846,4.546,21.4,21
3082185,3.846,3.410,33.8,33,3.846,4.395,22.1,22
3082225,3.846,3.366,34.9,34,3.846,4.396,21.1,21
3082265,3.846,3.436,35.0,34,3.846,4.409,19.9,19
3082305,3.846,3.418,35.9,35,3.846,4.463,18.4,18
3082345,3.846,3.538,35.1,35,3.846,4.608,15.9,15
3082385,3.846,3.593,34.9,34,3.846,4.700,13.7,13
3082425,3.846,3.765,33.4,33,3.846,4.739,12.0,11
3082465,3.846,3.648,35.0,34,3.846,4.668,11.2,11
3082505,3.846,3.544,36.3,36,3.846,4.587,10.7,10
3082545,3.846,3.815,33.8,33,3.846,4.559,9.7,9
3082585,3.846,3.778,34.4,34,3.846,4.589,8.1,8
3082625,3.846,3.735,34.9,34,3.846,4.703,5.6,5
3082665,3.846,3.707,35.3,35,3.846,4.902,2.1,2
3082705,3.846,3.916,33.3,33,3.846,4.842,1.2,1
3082745,3.846,3.686,35.7,35,3.846,4.697,1.4,1
3082785,3.846,3.860,33.9,33,3.846,4.613,1.0,1
3082825,3.846,3.895,33.6,33,3.846,4.684,0.0,0
3082865,3.846,3.836,34.2,34,3.846,4.716,0.0,0
3082905,3.846,3.810,34.4,34,3.846,4.692,0.0,0
3082945,3.846,3.930,33.2,33,3.846,4.558,0.3,0
3082985,3.846,3.874,33.8,33,3.846,4.509,0.3,0
3083025,3.846,3.834,34.2,34,3.846,4.588,0.0,0
3083065,3.846,3.885,33.6,33,3.846,4.732,0.0,0
3083105,3.846,4.020,32.1,32,3.846,4.723,0.0,0
3083145,3.846,3.922,32.9,32,3.846,4.708,0.0,0
3083185,3.846,3.833,33.8,33,3.846,4.668,0.0,0
3083225,3.846,3.796,34.2,34,3.846,4.687,0.0,0
3083265,3.846,3.905,33.1,33,3.846,4.656,0.0,0
3083305,3.846,3.917,32.9,32,3.846,4.611,0.0,0
3083345,3.846,3.921,32.8,32,3.846,4.637,0.0,0
3083385,3.846,3.845,33.5,33,3.846,4.653,0.0,0
3083425,3.846,3.909,32.7,32,3.846,4.670,0.0,0
3083465,3.846,3.915,32.6,32,3.846,4.681,0.0,0
3083505,3.846,3.972,31.9,31,3.846,4.642,0.0,0
3083545,3.846,3.932,32.1,32,3.846,4.699,0.0,0
3083585,3.846,3.902,32.2,32,3.846,4.743,0.0,0
3083625,3.846,3.787,33.4,33,3.846,4.712,0.0,0
3083665,3.846,3.850,32.9,32,3.846,4.593,0.0,0
3083705,3.846,3.834,33.1,33,3.846,4.564,0.0,0
3083745,3.846,3.910,32.1,32,3.846,4.579,0.0,0
3083785,3.846,3.869,32.4,32,3.846,4.568,0.0,0
3083825,3.846,3.924,31.8,31,3.846,4.746,0.0,0
3083865,3.846,3.760,33.6,33,3.846,4.700,0.0,0
3083905,3.846,3.757,33.7,33,3.846,4.578,0.0,0
3083945,3.846,3.902,32.2,32,3.846,4.464,0.0,0
3083985,3.846,4.135,29.5,29,3.846,4.532,0.0,0
3084025,3.846,3.975,30.9,30,3.846,4.584,0.0,0
3084065,3.846,3.865,31.8,31,3.846,4.450,0.0,0
3084105,3.846,3.729,33.2,33,3.846,4.390,0.0,0
3084145,3.846,4.059,29.7,29,3.846,4.516,0.0,0
3084185,3.846,4.028,29.8,29,3.846,4.481,0.0,0
3084225,3.846,4.006,29.7,29,3.846,4.410,0.0,0
3084265,3.846,3.953,29.8,29,3.846,4.373,0.0,0
3084305,3.846,4.007,29.2,29,3.846,4.211,0.7,0
3084345,3.846,3.722,32.2,32,3.846,4.132,1.0,1
3084385,3.846,3.872,30.6,30,3.846,4.215,0.0,0
3084425,3.846,3.966,29.5,29,3.846,4.204,0.0,0
3084465,3.846,3.871,30.4,30,3.846,4.207,0.0,0
3084505,3.846,3.820,30.8,30,3.846,4.048,0.7,0
3084545,3.846,3.916,29.9,29,3.846,4.042,0.4,0
3084585,3.846,3.866,30.4,30,3.846,3.963,1.0,1
3084625,0.000,3.823,0.0,0,0.000,3.964,0.0,0
3084665,0.000,3.809,0.0,0,0.000,3.854,0.0,0
3084705,0.000,3.783,0.0,0,0.000,3.745,0.0,0
3084745,0.000,3.508,0.0,0,0.000,3.657,0.0,0
3084785,0.000,3.355,0.0,0,0.000,3.406,0.0,0
3084825,0.000,3.282,0.0,0,0.000,3.239,0.0,0
3084865,0.000,3.095,0.0,0,0.000,3.183,0.0,0
3084905,0.000,3.045,0.0,0,0.000,3.006,0.0,0
3084945,0.000,2.785,0.0,0,0.000,2.908,0.0,0
3084985,0.000,2.666,0.0,0,0.000,2.671,0.0,0
3085025,0.000,2.502,0.0,0,0.000,2.543,0.0,0
3085065,0.000,2.334,0.0,0,0.000,2.347,0.0,0
3085105,0.000,2.206,0.0,0,0.000,2.271,0.0,0
3085145,0.000,2.109,0.0,0,0.000,2.241,0.0,0
3085185,0.000,1.987,0.0,0,0.000,2.049,0.0,0
3085225,0.000,1.804,0.0,0,0.000,1.869,0.0,0
3085265,0.000,1.804,0.0,0,0.000,1.756,0.0,0
3085305,0.000,1.650,0.0,0,0.000,1.756,0.0,0
3085345,0.000,1.486,0.0,0,0.000,1.562,0.0,0
3085385,0.000,1.486,0.0,0,0.000,1.368,0.0,0
3085425,0.000,1.287,0.0,0,0.000,1.368,0.0,0
3085465,0.000,1.287,0.0,0,0.000,1.180,0.0,0
3085505,0.000,1.287,0.0,0,0.000,1.180,0.0,0
3085545,0.000,1.055,0.0,0,0.000,1.180,0.0,0
3085585,0.000,1.055,0.0,0,0.000,1.180,0.0,0
3085625,0.000,1.055,0.0,0,0.000,0.000,0.0,0
3085665,0.000,1.055,0.0,0,0.000,0.000,0.0,0
3085705,0.000,0.000,0.0,0,0.000,0.000,0.0,0
3085745,0.000,0.000,0.0,0,0.000,0.000,0.0,0
3085785,0.000,0.000,0.0,0,0.000,0.000,0.0,0
3085825,0.000,0.000,0.0,0,0.000,0.000,0.0,0
3085865,0.000,0.000,0.0,0,0.000,0.000,0.0,0
3085905,0.000,0.000,0.0,0,0.000,0.000,0.0,0
3085945,0.000,0.000,0.0,0,0.000,0.000,0.0,0
3085985,0.000,0.000,0.0,0,0.000,0.000,0.0,0
3086025,0.000,0.000,0.0,0,0.000,0.000,0.0,0
3086065,0.000,0.000,0.0,0,0.000,0.000,0.0,0
3086105,0.000,0.000,0.0,0,0.000,0.000,0.0,0
3086145,0.000,0.000,0.0,0,0.000,0.000,0.0,0
3086185,0.000,0.000,0.0,0,0.000,0.000,0.0,0
3086225,0.000,0.000,0.0,0,0.000,0.000,0.0,0
3086265,0.000,0.000,0.0,0,0.000,0.000,0.0,0
3086305,0.000,0.000,0.0,0,0.000,0.000,0.0,0
3086345,0.000,0.000,0.0,0,0.000,0.000,0.0,0
3086385,0.000,0.000,0.0,0,0.000,0.000,0.0,0
3086425,0.000,0.000,0.0,0,0.000,0.000,0.0,0
3086465,0.000,0.000,0.0,0,0.000,0.000,0.0,0
3086505,0.000,0.000,0.0,0,0.000,0.000,0.0,0
3086545,0.000,0.000,0.0,0,0.000,0.000,0.0,0
3086585,0.000,0.000,0.0,0,0.000,0.000,0.0,0
3086625,0.000,0.000,0.0,0,0.000,0.000,0.0,0
3086665,0.000,0.000,0.0,0,0.000,0.000,0.0,0
3086705,0.000,0.000,0.0,0,0.000,0.000,0.0,0
3086745,0.000,0.000,0.0,0,0.000,0.000,0.0,0
3086785,0.000,0.000,0.0,0,0.000,0.000,0.0,0
3086825,0.000,0.000,0.0,0,0.000,0.000,0.0,0
3086865,0.000,0.000,0.0,0,0.000,0.000,0.0,0
3086905,0.000,0.000,0.0,0,0.000,0.000,0.0,0
3086945,0.000,0.000,0.0,0,0.000,0.000,0.0,0
3086985,0.000,0.000,0.0,0,0.000,0.000,0.0,0
3087025,0.000,0.000,0.0,0,0.000,0.000,0.0,0
3087065,0.000,0.000,0.0,0,0.000,0.000,0.0,0
3087105,0.000,0.000,0.0,0,0.000,0.000,0.0,0
3087145,0.000,0.000,0.0,0,0.000,0.000,0.0,0
3087185,0.000,0.000,0.0,0,0.000,0.000,0.0,0
3087225,0.000,0.000,0.0,0,0.000,0.000,0.0,0
3087265,0.000,0.000,0.0,0,0.000,0.000,0.0,0
3087305,0.000,0.000,0.0,0,0.000,0.000,0.0,0
3087345,0.000,0.000,0.0,0,0.000,0.000,0.0,0
3087385,0.000,0.000,0.0,0,0.000,0.000,0.0,0
3087425,0.000,0.000,0.0,0,0.000,0.000,0.0,0
3087465,0.000,0.000,0.0,0,0.000,0.000,0.0,0
3087505,0.000,0.000,0.0,0,0.000,0.000,0.0,0
3087545,0.000,0.000,0.0,0,0.000,0.000,0.0,0
3087585,0.000,0.000,0.0,0,0.000,0.000,0.0,0
3087625,0.000,0.000,0.0,0,0.000,0.000,0.0,0
3087665,0.000,0.000,0.0,0,0.000,0.000,0.0,0
3087705,0.000,0.000,0.0,0,0.000,0.000,0.0,0
3087745,0.000,0.000,0.0,0,0.000,0.000,0.0,0
3087785,0.000,0.000,0.0,0,0.000,0.000,0.0,0
3087825,0.000,0.000,0.0,0,0.000,0.000,0.0,0
3087865,0.000,0.000,0.0,0,0.000,0.000,0.0,0
3087905,0.000,0.000,0.0,0,0.000,0.000,0.0,0
3087945,0.000,0.000,0.0,0,0.000,0.000,0.0,0
3087985,0.000,0.000,0.0,0,0.000,0.000,0.0,0
3088025,0.000,0.000,0.0,0,0.000,0.000,0.0,0
3088065,0.000,0.000,0.0,0,0.000,0.000,0.0,0
3088105,0.000,0.000,0.0,0,0.000,0.000,0.0,0
3088145,0.000,0.000,0.0,0,0.000,0.000,0.0,0
3088185,0.000,0.000,0.0,0,0.000,0.000,0.0,0
3088225,0.000,0.000,0.0,0,0.000,0.000,0.0,0
3088265,0.000,0.000,0.0,0,0.000,0.000,0.0,0
3088305,0.000,0.000,0.0,0,0.000,0.000,0.0,0
3088345,0.000,0.000,0.0,0,0.000,0.000,0.0,0
3088385,0.000,0.000,0.0,0,0.000,0.000,0.0,0
3088425,0.000,0.000,0.0,0,0.000,0.000,0.0,0
3088465,0.000,0.000,0.0,0,0.000,0.000,0.0,0
3088505,0.000,0.000,0.0,0,0.000,0.000,0.0,0
3088545,0.000,0.000,0.0,0,0.000,0.000,0.0,0
3088585,0.000,0.000,0.0,0,0.000,0.000,0.0,0
3088625,0.000,0.000,0.0,0,0.000,0.000,0.0,0
3088665,0.000,0.000,0.0,0,0.000,0.000,0.0,0
3088705,0.000,0.000,0.0,0,0.000,0.000,0.0,0
3088745,0.000,0.000,0.0,0,0.000,0.000,0.0,0
3088785,0.000,0.000,0.0,0,0.000,0.000,0.0,0
3088825,0.000,0.000,0.0,0,0.000,0.000,0.0,0
3088865,0.000,0.000,0.0,0,0.000,0.000,0.0,0
3088905,0.000,0.000,0.0,0,0.000,0.000,0.0,0
3088945,0.000,0.000,0.0,0,0.000,0.000,0.0,0
3088985,0.000,0.000,0.0,0,0.000,0.000,0.0,0
3089025,0.000,0.000,0.0,0,0.000,0.000,0.0,0
3089065,0.000,0.000,0.0,0,0.000,0.000,0.0,0
3089105,0.000,0.000,0.0,0,0.000,0.000,0.0,0
3089145,0.000,0.000,0.0,0,0.000,0.000,0.0,0
3089185,0.000,0.000,0.0,0,0.000,0.000,0.0,0
3089225,0.000,0.000,0.0,0,0.000,0.000,0.0,0
3089265,0.000,0.000,0.0,0,0.000,0.000,0.0,0
3089305,0.000,0.000,0.0,0,0.000,0.000,0.0,0
3089345,0.000,0.000,0.0,0,0.000,0.000,0.0,0
3089385,0.000,0.000,0.0,0,0.000,0.000,0.0,0
3089425,0.000,0.000,0.0,0,0.000,0.000,0.0,0
3089465,0.000,0.000,0.0,0,0.000,0.000,0.0,0
3089505,0.000,0.000,0.0,0,0.000,0.000,0.0,0
3089545,0.000,0.000,0.0,0,0.000,0.000,0.0,0
3089585,0.000,0.000,0.0,0,0.000,0.000,0.0,0
3089625,0.000,0.000,0.0,0,0.000,0.000,0.0,0
3089665,0.000,0.000,0.0,0,0.000,0.000,0.0,0
3089705,0.000,0.000,0.0,0,0.000,0.000,0.0,0
3089745,0.000,0.000,0.0,0,0.000,0.000,0.0,0
3089785,0.000,0.000,0.0,0,0.000,0.000,0.0,0
3089825,0.000,0.000,0.0,0,0.000,0.000,0.0,0
3089865,0.000,0.000,0.0,0,0.000,0.000,0.0,0
3089905,0.000,0.000,0.0,0,0.000,0.000,0.0,0
3089945,0.000,0.000,0.0,0,0.000,0.000,0.0,0
3089985,0.000,0.000,0.0,0,0.000,0.000,0.0,0
3090025,0.000,0.000,0.0,0,0.000,0.000,0.0,0
3090065,0.000,0.000,0.0,0,0.000,0.000,0.0,0
3090105,0.000,0.000,0.0,0,0.000,0.005,0.0,0
3090145,0.000,0.000,0.0,0,0.000,0.406,0.0,0
3090185,0.000,0.000,0.0,0,0.000,0.716,0.0,0
3090225,0.000,0.000,0.0,0,0.000,0.716,0.0,0
3090265,0.000,0.000,0.0,0,0.000,1.376,0.0,0
3090305,0.000,0.000,0.0,0,0.000,1.564,0.0,0
3090345,0.000,0.000,0.0,0,0.000,1.732,0.0,0
3090385,0.000,0.000,0.0,0,0.000,2.049,0.0,0
3090425,0.000,0.000,0.0,0,0.000,2.308,0.0,0
3090465,0.000,0.000,0.0,0,0.000,2.717,0.0,0
3090505,0.000,0.000,0.0,0,0.000,2.942,0.0,0
3090545,0.000,0.005,0.0,0,0.000,2.988,0.0,0
3090585,0.000,0.005,0.0,0,0.000,3.098,0.0,0
3090625,0.000,0.005,0.0,0,0.000,3.126,0.0,0
3090665,0.000,0.005,0.0,0,0.000,3.384,0.0,0
3090705,0.000,0.000,0.0,0,0.000,3.550,0.0,0
3090745,0.000,0.000,0.0,0,0.000,3.556,0.0,0
3090785,0.000,0.000,0.0,0,0.000,3.582,0.0,0
3090825,0.000,0.000,0.0,0,0.000,3.540,0.0,0
3090865,0.000,0.000,0.0,0,0.000,3.413,0.0,0
3090905,0.000,0.066,0.0,0,0.000,3.374,0.0,0
3090945,0.000,0.066,0.0,0,0.000,3.444,0.0,0
3090985,0.000,0.066,0.0,0,0.000,3.362,0.0,0
3091025,0.000,0.066,0.0,0,0.000,3.271,0.0,0
3091065,0.000,0.000,0.0,0,0.000,3.283,0.0,0
3091105,0.000,0.000,0.0,0,0.000,3.175,0.0,0
3091145,0.000,0.000,0.0,0,0.000,3.173,0.0,0
3091185,0.000,0.000,0.0,0,0.000,3.021,0.0,0
3091225,0.000,0.000,0.0,0,0.000,2.798,0.0,0
3091265,0.000,0.000,0.0,0,0.000,2.719,0.0,0
3091305,0.000,0.000,0.0,0,0.000,2.624,0.0,0
3091345,0.000,0.000,0.0,0,0.000,2.441,0.0,0
3091385,0.000,0.050,0.0,0,0.000,2.363,0.0,0
3091425,0.000,0.050,0.0,0,0.000,2.213,0.0,0
3091465,0.000,0.050,0.0,0,0.000,2.113,0.0,0
3091505,0.000,0.050,0.0,0,0.000,1.937,0.0,0
3091545,0.000,0.000,0.0,0,0.000,1.721,0.0,0
3091585,0.000,0.000,0.0,0,0.000,1.721,0.0,0
3091625,0.000,0.098,0.0,0,0.000,1.576,0.0,0
3091665,0.000,0.098,0.0,0,0.000,1.576,0.0,0
3091705,0.000,0.098,0.0,0,0.000,1.576,0.0,0
3091745,0.000,0.098,0.0,0,0.000,1.576,0.0,0
3091785,0.000,0.212,0.0,0,0.000,0.000,0.0,0
3091825,0.000,0.212,0.0,0,0.000,0.000,0.0,0
3091865,0.000,0.452,0.0,0,0.000,0.000,0.0,0
3091905,0.000,0.452,0.0,0,0.000,0.086,0.0,0
3091945,0.000,0.679,0.0,0,0.000,0.456,0.0,0
3091985,0.000,0.855,0.0,0,0.000,0.456,0.0,0
3092025,0.000,0.855,0.0,0,0.000,0.686,0.0,0
3092065,0.000,0.975,0.0,0,0.000,0.787,0.0,0
3092105,0.000,1.045,0.0,0,0.000,0.787,0.0,0
3092145,0.000,1.045,0.0,0,0.000,0.787,0.0,0
3092185,0.000,1.045,0.0,0,0.000,0.763,0.0,0
3092225,0.000,0.915,0.0,0,0.000,0.763,0.0,0
3092265,0.000,0.915,0.0,0,0.000,0.763,0.0,0
3092305,0.000,0.915,0.0,0,0.000,0.763,0.0,0
3092345,0.000,0.915,0.0,0,0.000,0.000,0.0,0
3092385,0.000,0.000,0.0,0,0.000,0.000,0.0,0
3092425,0.000,0.000,0.0,0,0.000,0.000,0.0,0
3092465,0.000,0.000,0.0,0,0.000,0.000,0.0,0
3092505,0.000,0.000,0.0,0,0.000,0.000,0.0,0
3092545,0.000,0.000,0.0,0,0.000,0.000,0.0,0
3092585,0.000,0.000,0.0,0,0.000,0.000,0.0,0
3092625,0.000,0.000,0.0,0,0.000,0.000,0.0,0
3092665,0.000,0.000,0.0,0,0.000,0.000,0.0,0
3092705,0.000,0.000,0.0,0,0.000,0.000,0.0,0
3092745,0.000,0.000,0.0,0,0.000,0.000,0.0,0
3092785,0.000,0.000,0.0,0,0.000,0.000,0.0,0
3092825,0.000,0.039,0.0,0,0.000,0.000,0.0,0
3092865,0.000,0.039,0.0,0,0.000,0.036,0.0,0
3092905,0.000,0.039,0.0,0,0.000,0.036,0.0,0
3092945,0.000,0.258,0.0,0,0.000,0.282,0.0,0
3092985,0.000,0.258,0.0,0,0.000,0.282,0.0,0
3093025,0.000,0.258,0.0,0,0.000,0.437,0.0,0
3093065,0.000,0.414,0.0,0,0.000,0.437,0.0,0
3093105,0.000,0.414,0.0,0,0.000,0.437,0.0,0
3093145,0.000,0.414,0.0,0,0.000,0.437,0.0,0
3093185,0.000,0.414,0.0,0,0.000,0.000,0.0,0
3093225,0.000,0.409,0.0,0,0.000,0.000,0.0,0
3093265,0.000,0.409,0.0,0,0.000,0.100,0.0,0
3093305,0.000,0.409,0.0,0,0.000,0.100,0.0,0
3093345,0.000,0.409,0.0,0,0.000,0.100,0.0,0
3093385,0.000,0.000,0.0,0,0.000,0.100,0.0,0
3093425,0.000,0.111,0.0,0,0.000,0.223,0.0,0
3093465,0.000,0.111,0.0,0,0.000,0.223,0.0,0
3093505,0.000,0.111,0.0,0,0.000,0.450,0.0,0
3093545,0.000,0.321,0.0,0,0.000,0.450,0.0,0
3093585,0.000,0.603,0.0,0,0.000,0.645,0.0,0
3093625,0.000,0.898,0.0,0,0.000,0.874,0.0,0
3093665,0.000,0.898,0.0,0,0.000,1.103,0.0,0
3093705,0.000,1.104,0.0,0,0.000,1.103,0.0,0
3093745,0.000,1.302,0.0,0,0.000,1.256,0.0,0
3093785,0.000,1.499,0.0,0,0.000,1.544,0.0,0
3093825,0.000,1.565,0.0,0,0.000,1.544,0.0,0
3093865,0.000,1.796,0.0,0,0.000,1.710,0.0,0
3093905,0.000,1.812,0.0,0,0.000,1.796,0.0,0
3093945,0.000,1.881,0.0,0,0.000,1.808,0.0,0
3093985,0.000,1.987,0.0,0,0.000,1.871,0.0,0
3094025,0.000,1.936,0.0,0,0.000,1.874,0.0,0
3094065,0.000,1.961,0.0,0,0.000,1.830,0.0,0
3094105,0.000,2.025,0.0,0,0.000,1.824,0.0,0
3094145,0.000,1.934,0.0,0,0.000,1.761,0.0,0
3094185,0.000,1.831,0.0,0,0.000,1.634,0.0,0
3094225,0.000,1.831,0.0,0,0.000,1.634,0.0,0
3094265,0.000,1.680,0.0,0,0.000,1.514,0.0,0
3094305,0.000,1.670,0.0,0,0.000,1.353,0.0,0
3094345,0.000,1.667,0.0,0,0.000,1.353,0.0,0
3094385,0.000,1.504,0.0,0,0.000,1.353,0.0,0
3094425,0.000,1.504,0.0,0,0.000,1.133,0.0,0
3094465,0.000,1.372,0.0,0,0.000,1.133,0.0,0
3094505,0.000,1.372,0.0,0,0.000,1.133,0.0,0
3094545,0.000,1.372,0.0,0,0.000,1.133,0.0,0
3094585,0.000,1.085,0.0,0,0.000,0.000,0.0,0
3094625,0.000,1.108,0.0,0,0.000,0.118,0.0,0
3094665,0.000,1.108,0.0,0,0.000,0.118,0.0,0
3094705,0.000,1.574,0.0,0,0.000,0.395,0.0,0
3094745,0.000,1.833,0.0,0,0.000,0.722,0.0,0
3094785,0.000,1.912,0.0,0,0.000,1.033,0.0,0
3094825,0.000,2.259,0.0,0,0.000,1.281,0.0,0
3094865,0.000,2.285,0.0,0,0.000,1.545,0.0,0
3094905,0.000,2.448,0.0,0,0.000,2.015,0.0,0
3094945,0.000,2.362,0.0,0,0.000,2.208,0.0,0
3094985,0.000,2.410,0.0,0,0.000,2.479,0.0,0
3095025,0.000,2.303,0.0,0,0.000,2.782,0.0,0
3095065,0.000,2.090,0.0,0,0.000,2.803,0.0,0
3095105,0.000,1.982,0.0,0,0.000,2.998,0.0,0
3095145,0.000,1.870,0.0,0,0.000,2.916,0.0,0
3095185,0.000,1.766,0.0,0,0.000,2.852,0.0,0
3095225,0.000,1.715,0.0,0,0.000,2.654,0.0,0
3095265,0.000,1.566,0.0,0,0.000,2.474,0.0,0
3095305,0.000,1.566,0.0,0,0.000,2.233,0.0,0
3095345,0.000,1.359,0.0,0,0.000,1.898,0.0,0
3095385,0.000,1.359,0.0,0,0.000,1.898,0.0,0
3095425,0.000,1.359,0.0,0,0.000,1.562,0.0,0
3095465,0.000,1.359,0.0,0,0.000,1.562,0.0,0
3095505,0.000,0.000,0.0,0,0.000,1.562,0.0,0
3095545,0.000,0.000,0.0,0,0.000,1.562,0.0,0
3095585,0.000,0.000,0.0,0,0.000,0.000,0.0,0
3095625,0.000,0.000,0.0,0,0.000,0.115,0.0,0
3095665,0.000,0.000,0.0,0,0.000,0.115,0.0,0
3095705,0.000,0.000,0.0,0,0.000,0.115,0.0,0
3095745,0.000,0.000,0.0,0,0.000,0.115,0.0,0
3095785,0.000,0.000,0.0,0,0.000,0.000,0.0,0
3095825,0.000,0.000,0.0,0,0.000,0.000,0.0,0
3095865,0.000,0.000,0.0,0,0.000,0.000,0.0,0
3095905,0.000,0.000,0.0,0,0.000,0.000,0.0,0
3095945,0.000,0.000,0.0,0,0.000,0.000,0.0,0
3095985,0.000,0.000,0.0,0,0.000,0.000,0.0,0
3096025,0.000,0.000,0.0,0,0.000,0.000,0.0,0
3096065,0.000,0.000,0.0,0,0.000,0.000,0.0,0
3096105,0.000,0.000,0.0,0,0.000,0.000,0.0,0
3096145,0.000,0.000,0.0,0,0.000,0.047,0.0,0
3096185,0.000,0.028,0.0,0,0.000,0.047,0.0,0
3096225,0.000,0.028,0.0,0,0.000,0.047,0.0,0
3096265,0.000,0.028,0.0,0,0.000,0.047,0.0,0
3096305,0.000,0.028,0.0,0,0.000,0.000,0.0,0
3096345,0.000,0.000,0.0,0,0.000,0.000,0.0,0
3096385,0.000,0.000,0.0,0,0.000,0.000,0.0,0
3096425,0.000,0.000,0.0,0,0.000,0.000,0.0,0
3096465,0.000,0.000,0.0,0,0.000,0.000,0.0,0
3096505,0.000,0.000,0.0,0,0.000,0.000,0.0,0
3096545,0.000,0.000,0.0,0,0.000,0.000,0.0,0
3096585,0.000,0.000,0.0,0,0.000,0.000,0.0,0
3096625,0.000,0.000,0.0,0,0.000,0.000,0.0,0
3096665,0.000,0.000,0.0,0,0.000,0.000,0.0,0
3096705,0.000,0.000,0.0,0,0.000,0.000,0.0,0
3096745,0.000,0.000,0.0,0,0.000,0.000,0.0,0
3096785,0.000,0.000,0.0,0,0.000,0.000,0.0,0
3096825,0.000,0.000,0.0,0,0.000,0.000,0.0,0
3096865,0.000,0.000,0.0,0,0.000,0.000,0.0,0
3096905,0.000,0.000,0.0,0,0.000,0.000,0.0,0
3096945,0.000,0.000,0.0,0,0.000,0.000,0.0,0
3096985,0.000,0.000,0.0,0,0.000,0.000,0.0,0
3097025,0.000,0.000,0.0,0,0.000,0.000,0.0,0
3097065,0.000,0.000,0.0,0,0.000,0.000,0.0,0
3097105,0.000,0.000,0.0,0,0.000,0.000,0.0,0
3097145,0.000,0.000,0.0,0,0.000,0.000,0.0,0
3097185,0.000,0.000,0.0,0,0.000,0.000,0.0,0
3097225,0.000,0.000,0.0,0,0.000,0.000,0.0,0
3097265,0.000,0.000,0.0,0,0.000,0.000,0.0,0
3097305,0.000,0.000,0.0,0,0.000,0.000,0.0,0
3097345,0.000,0.000,0.0,0,0.000,0.000,0.0,0
3097385,0.000,0.000,0.0,0,0.000,0.000,0.0,0
3097425,0.000,0.000,0.0,0,0.000,0.000,0.0,0
3097465,0.000,0.000,0.0,0,0.000,0.000,0.0,0
3097505,0.000,0.000,0.0,0,0.000,0.000,0.0,0
3097545,0.000,0.000,0.0,0,0.000,0.000,0.0,0
3097585,0.000,0.000,0.0,0,0.000,0.000,0.0,0
3097625,0.000,0.000,0.0,0,0.000,0.000,0.0,0
3097665,0.000,0.000,0.0,0,0.000,0.000,0.0,0
3097705,0.000,0.000,0.0,0,0.000,0.000,0.0,0
3097745,0.000,0.000,0.0,0,0.000,0.000,0.0,0
3097785,0.000,0.000,0.0,0,0.000,0.000,0.0,0
3097825,0.000,0.000,0.0,0,0.000,0.000,0.0,0
3097865,0.000,0.000,0.0,0,0.000,0.000,0.0,0
3097905,0.000,0.000,0.0,0,0.000,0.000,0.0,0
3097945,0.000,0.000,0.0,0,0.000,0.000,0.0,0
3097985,0.000,0.000,0.0,0,0.000,0.000,0.0,0
3098025,0.000,0.000,0.0,0,0.000,0.000,0.0,0
3098065,0.000,0.000,0.0,0,0.000,0.000,0.0,0
3098105,0.000,0.000,0.0,0,0.000,0.000,0.0,0
3098145,0.000,0.000,0.0,0,0.000,0.000,0.0,0
3098185,0.000,0.000,0.0,0,0.000,0.000,0.0,0
3098225,0.000,0.000,0.0,0,0.000,0.000,0.0,0
3098265,0.000,0.000,0.0,0,0.000,0.000,0.0,0
3098305,0.000,0.000,0.0,0,0.000,0.000,0.0,0
3098345,0.000,0.000,0.0,0,0.000,0.000,0.0,0
3098385,0.000,0.000,0.0,0,0.000,0.000,0.0,0
3098425,0.000,0.000,0.0,0,0.000,0.000,0.0,0
3098465,0.000,0.000,0.0,0,0.000,0.000,0.0,0
3098505,0.000,0.000,0.0,0,0.000,0.000,0.0,0
3098545,0.000,0.000,0.0,0,0.000,0.000,0.0,0
3098585,0.000,0.000,0.0,0,0.000,0.000,0.0,0
3098625,0.000,0.000,0.0,0,0.000,0.000,0.0,0
3098665,0.000,0.000,0.0,0,0.000,0.000,0.0,0
3098705,0.000,0.000,0.0,0,0.000,0.000,0.0,0
3098745,0.000,0.000,0.0,0,0.000,0.000,0.0,0
3098785,0.000,0.000,0.0,0,0.000,0.000,0.0,0
3098825,0.000,0.000,0.0,0,0.000,0.000,0.0,0
3098865,0.000,0.000,0.0,0,0.000,0.000,0.0,0
3098905,0.000,0.000,0.0,0,0.000,0.000,0.0,0
3098945,0.000,0.000,0.0,0,0.000,0.000,0.0,0
3098985,0.000,0.000,0.0,0,0.000,0.000,0.0,0
3099025,0.000,0.000,0.0,0,0.000,0.000,0.0,0
3099065,0.000,0.000,0.0,0,0.000,0.000,0.0,0
3099105,0.000,0.000,0.0,0,0.000,0.000,0.0,0
3099145,0.000,0.000,0.0,0,0.000,0.000,0.0,0
3099185,0.000,0.000,0.0,0,0.000,0.000,0.0,0
3099225,0.000,0.000,0.0,0,0.000,0.000,0.0,0
3099265,0.000,0.000,0.0,0,0.000,0.000,0.0,0
3099305,0.000,0.000,0.0,0,0.000,0.000,0.0,0
3099345,0.000,0.000,0.0,0,0.000,0.000,0.0,0
3099385,0.000,0.000,0.0,0,0.000,0.000,0.0,0
3099425,0.000,0.000,0.0,0,0.000,0.000,0.0,0
3099465,0.000,0.000,0.0,0,0.000,0.000,0.0,0
3099505,0.000,0.000,0.0,0,0.000,0.000,0.0,0
3099545,0.000,0.000,0.0,0,0.000,0.000,0.0,0
3099585,0.000,0.000,0.0,0,0.000,0.000,0.0,0
3099625,0.000,0.000,0.0,0,0.000,0.000,0.0,0
3099665,0.000,0.000,0.0,0,0.000,0.000,0.0,0
3099705,0.000,0.000,0.0,0,0.000,0.000,0.0,0
3099745,0.000,0.000,0.0,0,0.000,0.000,0.0,0
3099785,0.000,0.000,0.0,0,0.000,0.000,0.0,0
3099825,0.000,0.000,0.0,0,0.000,0.000,0.0,0
3099865,0.000,0.000,0.0,0,0.000,0.000,0.0,0
3099905,0.000,0.000,0.0,0,0.000,0.000,0.0,0
3099945,0.000,0.000,0.0,0,0.000,0.000,0.0,0
3099985,0.000,0.000,0.0,0,0.000,0.000,0.0,0
3100025,0.000,0.000,0.0,0,0.000,0.000,0.0,0
3100065,0.000,0.000,0.0,0,0.000,0.000,0.0,0
3100105,0.000,0.000,0.0,0,0.000,0.000,0.0,0
3100145,0.000,0.000,0.0,0,0.000,0.000,0.0,0
3100185,0.000,0.000,0.0,0,0.000,0.000,0.0,0
3100225,0.000,0.000,0.0,0,0.000,0.000,0.0,0
3100265,0.000,0.000,0.0,0,0.000,0.000,0.0,0
3100305,0.000,0.000,0.0,0,0.000,0.000,0.0,0
3100345,0.000,0.000,0.0,0,0.000,0.000,0.0,0
3100385,0.000,0.000,0.0,0,0.000,0.000,0.0,0
3100425,0.000,0.000,0.0,0,0.000,0.000,0.0,0
3100465,0.000,0.000,0.0,0,0.000,0.000,0.0,0
3100505,0.000,0.000,0.0,0,0.000,0.000,0.0,0
3100545,0.000,0.000,0.0,0,0.000,0.000,0.0,0
3100585,0.000,0.000,0.0,0,0.000,0.000,0.0,0
3100625,0.000,0.000,0.0,0,0.000,0.000,0.0,0
3100665,0.000,0.000,0.0,0,0.000,0.000,0.0,0
3100705,0.000,0.000,0.0,0,0.000,0.000,0.0,0
3100745,0.000,0.000,0.0,0,0.000,0.000,0.0,0
3100785,0.000,0.000,0.0,0,0.000,0.000,0.0,0
3100825,0.000,0.000,0.0,0,0.000,0.000,0.0,0
3100865,0.000,0.000,0.0,0,0.000,0.000,0.0,0
3100905,0.000,0.000,0.0,0,0.000,0.000,0.0,0
3100945,0.000,0.000,0.0,0,0.000,0.000,0.0,0
3100985,0.000,0.000,0.0,0,0.000,0.000,0.0,0
3101025,0.000,0.000,0.0,0,0.000,0.000,0.0,0
3101065,0.000,0.000,0.0,0,0.000,0.000,0.0,0
3101105,0.000,0.000,0.0,0,0.000,0.000,0.0,0
3101145,0.000,0.000,0.0,0,0.000,0.000,0.0,0
3101185,0.000,0.000,0.0,0,0.000,0.000,0.0,0
3101225,0.000,0.000,0.0,0,0.000,0.000,0.0,0
3101265,0.000,0.000,0.0,0,0.000,0.000,0.0,0
3101305,0.000,0.000,0.0,0,0.000,0.000,0.0,0
3101345,0.000,0.000,0.0,0,0.000,0.000,0.0,0
3101385,0.000,0.000,0.0,0,0.000,0.000,0.0,0
3101425,0.000,0.000,0.0,0,0.000,0.000,0.0,0
3101465,0.000,0.000,0.0,0,0.000,0.000,0.0,0
3101505,0.000,0.000,0.0,0,0.000,0.000,0.0,0
3101545,0.000,0.000,0.0,0,0.000,0.000,0.0,0
3101585,0.000,0.000,0.0,0,0.000,0.000,0.0,0
3101625,0.000,0.000,0.0,0,0.000,0.000,0.0,0
3101665,0.000,0.000,0.0,0,0.000,0.000,0.0,0
3101705,0.000,0.000,0.0,0,0.000,0.000,0.0,0
3101745,0.000,0.000,0.0,0,0.000,0.000,0.0,0
3101785,0.000,0.000,0.0,0,0.000,0.000,0.0,0
3101825,0.000,0.000,0.0,0,0.000,0.000,0.0,0
3101865,0.000,0.000,0.0,0,0.000,0.000,0.0,0
3101905,0.000,0.000,0.0,0,0.000,0.000,0.0,0
3101945,0.000,0.000,0.0,0,0.000,0.000,0.0,0
3101985,0.000,0.000,0.0,0,0.000,0.000,0.0,0
3102025,0.000,0.000,0.0,0,0.000,0.000,0.0,0
3102065,0.000,0.000,0.0,0,0.000,0.000,0.0,0
3102105,0.000,0.000,0.0,0,0.000,0.000,0.0,0
3102145,0.000,0.000,0.0,0,0.000,0.000,0.0,0
3102185,0.000,0.000,0.0,0,0.000,0.000,0.0,0
3102225,0.000,0.000,0.0,0,0.000,0.000,0.0,0
3102265,0.000,0.000,0.0,0,0.000,0.000,0.0,0
3102305,0.000,0.000,0.0,0,0.000,0.000,0.0,0
3102345,0.000,0.000,0.0,0,0.000,0.000,0.0,0
3102385,0.000,0.000,0.0,0,0.000,0.000,0.0,0
3102425,0.000,0.000,0.0,0,0.000,0.000,0.0,0
3102465,0.000,0.000,0.0,0,0.000,0.000,0.0,0
3102505,0.000,0.000,0.0,0,0.000,0.000,0.0,0
3102545,0.000,0.000,0.0,0,0.000,0.000,0.0,0
3102585,0.000,0.000,0.0,0,0.000,0.000,0.0,0
3102625,0.000,0.000,0.0,0,0.000,0.000,0.0,0
3102665,0.000,0.000,0.0,0,0.000,0.000,0.0,0
3102705,0.000,0.000,0.0,0,0.000,0.000,0.0,0
3102745,0.000,0.000,0.0,0,0.000,0.000,0.0,0
3102785,0.000,0.000,0.0,0,0.000,0.000,0.0,0
3102825,0.000,0.000,0.0,0,0.000,0.000,0.0,0
3102865,0.000,0.000,0.0,0,0.000,0.000,0.0,0
3102905,0.000,0.000,0.0,0,0.000,0.000,0.0,0
3102945,0.000,0.000,0.0,0,0.000,0.000,0.0,0
3102985,0.000,0.000,0.0,0,0.000,0.000,0.0,0
3103025,0.000,0.000,0.0,0,0.000,0.000,0.0,0
3103065,0.000,0.000,0.0,0,0.000,0.000,0.0,0
3103105,0.000,0.000,0.0,0,0.000,0.000,0.0,0
3103145,0.000,0.000,0.0,0,0.000,0.000,0.0,0
3103185,0.000,0.000,0.0,0,0.000,0.000,0.0,0
3103225,0.000,0.000,0.0,0,0.000,0.000,0.0,0
3103265,0.000,0.000,0.0,0,0.000,0.000,0.0,0
3103305,0.000,0.000,0.0,0,0.000,0.000,0.0,0
3103345,0.000,0.000,0.0,0,0.000,0.000,0.0,0
3103385,0.000,0.000,0.0,0,0.000,0.000,0.0,0
3103425,0.000,0.000,0.0,0,0.000,0.000,0.0,0
3103465,0.000,0.000,0.0,0,0.000,0.000,0.0,0
3103505,0.000,0.000,0.0,0,0.000,0.000,0.0,0
3103545,0.000,0.000,0.0,0,0.000,0.000,0.0,0
3103585,0.000,0.000,0.0,0,0.000,0.000,0.0,0
3103625,0.000,0.000,0.0,0,0.000,0.000,0.0,0
3103665,0.000,0.000,0.0,0,0.000,0.000,0.0,0
3103705,0.000,0.000,0.0,0,0.000,0.000,0.0,0
3103745,0.000,0.000,0.0,0,0.000,0.000,0.0,0
3103785,0.000,0.000,0.0,0,0.000,0.000,0.0,0
3103825,0.000,0.000,0.0,0,0.000,0.000,0.0,0
3103865,0.000,0.000,0.0,0,0.000,0.000,0.0,0
3103905,0.000,0.000,0.0,0,0.000,0.000,0.0,0
3103945,0.000,0.000,0.0,0,0.000,0.000,0.0,0
3103985,0.000,0.000,0.0,0,0.000,0.000,0.0,0
3104025,0.000,0.000,0.0,0,0.000,0.000,0.0,0
3104065,0.000,0.000,0.0,0,0.000,0.000,0.0,0
3104105,0.000,0.000,0.0,0,0.000,0.000,0.0,0
3104145,0.000,0.000,0.0,0,0.000,0.000,0.0,0
3104185,0.000,0.000,0.0,0,0.000,0.000,0.0,0
3104225,0.000,0.000,0.0,0,0.000,0.000,0.0,0
3104265,0.000,0.000,0.0,0,0.000,0.000,0.0,0
3104305,0.000,0.000,0.0,0,0.000,0.000,0.0,0
3104345,0.000,0.000,0.0,0,0.000,0.000,0.0,0
3104385,0.000,0.000,0.0,0,0.000,0.000,0.0,0
3104425,0.000,0.000,0.0,0,0.000,0.000,0.0,0
3104465,0.000,0.000,0.0,0,0.000,0.000,0.0,0
3104505,0.000,0.000,0.0,0,0.000,0.000,0.0,0
3104545,0.000,0.000,0.0,0,0.000,0.000,0.0,0
3104585,0.000,0.000,0.0,0,0.000,0.000,0.0,0
3104625,0.000,0.000,0.0,0,0.000,0.000,0.0,0
3104665,0.000,0.000,0.0,0,0.000,0.000,0.0,0
3104705,0.000,0.000,0.0,0,0.000,0.000,0.0,0
3104745,0.000,0.000,0.0,0,0.000,0.000,0.0,0
3104785,0.000,0.000,0.0,0,0.000,0.000,0.0,0
3104825,0.000,0.000,0.0,0,0.000,0.000,0.0,0
3104865,0.000,0.000,0.0,0,0.000,0.000,0.0,0
3104905,0.000,0.000,0.0,0,0.000,0.000,0.0,0
3104945,0.000,0.000,0.0,0,0.000,0.000,0.0,0
3104985,0.000,0.000,0.0,0,0.000,0.000,0.0,0
3105025,0.000,0.000,0.0,0,0.000,0.000,0.0,0
3105065,0.000,0.000,0.0,0,0.000,0.000,0.0,0
3105105,0.000,0.000,0.0,0,0.000,0.000,0.0,0
3105145,0.000,0.000,0.0,0,0.000,0.000,0.0,0
3105185,0.000,0.000,0.0,0,0.000,0.000,0.0,0
3105225,0.000,0.000,0.0,0,0.000,0.000,0.0,0
3105265,0.000,0.000,0.0,0,0.000,0.000,0.0,0
3105305,0.000,0.000,0.0,0,0.000,0.000,0.0,0
3105345,0.000,0.000,0.0,0,0.000,0.000,0.0,0
3105385,0.000,0.000,0.0,0,0.000,0.000,0.0,0
3105425,0.000,0.000,0.0,0,0.000,0.000,0.0,0
3105465,0.000,0.000,0.0,0,0.000,0.000,0.0,0
3105505,0.000,0.000,0.0,0,0.000,0.000,0.0,0
3105545,0.000,0.000,0.0,0,0.000,0.000,0.0,0
3105585,0.000,0.000,0.0,0,0.000,0.000,0.0,0
3105625,0.000,0.000,0.0,0,0.000,0.000,0.0,0
3105665,0.000,0.000,0.0,0,0.000,0.000,0.0,0
3105705,0.000,0.000,0.0,0,0.000,0.000,0.0,0
3105745,0.000,0.000,0.0,0,0.000,0.000,0.0,0
3105785,0.000,0.000,0.0,0,0.000,0.000,0.0,0
3105825,0.000,0.000,0.0,0,0.000,0.000,0.0,0
3105865,0.000,0.000,0.0,0,0.000,0.000,0.0,0
3105905,0.000,0.000,0.0,0,0.000,0.000,0.0,0
3105945,0.000,0.000,0.0,0,0.000,0.000,0.0,0
3105985,0.000,0.000,0.0,0,0.000,0.000,0.0,0
3106025,0.000,0.000,0.0,0,0.000,0.000,0.0,0
3106065,0.000,0.000,0.0,0,0.000,0.000,0.0,0
3106105,0.000,0.000,0.0,0,0.000,0.000,0.0,0
3106145,0.000,0.000,0.0,0,0.000,0.000,0.0,0
3106185,0.000,0.000,0.0,0,0.000,0.000,0.0,0
3106225,0.000,0.000,0.0,0,0.000,0.000,0.0,0
3106265,0.000,0.000,0.0,0,0.000,0.000,0.0,0
3106305,0.000,0.000,0.0,0,0.000,0.000,0.0,0
3106345,0.000,0.000,0.0,0,0.000,0.000,0.0,0
3106385,0.000,0.000,0.0,0,0.000,0.000,0.0,0
3106425,0.000,0.000,0.0,0,0.000,0.000,0.0,0
3106465,0.000,0.000,0.0,0,0.000,0.000,0.0,0
3106505,0.000,0.000,0.0,0,0.000,0.000,0.0,0
3106545,0.000,0.000,0.0,0,0.000,0.000,0.0,0
3106585,0.000,0.000,0.0,0,0.000,0.000,0.0,0
3106625,0.000,0.000,0.0,0,0.000,0.000,0.0,0
3106665,0.000,0.000,0.0,0,0.000,0.000,0.0,0
3106705,0.000,0.000,0.0,0,0.000,0.000,0.0,0
3106745,0.000,0.000,0.0,0,0.000,0.000,0.0,0
3106785,0.000,0.000,0.0,0,0.000,0.000,0.0,0
3106825,0.000,0.000,0.0,0,0.000,0.000,0.0,0
3106865,0.000,0.000,0.0,0,0.000,0.000,0.0,0
3106905,0.000,0.000,0.0,0,0.000,0.000,0.0,0
3106945,0.000,0.000,0.0,0,0.000,0.000,0.0,0
3106985,0.000,0.000,0.0,0,0.000,0.000,0.0,0
3107025,0.000,0.000,0.0,0,0.000,0.000,0.0,0
3107065,0.000,0.000,0.0,0,0.000,0.000,0.0,0
3107105,0.000,0.000,0.0,0,0.000,0.000,0.0,0
3107145,0.000,0.000,0.0,0,0.000,0.000,0.0,0
3107185,0.000,0.000,0.0,0,0.000,0.000,0.0,0
3107225,0.000,0.000,0.0,0,0.000,0.000,0.0,0
3107265,0.000,0.000,0.0,0,0.000,0.000,0.0,0
3107305,0.000,0.000,0.0,0,0.000,0.000,0.0,0
3107345,0.000,0.000,0.0,0,0.000,0.000,0.0,0
3107385,0.000,0.000,0.0,0,0.000,0.000,0.0,0
3107425,0.000,0.000,0.0,0,0.000,0.000,0.0,0
3107465,0.000,0.000,0.0,0,0.000,0.000,0.0,0
3107505,0.000,0.000,0.0,0,0.000,0.000,0.0,0
3107545,0.000,0.000,0.0,0,0.000,0.000,0.0,0
3107585,0.000,0.000,0.0,0,0.000,0.000,0.0,0
3107625,0.000,0.000,0.0,0,0.000,0.000,0.0,0
3107665,0.000,0.000,0.0,0,0.000,0.000,0.0,0
3107705,0.000,0.000,0.0,0,0.000,0.000,0.0,0
3107745,0.000,0.000,0.0,0,0.000,0.000,0.0,0
3107785,0.000,0.000,0.0,0,0.000,0.000,0.0,0
3107825,0.000,0.000,0.0,0,0.000,0.000,0.0,0
3107865,0.000,0.000,0.0,0,0.000,0.000,0.0,0
3107905,0.000,0.000,0.0,0,0.000,0.000,0.0,0
3107945,0.000,0.000,0.0,0,0.000,0.000,0.0,0
3107985,0.000,0.000,0.0,0,0.000,0.000,0.0,0
3108025,0.000,0.000,0.0,0,0.000,0.000,0.0,0
3108065,0.000,0.000,0.0,0,0.000,0.000,0.0,0
3108105,0.000,0.000,0.0,0,0.000,0.000,0.0,0
3108145,0.000,0.000,0.0,0,0.000,0.000,0.0,0
3108185,0.000,0.000,0.0,0,0.000,0.000,0.0,0
3108225,0.000,0.000,0.0,0,0.000,0.000,0.0,0
3108265,0.000,0.000,0.0,0,0.000,0.000,0.0,0
3108305,0.000,0.000,0.0,0,0.000,0.000,0.0,0
3108345,0.000,0.000,0.0,0,0.000,0.000,0.0,0
3108385,0.000,0.000,0.0,0,0.000,0.000,0.0,0
3108425,0.000,0.000,0.0,0,0.000,0.000,0.0,0
3108465,0.000,0.000,0.0,0,0.000,0.000,0.0,0
3108505,0.000,0.000,0.0,0,0.000,0.000,0.0,0
3108545,0.000,0.000,0.0,0,0.000,0.000,0.0,0
3108585,0.000,0.000,0.0,0,0.000,0.000,0.0,0
3108625,0.000,0.000,0.0,0,0.000,0.000,0.0,0
3108665,0.000,0.000,0.0,0,0.000,0.000,0.0,0
3108705,0.000,0.000,0.0,0,0.000,0.000,0.0,0
3108745,0.000,0.000,0.0,0,0.000,0.000,0.0,0
3108785,0.000,0.000,0.0,0,0.000,0.000,0.0,0
3108825,0.000,0.000,0.0,0,0.000,0.000,0.0,0
3108865,0.000,0.000,0.0,0,0.000,0.000,0.0,0
3108905,0.000,0.000,0.0,0,0.000,0.000,0.0,0
3108945,0.000,0.000,0.0,0,0.000,0.000,0.0,0
3108985,0.000,0.000,0.0,0,0.000,0.000,0.0,0
3109025,0.000,0.000,0.0,0,0.000,0.000,0.0,0
3109065,0.000,0.000,0.0,0,0.000,0.000,0.0,0
3109105,0.000,0.000,0.0,0,0.000,0.000,0.0,0
3109145,0.000,0.000,0.0,0,0.000,0.000,0.0,0
3109185,0.000,0.000,0.0,0,0.000,0.000,0.0,0
3109225,0.000,0.000,0.0,0,0.000,0.000,0.0,0
3109265,0.000,0.000,0.0,0,0.000,0.000,0.0,0
3109305,3.846,0.000,49.2,12,3.846,0.000,49.2,12
3109345,3.846,0.000,55.4,36,3.846,0.000,55.4,36
3109385,3.846,0.000,61.5,60,3.846,0.000,61.5,60
3109425,3.846,0.002,67.7,67,3.846,0.002,67.7,67
3109465,3.846,2.741,37.7,37,3.846,1.482,54.3,54
3109505,3.846,3.426,30.0,30,3.846,2.556,43.9,43
3109545,3.846,3.708,27.0,27,3.846,3.219,37.1,37
3109585,3.846,3.761,26.6,26,3.846,3.801,30.4,30
3109625,3.846,3.927,24.5,24,3.846,4.127,26.2,26
3109665,3.846,3.966,23.7,23,3.846,4.203,24.8,24
3109705,3.846,4.244,19.8,19,3.846,4.033,26.4,26
3109745,3.846,4.023,22.3,22,3.846,3.686,30.7,30
3109785,3.846,3.842,24.5,24,3.846,3.577,32.3,32
3109825,3.846,3.789,25.1,25,3.846,3.626,32.2,32
3109865,3.846,4.129,20.8,20,3.846,3.658,32.1,32
3109905,3.846,4.103,20.8,20,3.846,3.740,31.2,31
3109945,3.846,3.867,23.5,23,3.846,3.791,30.8,30
3109985,3.846,3.963,22.0,22,3.846,3.616,33.2,33
3110025,3.846,3.922,22.5,22,3.846,3.568,34.1,34
3110065,3.846,4.013,21.2,21,3.846,3.618,33.8,33
3110105,3.846,4.123,19.3,19,3.846,3.910,30.4,30
3110145,3.846,4.060,19.6,19,3.846,3.780,32.1,32
3110185,3.846,4.146,18.2,18,3.846,3.698,33.1,33
3110225,3.846,3.891,21.2,21,3.846,3.749,32.8,32
3110265,3.846,3.876,21.2,21,3.846,3.547,35.6,35
3110305,3.846,3.990,19.6,19,3.846,3.699,34.0,33
3110345,3.846,4.216,16.4,16,3.846,3.795,32.9,32
3110385,3.846,4.210,15.9,15,3.846,3.870,32.1,32
3110425,3.846,4.010,18.0,18,3.846,3.678,34.5,34
3110465,3.846,3.877,19.5,19,3.846,3.734,34.1,34
3110505,3.846,3.922,18.8,18,3.846,3.662,35.3,35
3110545,3.846,4.095,16.4,16,3.846,3.760,34.2,34
3110585,3.846,4.143,15.4,15,3.846,3.786,33.9,33
3110625,3.846,4.126,15.2,15,3.846,3.920,32.2,32
3110665,3.846,3.960,16.9,16,3.846,3.693,35.2,35
3110705,3.846,3.976,16.5,16,3.846,3.684,35.4,35
3110745,3.846,4.017,15.8,15,3.846,3.925,32.6,32
3110785,3.846,4.119,14.2,14,3.846,4.022,31.3,31
3110825,3.846,4.007,15.2,15,3.846,3.792,34.1,34
3110865,3.846,3.929,15.9,15,3.846,3.699,35.3,35
3110905,3.846,3.806,17.4,17,3.846,3.753,34.9,34
3110945,3.846,3.933,15.8,15,3.846,3.659,36.3,36
3110985,3.846,3.919,15.9,15,3.846,3.764,35.2,35
3111025,3.846,4.039,14.1,14,3.846,3.797,34.8,34
3111065,3.846,4.035,13.8,13,3.846,3.966,32.7,32
3111105,3.846,4.152,12.0,11,3.846,3.929,33.0,32
3111145,3.846,4.122,12.0,11,3.846,3.881,33.5,33
3111185,3.846,3.956,13.8,13,3.846,3.814,34.2,34
3111225,3.846,3.896,14.3,14,3.846,3.927,32.8,32
3111265,3.846,4.119,11.2,11,3.846,3.900,33.1,33
3111305,3.846,4.139,10.6,10,3.846,3.880,33.3,33
3111345,3.846,4.033,11.7,11,3.846,3.825,33.9,33
3111385,3.846,3.964,12.2,12,3.846,3.960,32.1,32
3111425,3.846,4.005,11.4,11,3.846,4.035,31.0,31
3111465,3.846,4.254,8.0,7,3.846,4.092,30.0,30
3111505,3.846,4.123,9.1,9,3.846,3.921,31.9,31
3111545,3.846,3.831,12.5,12,3.846,3.827,32.9,32
3111585,3.846,3.965,10.8,10,3.846,3.859,32.5,32
3111625,3.846,3.901,11.5,11,3.846,3.852,32.7,32
3111665,3.846,3.999,10.1,10,3.846,3.869,32.5,32
3111705,3.846,4.051,9.1,9,3.846,3.916,31.8,31
3111745,3.846,4.081,8.3,8,3.846,3.954,31.1,31
3111785,3.846,4.110,7.6,7,3.846,4.086,29.3,29
3111825,3.846,3.969,9.1,9,3.846,3.883,31.6,31
3111865,3.846,3.962,8.9,8,3.846,3.889,31.4,31
3111905,3.846,3.903,9.5,9,3.846,3.867,31.6,31
3111945,3.846,3.980,8.4,8,3.846,3.962,30.4,30
3111985,3.846,3.902,9.2,9,3.846,3.745,33.1,33
3112025,3.846,3.840,9.9,9,3.846,3.877,31.5,31
3112065,3.846,3.835,10.0,9,3.846,3.851,31.8,31
3112105,3.846,3.944,8.5,8,3.846,3.919,31.0,30
3112145,3.846,3.924,8.7,8,3.846,3.854,31.6,31
3112185,3.846,3.835,9.7,9,3.846,3.982,30.0,29
3112225,3.846,3.725,11.1,11,3.846,3.753,32.9,32
3112265,3.846,3.746,11.0,10,3.846,3.688,33.8,33
3112305,3.846,3.790,10.6,10,3.846,3.631,34.7,34
3112345,3.846,3.731,11.5,11,3.846,3.881,31.8,31
3112385,3.846,3.761,11.2,11,3.846,3.704,34.2,34
3112425,3.846,3.784,11.1,11,3.846,3.710,34.2,34
3112465,3.846,3.744,11.7,11,3.846,3.848,32.6,32
3112505,3.846,3.681,12.8,12,3.846,3.708,34.5,34
3112545,3.846,3.697,12.8,12,3.846,3.784,33.6,33
3112585,3.846,3.808,11.6,11,3.846,3.779,33.7,33
3112625,3.846,3.685,13.3,13,3.846,3.845,33.0,33
3112665,3.846,3.651,13.9,13,3.846,3.720,34.7,34
3112705,3.846,3.806,12.2,12,3.846,3.715,34.9,34
3112745,3.846,3.851,11.8,11,3.846,3.815,33.8,33
3112785,3.846,3.746,13.2,13,3.846,3.858,33.3,33
3112825,3.846,3.714,13.7,13,3.846,3.849,33.5,33
3112865,3.846,3.902,11.4,11,3.846,3.778,34.4,34
3112905,3.846,3.768,13.2,13,3.846,3.847,33.5,33
3112945,3.846,3.770,13.2,13,3.846,3.780,34.5,34
3112985,3.846,3.669,14.6,14,3.846,3.811,34.2,34
3113045,3.846,3.761,13.7,13,3.846,3.818,34.2,34
3113085,3.846,3.946,11.5,11,3.846,3.771,34.9,34
3113125,3.846,3.690,14.7,14,3.846,3.785,34.8,34
3113165,3.846,3.803,13.3,13,3.846,3.757,35.3,35
3113205,3.846,3.850,12.8,12,3.846,3.871,33.9,33
3113245,3.846,3.798,13.6,13,3.846,3.825,34.5,34
3113285,3.846,3.804,13.4,13,3.846,3.818,34.6,34
3113325,3.846,3.925,12.0,11,3.846,3.897,33.6,33
3113365,3.846,3.801,13.6,13,3.846,3.941,33.0,33
3113405,3.846,3.704,15.0,14,3.846,3.776,35.1,35
3113445,3.846,3.806,13.8,13,3.846,3.797,34.8,34
3113485,3.846,4.006,11.2,11,3.846,4.037,31.8,31
3113525,3.846,3.947,11.8,11,3.846,4.062,31.3,31
3113565,3.846,3.837,13.1,13,3.846,3.823,34.1,34
3113605,3.846,3.749,14.3,14,3.846,3.856,33.6,33
3113645,3.846,3.824,13.4,13,3.846,3.889,33.3,33
3113685,3.846,3.847,13.2,13,3.846,3.870,33.4,33
3113725,3.846,3.879,12.8,12,3.846,3.807,34.1,34
3113765,3.846,3.779,14.1,14,3.846,3.965,32.1,32
3113805,3.846,3.752,14.5,14,3.846,3.752,34.8,34
3113845,3.846,3.694,15.5,15,3.846,3.693,35.6,35
3113885,3.846,3.650,16.3,16,3.846,3.867,33.6,33
3113925,3.846,3.759,15.1,15,3.846,3.985,32.2,32
3113965,3.846,3.800,14.7,14,3.846,3.829,34.1,34
3114005,3.846,3.813,14.7,14,3.846,3.826,34.0,33
3114045,3.846,3.668,16.6,16,3.846,3.895,33.2,33
3114085,3.846,3.646,17.2,17,3.846,3.769,34.9,34
3114125,3.846,3.737,16.3,16,3.846,3.676,36.3,36
3114165,3.846,3.670,17.4,17,3.846,3.732,35.7,35
3114205,3.846,3.674,17.6,17,3.846,3.855,34.3,34
3114245,3.846,3.763,16.7,16,3.846,3.743,35.8,35
3114285,3.846,3.792,16.6,16,3.846,3.722,36.2,36
3114325,3.846,3.734,17.5,17,3.846,3.780,35.6,35
3114365,3.846,3.772,17.0,17,3.846,3.908,34.1,34
3114405,3.846,3.914,15.3,15,3.846,3.875,34.5,34
3114445,3.846,3.856,16.0,16,3.846,3.831,34.9,34
3114485,3.846,3.761,17.4,17,3.846,3.885,34.2,34
3114525,3.846,3.649,18.9,18,3.846,3.848,34.7,34
3114565,3.846,3.898,15.9,15,3.846,3.834,34.9,34
3114605,3.846,3.824,16.9,16,3.846,3.785,35.6,35
3114645,3.846,3.764,17.6,17,3.846,3.892,34.2,34
3114685,3.846,3.781,17.5,17,3.846,3.898,34.1,34
3114725,3.846,4.011,14.7,14,3.846,3.941,33.5,33
3114765,3.846,3.764,17.7,17,3.846,3.843,34.6,34
3114805,3.846,3.893,15.9,15,3.846,3.852,34.4,34
3114845,3.846,3.855,16.5,16,3.846,3.794,35.1,35
3114885,3.846,3.759,17.8,17,3.846,3.906,33.8,33
3114925,0.000,3.739,0.0,0,0.000,3.729,0.0,0
3114965,0.000,3.808,0.0,0,0.000,3.597,0.0,0
3115005,0.000,3.556,0.0,0,0.000,3.626,0.0,0
3115045,0.000,3.453,0.0,0,0.000,3.375,0.0,0
3115085,0.000,3.376,0.0,0,0.000,3.220,0.0,0
3115125,0.000,3.207,0.0,0,0.000,3.150,0.0,0
3115165,0.000,3.050,0.0,0,0.000,2.934,0.0,0
3115205,0.000,2.698,0.0,0,0.000,2.754,0.0,0
3115245,0.000,2.618,0.0,0,0.000,2.521,0.0,0
3115285,0.000,2.437,0.0,0,0.000,2.349,0.0,0
3115325,0.000,2.311,0.0,0,0.000,2.304,0.0,0
3115365,0.000,2.192,0.0,0,0.000,2.118,0.0,0
3115405,0.000,1.974,0.0,0,0.000,1.892,0.0,0
3115445,0.000,1.801,0.0,0,0.000,1.763,0.0,0
3115485,0.000,1.627,0.0,0,0.000,1.763,0.0,0
3115525,0.000,1.627,0.0,0,0.000,1.570,0.0,0
3115565,0.000,1.400,0.0,0,0.000,1.570,0.0,0
3115605,0.000,1.400,0.0,0,0.000,1.319,0.0,0
3115645,0.000,1.400,0.0,0,0.000,1.319,0.0,0
3115685,0.000,1.135,0.0,0,0.000,1.319,0.0,0
3115725,0.000,1.135,0.0,0,0.000,1.319,0.0,0
3115765,0.000,1.135,0.0,0,0.000,1.017,0.0,0
3115805,0.000,1.135,0.0,0,0.000,1.017,0.0,0
3115845,0.000,0.000,0.0,0,0.000,1.017,0.0,0
3115885,0.000,0.000,0.0,0,0.000,1.017,0.0,0
3115925,0.000,0.000,0.0,0,0.000,0.000,0.0,0
3115965,0.000,0.000,0.0,0,0.000,0.000,0.0,0
3116005,0.000,0.000,0.0,0,0.000,0.000,0.0,0
3116045,0.000,0.000,0.0,0,0.000,0.000,0.0,0
3116085,0.000,0.000,0.0,0,0.000,0.000,0.0,0
3116125,0.000,0.000,0.0,0,0.000,0.000,0.0,0
3116165,0.000,0.000,0.0,0,0.000,0.000,0.0,0
3116205,0.000,0.000,0.0,0,0.000,0.000,0.0,0
3116245,0.000,0.000,0.0,0,0.000,0.000,0.0,0
3116285,0.000,0.000,0.0,0,0.000,0.000,0.0,0
3116325,0.000,0.000,0.0,0,0.000,0.000,0.0,0
3116365,0.000,0.000,0.0,0,0.000,0.000,0.0,0
3116405,0.000,0.000,0.0,0,0.000,0.000,0.0,0
3116445,0.000,0.000,0.0,0,0.000,0.000,0.0,0
3116485,0.000,0.000,0.0,0,0.000,0.000,0.0,0
3116525,0.000,0.000,0.0,0,0.000,0.000,0.0,0
3116565,0.000,0.000,0.0,0,0.000,0.000,0.0,0
3116605,0.000,0.000,0.0,0,0.000,0.000,0.0,0
3116645,0.000,0.000,0.0,0,0.000,0.000,0.0,0
3116685,0.000,0.000,0.0,0,0.000,0.000,0.0,0
3116725,0.000,0.000,0.0,0,0.000,0.000,0.0,0
3116765,0.000,0.000,0.0,0,0.000,0.000,0.0,0
3116805,0.000,0.000,0.0,0,0.000,0.000,0.0,0
3116845,0.000,0.000,0.0,0,0.000,0.000,0.0,0
3116885,0.000,0.000,0.0,0,0.000,0.000,0.0,0
3116925,0.000,0.000,0.0,0,0.000,0.000,0.0,0
3116965,0.000,0.000,0.0,0,0.000,0.000,0.0,0
3117005,0.000,0.000,0.0,0,0.000,0.000,0.0,0
3117045,0.000,0.000,0.0,0,0.000,0.000,0.0,0
3117085,0.000,0.000,0.0,0,0.000,0.000,0.0,0
3117125,0.000,0.000,0.0,0,0.000,0.000,0.0,0
3117165,0.000,0.000,0.0,0,0.000,0.000,0.0,0
3117205,0.000,0.000,0.0,0,0.000,0.000,0.0,0
3117245,0.000,0.000,0.0,0,0.000,0.000,0.0,0
3117285,0.000,0.000,0.0,0,0.000,0.000,0.0,0
3117325,0.000,0.000,0.0,0,0.000,0.000,0.0,0
3117365,0.000,0.000,0.0,0,0.000,0.000,0.0,0
3117405,0.000,0.000,0.0,0,0.000,0.000,0.0,0
3117445,0.000,0.000,0.0,0,0.000,0.000,0.0,0
3117485,0.000,0.000,0.0,0,0.000,0.000,0.0,0
3117525,0.000,0.000,0.0,0,0.000,0.000,0.0,0
3117565,0.000,0.000,0.0,0,0.000,0.000,0.0,0
3117605,0.000,0.000,0.0,0,0.000,0.000,0.0,0
3117645,0.000,0.000,0.0,0,0.000,0.000,0.0,0
3117685,0.000,0.000,0.0,0,0.000,0.000,0.0,0
3117725,0.000,0.000,0.0,0,0.000,0.000,0.0,0
3117765,0.000,0.000,0.0,0,0.000,0.000,0.0,0
3117805,0.000,0.000,0.0,0,0.000,0.000,0.0,0
3117845,0.000,0.000,0.0,0,0.000,0.000,0.0,0
3117885,0.000,0.000,0.0,0,0.000,0.000,0.0,0
3117925,0.000,0.000,0.0,0,0.000,0.000,0.0,0
3117965,0.000,0.000,0.0,0,0.000,0.000,0.0,0
3118005,0.000,0.000,0.0,0,0.000,0.000,0.0,0
3118045,0.000,0.000,0.0,0,0.000,0.000,0.0,0
3118085,0.000,0.000,0.0,0,0.000,0.000,0.0,0
3118125,0.000,0.000,0.0,0,0.000,0.000,0.0,0
3118165,0.000,0.000,0.0,0,0.000,0.000,0.0,0
3118205,0.000,0.000,0.0,0,0.000,0.000,0.0,0
3118245,0.000,0.000,0.0,0,0.000,0.000,0.0,0
3118285,0.000,0.000,0.0,0,0.000,0.000,0.0,0
3118325,0.000,0.000,0.0,0,0.000,0.000,0.0,0
3118365,0.000,0.000,0.0,0,0.000,0.000,0.0,0
3118405,0.000,0.000,0.0,0,0.000,0.000,0.0,0
3118445,0.000,0.000,0.0,0,0.000,0.000,0.0,0
3118485,0.000,0.000,0.0,0,0.000,0.000,0.0,0
3118525,0.000,0.000,0.0,0,0.000,0.000,0.0,0
3118565,0.000,0.000,0.0,0,0.000,0.000,0.0,0
3118605,0.000,0.000,0.0,0,0.000,0.000,0.0,0
3118645,0.000,0.000,0.0,0,0.000,0.000,0.0,0
3118685,0.000,0.000,0.0,0,0.000,0.000,0.0,0
3118725,0.000,0.000,0.0,0,0.000,0.000,0.0,0
3118765,0.000,0.000,0.0,0,0.000,0.000,0.0,0
3118805,0.000,0.000,0.0,0,0.000,0.000,0.0,0
3118845,0.000,0.000,0.0,0,0.000,0.000,0.0,0
3118885,0.000,0.000,0.0,0,0.000,0.000,0.0,0
3118925,0.000,0.000,0.0,0,0.000,0.000,0.0,0
3118965,0.000,0.000,0.0,0,0.000,0.000,0.0,0
3119005,0.000,0.000,0.0,0,0.000,0.000,0.0,0
3119045,0.000,0.000,0.0,0,0.000,0.000,0.0,0
3119085,0.000,0.000,0.0,0,0.000,0.000,0.0,0
3119125,0.000,0.000,0.0,0,0.000,0.000,0.0,0
3119165,0.000,0.000,0.0,0,0.000,0.000,0.0,0
3119205,0.000,0.000,0.0,0,0.000,0.000,0.0,0
3119245,0.000,0.000,0.0,0,0.000,0.000,0.0,0
3119285,0.000,0.000,0.0,0,0.000,0.000,0.0,0
3119325,0.000,0.000,0.0,0,0.000,0.000,0.0,0
3119365,0.000,0.000,0.0,0,0.000,0.000,0.0,0
3119405,0.000,0.000,0.0,0,0.000,0.000,0.0,0
3119445,0.000,0.000,0.0,0,0.000,0.000,0.0,0
3119485,0.000,0.000,0.0,0,0.000,0.000,0.0,0
3119525,0.000,0.000,0.0,0,0.000,0.000,0.0,0
3119565,0.000,0.000,0.0,0,0.000,0.000,0.0,0
3119605,0.000,0.000,0.0,0,0.000,0.000,0.0,0
3119645,0.000,0.000,0.0,0,0.000,0.000,0.0,0
3119685,0.000,0.000,0.0,0,0.000,0.000,0.0,0
3119725,0.000,0.000,0.0,0,0.000,0.000,0.0,0
3119765,0.000,0.000,0.0,0,0.000,0.000,0.0,0
3119805,0.000,0.000,0.0,0,0.000,0.000,0.0,0
3119845,0.000,0.000,0.0,0,0.000,0.000,0.0,0
3119885,0.000,0.000,0.0,0,0.000,0.000,0.0,0
3119925,0.000,0.000,0.0,0,0.000,0.000,0.0,0
3119965,0.000,0.000,0.0,0,0.000,0.000,0.0,0
3120005,0.000,0.000,0.0,0,0.000,0.000,0.0,0
3120045,0.000,0.000,0.0,0,0.000,0.000,0.0,0
3120085,0.000,0.000,0.0,0,0.000,0.000,0.0,0
3120125,0.000,0.000,0.0,0,0.000,0.000,0.0,0
3120165,0.000,0.000,0.0,0,0.000,0.000,0.0,0
3120205,0.000,0.000,0.0,0,0.000,0.000,0.0,0
3120245,0.000,0.000,0.0,0,0.000,0.000,0.0,0
3120285,0.000,0.000,0.0,0,0.000,0.000,0.0,0
3120325,0.000,0.000,0.0,0,0.000,0.000,0.0,0
3120365,0.000,0.000,0.0,0,0.000,0.000,0.0,0
3120405,0.000,0.000,0.0,0,0.000,0.000,0.0,0
3120445,0.000,0.000,0.0,0,0.000,0.000,0.0,0
3120485,0.000,0.000,0.0,0,0.000,0.000,0.0,0
3120525,0.000,0.000,0.0,0,0.000,0.000,0.0,0
3120565,0.000,0.000,0.0,0,0.000,0.000,0.0,0
3120605,0.000,0.000,0.0,0,0.000,0.000,0.0,0
3120645,0.000,0.000,0.0,0,0.000,0.000,0.0,0
3120685,0.000,0.000,0.0,0,0.000,0.000,0.0,0
3120725,0.000,0.000,0.0,0,0.000,0.000,0.0,0
3120765,0.000,0.000,0.0,0,0.000,0.000,0.0,0
3120805,0.000,0.000,0.0,0,0.000,0.000,0.0,0
3120845,0.000,0.000,0.0,0,0.000,0.000,0.0,0
3120885,0.000,0.000,0.0,0,0.000,0.000,0.0,0
3120925,0.000,0.000,0.0,0,0.000,0.000,0.0,0
3120965,0.000,0.000,0.0,0,0.000,0.000,0.0,0
3121005,0.000,0.000,0.0,0,0.000,0.000,0.0,0
3121045,0.000,0.000,0.0,0,0.000,0.000,0.0,0
3121085,0.000,0.000,0.0,0,0.000,0.000,0.0,0
3121125,0.000,0.000,0.0,0,0.000,0.000,0.0,0
3121165,0.000,0.000,0.0,0,0.000,0.000,0.0,0
3121205,0.000,0.000,0.0,0,0.000,0.000,0.0,0
3121245,0.000,0.000,0.0,0,0.000,0.000,0.0,0
3121285,0.000,0.000,0.0,0,0.000,0.000,0.0,0
3121325,0.000,0.000,0.0,0,0.000,0.000,0.0,0
3121365,0.000,0.000,0.0,0,0.000,0.000,0.0,0
3121405,0.000,0.000,0.0,0,0.000,0.000,0.0,0
3121445,0.000,0.000,0.0,0,0.000,0.000,0.0,0
3121485,0.000,0.000,0.0,0,0.000,0.000,0.0,0
3121525,0.000,0.000,0.0,0,0.000,0.000,0.0,0
3121565,0.000,0.000,0.0,0,0.000,0.000,0.0,0
3121605,0.000,0.000,0.0,0,0.000,0.000,0.0,0
3121645,0.000,0.000,0.0,0,0.000,0.000,0.0,0
3121685,0.000,0.000,0.0,0,0.000,0.000,0.0,0
3121725,0.000,0.000,0.0,0,0.000,0.000,0.0,0
3121765,0.000,0.000,0.0,0,0.000,0.000,0.0,0
3121805,0.000,0.000,0.0,0,0.000,0.000,0.0,0
3121845,0.000,0.000,0.0,0,0.000,0.000,0.0,0
3121885,0.000,0.000,0.0,0,0.000,0.000,0.0,0
3121925,0.000,0.000,0.0,0,0.000,0.000,0.0,0
3121965,0.000,0.000,0.0,0,0.000,0.000,0.0,0
3122005,0.000,0.000,0.0,0,0.000,0.000,0.0,0
3122045,0.000,0.000,0.0,0,0.000,0.000,0.0,0
3122085,0.000,0.000,0.0,0,0.000,0.000,0.0,0
3122125,-3.846,-0.000,-52.3,-24,-3.846,-0.000,-52.3,-24
3122165,-3.846,-0.000,-58.5,-48,-3.846,-0.004,-58.4,-48
3122205,-3.846,-0.004,-64.6,-64,-3.846,-0.319,-60.5,-60
3122245,-3.846,-1.265,-54.1,-54,-3.846,-0.981,-57.7,-57
3122285,-3.846,-2.552,-41.2,-41,-3.846,-2.467,-42.6,-42
3122325,-3.846,-3.286,-33.6,-33,-3.846,-3.078,-36.8,-36
3122365,-3.846,-3.714,-28.8,-28,-3.846,-3.574,-31.3,-31
3122405,-3.846,-4.067,-24.3,-24,-3.846,-3.843,-28.2,-28
3122445,-3.846,-4.429,-19.1,-19,-3.846,-4.272,-22.6,-22
3122485,-3.846,-4.449,-17.8,-17,-3.846,-4.352,-20.9,-20
3122525,-3.846,-4.378,-17.8,-17,-3.846,-4.096,-23.5,-23
3122565,-3.846,-4.164,-19.9,-19,-3.846,-4.179,-21.9,-21
3122605,-3.846,-3.806,-24.1,-24,-3.846,-3.960,-24.2,-24
3122645,-3.846,-3.916,-22.7,-22,-3.846,-3.655,-28.1,-28
3122685,-3.846,-3.979,-21.9,-21,-3.846,-3.360,-32.3,-32
3122725,-3.846,-3.873,-23.1,-23,-3.846,-3.727,-28.3,-28
3122765,-3.846,-3.851,-23.1,-23,-3.846,-4.283,-21.1,-21
3122805,-3.846,-3.780,-24.2,-24,-3.846,-4.277,-20.5,-20
3122845,-3.846,-3.397,-29.4,-29,-3.846,-3.826,-25.8,-25
3122885,-3.846,-3.502,-28.6,-28,-3.846,-3.403,-31.4,-31
3122925,-3.846,-3.563,-28.5,-28,-3.846,-3.399,-32.2,-32
3122965,-3.846,-3.484,-29.9,-29,-3.846,-3.307,-34.2,-34
3123005,-3.846,-3.647,-28.2,-28,-3.846,-3.349,-34.5,-34
3123045,-3.846,-3.566,-29.8,-29,-3.846,-3.371,-35.0,-35
3123085,-3.846,-3.536,-30.6,-30,-3.846,-3.728,-31.2,-31
3123125,-3.846,-3.810,-27.4,-27,-3.846,-4.186,-25.3,-25
3123165,-3.846,-4.148,-22.9,-22,-3.846,-4.276,-23.4,-23
3123205,-3.846,-4.105,-23.1,-23,-3.846,-4.198,-23.7,-23
3123245,-3.846,-3.982,-24.4,-24,-3.846,-3.961,-26.3,-26
3123285,-3.846,-3.777,-26.8,-26,-3.846,-3.819,-28.0,-27
3123325,-3.846,-3.848,-26.0,-25,-3.846,-3.580,-31.2,-31
3123365,-3.846,-3.882,-25.6,-25,-3.846,-3.669,-30.4,-30
3123405,-3.846,-3.856,-25.9,-25,-3.846,-3.802,-29.0,-28
3123445,-3.846,-3.739,-27.4,-27,-3.846,-3.693,-30.5,-30
3123485,-3.846,-3.770,-27.2,-27,-3.846,-3.839,-28.7,-28
3123525,-3.846,-3.879,-25.9,-25,-3.846,-3.825,-29.0,-28
3123565,-3.846,-3.986,-24.5,-24,-3.846,-3.993,-27.0,-26
3123605,-3.846,-4.018,-23.8,-23,-3.846,-3.809,-29.1,-29
3123645,-3.846,-4.004,-23.7,-23,-3.846,-3.937,-27.3,-27
3123685,-3.846,-3.926,-24.5,-24,-3.846,-3.824,-28.8,-28
3123725,-3.846,-3.787,-26.2,-26,-3.846,-3.761,-29.6,-29
3123765,-3.846,-3.759,-26.7,-26,-3.846,-3.605,-31.8,-31
3123805,-3.846,-3.834,-25.8,-25,-3.846,-3.840,-29.0,-29
3123845,-3.846,-3.964,-24.1,-24,-3.846,-3.851,-29.0,-28
3123885,-3.846,-3.930,-24.4,-24,-3.846,-3.806,-29.5,-29
3123925,-3.846,-3.857,-25.3,-25,-3.846,-3.733,-30.4,-30
3123965,-3.846,-3.793,-26.1,-26,-3.846,-3.872,-28.9,-28
3124005,-3.846,-3.886,-24.9,-24,-3.846,-3.742,-30.5,-30
3124045,-3.846,-3.932,-24.3,-24,-3.846,-3.860,-29.1,-29
3124085,-3.846,-3.964,-23.8,-23,-3.846,-3.865,-29.0,-29
3124125,-3.846,-3.778,-26.1,-26,-3.846,-3.815,-29.6,-29
3124165,-3.846,-3.832,-25.4,-25,-3.846,-3.608,-32.4,-32
3124205,-3.846,-3.842,-25.4,-25,-3.846,-3.755,-30.8,-30
3124245,-3.846,-3.831,-25.6,-25,-3.846,-3.787,-30.6,-30
3124285,-3.846,-3.784,-26.2,-26,-3.846,-3.743,-31.2,-31
3124325,-3.846,-3.981,-23.7,-23,-3.846,-3.839,-30.0,-30
3124365,-3.846,-3.795,-25.9,-25,-3.846,-3.869,-29.6,-29
3124405,-3.846,-3.875,-24.8,-24,-3.846,-3.840,-30.0,-30
3124445,-3.846,-3.806,-25.6,-25,-3.846,-3.740,-31.4,-31
3124485,-3.846,-3.903,-24.5,-24,-3.846,-3.792,-30.8,-30
3124525,-3.846,-3.659,-27.6,-27,-3.846,-3.963,-28.7,-28
3124565,-3.846,-3.856,-25.3,-25,-3.846,-4.171,-25.6,-25
3124605,-3.846,-3.849,-25.5,-25,-3.846,-3.956,-28.0,-27
3124645,-3.846,-3.888,-25.1,-25,-3.846,-3.920,-28.2,-28
3124685,-3.846,-3.757,-26.7,-26,-3.846,-3.806,-29.6,-29
3124725,-3.846,-3.843,-25.6,-25,-3.846,-3.819,-29.5,-29
3124765,-3.846,-3.815,-26.1,-26,-3.846,-3.713,-31.0,-30
3124805,-3.846,-3.636,-28.4,-28,-3.846,-3.639,-32.1,-32
3124845,-3.846,-3.640,-28.7,-28,-3.846,-3.717,-31.4,-31
3124885,-3.846,-3.807,-26.7,-26,-3.846,-3.716,-31.7,-31
3124925,-3.846,-3.896,-25.7,-25,-3.846,-3.758,-31.4,-31
3124965,-3.846,-3.822,-26.6,-26,-3.846,-3.689,-32.4,-32
3125005,-3.846,-3.825,-26.5,-26,-3.846,-3.811,-31.0,-30
3125045,-3.846,-3.922,-25.2,-25,-3.846,-3.908,-29.8,-29
3125085,-3.846,-3.966,-24.5,-24,-3.846,-3.905,-29.8,-29
3125125,-3.846,-3.902,-25.2,-25,-3.846,-3.778,-31.4,-31
3125165,-3.846,-3.935,-24.6,-24,-3.846,-3.907,-29.7,-29
3125205,-3.846,-3.949,-24.3,-24,-3.846,-3.933,-29.4,-29
3125245,-3.846,-3.938,-24.3,-24,-3.846,-3.679,-32.5,-32
3125285,-3.846,-3.813,-25.8,-25,-3.846,-3.769,-31.5,-31
3125325,-3.846,-3.850,-25.4,-25,-3.846,-3.770,-31.6,-31
3125365,-3.846,-3.866,-25.1,-25,-3.846,-3.870,-30.6,-30
3125405,-3.846,-3.942,-24.1,-24,-3.846,-3.754,-32.0,-32
3125445,-3.846,-3.862,-25.0,-25,-3.846,-3.918,-30.0,-29
3125485,-3.846,-3.858,-25.1,-25,-3.846,-3.806,-31.4,-31
3125525,-3.846,-3.789,-25.9,-25,-3.846,-3.753,-32.3,-32
3125565,-3.846,-3.877,-24.8,-24,-3.846,-3.759,-32.2,-32
3125605,-3.846,-3.894,-24.6,-24,-3.846,-3.889,-30.7,-30
3125645,-3.846,-3.854,-25.1,-25,-3.846,-3.677,-33.5,-33
3125685,-3.846,-3.743,-26.5,-26,-3.846,-3.721,-33.0,-33
3125725,-3.846,-3.849,-25.2,-25,-3.846,-3.756,-32.8,-32
3125765,-3.846,-3.976,-23.6,-23,-3.846,-3.884,-31.4,-31
3125805,-3.846,-3.927,-24.1,-24,-3.846,-3.754,-32.9,-32
3125845,-3.846,-3.765,-26.1,-26,-3.846,-3.922,-30.8,-30
3125885,-3.846,-3.888,-24.5,-24,-3.846,-3.860,-31.6,-31
3125925,-3.846,-3.805,-25.6,-25,-3.846,-3.771,-32.7,-32
3125965,-3.846,-3.738,-26.5,-26,-3.846,-3.654,-34.4,-34
3126005,-3.846,-3.794,-26.0,-25,-3.846,-3.752,-33.3,-33
3126045,-3.846,-3.999,-23.5,-23,-3.846,-3.810,-32.8,-32
3126085,-3.846,-3.745,-26.6,-26,-3.846,-3.742,-33.7,-33
3126125,-3.846,-3.876,-24.9,-24,-3.846,-3.766,-33.6,-33
3126165,-3.846,-3.831,-25.6,-25,-3.846,-3.729,-34.1,-34
3126205,-3.846,-3.854,-25.2,-25,-3.846,-3.839,-32.9,-32
3126245,-3.846,-3.751,-26.5,-26,-3.846,-3.802,-33.4,-33
3126285,-3.846,-3.946,-24.0,-23,-3.846,-3.789,-33.6,-33
3126325,-3.846,-3.865,-25.0,-25,-3.846,-3.843,-33.0,-32
3126365,-3.846,-3.686,-27.3,-27,-3.846,-3.747,-34.3,-34
3126405,-3.846,-3.799,-26.1,-26,-3.846,-3.727,-34.8,-34
3126445,-3.846,-3.825,-25.8,-25,-3.846,-3.741,-34.8,-34
3126485,-3.846,-3.902,-24.9,-24,-3.846,-3.885,-33.0,-33
3126525,-3.846,-3.819,-25.9,-25,-3.846,-3.896,-32.9,-32
3126565,-3.846,-3.913,-24.6,-24,-3.846,-3.910,-32.6,-32
3126605,-3.846,-3.892,-24.8,-24,-3.846,-3.786,-34.2,-34
3126645,-3.846,-3.949,-24.1,-24,-3.846,-3.868,-33.1,-33
3126685,-3.846,-3.850,-25.2,-25,-3.846,-3.935,-32.3,-32
3126725,-3.846,-3.881,-24.7,-24,-3.846,-3.899,-32.6,-32
3126765,-3.846,-3.837,-25.2,-25,-3.846,-3.726,-34.8,-34
3126805,-3.846,-3.876,-24.8,-24,-3.846,-3.849,-33.3,-33
3126845,-3.846,-3.846,-25.1,-25,-3.846,-3.959,-31.9,-31
3126885,-3.846,-3.925,-24.0,-24,-3.846,-3.952,-31.9,-31
3126925,-3.846,-4.003,-22.8,-22,-3.846,-3.861,-32.9,-32
3126965,-3.846,-4.105,-21.3,-21,-3.846,-4.075,-29.9,-29
3127005,-3.846,-4.053,-21.6,-21,-3.846,-3.995,-30.7,-30
3127045,-3.846,-3.934,-22.8,-22,-3.846,-3.943,-31.3,-31
3127085,-3.846,-3.849,-23.8,-23,-3.846,-3.773,-33.3,-33
3127125,-3.846,-3.913,-22.9,-22,-3.846,-3.911,-31.6,-31
3127165,-3.846,-3.919,-22.8,-22,-3.846,-3.848,-32.4,-32
3127205,-3.846,-3.973,-22.0,-22,-3.846,-3.861,-32.2,-32
3127245,-3.846,-3.883,-23.0,-22,-3.846,-3.912,-31.4,-31
3127285,-3.846,-3.982,-21.5,-21,-3.846,-3.973,-30.6,-30
3127325,-3.846,-3.931,-22.0,-21,-3.846,-3.781,-32.9,-32
3127365,-3.846,-4.026,-20.7,-20,-3.846,-3.763,-33.2,-33
3127405,-3.846,-3.820,-23.1,-23,-3.846,-3.910,-31.3,-31
3127445,-3.846,-3.878,-22.3,-22,-3.846,-3.866,-31.9,-31
3127485,-3.846,-3.809,-23.2,-23,-3.846,-3.649,-34.7,-34
3127525,-3.846,-3.764,-23.9,-23,-3.846,-3.726,-33.9,-33
3127565,-3.846,-3.761,-24.0,-23,-3.846,-3.768,-33.7,-33
3127605,-3.846,-4.062,-20.3,-20,-3.846,-3.883,-32.3,-32
3127645,0.000,-3.989,0.0,0,0.000,-3.842,0.0,0
3127685,0.000,-3.647,0.0,0,0.000,-3.816,0.0,0
3127725,0.000,-3.593,0.0,0,0.000,-3.645,0.0,0
3127765,0.000,-3.390,0.0,0,0.000,-3.354,0.0,0
3127805,0.000,-3.379,0.0,0,0.000,-3.150,0.0,0
3127845,0.000,-3.208,0.0,0,0.000,-3.078,0.0,0
3127885,0.000,-2.909,0.0,0,0.000,-2.912,0.0,0
3127925,0.000,-2.873,0.0,0,0.000,-2.798,0.0,0
3127965,0.000,-2.734,0.0,0,0.000,-2.530,0.0,0
3128005,0.000,-2.399,0.0,0,0.000,-2.405,0.0,0
3128045,0.000,-2.260,0.0,0,0.000,-2.308,0.0,0
3128085,0.000,-2.100,0.0,0,0.000,-2.142,0.0,0
3128125,0.000,-2.029,0.0,0,0.000,-2.032,0.0,0
3128165,0.000,-1.838,0.0,0,0.000,-1.882,0.0,0
3128205,0.000,-1.838,0.0,0,0.000,-1.633,0.0,0
3128245,0.000,-1.568,0.0,0,0.000,-1.633,0.0,0
3128285,0.000,-1.568,0.0,0,0.000,-1.413,0.0,0
3128325,0.000,-1.380,0.0,0,0.000,-1.413,0.0,0
3128365,0.000,-1.380,0.0,0,0.000,-1.178,0.0,0
3128405,0.000,-1.380,0.0,0,0.000,-1.178,0.0,0
3128445,0.000,-1.078,0.0,0,0.000,-1.178,0.0,0
3128485,0.000,-1.078,0.0,0,0.000,-1.178,0.0,0
3128525,0.000,-1.078,0.0,0,0.000,-0.000,0.0,0
3128565,0.000,-1.078,0.0,0,0.000,-0.000,0.0,0
3128605,0.000,-0.141,0.0,0,0.000,-0.000,0.0,0
3128645,0.000,-0.141,0.0,0,0.000,-0.000,0.0,0
3128685,0.000,-0.141,0.0,0,0.000,-0.000,0.0,0
3128725,0.000,-0.141,0.0,0,0.000,-0.000,0.0,0
3128765,0.000,-0.000,0.0,0,0.000,-0.000,0.0,0
3128805,0.000,-0.000,0.0,0,0.000,-0.000,0.0,0
3128845,0.000,-0.000,0.0,0,0.000,-0.000,0.0,0
3128885,0.000,-0.000,0.0,0,0.000,-0.000,0.0,0
3128925,0.000,-0.000,0.0,0,0.000,-0.000,0.0,0
3128965,0.000,-0.000,0.0,0,0.000,-0.000,0.0,0
3129005,0.000,-0.000,0.0,0,0.000,-0.000,0.0,0
3129045,0.000,-0.000,0.0,0,0.000,-0.000,0.0,0
3129085,0.000,-0.000,0.0,0,0.000,-0.000,0.0,0
3129125,0.000,-0.000,0.0,0,0.000,-0.000,0.0,0
3129165,0.000,-0.000,0.0,0,0.000,-0.000,0.0,0
3129205,0.000,-0.000,0.0,0,0.000,-0.000,0.0,0
3129245,0.000,-0.000,0.0,0,0.000,-0.000,0.0,0
3129285,0.000,-0.000,0.0,0,0.000,-0.000,0.0,0
3129325,0.000,-0.000,0.0,0,0.000,-0.000,0.0,0
3129365,0.000,-0.000,0.0,0,0.000,-0.000,0.0,0
3129405,0.000,-0.000,0.0,0,0.000,-0.000,0.0,0
3129445,0.000,-0.000,0.0,0,0.000,-0.000,0.0,0
3129485,0.000,-0.000,0.0,0,0.000,-0.000,0.0,0
3129525,0.000,-0.000,0.0,0,0.000,-0.022,0.0,0
3129565,0.000,-0.025,0.0,0,0.000,-0.022,0.0,0
3129605,0.000,-0.025,0.0,0,0.000,-0.291,0.0,0
3129645,0.000,-0.025,0.0,0,0.000,-0.563,0.0,0
3129685,0.000,-0.025,0.0,0,0.000,-0.563,0.0,0
3129725,0.000,-0.211,0.0,0,0.000,-0.786,0.0,0
3129765,0.000,-0.211,0.0,0,0.000,-1.000,0.0,0
3129805,0.000,-0.454,0.0,0,0.000,-1.141,0.0,0
3129845,0.000,-0.454,0.0,0,0.000,-1.141,0.0,0
3129885,0.000,-0.596,0.0,0,0.000,-1.207,0.0,0
3129925,0.000,-0.596,0.0,0,0.000,-1.303,0.0,0
3129965,0.000,-0.612,0.0,0,0.000,-1.337,0.0,0
3130005,0.000,-0.612,0.0,0,0.000,-1.339,0.0,0
3130045,0.000,-0.612,0.0,0,0.000,-1.426,0.0,0
3130085,0.000,-0.612,0.0,0,0.000,-1.461,0.0,0
3130125,0.000,-0.000,0.0,0,0.000,-1.461,0.0,0
3130165,0.000,-0.000,0.0,0,0.000,-1.646,0.0,0
3130205,0.000,-0.000,0.0,0,0.000,-1.693,0.0,0
3130245,0.000,-0.000,0.0,0,0.000,-1.684,0.0,0
3130285,0.000,-0.000,0.0,0,0.000,-1.759,0.0,0
3130325,0.000,-0.000,0.0,0,0.000,-1.731,0.0,0
3130365,0.000,-0.000,0.0,0,0.000,-1.731,0.0,0
3130405,0.000,-0.058,0.0,0,0.000,-1.628,0.0,0
3130445,0.000,-0.058,0.0,0,0.000,-1.630,0.0,0
3130485,0.000,-0.280,0.0,0,0.000,-1.508,0.0,0
3130525,0.000,-0.280,0.0,0,0.000,-1.508,0.0,0
3130565,0.000,-0.501,0.0,0,0.000,-1.287,0.0,0
3130605,0.000,-0.785,0.0,0,0.000,-1.287,0.0,0
3130645,0.000,-0.785,0.0,0,0.000,-1.106,0.0,0
3130685,0.000,-1.032,0.0,0,0.000,-1.106,0.0,0
3130725,0.000,-1.497,0.0,0,0.000,-1.106,0.0,0
3130765,0.000,-1.651,0.0,0,0.000,-1.106,0.0,0
3130805,0.000,-1.751,0.0,0,0.000,-0.000,0.0,0
3130845,0.000,-1.866,0.0,0,0.000,-0.000,0.0,0
3130885,0.000,-1.867,0.0,0,0.000,-0.000,0.0,0
3130925,0.000,-1.842,0.0,0,0.000,-0.000,0.0,0
3130965,0.000,-1.849,0.0,0,0.000,-0.000,0.0,0
3131005,0.000,-1.765,0.0,0,0.000,-0.071,0.0,0
3131045,0.000,-1.644,0.0,0,0.000,-0.435,0.0,0
3131085,0.000,-1.644,0.0,0,0.000,-0.435,0.0,0
3131125,0.000,-1.470,0.0,0,0.000,-0.709,0.0,0
3131165,0.000,-1.470,0.0,0,0.000,-0.986,0.0,0
3131205,0.000,-1.470,0.0,0,0.000,-1.220,0.0,0
3131245,0.000,-1.470,0.0,0,0.000,-1.180,0.0,0
3131285,0.000,-0.000,0.0,0,0.000,-1.180,0.0,0
3131325,0.000,-0.000,0.0,0,0.000,-1.180,0.0,0
3131365,0.000,-0.000,0.0,0,0.000,-1.180,0.0,0
3131405,0.000,-0.000,0.0,0,0.000,-0.000,0.0,0
3131445,0.000,-0.000,0.0,0,0.000,-0.000,0.0,0
3131485,0.000,-0.000,0.0,0,0.000,-0.000,0.0,0
3131525,0.000,-0.000,0.0,0,0.000,-0.000,0.0,0
3131565,0.000,-0.054,0.0,0,0.000,-0.000,0.0,0
3131605,0.000,-0.653,0.0,0,0.000,-0.000,0.0,0
3131645,0.000,-0.653,0.0,0,0.000,-0.000,0.0,0
3131685,0.000,-0.653,0.0,0,0.000,-0.000,0.0,0
3131725,0.000,-0.653,0.0,0,0.000,-0.000,0.0,0
3131765,0.000,-0.000,0.0,0,0.000,-0.000,0.0,0
3131805,0.000,-0.000,0.0,0,0.000,-0.000,0.0,0
3131845,0.000,-0.000,0.0,0,0.000,-0.000,0.0,0
3131885,0.000,-0.000,0.0,0,0.000,-0.000,0.0,0
3131925,0.000,-0.000,0.0,0,0.000,-0.000,0.0,0
3131965,0.000,-0.000,0.0,0,0.000,-0.000,0.0,0
3132005,0.000,-0.000,0.0,0,0.000,-0.000,0.0,0
3132045,0.000,-0.000,0.0,0,0.000,-0.000,0.0,0
3132085,0.000,-0.000,0.0,0,0.000,-0.000,0.0,0
3132125,0.000,-0.000,0.0,0,0.000,-0.000,0.0,0
3132165,0.000,-0.000,0.0,0,0.000,-0.000,0.0,0
3132205,0.000,-0.000,0.0,0,0.000,-0.000,0.0,0
3132245,0.000,-0.000,0.0,0,0.000,-0.000,0.0,0
3132285,0.000,-0.000,0.0,0,0.000,-0.000,0.0,0
3132325,0.000,-0.000,0.0,0,0.000,-0.000,0.0,0
3132365,0.000,-0.000,0.0,0,0.000,-0.000,0.0,0
3132405,0.000,-0.000,0.0,0,0.000,-0.000,0.0,0
3132445,0.000,-0.000,0.0,0,0.000,-0.000,0.0,0
3132485,0.000,-0.000,0.0,0,0.000,-0.000,0.0,0
3132525,0.000,-0.000,0.0,0,0.000,-0.000,0.0,0
3132565,0.000,-0.000,0.0,0,0.000,-0.000,0.0,0
3132605,0.000,-0.000,0.0,0,0.000,-0.000,0.0,0
3132645,0.000,-0.000,0.0,0,0.000,-0.000,0.0,0
3132685,0.000,-0.000,0.0,0,0.000,-0.000,0.0,0
3132725,0.000,-0.000,0.0,0,0.000,-0.000,0.0,0
3132765,0.000,-0.000,0.0,0,0.000,-0.000,0.0,0
3132805,0.000,-0.000,0.0,0,0.000,-0.000,0.0,0
3132845,0.000,-0.000,0.0,0,0.000,-0.000,0.0,0
3132885,0.000,-0.000,0.0,0,0.000,-0.000,0.0,0
3132925,0.000,-0.000,0.0,0,0.000,-0.000,0.0,0
3132965,0.000,-0.000,0.0,0,0.000,-0.000,0.0,0
3133005,0.000,-0.000,0.0,0,0.000,-0.000,0.0,0
3133045,0.000,-0.000,0.0,0,0.000,-0.000,0.0,0
3133085,0.000,-0.000,0.0,0,0.000,-0.000,0.0,0
3133125,0.000,-0.000,0.0,0,0.000,-0.000,0.0,0
3133165,0.000,-0.000,0.0,0,0.000,-0.000,0.0,0
3133205,0.000,-0.000,0.0,0,0.000,-0.000,0.0,0
3133245,0.000,-0.000,0.0,0,0.000,-0.000,0.0,0
3133285,0.000,-0.000,0.0,0,0.000,-0.000,0.0,0
3133325,0.000,-0.000,0.0,0,0.000,-0.000,0.0,0
3133365,0.000,-0.000,0.0,0,0.000,-0.000,0.0,0
3133405,0.000,-0.000,0.0,0,0.000,-0.000,0.0,0
3133445,0.000,-0.000,0.0,0,0.000,-0.000,0.0,0
3133485,0.000,-0.000,0.0,0,0.000,-0.000,0.0,0
3133525,0.000,-0.000,0.0,0,0.000,-0.000,0.0,0
3133565,0.000,-0.000,0.0,0,0.000,-0.000,0.0,0
3133605,0.000,-0.000,0.0,0,0.000,-0.000,0.0,0
3133645,0.000,-0.000,0.0,0,0.000,-0.000,0.0,0
3133685,0.000,-0.000,0.0,0,0.000,-0.000,0.0,0
3133725,0.000,-0.000,0.0,0,0.000,-0.000,0.0,0
3133765,0.000,-0.000,0.0,0,0.000,-0.000,0.0,0
3133805,0.000,-0.000,0.0,0,0.000,-0.000,0.0,0
3133845,0.000,-0.000,0.0,0,0.000,-0.000,0.0,0
3133885,0.000,-0.000,0.0,0,0.000,-0.000,0.0,0
3133925,0.000,-0.000,0.0,0,0.000,-0.000,0.0,0
3133965,0.000,-0.000,0.0,0,0.000,-0.000,0.0,0
3134005,0.000,-0.000,0.0,0,0.000,-0.000,0.0,0
3134045,0.000,-0.000,0.0,0,0.000,-0.000,0.0,0
3134085,0.000,-0.000,0.0,0,0.000,-0.000,0.0,0
3134125,0.000,-0.000,0.0,0,0.000,-0.000,0.0,0
3134165,0.000,-0.000,0.0,0,0.000,-0.000,0.0,0
3134205,0.000,-0.000,0.0,0,0.000,-0.000,0.0,0
3134245,0.000,-0.000,0.0,0,0.000,-0.000,0.0,0
3134285,0.000,-0.000,0.0,0,0.000,-0.000,0.0,0
3134325,0.000,-0.000,0.0,0,0.000,-0.000,0.0,0
3134365,0.000,-0.000,0.0,0,0.000,-0.000,0.0,0
3134405,0.000,-0.000,0.0,0,0.000,-0.000,0.0,0
3134445,0.000,-0.000,0.0,0,0.000,-0.000,0.0,0
3134485,0.000,-0.000,0.0,0,0.000,-0.000,0.0,0
3134525,0.000,-0.000,0.0,0,0.000,-0.000,0.0,0
3134565,0.000,-0.000,0.0,0,0.000,-0.000,0.0,0
3134605,0.000,-0.000,0.0,0,0.000,-0.000,0.0,0
3134645,0.000,-0.000,0.0,0,0.000,-0.000,0.0,0
3134685,0.000,-0.000,0.0,0,0.000,-0.000,0.0,0
3134725,0.000,-0.000,0.0,0,0.000,-0.000,0.0,0
3134765,0.000,-0.000,0.0,0,0.000,-0.000,0.0,0
3134805,0.000,-0.000,0.0,0,0.000,-0.000,0.0,0
3134845,0.000,-0.000,0.0,0,0.000,-0.000,0.0,0
3134885,0.000,-0.000,0.0,0,0.000,-0.000,0.0,0
3134925,0.000,-0.000,0.0,0,0.000,-0.000,0.0,0
3134965,0.000,-0.000,0.0,0,0.000,-0.000,0.0,0
3135005,0.000,-0.000,0.0,0,0.000,-0.000,0.0,0
3135045,0.000,-0.000,0.0,0,0.000,-0.000,0.0,0
3135085,0.000,-0.000,0.0,0,0.000,-0.000,0.0,0
3135125,0.000,-0.000,0.0,0,0.000,-0.000,0.0,0
3135165,0.000,-0.000,0.0,0,0.000,-0.000,0.0,0
3135205,0.000,-0.000,0.0,0,0.000,-0.000,0.0,0
3135245,0.000,-0.000,0.0,0,0.000,-0.000,0.0,0
3135285,0.000,-0.000,0.0,0,0.000,-0.000,0.0,0
3135325,0.000,-0.000,0.0,0,0.000,-0.000,0.0,0
3135365,0.000,-0.000,0.0,0,0.000,-0.000,0.0,0
3135405,0.000,-0.000,0.0,0,0.000,-0.000,0.0,0
3135445,0.000,-0.000,0.0,0,0.000,-0.000,0.0,0
3135485,0.000,-0.000,0.0,0,0.000,-0.000,0.0,0
3135525,0.000,-0.000,0.0,0,0.000,-0.000,0.0,0
3135565,0.000,-0.000,0.0,0,0.000,-0.000,0.0,0
3135605,0.000,-0.000,0.0,0,0.000,-0.000,0.0,0
3135645,0.000,-0.000,0.0,0,0.000,-0.000,0.0,0
3135685,0.000,-0.000,0.0,0,0.000,-0.000,0.0,0
3135725,0.000,-0.000,0.0,0,0.000,-0.000,0.0,0
3135765,0.000,-0.000,0.0,0,0.000,-0.000,0.0,0
3135805,0.000,-0.000,0.0,0,0.000,-0.000,0.0,0
3135845,0.000,-0.000,0.0,0,0.000,-0.000,0.0,0
3135885,0.000,-0.000,0.0,0,0.000,-0.000,0.0,0
3135925,0.000,-0.000,0.0,0,0.000,-0.000,0.0,0
3135965,0.000,-0.000,0.0,0,0.000,-0.000,0.0,0
3136005,0.000,-0.000,0.0,0,0.000,-0.000,0.0,0
3136045,0.000,-0.000,0.0,0,0.000,-0.000,0.0,0
3136085,0.000,-0.000,0.0,0,0.000,-0.000,0.0,0
3136125,0.000,-0.000,0.0,0,0.000,-0.000,0.0,0
3136165,0.000,-0.000,0.0,0,0.000,-0.000,0.0,0
3136205,0.000,-0.000,0.0,0,0.000,-0.000,0.0,0
3136245,0.000,-0.000,0.0,0,0.000,-0.000,0.0,0
3136285,0.000,-0.000,0.0,0,0.000,-0.000,0.0,0
3136325,0.000,-0.000,0.0,0,0.000,-0.000,0.0,0
3136365,0.000,-0.000,0.0,0,0.000,-0.000,0.0,0
3136405,0.000,-0.000,0.0,0,0.000,-0.000,0.0,0
3136445,0.000,-0.000,0.0,0,0.000,-0.000,0.0,0
3136485,0.000,-0.000,0.0,0,0.000,-0.000,0.0,0
3136525,0.000,-0.000,0.0,0,0.000,-0.000,0.0,0
3136565,0.000,-0.000,0.0,0,0.000,-0.000,0.0,0
3136605,3.846,-0.000,49.2,12,3.846,-0.000,49.2,12
3136645,3.846,0.005,55.3,36,3.846,0.000,55.4,36
3136685,3.846,0.005,61.5,60,3.846,0.004,61.5,60
3136725,3.846,0.361,63.1,63,3.846,0.780,57.7,57
3136765,3.846,1.665,51.4,51,3.846,2.493,40.0,40
3136805,3.846,2.623,42.1,42,3.846,3.106,33.9,33
3136845,3.846,3.194,36.6,36,3.846,3.371,31.6,31
3136885,3.846,3.464,34.1,34,3.846,3.608,29.3,29
3136925,3.846,3.803,30.1,30,3.846,3.913,25.7,25
3136965,3.846,3.994,27.6,27,3.846,4.199,21.8,21
3137005,3.846,4.194,24.7,24,3.846,4.207,21.1,21
3137045,3.846,4.015,26.6,26,3.846,4.223,20.3,20
3137085,3.846,3.908,27.6,27,3.846,4.071,21.7,21
3137125,3.846,3.791,29.0,28,3.846,3.949,23.0,23
3137165,3.846,3.899,27.7,27,3.846,3.865,23.9,23
3137205,3.846,3.776,29.3,29,3.846,3.912,23.2,23
3137245,3.846,3.692,30.4,30,3.846,3.850,24.0,23
3137285,3.846,3.828,28.8,28,3.846,3.774,25.0,24
3137325,3.846,3.715,30.5,30,3.846,3.692,26.2,26
3137365,3.846,3.757,30.3,30,3.846,3.774,25.3,25
3137405,3.846,3.772,30.1,30,3.846,3.927,23.5,23
3137445,3.846,4.013,27.1,27,3.846,3.993,22.5,22
3137485,3.846,3.743,30.4,30,3.846,3.830,24.5,24
3137525,3.846,3.782,29.9,29,3.846,3.739,25.6,25
3137565,3.846,3.741,30.6,30,3.846,3.854,24.3,24
3137605,3.846,3.849,29.4,29,3.846,3.870,24.1,24
3137645,3.846,3.846,29.3,29,3.846,3.852,24.4,24
3137685,3.846,4.033,26.9,26,3.846,3.858,24.2,24
3137725,3.846,4.009,27.0,27,3.846,3.985,22.6,22
3137765,3.846,3.782,29.8,29,3.846,3.742,25.6,25
3137805,3.846,3.791,29.7,29,3.846,3.760,25.5,25
3137845,3.846,3.929,28.0,28,3.846,3.880,23.9,23
3137885,3.846,3.882,28.6,28,3.846,3.941,23.1,23
3137925,3.846,3.760,30.1,30,3.846,3.777,25.1,25
3137965,3.846,3.716,30.8,30,3.846,3.837,24.4,24
3138005,3.846,3.792,30.0,30,3.846,3.837,24.5,24
3138045,3.846,3.765,30.5,30,3.846,3.753,25.7,25
3138085,3.846,3.848,29.5,29,3.846,3.799,25.1,25
3138125,3.846,3.816,29.9,29,3.846,4.023,22.3,22
3138165,3.846,3.823,29.9,29,3.846,3.891,23.8,23
3138205,3.846,3.745,31.0,30,3.846,3.684,26.5,26
3138245,3.846,3.682,31.9,31,3.846,3.712,26.3,26
3138285,3.846,3.766,31.1,31,3.846,3.939,23.6,23
3138325,3.846,3.823,30.4,30,3.846,3.818,25.1,25
3138365,3.846,3.903,29.4,29,3.846,3.879,24.2,24
3138405,3.846,3.819,30.4,30,3.846,3.838,24.6,24
3138445,3.846,3.817,30.5,30,3.846,3.937,23.4,23
3138485,3.846,3.828,30.3,30,3.846,3.871,24.2,24
3138525,3.846,3.963,28.6,28,3.846,3.958,22.9,22
3138565,3.846,3.875,29.7,29,3.846,3.916,23.2,23
3138605,3.846,3.826,30.2,30,3.846,3.931,22.9,22
3138645,3.846,3.777,30.9,30,3.846,3.826,24.2,24
3138685,3.846,3.891,29.5,29,3.846,3.764,25.0,25
3138725,3.846,3.862,29.9,29,3.846,3.801,24.6,24
3138765,3.846,3.915,29.0,29,3.846,3.979,22.3,22
3138805,3.846,3.898,29.1,29,3.846,3.993,21.9,21
3138845,3.846,4.022,27.4,27,3.846,4.022,21.4,21
3138885,3.846,3.898,28.9,28,3.846,3.931,22.3,22
3138925,3.846,3.805,29.9,29,3.846,3.955,21.8,21
3138965,3.846,3.767,30.3,30,3.846,3.943,21.8,21
3139005,3.846,4.031,26.9,26,3.846,3.984,21.1,21
3139045,3.846,3.828,29.4,29,3.846,3.895,22.1,22
3139085,3.846,3.894,28.4,28,3.846,3.849,22.6,22
3139125,3.846,3.849,28.9,28,3.846,3.872,22.3,22
3139165,3.846,4.078,26.0,25,3.846,4.013,20.4,20
3139205,3.846,3.854,28.6,28,3.846,3.928,21.3,21
3139245,3.846,3.988,26.8,26,3.846,3.891,21.5,21
3139285,3.846,3.976,26.8,26,3.846,3.772,22.9,22
3139325,3.846,3.765,29.4,29,3.846,3.903,21.4,21
3139365,3.846,3.762,29.4,29,3.846,3.697,24.0,24
3139405,3.846,3.938,27.3,27,3.846,3.797,22.8,22
3139445,3.846,3.888,27.9,27,3.846,3.935,21.2,21
3139485,3.846,3.808,28.9,28,3.846,3.854,22.1,22
3139525,3.846,3.815,28.8,28,3.846,3.748,23.5,23
3139565,3.846,3.865,28.2,28,3.846,3.886,21.8,21
3139605,3.846,3.794,29.2,29,3.846,3.812,22.8,22
3139645,3.846,3.802,29.1,29,3.846,3.757,23.5,23
3139685,3.846,3.742,29.9,29,3.846,3.684,24.5,24
3139725,3.846,3.793,29.4,29,3.846,3.863,22.4,22
3139765,3.846,3.791,29.6,29,3.846,3.720,24.4,24
3139805,3.846,3.757,30.1,30,3.846,3.749,24.0,24
3139845,3.846,3.832,29.2,29,3.846,3.984,21.2,21
3139885,3.846,3.895,28.4,28,3.846,4.063,20.0,20
3139925,3.846,3.908,28.2,28,3.846,3.866,22.4,22
3139965,3.846,3.798,29.5,29,3.846,3.828,22.7,22
3140005,3.846,3.777,29.8,29,3.846,3.888,22.0,22
3140045,3.846,3.716,30.7,30,3.846,3.729,24.1,24
3140085,3.846,3.800,29.9,29,3.846,3.739,24.1,24
3140125,3.846,3.724,30.9,30,3.846,3.731,24.3,24
3140165,3.846,3.743,30.8,30,3.846,3.804,23.6,23
3140205,3.846,3.824,29.9,29,3.846,3.768,24.2,24
3140245,3.846,3.790,30.5,30,3.846,3.739,24.6,24
3140285,3.846,3.758,31.0,31,3.846,3.754,24.5,24
3140325,3.846,3.773,30.9,30,3.846,3.877,23.0,23
3140365,3.846,3.916,29.2,29,3.846,3.861,23.3,23
3140405,3.846,3.770,31.0,31,3.846,3.765,24.5,24
3140445,3.846,3.738,31.5,31,3.846,3.777,24.4,24
3140485,3.846,3.658,32.6,32,3.846,3.772,24.7,24
3140525,3.846,3.946,29.2,29,3.846,3.817,24.3,24
3140565,3.846,3.891,29.9,29,3.846,3.802,24.5,24
3140605,3.846,3.801,30.8,30,3.846,3.839,24.0,24
3140645,3.846,3.728,31.8,31,3.846,3.882,23.5,23
3140685,3.846,3.941,29.2,29,3.846,3.882,23.5,23
3140725,3.846,3.731,31.9,31,3.846,3.800,24.6,24
3140765,3.846,3.876,30.0,29,3.846,3.769,25.0,24
3140805,3.846,4.007,28.4,28,3.846,3.848,24.1,24
3140845,3.846,3.813,30.7,30,3.846,3.706,26.0,25
3140885,3.846,3.719,31.9,31,3.846,3.662,26.7,26
3140925,3.846,3.933,29.3,29,3.846,3.652,27.0,27
3140965,3.846,3.848,30.4,30,3.846,3.934,23.7,23
3141005,3.846,3.960,28.8,28,3.846,3.806,25.2,25
3141045,3.846,3.925,28.9,28,3.846,3.892,24.0,24
3141085,3.846,3.927,28.8,28,3.846,3.765,25.6,25
3141125,3.846,3.745,31.2,31,3.846,3.768,25.8,25
3141165,3.846,3.720,31.6,31,3.846,3.635,27.7,27
3141205,3.846,3.776,31.1,31,3.846,3.772,26.2,26
3141245,3.846,3.771,31.3,31,3.846,3.682,27.6,27
3141285,3.846,3.731,32.0,31,3.846,3.637,28.3,28
3141325,3.846,3.757,31.8,31,3.846,3.873,25.6,25
3141365,3.846,3.915,29.8,29,3.846,4.013,23.9,23
3141405,3.846,3.963,29.1,29,3.846,3.868,25.6,25
3141445,3.846,3.925,29.4,29,3.846,3.841,25.7,25
3141485,0.000,3.820,0.0,0,0.000,3.951,0.0,0
3141525,0.000,3.700,0.0,0,0.000,3.654,0.0,0
3141565,0.000,3.522,0.0,0,0.000,3.473,0.0,0
3141605,0.000,3.278,0.0,0,0.000,3.398,0.0,0
3141645,0.000,3.120,0.0,0,0.000,3.105,0.0,0
3141685,0.000,3.002,0.0,0,0.000,3.113,0.0,0
3141725,0.000,2.781,0.0,0,0.000,2.770,0.0,0
3141765,0.000,2.612,0.0,0,0.000,2.704,0.0,0
3141805,0.000,2.502,0.0,0,0.000,2.475,0.0,0
3141845,0.000,2.309,0.0,0,0.000,2.208,0.0,0
3141885,0.000,2.148,0.0,0,0.000,2.208,0.0,0
3141925,0.000,2.043,0.0,0,0.000,2.002,0.0,0
3141965,0.000,1.800,0.0,0,0.000,1.810,0.0,0
3142005,0.000,1.563,0.0,0,0.000,1.613,0.0,0
3142045,0.000,1.563,0.0,0,0.000,1.613,0.0,0
3142085,0.000,1.350,0.0,0,0.000,1.353,0.0,0
3142125,0.000,1.350,0.0,0,0.000,1.353,0.0,0
3142165,0.000,1.350,0.0,0,0.000,1.353,0.0,0
3142205,0.000,1.350,0.0,0,0.000,1.085,0.0,0
3142245,0.000,1.035,0.0,0,0.000,1.085,0.0,0
3142285,0.000,1.035,0.0,0,0.000,1.085,0.0,0
3142325,0.000,0.929,0.0,0,0.000,1.085,0.0,0
3142365,0.000,0.929,0.0,0,0.000,0.000,0.0,0
3142405,0.000,0.929,0.0,0,0.000,0.000,0.0,0
3142445,0.000,0.929,0.0,0,0.000,0.000,0.0,0
3142485,0.000,0.000,0.0,0,0.000,0.000,0.0,0
3142525,0.000,0.000,0.0,0,0.000,0.000,0.0,0
3142565,0.000,0.000,0.0,0,0.000,0.000,0.0,0
3142605,0.000,0.000,0.0,0,0.000,0.000,0.0,0
3142645,0.000,0.000,0.0,0,0.000,0.000,0.0,0
3142685,0.000,0.000,0.0,0,0.000,0.000,0.0,0
3142725,0.000,0.000,0.0,0,0.000,0.000,0.0,0
3142765,0.000,0.000,0.0,0,0.000,0.000,0.0,0
3142805,0.000,0.000,0.0,0,0.000,0.000,0.0,0
3142845,0.000,0.000,0.0,0,0.000,0.000,0.0,0
3142885,0.000,0.000,0.0,0,0.000,0.000,0.0,0
3142925,0.000,0.000,0.0,0,0.000,0.000,0.0,0
3142965,0.000,0.000,0.0,0,0.000,0.000,0.0,0
3143005,0.000,0.000,0.0,0,0.000,0.000,0.0,0
3143045,0.000,0.000,0.0,0,0.000,0.000,0.0,0
3143085,0.000,0.000,0.0,0,0.000,0.000,0.0,0
3143125,0.000,0.000,0.0,0,0.000,0.000,0.0,0
3143165,0.000,0.000,0.0,0,0.000,0.000,0.0,0
3143205,0.000,0.000,0.0,0,0.000,0.000,0.0,0
3143245,0.000,0.000,0.0,0,0.000,0.000,0.0,0
3143285,0.000,0.000,0.0,0,0.000,0.000,0.0,0
3143325,0.000,0.000,0.0,0,0.000,0.000,0.0,0
3143365,0.000,0.000,0.0,0,0.000,0.000,0.0,0
3143405,0.000,0.000,0.0,0,0.000,0.000,0.0,0
3143445,0.000,0.000,0.0,0,0.000,0.000,0.0,0
3143485,0.000,0.000,0.0,0,0.000,0.000,0.0,0
3143525,0.000,0.000,0.0,0,0.000,0.000,0.0,0
3143565,0.000,0.000,0.0,0,0.000,0.000,0.0,0
3143605,0.000,0.000,0.0,0,0.000,0.000,0.0,0
3143645,0.000,0.000,0.0,0,0.000,0.000,0.0,0
3143685,0.000,0.000,0.0,0,0.000,0.000,0.0,0
3143725,0.000,0.000,0.0,0,0.000,0.000,0.0,0
3143765,0.000,0.000,0.0,0,0.000,0.000,0.0,0
3143805,0.000,0.000,0.0,0,0.000,0.000,0.0,0
3143845,0.000,0.000,0.0,0,0.000,0.000,0.0,0
3143885,0.000,0.000,0.0,0,0.000,0.000,0.0,0
3143925,0.000,0.000,0.0,0,0.000,0.000,0.0,0
3143965,0.000,0.000,0.0,0,0.000,0.000,0.0,0
3144005,0.000,0.000,0.0,0,0.000,0.000,0.0,0
3144045,0.000,0.000,0.0,0,0.000,0.000,0.0,0
3144085,0.000,0.000,0.0,0,0.000,0.000,0.0,0
3144125,0.000,0.000,0.0,0,0.000,0.000,0.0,0
3144165,0.000,0.000,0.0,0,0.000,0.000,0.0,0
3144205,0.000,0.000,0.0,0,0.000,0.000,0.0,0
3144245,0.000,0.000,0.0,0,0.000,0.000,0.0,0
3144285,0.000,0.000,0.0,0,0.000,0.000,0.0,0
3144325,0.000,0.000,0.0,0,0.000,0.000,0.0,0
3144365,0.000,0.000,0.0,0,0.000,0.000,0.0,0
3144405,0.000,0.000,0.0,0,0.000,0.000,0.0,0
3144445,0.000,0.000,0.0,0,0.000,0.000,0.0,0
3144485,0.000,0.000,0.0,0,0.000,0.000,0.0,0
3144525,0.000,0.000,0.0,0,0.000,0.000,0.0,0
3144565,0.000,0.000,0.0,0,0.000,0.000,0.0,0
3144605,0.000,0.000,0.0,0,0.000,0.000,0.0,0
3144645,0.000,0.000,0.0,0,0.000,0.000,0.0,0
3144685,0.000,0.000,0.0,0,0.000,0.000,0.0,0
3144725,0.000,0.000,0.0,0,0.000,0.000,0.0,0
3144765,0.000,0.000,0.0,0,0.000,0.000,0.0,0
3144805,0.000,0.000,0.0,0,0.000,0.000,0.0,0
3144845,0.000,0.000,0.0,0,0.000,0.000,0.0,0
3144885,0.000,0.000,0.0,0,0.000,0.000,0.0,0
3144925,0.000,0.000,0.0,0,0.000,0.000,0.0,0
3144965,0.000,0.000,0.0,0,0.000,0.000,0.0,0
3145005,0.000,0.000,0.0,0,0.000,0.000,0.0,0
3145045,0.000,0.000,0.0,0,0.000,0.000,0.0,0
3145085,0.000,0.000,0.0,0,0.000,0.000,0.0,0
3145125,0.000,0.000,0.0,0,0.000,0.000,0.0,0
3145165,0.000,0.000,0.0,0,0.000,0.000,0.0,0
3145205,0.000,0.000,0.0,0,0.000,0.000,0.0,0
3145245,0.000,0.000,0.0,0,0.000,0.000,0.0,0
3145285,0.000,0.000,0.0,0,0.000,0.000,0.0,0
3145325,0.000,0.000,0.0,0,0.000,0.000,0.0,0
3145365,0.000,0.000,0.0,0,0.000,0.000,0.0,0
3145405,0.000,0.000,0.0,0,0.000,0.000,0.0,0
3145445,0.000,0.000,0.0,0,0.000,0.000,0.0,0
3145485,0.000,0.000,0.0,0,0.000,0.000,0.0,0
3145525,0.000,0.000,0.0,0,0.000,0.000,0.0,0
3145565,0.000,0.000,0.0,0,0.000,0.000,0.0,0
3145605,0.000,0.000,0.0,0,0.000,0.000,0.0,0
3145645,0.000,0.000,0.0,0,0.000,0.000,0.0,0
3145685,0.000,0.000,0.0,0,0.000,0.000,0.0,0
3145725,0.000,0.000,0.0,0,0.000,0.000,0.0,0
3145765,0.000,0.000,0.0,0,0.000,0.000,0.0,0
3145805,0.000,0.000,0.0,0,0.000,0.000,0.0,0
3145845,0.000,0.000,0.0,0,0.000,0.000,0.0,0
3145885,0.000,0.000,0.0,0,0.000,0.000,0.0,0
3145925,0.000,0.000,0.0,0,0.000,0.000,0.0,0
3145965,0.000,0.000,0.0,0,0.000,0.000,0.0,0
3146005,0.000,0.000,0.0,0,0.000,0.000,0.0,0
3146045,0.000,0.000,0.0,0,0.000,0.000,0.0,0
3146085,0.000,0.000,0.0,0,0.000,0.000,0.0,0
3146125,0.000,0.000,0.0,0,0.000,0.000,0.0,0
3146165,0.000,0.000,0.0,0,0.000,0.000,0.0,0
3146205,0.000,0.000,0.0,0,0.000,0.000,0.0,0
3146245,0.000,0.000,0.0,0,0.000,0.000,0.0,0
3146285,0.000,0.000,0.0,0,0.000,0.000,0.0,0
3146325,0.000,0.000,0.0,0,0.000,0.000,0.0,0
3146365,0.000,0.000,0.0,0,0.000,0.000,0.0,0
3146405,0.000,0.000,0.0,0,0.000,0.000,0.0,0
3146445,0.000,0.000,0.0,0,0.000,0.000,0.0,0
3146485,0.000,0.000,0.0,0,0.000,0.000,0.0,0
3146525,0.000,0.000,0.0,0,0.000,0.000,0.0,0
3146565,0.000,0.000,0.0,0,0.000,0.000,0.0,0
3146605,0.000,0.000,0.0,0,0.000,0.000,0.0,0
3146645,0.000,0.000,0.0,0,0.000,0.000,0.0,0
3146685,0.000,0.000,0.0,0,0.000,0.000,0.0,0
3146725,0.000,0.000,0.0,0,0.000,0.000,0.0,0
3146765,0.000,0.000,0.0,0,0.000,0.000,0.0,0
3146805,0.000,0.000,0.0,0,0.000,0.000,0.0,0
3146845,0.000,0.000,0.0,0,0.000,0.000,0.0,0
3146885,0.000,0.000,0.0,0,0.000,0.000,0.0,0
3146925,0.000,0.000,0.0,0,0.000,0.000,0.0,0
3146965,0.000,0.000,0.0,0,0.000,0.000,0.0,0
3147005,0.000,0.000,0.0,0,0.000,0.000,0.0,0
3147045,0.000,0.000,0.0,0,0.000,0.000,0.0,0
3147085,0.000,0.000,0.0,0,0.000,0.000,0.0,0
3147125,0.000,0.000,0.0,0,0.000,0.000,0.0,0
3147165,0.000,0.000,0.0,0,0.000,0.000,0.0,0
3147205,0.000,0.000,0.0,0,0.000,0.000,0.0,0
3147245,0.000,0.000,0.0,0,0.000,0.000,0.0,0
3147285,0.000,0.000,0.0,0,0.000,0.000,0.0,0
3147325,0.000,0.000,0.0,0,0.000,0.000,0.0,0
3147365,0.000,0.000,0.0,0,0.000,0.000,0.0,0
3147405,0.000,0.000,0.0,0,0.000,0.000,0.0,0
3147445,0.000,0.000,0.0,0,0.000,0.000,0.0,0
3147485,0.000,0.000,0.0,0,0.000,0.000,0.0,0
3147525,0.000,0.000,0.0,0,0.000,0.000,0.0,0
3147565,0.000,0.000,0.0,0,0.000,0.000,0.0,0
3147605,0.000,0.000,0.0,0,0.000,0.000,0.0,0
3147645,0.000,0.000,0.0,0,0.000,0.000,0.0,0
3147685,0.000,0.000,0.0,0,0.000,0.000,0.0,0
3147725,0.000,0.000,0.0,0,0.000,0.000,0.0,0
3147765,0.000,0.000,0.0,0,0.000,0.000,0.0,0
3147805,0.000,0.000,0.0,0,0.000,0.000,0.0,0
3147845,0.000,0.000,0.0,0,0.000,0.000,0.0,0
3147885,0.000,0.000,0.0,0,0.000,0.000,0.0,0
3147925,0.000,0.000,0.0,0,0.000,0.000,0.0,0
3147965,0.000,0.000,0.0,0,0.000,0.000,0.0,0
3148005,0.000,0.000,0.0,0,0.000,0.000,0.0,0
3148045,0.000,0.000,0.0,0,0.000,0.000,0.0,0
3148085,0.000,0.000,0.0,0,0.000,0.000,0.0,0
3148125,0.000,0.000,0.0,0,0.000,0.000,0.0,0
3148165,0.000,0.000,0.0,0,0.000,0.000,0.0,0
3148205,0.000,0.000,0.0,0,0.000,0.000,0.0,0
3148245,0.000,0.000,0.0,0,0.000,0.000,0.0,0
3148285,0.000,0.000,0.0,0,0.000,0.000,0.0,0
3148325,0.000,0.000,0.0,0,0.000,0.000,0.0,0
3148365,0.000,0.000,0.0,0,0.000,0.000,0.0,0
3148405,0.000,0.000,0.0,0,0.000,0.000,0.0,0
3148445,0.000,0.000,0.0,0,0.000,0.000,0.0,0
3148485,0.000,0.000,0.0,0,0.000,0.000,0.0,0
3148525,0.000,0.000,0.0,0,0.000,0.000,0.0,0
3148565,0.000,0.000,0.0,0,0.000,0.000,0.0,0
3148605,0.000,0.000,0.0,0,0.000,0.000,0.0,0
3148645,0.000,0.000,0.0,0,0.000,0.000,0.0,0
3148685,0.000,0.000,0.0,0,0.000,0.000,0.0,0
3148725,0.000,0.000,0.0,0,0.000,0.000,0.0,0
3148765,0.000,0.000,0.0,0,0.000,0.000,0.0,0
3148805,0.000,0.000,0.0,0,0.000,0.000,0.0,0
3148845,0.000,0.000,0.0,0,0.000,0.000,0.0,0
3148885,0.000,0.000,0.0,0,0.000,0.000,0.0,0
3148925,0.000,0.000,0.0,0,0.000,0.000,0.0,0
3148965,0.000,0.000,0.0,0,0.000,0.000,0.0,0
3149005,0.000,0.000,0.0,0,0.000,0.000,0.0,0
3149045,0.000,0.000,0.0,0,0.000,0.000,0.0,0
3149085,0.000,0.000,0.0,0,0.000,0.000,0.0,0
3149125,0.000,0.000,0.0,0,0.000,0.000,0.0,0
3149165,0.000,0.000,0.0,0,0.000,0.000,0.0,0
3149205,0.000,0.000,0.0,0,0.000,0.000,0.0,0
3149245,0.000,0.000,0.0,0,0.000,0.000,0.0,0
3149285,0.000,0.000,0.0,0,0.000,0.000,0.0,0
3149325,0.000,0.000,0.0,0,0.000,0.000,0.0,0
3149365,0.000,0.000,0.0,0,0.000,0.000,0.0,0
3149405,0.000,0.000,0.0,0,0.000,0.000,0.0,0
3149445,0.000,0.000,0.0,0,0.000,0.000,0.0,0
3149485,0.000,0.000,0.0,0,0.000,0.000,0.0,0
3149525,0.000,0.000,0.0,0,0.000,0.000,0.0,0
3149565,0.000,0.000,0.0,0,0.000,0.000,0.0,0
3149605,0.000,0.000,0.0,0,0.000,0.000,0.0,0
3149645,0.000,0.000,0.0,0,0.000,0.000,0.0,0
3149685,0.000,0.000,0.0,0,0.000,0.000,0.0,0
3149725,0.000,0.000,0.0,0,0.000,0.000,0.0,0
3149765,0.000,0.000,0.0,0,0.000,0.000,0.0,0
3149805,0.000,0.000,0.0,0,0.000,0.000,0.0,0
3149845,0.000,0.000,0.0,0,0.000,0.000,0.0,0
3149885,0.000,0.000,0.0,0,0.000,0.000,0.0,0
3149925,0.000,0.000,0.0,0,0.000,0.000,0.0,0
3149965,0.000,0.000,0.0,0,0.000,0.000,0.0,0
3150005,0.000,0.000,0.0,0,0.000,0.000,0.0,0
3150045,0.000,0.000,0.0,0,0.000,0.000,0.0,0
3150085,0.000,0.000,0.0,0,0.000,0.000,0.0,0
3150125,0.000,0.000,0.0,0,0.000,0.000,0.0,0
3150165,0.000,0.000,0.0,0,0.000,0.000,0.0,0
3150205,0.000,0.000,0.0,0,0.000,0.000,0.0,0
3150245,0.000,0.000,0.0,0,0.000,0.000,0.0,0
3150285,0.000,0.000,0.0,0,0.000,0.000,0.0,0
3150325,0.000,0.000,0.0,0,0.000,0.000,0.0,0
3150365,0.000,0.000,0.0,0,0.000,0.000,0.0,0
3150405,0.000,0.000,0.0,0,0.000,0.000,0.0,0
3150445,0.000,0.000,0.0,0,0.000,0.000,0.0,0
3150485,0.000,0.000,0.0,0,0.000,0.000,0.0,0
3150525,0.000,0.000,0.0,0,0.000,0.000,0.0,0
3150565,0.000,0.000,0.0,0,0.000,0.000,0.0,0
3150605,0.000,0.000,0.0,0,0.000,0.000,0.0,0
3150645,0.000,0.000,0.0,0,0.000,0.000,0.0,0
3150685,0.000,0.000,0.0,0,0.000,0.000,0.0,0
3150725,0.000,0.000,0.0,0,0.000,0.000,0.0,0
3150765,0.000,0.000,0.0,0,0.000,0.000,0.0,0
3150805,0.000,0.000,0.0,0,0.000,0.000,0.0,0
3150845,0.000,0.000,0.0,0,0.000,0.000,0.0,0
3150885,0.000,0.000,0.0,0,0.000,0.000,0.0,0
3150925,0.000,0.000,0.0,0,0.000,0.000,0.0,0
3150965,0.000,0.000,0.0,0,0.000,0.000,0.0,0
3151005,0.000,0.000,0.0,0,0.000,0.000,0.0,0
3151045,0.000,0.000,0.0,0,0.000,0.000,0.0,0
3151085,0.000,0.000,0.0,0,0.000,0.000,0.0,0
3151125,0.000,0.000,0.0,0,0.000,0.000,0.0,0
3151165,0.000,0.000,0.0,0,0.000,0.000,0.0,0
3151205,0.000,0.000,0.0,0,0.000,0.000,0.0,0
3151245,0.000,0.000,0.0,0,0.000,0.000,0.0,0
3151285,0.000,0.000,0.0,0,0.000,0.000,0.0,0
3151325,0.000,0.000,0.0,0,0.000,0.000,0.0,0
3151365,0.000,0.000,0.0,0,0.000,0.000,0.0,0
3151405,0.000,0.000,0.0,0,0.000,0.000,0.0,0
3151445,0.000,0.000,0.0,0,0.000,0.000,0.0,0
3151485,0.000,0.000,0.0,0,0.000,0.000,0.0,0
3151525,0.000,0.000,0.0,0,0.000,0.000,0.0,0
3151565,0.000,0.000,0.0,0,0.000,0.000,0.0,0
3151605,0.000,0.000,0.0,0,0.000,0.000,0.0,0
3151645,0.000,0.000,0.0,0,0.000,0.000,0.0,0
3151685,0.000,0.000,0.0,0,0.000,0.000,0.0,0
3151725,0.000,0.000,0.0,0,0.000,0.000,0.0,0
3151765,0.000,0.000,0.0,0,0.000,0.000,0.0,0
3151805,0.000,0.000,0.0,0,0.000,0.000,0.0,0
3151845,0.000,0.000,0.0,0,0.000,0.000,0.0,0
3151885,0.000,0.000,0.0,0,0.000,0.000,0.0,0
3151925,0.000,0.000,0.0,0,0.000,0.000,0.0,0
3151965,0.000,0.000,0.0,0,0.000,0.000,0.0,0
3152005,0.000,0.000,0.0,0,0.000,0.000,0.0,0
3152045,0.000,0.000,0.0,0,0.000,0.000,0.0,0
3152085,0.000,0.000,0.0,0,0.000,0.000,0.0,0
3152125,0.000,0.000,0.0,0,0.000,0.000,0.0,0
3152165,0.000,0.000,0.0,0,0.000,0.000,0.0,0
3152205,0.000,0.000,0.0,0,0.000,0.000,0.0,0
3152245,0.000,0.000,0.0,0,0.000,0.000,0.0,0
3152285,0.000,0.000,0.0,0,0.000,0.000,0.0,0
3152325,0.000,0.000,0.0,0,0.000,0.000,0.0,0
3152365,0.000,0.000,0.0,0,0.000,0.000,0.0,0
3152405,0.000,0.000,0.0,0,0.000,0.000,0.0,0
3152445,0.000,0.000,0.0,0,0.000,0.000,0.0,0
3152485,0.000,0.000,0.0,0,0.000,0.000,0.0,0
3152525,0.000,0.000,0.0,0,0.000,0.000,0.0,0
3152565,0.000,0.000,0.0,0,0.000,0.000,0.0,0
3152605,0.000,0.000,0.0,0,0.000,0.000,0.0,0
3152645,0.000,0.000,0.0,0,0.000,0.000,0.0,0
3152685,0.000,0.000,0.0,0,0.000,0.000,0.0,0
3152725,0.000,0.000,0.0,0,0.000,0.000,0.0,0
3152765,0.000,0.000,0.0,0,0.000,0.000,0.0,0
3152805,0.000,0.000,0.0,0,0.000,0.000,0.0,0
3152845,0.000,0.000,0.0,0,0.000,0.000,0.0,0
3152885,0.000,0.000,0.0,0,0.000,0.000,0.0,0
3152925,0.000,0.000,0.0,0,0.000,0.000,0.0,0
3152965,0.000,0.000,0.0,0,0.000,0.000,0.0,0
3153005,0.000,0.000,0.0,0,0.000,0.000,0.0,0
3153045,0.000,0.000,0.0,0,0.000,0.000,0.0,0
3153085,0.000,0.000,0.0,0,0.000,0.000,0.0,0
3153125,0.000,0.000,0.0,0,0.000,0.000,0.0,0
3153165,0.000,0.000,0.0,0,0.000,0.000,0.0,0
3153205,0.000,0.000,0.0,0,0.000,0.000,0.0,0
3153245,0.000,0.000,0.0,0,0.000,0.000,0.0,0
3153285,0.000,0.000,0.0,0,0.000,0.000,0.0,0
3153325,0.000,0.000,0.0,0,0.000,0.000,0.0,0
3153365,0.000,0.000,0.0,0,0.000,0.000,0.0,0
3153405,0.000,0.000,0.0,0,0.000,0.000,0.0,0
3153445,0.000,0.000,0.0,0,0.000,0.000,0.0,0
3153485,0.000,0.000,0.0,0,0.000,0.000,0.0,0
3153525,0.000,0.000,0.0,0,0.000,0.000,0.0,0
3153565,0.000,0.000,0.0,0,0.000,0.000,0.0,0
3153605,0.000,0.000,0.0,0,0.000,0.000,0.0,0
3153645,0.000,0.000,0.0,0,0.000,0.000,0.0,0
3153685,0.000,0.000,0.0,0,0.000,0.000,0.0,0
3153725,0.000,0.000,0.0,0,0.000,0.000,0.0,0
3153765,0.000,0.000,0.0,0,0.000,0.000,0.0,0
3153805,0.000,0.000,0.0,0,0.000,0.000,0.0,0
3153845,0.000,0.000,0.0,0,0.000,0.000,0.0,0
3153885,0.000,0.000,0.0,0,0.000,0.000,0.0,0
3153925,-6.410,-0.000,-87.2,-24,-2.564,-0.000,-34.9,-24
3153965,-6.410,-0.000,-97.4,-48,-2.564,-0.002,-38.9,-38
3154005,-6.410,-0.000,-107.7,-72,-2.564,-0.002,-43.0,-43
3154045,-6.410,-0.834,-107.3,-96,-2.564,-0.949,-34.7,-34
3154085,-6.410,-2.329,-96.4,-96,-2.564,-1.632,-28.6,-28
3154125,-6.410,-3.834,-83.0,-82,-2.564,-2.579,-17.5,-17
3154165,-6.410,-4.933,-72.5,-72,-2.564,-3.340,-7.4,-7
3154205,-6.410,-5.826,-63.1,-63,-2.564,-3.962,0.0,0
3154245,-6.410,-6.463,-55.6,-55,-2.564,-4.211,0.0,0
3154285,-6.410,-6.882,-49.9,-49,-2.564,-3.961,0.0,0
3154325,-6.410,-7.035,-47.1,-47,-2.564,-3.649,-1.0,0
3154365,-6.410,-7.037,-46.1,-46,-2.564,-3.124,-6.4,-6
3154405,-6.410,-7.063,-44.8,-44,-2.564,-2.757,-10.5,-10
3154445,-6.410,-7.038,-44.0,-44,-2.564,-3.903,0.0,0
3154485,-6.410,-7.230,-40.4,-40,-2.564,-4.415,0.0,0
3154525,-6.410,-7.220,-39.3,-39,-2.564,-4.613,0.0,0
3154565,-6.410,-6.862,-42.7,-42,-2.564,-4.694,0.0,0
3154605,-6.410,-6.627,-45.0,-45,-2.564,-4.503,0.0,0
3154645,-6.410,-6.338,-48.5,-48,-2.564,-4.226,0.0,0
3154685,-6.410,-6.585,-45.3,-45,-2.564,-3.355,-2.0,-1
3154725,-6.410,-6.719,-43.4,-43,-2.564,-3.076,-4.6,-4
3154765,-6.410,-6.621,-44.2,-44,-2.564,-4.216,0.0,0
3154805,-6.410,-6.629,-43.6,-43,-2.564,-4.544,0.0,0
3154845,-6.410,-6.588,-44.0,-43,-2.564,-4.420,0.0,0
3154885,-6.410,-6.402,-46.2,-46,-2.564,-4.144,0.0,0
3154925,-6.410,-6.280,-47.8,-47,-2.564,-4.262,0.0,0
3154965,-6.410,-6.297,-47.7,-47,-2.564,-4.201,0.0,0
3155005,-6.410,-6.447,-45.9,-45,-2.564,-4.277,0.0,0
3155045,-6.410,-6.421,-46.2,-46,-2.564,-4.154,0.0,0
3155085,-6.410,-6.261,-48.3,-48,-2.564,-3.909,0.0,0
3155125,-6.410,-6.186,-49.5,-49,-2.564,-4.006,0.0,0
3155165,-6.410,-6.293,-48.4,-48,-2.564,-4.022,0.0,0
3155205,-6.410,-6.394,-47.4,-47,-2.564,-4.170,0.0,0
3155245,-6.410,-6.359,-47.9,-47,-2.564,-4.104,0.0,0
3155285,-6.410,-6.341,-48.1,-48,-2.564,-4.093,0.0,0
3155325,-6.410,-6.381,-47.7,-47,-2.564,-4.013,0.0,0
3155365,-6.410,-6.366,-48.0,-48,-2.564,-4.053,0.0,0
3155405,-6.410,-6.280,-49.2,-49,-2.564,-4.062,0.0,0
3155445,-6.410,-6.253,-49.7,-49,-2.564,-4.107,0.0,0
3155485,-6.410,-6.456,-47.2,-47,-2.564,-4.177,0.0,0
3155525,-6.410,-6.541,-46.1,-46,-2.564,-4.143,0.0,0
3155565,-6.410,-6.432,-47.3,-47,-2.564,-4.181,0.0,0
3155605,-6.410,-6.290,-49.0,-49,-2.564,-4.077,0.0,0
3155645,0.000,-6.171,0.0,0,0.000,-4.064,0.0,0
3155685,0.000,-5.946,0.0,0,0.000,-3.953,0.0,0
3155725,0.000,-5.895,0.0,0,0.000,-3.966,0.0,0
3155765,0.000,-5.831,0.0,0,0.000,-3.784,0.0,0
3155805,0.000,-5.743,0.0,0,0.000,-3.638,0.0,0
3155845,0.000,-5.465,0.0,0,0.000,-3.483,0.0,0
3155885,0.000,-5.008,0.0,0,0.000,-3.291,0.0,0
3155925,0.000,-4.524,0.0,0,0.000,-2.963,0.0,0
3155965,0.000,-4.294,0.0,0,0.000,-3.016,0.0,0
3156005,0.000,-4.258,0.0,0,0.000,-2.710,0.0,0
3156045,0.000,-4.113,0.0,0,0.000,-2.756,0.0,0
3156085,0.000,-3.756,0.0,0,0.000,-2.598,0.0,0
3156125,0.000,-3.487,0.0,0,0.000,-2.320,0.0,0
3156165,0.000,-3.191,0.0,0,0.000,-2.144,0.0,0
3156205,0.000,-3.031,0.0,0,0.000,-1.950,0.0,0
3156245,0.000,-2.821,0.0,0,0.000,-1.900,0.0,0
3156285,0.000,-2.656,0.0,0,0.000,-1.746,0.0,0
3156325,0.000,-2.456,0.0,0,0.000,-1.746,0.0,0
3156365,0.000,-2.290,0.0,0,0.000,-1.500,0.0,0
3156405,0.000,-1.933,0.0,0,0.000,-1.500,0.0,0
3156445,0.000,-1.933,0.0,0,0.000,-1.500,0.0,0
3156485,0.000,-1.933,0.0,0,0.000,-1.500,0.0,0
3156525,0.000,-1.933,0.0,0,0.000,-0.000,0.0,0
3156565,0.000,-0.000,0.0,0,0.000,-0.000,0.0,0
3156605,0.000,-0.000,0.0,0,0.000,-0.000,0.0,0
3156645,0.000,-0.000,0.0,0,0.000,-0.000,0.0,0
3156685,0.000,-0.000,0.0,0,0.000,-0.000,0.0,0
3156725,0.000,-0.000,0.0,0,0.000,-0.000,0.0,0
3156765,0.000,-0.000,0.0,0,0.000,-0.000,0.0,0
3156805,0.000,-0.000,0.0,0,0.000,-0.000,0.0,0
3156845,0.000,-0.000,0.0,0,0.000,-0.000,0.0,0
3156885,0.000,-0.000,0.0,0,0.000,-0.000,0.0,0
3156925,0.000,-0.000,0.0,0,0.000,-0.000,0.0,0
3156965,0.000,-0.000,0.0,0,0.000,-0.000,0.0,0
3157005,0.000,-0.000,0.0,0,0.000,-0.000,0.0,0
3157045,0.000,-0.000,0.0,0,0.000,-0.000,0.0,0
3157085,0.000,-0.000,0.0,0,0.000,-0.034,0.0,0
3157125,0.000,-0.000,0.0,0,0.000,-0.034,0.0,0
3157165,0.000,-0.000,0.0,0,0.000,-0.034,0.0,0
3157205,0.000,-0.000,0.0,0,0.000,-0.034,0.0,0
3157245,0.000,-0.000,0.0,0,0.000,-0.000,0.0,0
3157285,0.000,-0.000,0.0,0,0.000,-0.000,0.0,0
3157325,0.000,-0.000,0.0,0,0.000,-0.000,0.0,0
3157365,0.000,-0.000,0.0,0,0.000,-0.000,0.0,0
3157405,0.000,-0.000,0.0,0,0.000,-0.000,0.0,0
3157445,0.000,-0.000,0.0,0,0.000,-0.000,0.0,0
3157485,0.000,-0.000,0.0,0,0.000,-0.000,0.0,0
3157525,0.000,-0.000,0.0,0,0.000,-0.000,0.0,0
3157565,0.000,-0.000,0.0,0,0.000,-0.000,0.0,0
3157605,0.000,-0.000,0.0,0,0.000,-0.000,0.0,0
3157645,0.000,-0.000,0.0,0,0.000,-0.000,0.0,0
3157685,0.000,-0.000,0.0,0,0.000,-0.000,0.0,0
3157725,0.000,-0.000,0.0,0,0.000,-0.000,0.0,0
3157765,0.000,-0.000,0.0,0,0.000,-0.000,0.0,0
3157805,0.000,-0.000,0.0,0,0.000,-0.000,0.0,0
3157845,0.000,-0.000,0.0,0,0.000,-0.000,0.0,0
3157885,0.000,-0.000,0.0,0,0.000,-0.000,0.0,0
3157925,0.000,-0.000,0.0,0,0.000,-0.000,0.0,0
3157965,0.000,-0.000,0.0,0,0.000,-0.000,0.0,0
3158005,0.000,-0.000,0.0,0,0.000,-0.000,0.0,0
3158045,0.000,-0.000,0.0,0,0.000,-0.000,0.0,0
3158085,0.000,-0.000,0.0,0,0.000,-0.000,0.0,0
3158125,0.000,-0.000,0.0,0,0.000,-0.000,0.0,0
3158165,0.000,-0.000,0.0,0,0.000,-0.000,0.0,0
3158205,0.000,-0.000,0.0,0,0.000,-0.000,0.0,0
3158245,0.000,-0.000,0.0,0,0.000,-0.000,0.0,0
3158285,0.000,-0.000,0.0,0,0.000,-0.000,0.0,0
3158325,0.000,-0.000,0.0,0,0.000,-0.000,0.0,0
3158365,0.000,-0.000,0.0,0,0.000,-0.000,0.0,0
3158405,0.000,-0.000,0.0,0,0.000,-0.000,0.0,0
3158445,0.000,-0.000,0.0,0,0.000,-0.000,0.0,0
3158485,0.000,-0.000,0.0,0,0.000,-0.000,0.0,0
3158525,0.000,-0.000,0.0,0,0.000,-0.000,0.0,0
3158565,0.000,-0.000,0.0,0,0.000,-0.000,0.0,0
3158605,0.000,-0.000,0.0,0,0.000,-0.000,0.0,0
3158645,0.000,-0.000,0.0,0,0.000,-0.000,0.0,0
3158685,0.000,-0.000,0.0,0,0.000,-0.000,0.0,0
3158725,0.000,-0.000,0.0,0,0.000,-0.000,0.0,0
3158765,0.000,-0.000,0.0,0,0.000,-0.000,0.0,0
3158805,0.000,-0.000,0.0,0,0.000,-0.000,0.0,0
3158845,0.000,-0.000,0.0,0,0.000,-0.000,0.0,0
3158885,0.000,-0.000,0.0,0,0.000,-0.000,0.0,0
3158925,0.000,-0.000,0.0,0,0.000,-0.000,0.0,0
3158965,0.000,-0.000,0.0,0,0.000,-0.000,0.0,0
3159005,0.000,-0.000,0.0,0,0.000,-0.000,0.0,0
3159045,0.000,-0.000,0.0,0,0.000,-0.000,0.0,0
3159085,0.000,-0.000,0.0,0,0.000,-0.000,0.0,0
3159125,0.000,-0.000,0.0,0,0.000,-0.000,0.0,0
3159165,0.000,-0.000,0.0,0,0.000,-0.000,0.0,0
3159205,0.000,-0.000,0.0,0,0.000,-0.000,0.0,0
3159245,0.000,-0.000,0.0,0,0.000,-0.000,0.0,0
3159285,0.000,-0.000,0.0,0,0.000,-0.000,0.0,0
3159325,0.000,-0.000,0.0,0,0.000,-0.000,0.0,0
3159365,0.000,-0.000,0.0,0,0.000,-0.000,0.0,0
3159405,0.000,-0.000,0.0,0,0.000,-0.000,0.0,0
3159445,0.000,-0.000,0.0,0,0.000,-0.000,0.0,0
3159485,0.000,-0.000,0.0,0,0.000,-0.000,0.0,0
3159525,0.000,-0.000,0.0,0,0.000,-0.000,0.0,0
3159565,0.000,-0.000,0.0,0,0.000,-0.000,0.0,0
3159605,0.000,-0.000,0.0,0,0.000,-0.000,0.0,0
3159645,0.000,-0.000,0.0,0,0.000,-0.000,0.0,0
3159685,0.000,-0.000,0.0,0,0.000,-0.000,0.0,0
3159725,0.000,-0.000,0.0,0,0.000,-0.000,0.0,0
3159765,0.000,-0.000,0.0,0,0.000,-0.000,0.0,0
3159805,0.000,-0.000,0.0,0,0.000,-0.000,0.0,0
3159845,0.000,-0.000,0.0,0,0.000,-0.000,0.0,0
3159885,0.000,-0.000,0.0,0,0.000,-0.000,0.0,0
3159925,0.000,-0.000,0.0,0,0.000,-0.000,0.0,0
3159965,0.000,-0.000,0.0,0,0.000,-0.000,0.0,0
3160005,0.000,-0.000,0.0,0,0.000,-0.000,0.0,0
3160045,0.000,-0.000,0.0,0,0.000,-0.000,0.0,0
3160085,0.000,-0.000,0.0,0,0.000,-0.000,0.0,0
3160125,0.000,-0.000,0.0,0,0.000,-0.000,0.0,0
3160165,0.000,-0.000,0.0,0,0.000,-0.000,0.0,0
3160205,0.000,-0.000,0.0,0,0.000,-0.000,0.0,0
3160245,0.000,-0.000,0.0,0,0.000,-0.000,0.0,0
3160285,0.000,-0.000,0.0,0,0.000,-0.000,0.0,0
3160325,0.000,-0.000,0.0,0,0.000,-0.000,0.0,0
3160365,0.000,-0.000,0.0,0,0.000,-0.000,0.0,0
3160405,0.000,-0.000,0.0,0,0.000,-0.000,0.0,0
3160445,0.000,-0.000,0.0,0,0.000,-0.000,0.0,0
3160485,0.000,-0.000,0.0,0,0.000,-0.000,0.0,0
3160525,0.000,-0.000,0.0,0,0.000,-0.000,0.0,0
3160565,0.000,-0.000,0.0,0,0.000,-0.000,0.0,0
3160605,0.000,-0.000,0.0,0,0.000,-0.000,0.0,0
3160645,0.000,-0.000,0.0,0,0.000,-0.000,0.0,0
3160685,0.000,-0.000,0.0,0,0.000,-0.000,0.0,0
3160725,0.000,-0.000,0.0,0,0.000,-0.000,0.0,0
3160765,0.000,-0.000,0.0,0,0.000,-0.000,0.0,0
3160805,0.000,-0.000,0.0,0,0.000,-0.000,0.0,0
3160845,0.000,-0.000,0.0,0,0.000,-0.000,0.0,0
3160885,0.000,-0.000,0.0,0,0.000,-0.000,0.0,0
3160925,0.000,-0.000,0.0,0,0.000,-0.000,0.0,0
3160965,0.000,-0.000,0.0,0,0.000,-0.000,0.0,0
3161005,0.000,-0.000,0.0,0,0.000,-0.000,0.0,0
3161045,0.000,-0.000,0.0,0,0.000,-0.000,0.0,0
3161085,0.000,-0.000,0.0,0,0.000,-0.000,0.0,0
3161125,0.000,-0.000,0.0,0,0.000,-0.000,0.0,0
3161165,0.000,-0.000,0.0,0,0.000,-0.000,0.0,0
3161205,0.000,-0.000,0.0,0,0.000,-0.000,0.0,0
3161245,0.000,-0.000,0.0,0,0.000,-0.000,0.0,0
3161285,0.000,-0.000,0.0,0,0.000,-0.000,0.0,0
3161325,0.000,-0.000,0.0,0,0.000,-0.000,0.0,0
3161365,0.000,-0.000,0.0,0,0.000,-0.000,0.0,0
3161405,0.000,-0.000,0.0,0,0.000,-0.000,0.0,0
3161445,0.000,-0.000,0.0,0,0.000,-0.000,0.0,0
3161485,0.000,-0.000,0.0,0,0.000,-0.000,0.0,0
3161525,0.000,-0.000,0.0,0,0.000,-0.000,0.0,0
3161565,0.000,-0.000,0.0,0,0.000,-0.000,0.0,0
3161605,0.000,-0.000,0.0,0,0.000,-0.000,0.0,0
3161645,0.000,-0.000,0.0,0,0.000,-0.000,0.0,0
3161685,0.000,-0.000,0.0,0,0.000,-0.000,0.0,0
3161725,0.000,-0.000,0.0,0,0.000,-0.000,0.0,0
3161765,0.000,-0.000,0.0,0,0.000,-0.000,0.0,0
3161805,0.000,-0.000,0.0,0,0.000,-0.000,0.0,0
3161845,0.000,-0.000,0.0,0,0.000,-0.000,0.0,0
3161885,0.000,-0.000,0.0,0,0.000,-0.000,0.0,0
3161925,0.000,-0.000,0.0,0,0.000,-0.000,0.0,0
3161965,0.000,-0.000,0.0,0,0.000,-0.000,0.0,0
3162005,0.000,-0.000,0.0,0,0.000,-0.000,0.0,0
3162045,0.000,-0.000,0.0,0,0.000,-0.000,0.0,0
3162085,0.000,-0.000,0.0,0,0.000,-0.000,0.0,0
3162125,0.000,-0.000,0.0,0,0.000,-0.000,0.0,0
3162165,0.000,-0.000,0.0,0,0.000,-0.000,0.0,0
3162205,0.000,-0.000,0.0,0,0.000,-0.000,0.0,0
3162245,0.000,-0.000,0.0,0,0.000,-0.000,0.0,0
3162285,0.000,-0.000,0.0,0,0.000,-0.000,0.0,0
3162325,0.000,-0.000,0.0,0,0.000,-0.000,0.0,0
3162365,0.000,-0.000,0.0,0,0.000,-0.000,0.0,0
3162405,0.000,-0.000,0.0,0,0.000,-0.000,0.0,0
3162445,0.000,-0.000,0.0,0,0.000,-0.000,0.0,0
3162485,0.000,-0.000,0.0,0,0.000,-0.000,0.0,0
3162525,0.000,-0.000,0.0,0,0.000,-0.000,0.0,0
3162565,0.000,-0.000,0.0,0,0.000,-0.000,0.0,0
3162605,0.000,-0.000,0.0,0,0.000,-0.000,0.0,0
3162645,0.000,-0.000,0.0,0,0.000,-0.000,0.0,0
3162685,0.000,-0.000,0.0,0,0.000,-0.000,0.0,0
3162725,0.000,-0.000,0.0,0,0.000,-0.000,0.0,0
3162765,0.000,-0.000,0.0,0,0.000,-0.000,0.0,0
3162805,0.000,-0.000,0.0,0,0.000,-0.000,0.0,0
3162845,0.000,-0.000,0.0,0,0.000,-0.000,0.0,0
3162885,0.000,-0.000,0.0,0,0.000,-0.000,0.0,0
3162925,0.000,-0.000,0.0,0,0.000,-0.000,0.0,0
3162965,0.000,-0.000,0.0,0,0.000,-0.000,0.0,0
3163005,0.000,-0.000,0.0,0,0.000,-0.000,0.0,0
3163045,0.000,-0.000,0.0,0,0.000,-0.000,0.0,0
3163085,0.000,-0.000,0.0,0,0.000,-0.000,0.0,0
3163125,0.000,-0.000,0.0,0,0.000,-0.000,0.0,0
3163165,0.000,-0.000,0.0,0,0.000,-0.000,0.0,0
3163205,0.000,-0.000,0.0,0,0.000,-0.000,0.0,0
3163245,0.000,-0.000,0.0,0,0.000,-0.000,0.0,0
3163285,0.000,-0.000,0.0,0,0.000,-0.000,0.0,0
3163325,0.000,-0.000,0.0,0,0.000,-0.000,0.0,0
3163365,0.000,-0.000,0.0,0,0.000,-0.000,0.0,0
3163405,0.000,-0.000,0.0,0,0.000,-0.000,0.0,0
3163445,0.000,-0.000,0.0,0,0.000,-0.000,0.0,0
3163485,0.000,-0.000,0.0,0,0.000,-0.000,0.0,0
3163525,0.000,-0.000,0.0,0,0.000,-0.000,0.0,0
3163565,0.000,-0.000,0.0,0,0.000,-0.000,0.0,0
3163605,0.000,-0.000,0.0,0,0.000,-0.000,0.0,0
3163645,0.000,-0.000,0.0,0,0.000,-0.000,0.0,0
3163685,0.000,-0.000,0.0,0,0.000,-0.000,0.0,0
3163725,0.000,-0.000,0.0,0,0.000,-0.000,0.0,0
3163765,0.000,-0.000,0.0,0,0.000,-0.000,0.0,0
3163805,0.000,-0.000,0.0,0,0.000,-0.000,0.0,0
3163845,0.000,-0.000,0.0,0,0.000,-0.000,0.0,0
3163885,0.000,-0.000,0.0,0,0.000,-0.000,0.0,0
3163925,0.000,-0.000,0.0,0,0.000,-0.000,0.0,0
3163965,0.000,-0.000,0.0,0,0.000,-0.000,0.0,0
3164005,0.000,-0.000,0.0,0,0.000,-0.000,0.0,0
3164045,0.000,-0.000,0.0,0,0.000,-0.000,0.0,0
3164085,0.000,-0.000,0.0,0,0.000,-0.000,0.0,0
3164125,0.000,-0.000,0.0,0,0.000,-0.000,0.0,0
3164165,0.000,-0.000,0.0,0,0.000,-0.000,0.0,0
3164205,0.000,-0.000,0.0,0,0.000,-0.000,0.0,0
3164245,0.000,-0.000,0.0,0,0.000,-0.000,0.0,0
3164285,0.000,-0.000,0.0,0,0.000,-0.000,0.0,0
3164325,0.000,-0.000,0.0,0,0.000,-0.000,0.0,0
3164365,0.000,-0.000,0.0,0,0.000,-0.000,0.0,0
3164405,0.000,-0.000,0.0,0,0.000,-0.000,0.0,0
3164445,0.000,-0.000,0.0,0,0.000,-0.000,0.0,0
3164485,0.000,-0.000,0.0,0,0.000,-0.000,0.0,0
3164525,0.000,-0.000,0.0,0,0.000,-0.000,0.0,0
3164565,0.000,-0.000,0.0,0,0.000,-0.000,0.0,0
3164605,0.000,-0.000,0.0,0,0.000,-0.000,0.0,0
3164645,0.000,-0.000,0.0,0,0.000,-0.000,0.0,0
3164685,0.000,-0.000,0.0,0,0.000,-0.000,0.0,0
3164725,0.000,-0.000,0.0,0,0.000,-0.000,0.0,0
3164765,0.000,-0.000,0.0,0,0.000,-0.000,0.0,0
3164805,0.000,-0.000,0.0,0,0.000,-0.000,0.0,0
3164845,0.000,-0.000,0.0,0,0.000,-0.000,0.0,0
3164885,0.000,-0.000,0.0,0,0.000,-0.000,0.0,0
3164925,0.000,-0.000,0.0,0,0.000,-0.000,0.0,0
3164965,0.000,-0.000,0.0,0,0.000,-0.000,0.0,0
3165005,0.000,-0.000,0.0,0,0.000,-0.000,0.0,0
3165045,0.000,-0.000,0.0,0,0.000,-0.000,0.0,0
3165085,0.000,-0.000,0.0,0,0.000,-0.000,0.0,0
3165125,0.000,-0.000,0.0,0,0.000,-0.000,0.0,0
3165165,0.000,-0.000,0.0,0,0.000,-0.000,0.0,0
3165205,0.000,-0.000,0.0,0,0.000,-0.000,0.0,0
3165245,0.000,-0.000,0.0,0,0.000,-0.000,0.0,0
3165285,0.000,-0.000,0.0,0,0.000,-0.000,0.0,0
3165325,0.000,-0.000,0.0,0,0.000,-0.000,0.0,0
3165365,0.000,-0.000,0.0,0,0.000,-0.000,0.0,0
3165405,0.000,-0.000,0.0,0,0.000,-0.000,0.0,0
3165445,0.000,-0.000,0.0,0,0.000,-0.000,0.0,0
3165485,0.000,-0.000,0.0,0,0.000,-0.000,0.0,0
3165525,0.000,-0.000,0.0,0,0.000,-0.000,0.0,0
3165565,0.000,-0.000,0.0,0,0.000,-0.000,0.0,0
3165605,0.000,-0.000,0.0,0,0.000,-0.000,0.0,0
3165645,0.000,-0.000,0.0,0,0.000,-0.000,0.0,0
3165685,0.000,-0.000,0.0,0,0.000,-0.000,0.0,0
3165725,0.000,-0.000,0.0,0,0.000,-0.000,0.0,0
3165765,0.000,-0.000,0.0,0,0.000,-0.000,0.0,0
3165805,0.000,-0.000,0.0,0,0.000,-0.000,0.0,0
3165845,0.000,-0.000,0.0,0,0.000,-0.000,0.0,0
3165885,0.000,-0.000,0.0,0,0.000,-0.000,0.0,0
3165925,0.000,-0.000,0.0,0,0.000,-0.000,0.0,0
3165965,0.000,-0.000,0.0,0,0.000,-0.000,0.0,0
3166005,0.000,-0.000,0.0,0,0.000,-0.000,0.0,0
3166045,0.000,-0.000,0.0,0,0.000,-0.000,0.0,0
3166085,0.000,-0.000,0.0,0,0.000,-0.000,0.0,0
3166125,0.000,-0.000,0.0,0,0.000,-0.000,0.0,0
3166165,0.000,-0.000,0.0,0,0.000,-0.000,0.0,0
3166205,0.000,-0.000,0.0,0,0.000,-0.000,0.0,0
3166245,0.000,-0.000,0.0,0,0.000,-0.000,0.0,0
3166285,0.000,-0.000,0.0,0,0.000,-0.000,0.0,0
3166325,0.000,-0.000,0.0,0,0.000,-0.000,0.0,0
3166365,0.000,-0.000,0.0,0,0.000,-0.000,0.0,0
3166405,0.000,-0.000,0.0,0,0.000,-0.000,0.0,0
3166445,0.000,-0.000,0.0,0,0.000,-0.000,0.0,0
3166485,0.000,-0.000,0.0,0,0.000,-0.000,0.0,0
3166525,0.000,-0.000,0.0,0,0.000,-0.000,0.0,0
3166565,0.000,-0.000,0.0,0,0.000,-0.000,0.0,0
3166605,0.000,-0.000,0.0,0,0.000,-0.000,0.0,0
3166645,0.000,-0.000,0.0,0,0.000,-0.000,0.0,0
3166685,0.000,-0.000,0.0,0,0.000,-0.000,0.0,0
3166725,0.000,-0.000,0.0,0,0.000,-0.000,0.0,0
3166765,0.000,-0.000,0.0,0,0.000,-0.000,0.0,0
3166805,0.000,-0.000,0.0,0,0.000,-0.000,0.0,0
3166845,0.000,-0.000,0.0,0,0.000,-0.000,0.0,0
3166885,0.000,-0.000,0.0,0,0.000,-0.000,0.0,0
3166925,0.000,-0.000,0.0,0,0.000,-0.000,0.0,0
3166965,0.000,-0.000,0.0,0,0.000,-0.000,0.0,0
3167005,0.000,-0.000,0.0,0,0.000,-0.000,0.0,0
3167045,0.000,-0.000,0.0,0,0.000,-0.000,0.0,0
3167085,0.000,-0.000,0.0,0,0.000,-0.000,0.0,0
3167125,0.000,-0.000,0.0,0,0.000,-0.000,0.0,0
3167165,0.000,-0.000,0.0,0,0.000,-0.000,0.0,0
3167205,0.000,-0.000,0.0,0,0.000,-0.000,0.0,0
3167245,0.000,-0.000,0.0,0,0.000,-0.000,0.0,0
3167285,0.000,-0.000,0.0,0,0.000,-0.000,0.0,0
3167325,0.000,-0.000,0.0,0,0.000,-0.000,0.0,0
3167365,0.000,-0.000,0.0,0,0.000,-0.000,0.0,0
3167405,0.000,-0.000,0.0,0,0.000,-0.000,0.0,0
3167445,0.000,-0.000,0.0,0,0.000,-0.000,0.0,0
3167485,0.000,-0.000,0.0,0,0.000,-0.000,0.0,0
3167525,0.000,-0.000,0.0,0,0.000,-0.000,0.0,0
3167565,0.000,-0.000,0.0,0,0.000,-0.000,0.0,0
3167605,0.000,-0.000,0.0,0,0.000,-0.000,0.0,0
3167645,0.000,-0.000,0.0,0,0.000,-0.000,0.0,0
3167685,0.000,-0.000,0.0,0,0.000,-0.000,0.0,0
3167725,0.000,-0.000,0.0,0,0.000,-0.000,0.0,0
3167765,0.000,-0.000,0.0,0,0.000,-0.000,0.0,0
3167805,0.000,-0.000,0.0,0,0.000,-0.000,0.0,0
3167845,0.000,-0.000,0.0,0,0.000,-0.000,0.0,0
3167885,0.000,-0.000,0.0,0,0.000,-0.000,0.0,0
3167925,0.000,-0.000,0.0,0,0.000,-0.000,0.0,0
3167965,0.000,-0.000,0.0,0,0.000,-0.000,0.0,0
3168005,0.000,-0.000,0.0,0,0.000,-0.000,0.0,0
3168045,0.000,-0.000,0.0,0,0.000,-0.000,0.0,0
3168085,0.000,-0.000,0.0,0,0.000,-0.000,0.0,0
3168125,0.000,-0.000,0.0,0,0.000,-0.000,0.0,0
3168165,0.000,-0.000,0.0,0,0.000,-0.000,0.0,0
3168205,0.000,-0.000,0.0,0,0.000,-0.000,0.0,0
3168245,0.000,-0.000,0.0,0,0.000,-0.000,0.0,0
3168285,0.000,-0.000,0.0,0,0.000,-0.000,0.0,0
3168325,0.000,-0.000,0.0,0,0.000,-0.000,0.0,0
3168365,0.000,-0.000,0.0,0,0.000,-0.000,0.0,0
3168405,0.000,-0.000,0.0,0,0.000,-0.000,0.0,0
3168445,0.000,-0.000,0.0,0,0.000,-0.000,0.0,0
3168485,0.000,-0.000,0.0,0,0.000,-0.000,0.0,0
3168525,0.000,-0.000,0.0,0,0.000,-0.000,0.0,0
3168565,0.000,-0.000,0.0,0,0.000,-0.000,0.0,0
3168605,0.000,-0.000,0.0,0,0.000,-0.000,0.0,0
3168645,0.000,-0.000,0.0,0,0.000,-0.000,0.0,0
3168685,0.000,-0.000,0.0,0,0.000,-0.000,0.0,0
3168725,0.000,-0.000,0.0,0,0.000,-0.000,0.0,0
3168765,0.000,-0.000,0.0,0,0.000,-0.000,0.0,0
3168805,0.000,-0.000,0.0,0,0.000,-0.000,0.0,0
3168845,0.000,-0.000,0.0,0,0.000,-0.000,0.0,0
3168885,0.000,-0.000,0.0,0,0.000,-0.000,0.0,0
3168925,0.000,-0.000,0.0,0,0.000,-0.000,0.0,0
3168965,0.000,-0.000,0.0,0,0.000,-0.000,0.0,0
3169005,0.000,-0.000,0.0,0,0.000,-0.000,0.0,0
3169045,0.000,-0.000,0.0,0,0.000,-0.000,0.0,0
3169085,0.000,-0.000,0.0,0,0.000,-0.000,0.0,0
3169125,0.000,-0.000,0.0,0,0.000,-0.000,0.0,0
3169165,0.000,-0.000,0.0,0,0.000,-0.000,0.0,0
3169205,0.000,-0.000,0.0,0,0.000,-0.000,0.0,0
3169245,0.000,-0.000,0.0,0,0.000,-0.000,0.0,0
3169285,0.000,-0.000,0.0,0,0.000,-0.000,0.0,0
3169325,0.000,-0.000,0.0,0,0.000,-0.000,0.0,0
3169365,0.000,-0.000,0.0,0,0.000,-0.000,0.0,0
3169405,0.000,-0.000,0.0,0,0.000,-0.000,0.0,0
3169445,0.000,-0.000,0.0,0,0.000,-0.000,0.0,0
3169485,0.000,-0.000,0.0,0,0.000,-0.000,0.0,0
3169525,0.000,-0.000,0.0,0,0.000,-0.000,0.0,0
3169565,0.000,-0.000,0.0,0,0.000,-0.000,0.0,0
3169605,0.000,-0.000,0.0,0,0.000,-0.000,0.0,0
3169645,0.000,-0.000,0.0,0,0.000,-0.000,0.0,0
3169685,0.000,-0.000,0.0,0,0.000,-0.000,0.0,0
3169725,0.000,-0.000,0.0,0,0.000,-0.000,0.0,0
3169765,0.000,-0.000,0.0,0,0.000,-0.000,0.0,0
3169805,0.000,-0.000,0.0,0,0.000,-0.000,0.0,0
3169845,0.000,-0.000,0.0,0,0.000,-0.000,0.0,0
3169885,0.000,-0.000,0.0,0,0.000,-0.000,0.0,0
3169925,0.000,-0.000,0.0,0,0.000,-0.000,0.0,0
3169965,0.000,-0.000,0.0,0,0.000,-0.000,0.0,0
3170005,0.000,-0.000,0.0,0,0.000,-0.000,0.0,0
3170045,0.000,-0.000,0.0,0,0.000,-0.000,0.0,0
3170085,0.000,-0.000,0.0,0,0.000,-0.000,0.0,0
3170125,0.000,-0.000,0.0,0,0.000,-0.000,0.0,0
3170165,0.000,-0.000,0.0,0,0.000,-0.000,0.0,0
3170205,0.000,-0.000,0.0,0,0.000,-0.000,0.0,0
3170245,0.000,-0.000,0.0,0,0.000,-0.000,0.0,0
3170285,0.000,-0.000,0.0,0,0.000,-0.000,0.0,0
3170325,0.000,-0.000,0.0,0,0.000,-0.000,0.0,0
3170365,0.000,-0.000,0.0,0,0.000,-0.000,0.0,0
3170405,0.000,-0.000,0.0,0,0.000,-0.000,0.0,0
3170445,0.000,-0.000,0.0,0,0.000,-0.000,0.0,0
3170485,0.000,-0.000,0.0,0,0.000,-0.000,0.0,0
3170525,0.000,-0.000,0.0,0,0.000,-0.000,0.0,0
3170565,0.000,-0.000,0.0,0,0.000,-0.000,0.0,0
3170605,0.000,-0.000,0.0,0,0.000,-0.000,0.0,0
3170645,0.000,-0.000,0.0,0,0.000,-0.000,0.0,0
3170685,0.000,-0.000,0.0,0,0.000,-0.000,0.0,0
3170725,0.000,-0.000,0.0,0,0.000,-0.000,0.0,0
3170765,0.000,-0.000,0.0,0,0.000,-0.000,0.0,0
3170805,0.000,-0.000,0.0,0,0.000,-0.000,0.0,0
3170845,0.000,-0.000,0.0,0,0.000,-0.000,0.0,0
3170885,0.000,-0.000,0.0,0,0.000,-0.000,0.0,0
3170925,0.000,-0.000,0.0,0,0.000,-0.000,0.0,0
3170965,0.000,-0.000,0.0,0,0.000,-0.000,0.0,0
3171005,0.000,-0.000,0.0,0,0.000,-0.000,0.0,0
3171045,0.000,-0.000,0.0,0,0.000,-0.000,0.0,0
3171085,0.000,-0.000,0.0,0,0.000,-0.000,0.0,0
3171125,0.000,-0.000,0.0,0,0.000,-0.000,0.0,0
3171165,0.000,-0.000,0.0,0,0.000,-0.000,0.0,0
3171205,0.000,-0.000,0.0,0,0.000,-0.000,0.0,0
3171245,0.000,-0.000,0.0,0,0.000,-0.000,0.0,0
3171285,0.000,-0.000,0.0,0,0.000,-0.000,0.0,0
3171325,0.000,-0.000,0.0,0,0.000,-0.000,0.0,0
3171365,0.000,-0.000,0.0,0,0.000,-0.000,0.0,0
3171405,0.000,-0.000,0.0,0,0.000,-0.000,0.0,0
3171445,0.000,-0.000,0.0,0,0.000,-0.000,0.0,0
3171485,0.000,-0.000,0.0,0,0.000,-0.000,0.0,0
3171525,0.000,-0.000,0.0,0,0.000,-0.000,0.0,0
3171565,0.000,-0.000,0.0,0,0.000,-0.000,0.0,0
3171605,0.000,-0.000,0.0,0,0.000,-0.000,0.0,0
3171645,0.000,-0.000,0.0,0,0.000,-0.000,0.0,0
3171685,2.564,-0.000,32.8,12,2.564,-0.000,32.8,12
3171725,2.564,0.002,36.9,36,2.564,0.000,36.9,36
3171765,2.564,0.002,41.0,41,2.564,0.000,41.0,41
3171805,2.564,0.324,41.0,40,2.564,0.002,45.1,45
3171845,2.564,0.913,37.0,37,2.564,1.804,25.4,25
3171885,2.564,1.426,32.7,32,2.564,2.066,23.1,23
3171925,2.564,2.281,23.2,23,2.564,2.519,17.9,17
3171965,2.564,2.682,18.4,18,2.564,2.627,16.6,16
3172005,2.564,2.937,14.7,14,2.564,2.860,13.4,13
3172045,2.564,2.979,13.5,13,2.564,2.846,13.1,13
3172085,2.564,2.879,14.1,14,2.564,2.861,12.3,12
3172125,2.564,2.771,15.1,15,2.564,2.788,12.8,12
3172165,2.564,2.546,17.7,17,2.564,2.604,14.8,14
3172205,2.564,2.477,18.6,18,2.564,2.531,15.7,15
3172245,2.564,2.435,19.2,19,2.564,2.524,15.8,15
3172285,2.564,2.449,19.3,19,2.564,2.520,15.9,15
3172325,2.564,2.518,18.5,18,2.564,2.595,14.9,14
3172365,2.564,2.343,20.9,20,2.564,2.429,17.1,17
3172405,2.564,2.374,20.9,20,2.564,2.444,17.1,17
3172445,2.564,2.298,22.2,22,2.564,2.436,17.4,17
3172485,2.564,2.482,20.3,20,2.564,2.549,16.2,16
3172525,2.564,2.394,21.6,21,2.564,2.577,15.9,15
3172565,2.564,2.503,20.4,20,2.564,2.591,15.7,15
3172605,2.564,2.330,22.7,22,2.564,2.492,17.0,16
3172645,2.564,2.362,22.7,22,2.564,2.456,17.6,17
3172685,2.564,2.347,23.1,23,2.564,2.425,18.2,18
3172725,2.564,2.462,22.0,22,2.564,2.544,16.8,16
3172765,2.564,2.424,22.6,22,2.564,2.488,17.6,17
3172805,2.564,2.397,23.1,23,2.564,2.496,17.6,17
3172845,2.564,2.512,21.8,21,2.564,2.433,18.5,18
3172885,2.564,2.397,23.5,23,2.564,2.524,17.5,17
3172925,2.564,2.620,20.7,20,2.564,2.543,17.3,17
3172965,2.564,2.539,21.7,21,2.564,2.700,15.2,15
3173005,2.564,2.726,19.2,19,2.564,2.658,15.6,15
3173045,2.564,2.507,21.8,21,2.564,2.619,15.9,15
3173085,2.564,2.523,21.7,21,2.564,2.540,16.8,16
3173125,2.564,2.437,22.8,22,2.564,2.524,17.1,17
3173165,2.564,2.480,22.5,22,2.564,2.515,17.2,17
3173205,2.564,2.501,22.3,22,2.564,2.536,17.0,16
3173245,2.564,2.507,22.3,22,2.564,2.543,16.9,16
3173285,2.564,2.594,21.2,21,2.564,2.529,17.1,17
3173325,2.564,2.503,22.4,22,2.564,2.554,16.8,16
3173365,2.564,2.560,21.7,21,2.564,2.594,16.3,16
3173405,2.564,2.566,21.6,21,2.564,2.626,15.8,15
3173445,2.564,2.604,21.0,21,2.564,2.631,15.6,15
3173485,2.564,2.605,21.0,20,2.564,2.639,15.4,15
3173525,2.564,2.603,20.9,20,2.564,2.620,15.4,15
3173565,2.564,2.588,21.0,20,2.564,2.646,15.0,14
3173605,2.564,2.571,21.1,21,2.564,2.619,15.1,15
3173645,2.564,2.574,21.1,21,2.564,2.616,15.0,15
3173685,2.564,2.595,20.8,20,2.564,2.596,15.2,15
3173725,2.564,2.507,21.9,21,2.564,2.540,15.9,15
3173765,2.564,2.524,21.8,21,2.564,2.538,15.9,15
3173805,2.564,2.508,22.1,22,2.564,2.498,16.4,16
3173845,2.564,2.518,22.1,22,2.564,2.567,15.5,15
3173885,2.564,2.528,22.0,22,2.564,2.494,16.5,16
3173925,2.564,2.535,22.0,21,2.564,2.616,14.9,14
3173965,2.564,2.545,21.9,21,2.564,2.548,15.7,15
3174005,2.564,2.557,21.8,21,2.564,2.661,14.2,14
3174045,2.564,2.583,21.5,21,2.564,2.566,15.3,15
3174085,2.564,2.568,21.7,21,2.564,2.698,13.6,13
3174125,2.564,2.558,21.8,21,2.564,2.584,14.8,14
3174165,2.564,2.505,22.5,22,2.564,2.666,13.7,13
3174205,2.564,2.484,22.9,22,2.564,2.530,15.3,15
3174245,2.564,2.469,23.2,23,2.564,2.642,13.9,13
3174285,2.564,2.451,23.6,23,2.564,2.519,15.4,15
3174325,2.564,2.456,23.7,23,2.564,2.603,14.4,14
3174365,2.564,2.423,24.3,24,2.564,2.479,15.9,15
3174405,2.564,2.463,24.0,23,2.564,2.464,16.2,16
3174445,2.564,2.408,24.9,24,2.564,2.482,16.1,16
3174485,2.564,2.506,23.8,23,2.564,2.489,16.1,16
3174525,2.564,2.491,24.1,24,2.564,2.546,15.4,15
3174565,2.564,2.569,23.2,23,2.564,2.572,15.0,15
3174605,2.564,2.528,23.7,23,2.564,2.598,14.6,14
3174645,2.564,2.595,22.9,22,2.564,2.686,13.4,13
3174685,2.564,2.512,23.9,23,2.564,2.604,14.3,14
3174725,2.564,2.572,23.2,23,2.564,2.669,13.4,13
3174765,2.564,2.512,24.0,24,2.564,2.594,14.2,14
3174805,2.564,2.599,23.0,22,2.564,2.638,13.6,13
3174845,2.564,2.492,24.4,24,2.564,2.553,14.5,14
3174885,2.564,2.571,23.5,23,2.564,2.567,14.4,14
3174925,2.564,2.496,24.5,24,2.564,2.563,14.4,14
3174965,2.564,2.596,23.3,23,2.564,2.645,13.3,13
3175005,2.564,2.483,24.8,24,2.564,2.592,13.9,13
3175045,2.564,2.632,23.0,22,2.564,2.656,13.0,12
3175085,2.564,2.493,24.7,24,2.564,2.620,13.3,13
3175125,2.564,2.689,22.3,22,2.564,2.699,12.2,12
3175165,2.564,2.558,23.9,23,2.564,2.650,12.6,12
3175205,2.564,2.698,22.0,22,2.564,2.712,11.6,11
3175245,2.564,2.554,23.8,23,2.564,2.643,12.2,12
3175285,2.564,2.637,22.7,22,2.564,2.612,12.5,12
3175325,2.564,2.521,24.2,24,2.564,2.555,13.1,13
3175365,2.564,2.639,22.8,22,2.564,2.609,12.4,12
3175405,2.564,2.554,23.8,23,2.564,2.581,12.7,12
3175445,2.564,2.676,22.3,22,2.564,2.614,12.3,12
3175485,2.564,2.590,23.3,23,2.564,2.587,12.5,12
3175525,2.564,2.574,23.5,23,2.564,2.597,12.3,12
3175565,2.564,2.618,23.0,22,2.564,2.583,12.4,12
3175605,2.564,2.587,23.3,23,2.564,2.649,11.5,11
3175645,2.564,2.704,21.7,21,2.564,2.665,11.1,11
3175685,2.564,2.614,22.7,22,2.564,2.651,11.1,11
3175725,2.564,2.707,21.4,21,2.564,2.705,10.3,10
3175765,2.564,2.566,23.0,23,2.564,2.606,11.3,11
3175805,2.564,2.654,21.8,21,2.564,2.655,10.6,10
3175845,2.564,2.521,23.5,23,2.564,2.545,11.9,11
3175885,2.564,2.579,22.8,22,2.564,2.535,12.1,12
3175925,2.564,2.478,24.1,24,2.564,2.491,12.6,12
3175965,2.564,2.542,23.5,23,2.564,2.493,12.7,12
3176005,2.564,2.462,24.6,24,2.564,2.449,13.3,13
3176045,2.564,2.483,24.5,24,2.564,2.454,13.4,13
3176085,2.564,2.429,25.3,25,2.564,2.473,13.3,13
3176125,2.564,2.499,24.6,24,2.564,2.448,13.7,13
3176165,2.564,2.452,25.3,25,2.564,2.578,12.2,12
3176205,2.564,2.523,24.6,24,2.564,2.483,13.4,13
3176245,2.564,2.483,25.1,25,2.564,2.592,12.1,12
3176285,2.564,2.514,24.9,24,2.564,2.487,13.4,13
3176325,2.564,2.484,25.3,25,2.564,2.610,11.8,11
3176365,2.564,2.520,25.0,24,2.564,2.504,13.1,13
3176405,2.564,2.454,25.9,25,2.564,2.549,12.6,12
3176445,2.564,2.481,25.7,25,2.564,2.453,13.9,13
3176485,2.564,2.441,26.4,26,2.564,2.505,13.4,13
3176525,2.564,2.489,25.9,25,2.564,2.472,13.8,13
3176565,2.564,2.480,26.2,26,2.564,2.503,13.6,13
3176605,2.564,2.527,25.7,25,2.564,2.518,13.4,13
3176645,2.564,2.516,25.9,25,2.564,2.550,13.1,13
3176685,2.564,2.576,25.2,25,2.564,2.572,12.7,12
3176725,2.564,2.557,25.5,25,2.564,2.579,12.6,12
3176765,2.564,2.600,25.0,24,2.564,2.588,12.4,12
3176805,2.564,2.571,25.3,25,2.564,2.594,12.2,12
3176845,2.564,2.599,24.9,24,2.564,2.612,11.9,11
3176885,2.564,2.547,25.6,25,2.564,2.591,12.0,12
3176925,2.564,2.570,25.4,25,2.564,2.536,12.6,12
3176965,2.564,2.486,26.5,26,2.564,2.514,13.0,12
3177005,2.564,2.542,25.9,25,2.564,2.522,12.9,12
3177045,2.564,2.477,26.8,26,2.564,2.524,12.9,12
3177085,2.564,2.561,25.8,25,2.564,2.624,11.6,11
3177125,2.564,2.493,26.7,26,2.564,2.537,12.7,12
3177165,2.564,2.578,25.7,25,2.564,2.630,11.5,11
3177205,2.564,2.519,26.4,26,2.564,2.584,12.0,12
3177245,2.564,2.681,24.4,24,2.564,2.630,11.3,11
3177285,2.564,2.600,25.2,25,2.564,2.665,10.8,10
3177325,2.564,2.705,23.8,23,2.564,2.679,10.4,10
3177365,2.564,2.632,24.5,24,2.564,2.706,9.8,9
3177405,2.564,2.693,23.6,23,2.564,2.659,10.2,10
3177445,2.564,2.550,25.3,25,2.564,2.668,9.9,9
3177485,2.564,2.658,23.9,23,2.564,2.593,10.7,10
3177525,2.564,2.496,25.8,25,2.564,2.620,10.3,10
3177565,2.564,2.628,24.2,24,2.564,2.546,11.2,11
3177605,2.564,2.498,25.7,25,2.564,2.602,10.4,10
3177645,2.564,2.628,24.1,24,2.564,2.558,10.9,10
3177685,2.564,2.506,25.6,25,2.564,2.601,10.4,10
3177725,2.564,2.657,23.7,23,2.564,2.555,10.9,10
3177765,2.564,2.564,24.8,24,2.564,2.610,10.2,10
3177805,2.564,2.705,23.0,22,2.564,2.595,10.3,10
3177845,2.564,2.625,23.8,23,2.564,2.634,9.7,9
3177885,2.564,2.725,22.5,22,2.564,2.600,10.0,10
3177925,2.564,2.632,23.4,23,2.564,2.638,9.4,9
3177965,0.000,2.528,0.0,0,0.000,2.555,0.0,0
3178005,0.000,2.530,0.0,0,0.000,2.581,0.0,0
3178045,0.000,2.366,0.0,0,0.000,2.379,0.0,0
3178085,0.000,2.288,0.0,0,0.000,2.319,0.0,0
3178125,0.000,2.259,0.0,0,0.000,2.159,0.0,0
3178165,0.000,2.076,0.0,0,0.000,2.053,0.0,0
3178205,0.000,1.967,0.0,0,0.000,1.967,0.0,0
3178245,0.000,1.880,0.0,0,0.000,1.754,0.0,0
3178285,0.000,1.645,0.0,0,0.000,1.754,0.0,0
3178325,0.000,1.645,0.0,0,0.000,1.582,0.0,0
3178365,0.000,1.473,0.0,0,0.000,1.444,0.0,0
3178405,0.000,1.339,0.0,0,0.000,1.444,0.0,0
3178445,0.000,1.339,0.0,0,0.000,1.209,0.0,0
3178485,0.000,1.339,0.0,0,0.000,1.209,0.0,0
3178525,0.000,1.339,0.0,0,0.000,1.209,0.0,0
3178565,0.000,0.000,0.0,0,0.000,1.209,0.0,0
3178605,0.000,0.000,0.0,0,0.000,0.000,0.0,0
3178645,0.000,0.000,0.0,0,0.000,0.000,0.0,0
3178685,0.000,0.000,0.0,0,0.000,0.000,0.0,0
3178725,0.000,0.000,0.0,0,0.000,0.000,0.0,0
3178765,0.000,0.000,0.0,0,0.000,0.000,0.0,0
3178805,0.000,0.000,0.0,0,0.000,0.000,0.0,0
3178845,0.000,0.000,0.0,0,0.000,0.000,0.0,0
3178885,0.000,0.000,0.0,0,0.000,0.000,0.0,0
3178925,0.000,0.000,0.0,0,0.000,0.000,0.0,0
3178965,0.000,0.000,0.0,0,0.000,0.000,0.0,0
3179005,0.000,0.000,0.0,0,0.000,0.000,0.0,0
3179045,0.000,0.000,0.0,0,0.000,0.000,0.0,0
3179085,0.000,0.000,0.0,0,0.000,0.000,0.0,0
3179125,0.000,0.000,0.0,0,0.000,0.000,0.0,0
3179165,0.000,0.000,0.0,0,0.000,0.000,0.0,0
3179205,0.000,0.000,0.0,0,0.000,0.000,0.0,0
3179245,0.000,0.000,0.0,0,0.000,0.000,0.0,0
3179285,0.000,0.000,0.0,0,0.000,0.000,0.0,0
3179325,0.000,0.000,0.0,0,0.000,0.000,0.0,0
3179365,0.000,0.000,0.0,0,0.000,0.000,0.0,0
3179405,0.000,0.000,0.0,0,0.000,0.000,0.0,0
3179445,0.000,0.000,0.0,0,0.000,0.000,0.0,0
3179485,0.000,0.000,0.0,0,0.000,0.000,0.0,0
3179525,0.000,0.000,0.0,0,0.000,0.000,0.0,0
3179565,0.000,0.000,0.0,0,0.000,0.000,0.0,0
3179605,0.000,0.000,0.0,0,0.000,0.000,0.0,0
3179645,0.000,0.000,0.0,0,0.000,0.000,0.0,0
3179685,0.000,0.000,0.0,0,0.000,0.000,0.0,0
3179725,0.000,0.000,0.0,0,0.000,0.000,0.0,0
3179765,0.000,0.000,0.0,0,0.000,0.000,0.0,0
3179805,0.000,0.000,0.0,0,0.000,0.000,0.0,0
3179845,0.000,0.000,0.0,0,0.000,0.000,0.0,0
3179885,0.000,0.000,0.0,0,0.000,0.000,0.0,0
3179925,0.000,0.000,0.0,0,0.000,0.000,0.0,0
3179965,0.000,0.000,0.0,0,0.000,0.000,0.0,0
3180005,0.000,0.000,0.0,0,0.000,0.000,0.0,0
3180045,0.000,0.000,0.0,0,0.000,0.000,0.0,0
3180085,0.000,0.000,0.0,0,0.000,0.000,0.0,0
3180125,0.000,0.000,0.0,0,0.000,0.000,0.0,0
3180165,0.000,0.000,0.0,0,0.000,0.000,0.0,0
3180205,0.000,0.000,0.0,0,0.000,0.000,0.0,0
3180245,0.000,0.000,0.0,0,0.000,0.000,0.0,0
3180285,0.000,0.000,0.0,0,0.000,0.000,0.0,0
3180325,0.000,0.000,0.0,0,0.000,0.000,0.0,0
3180365,0.000,0.000,0.0,0,0.000,0.000,0.0,0
3180405,0.000,0.000,0.0,0,0.000,0.000,0.0,0
3180445,0.000,0.000,0.0,0,0.000,0.000,0.0,0
3180485,0.000,0.000,0.0,0,0.000,0.000,0.0,0
3180525,0.000,0.000,0.0,0,0.000,0.000,0.0,0
3180565,0.000,0.000,0.0,0,0.000,0.000,0.0,0
3180605,0.000,0.000,0.0,0,0.000,0.000,0.0,0
3180645,0.000,0.000,0.0,0,0.000,0.000,0.0,0
3180685,0.000,0.000,0.0,0,0.000,0.000,0.0,0
3180725,0.000,0.000,0.0,0,0.000,0.000,0.0,0
3180765,0.000,0.000,0.0,0,0.000,0.000,0.0,0
3180805,0.000,0.000,0.0,0,0.000,0.000,0.0,0
3180845,0.000,0.000,0.0,0,0.000,0.000,0.0,0
3180885,0.000,0.000,0.0,0,0.000,0.000,0.0,0
3180925,0.000,0.000,0.0,0,0.000,0.000,0.0,0
3180965,0.000,0.000,0.0,0,0.000,0.000,0.0,0
3181005,0.000,0.000,0.0,0,0.000,0.000,0.0,0
3181045,0.000,0.000,0.0,0,0.000,0.000,0.0,0
3181085,0.000,0.000,0.0,0,0.000,0.000,0.0,0
3181125,0.000,0.000,0.0,0,0.000,0.000,0.0,0
3181165,0.000,0.000,0.0,0,0.000,0.000,0.0,0
3181205,0.000,0.000,0.0,0,0.000,0.000,0.0,0
3181245,0.000,0.000,0.0,0,0.000,0.000,0.0,0
3181285,0.000,0.000,0.0,0,0.000,0.000,0.0,0
3181325,0.000,0.000,0.0,0,0.000,0.000,0.0,0
3181365,0.000,0.000,0.0,0,0.000,0.000,0.0,0
3181405,0.000,0.000,0.0,0,0.000,0.000,0.0,0
3181445,0.000,0.000,0.0,0,0.000,0.000,0.0,0
3181485,0.000,0.000,0.0,0,0.000,0.000,0.0,0
3181525,0.000,0.000,0.0,0,0.000,0.000,0.0,0
3181565,0.000,0.000,0.0,0,0.000,0.000,0.0,0
3181605,0.000,0.000,0.0,0,0.000,0.000,0.0,0
3181645,0.000,0.000,0.0,0,0.000,0.000,0.0,0
3181685,0.000,0.000,0.0,0,0.000,0.000,0.0,0
3181725,0.000,0.000,0.0,0,0.000,0.000,0.0,0
3181765,0.000,0.000,0.0,0,0.000,0.000,0.0,0
3181805,0.000,0.000,0.0,0,0.000,0.000,0.0,0
3181845,0.000,0.000,0.0,0,0.000,0.000,0.0,0
3181885,0.000,0.000,0.0,0,0.000,0.000,0.0,0
3181925,0.000,0.000,0.0,0,0.000,0.000,0.0,0
3181965,0.000,0.000,0.0,0,0.000,0.000,0.0,0
3182005,0.000,0.000,0.0,0,0.000,0.000,0.0,0
3182045,0.000,0.000,0.0,0,0.000,0.000,0.0,0
3182085,0.000,0.000,0.0,0,0.000,0.000,0.0,0
3182125,0.000,0.000,0.0,0,0.000,0.000,0.0,0
3182165,0.000,0.000,0.0,0,0.000,0.000,0.0,0
3182205,0.000,0.000,0.0,0,0.000,0.000,0.0,0
3182245,0.000,0.000,0.0,0,0.000,0.000,0.0,0
3182285,0.000,0.000,0.0,0,0.000,0.000,0.0,0
3182325,0.000,0.000,0.0,0,0.000,0.000,0.0,0
3182365,0.000,0.000,0.0,0,0.000,0.000,0.0,0
3182405,0.000,0.000,0.0,0,0.000,0.000,0.0,0
3182445,0.000,0.000,0.0,0,0.000,0.000,0.0,0
3182485,0.000,0.000,0.0,0,0.000,0.000,0.0,0
3182525,0.000,0.000,0.0,0,0.000,0.000,0.0,0
3182565,0.000,0.000,0.0,0,0.000,0.000,0.0,0
3182605,0.000,0.000,0.0,0,0.000,0.000,0.0,0
3182645,0.000,0.000,0.0,0,0.000,0.000,0.0,0
3182685,0.000,0.000,0.0,0,0.000,0.000,0.0,0
3182725,0.000,0.000,0.0,0,0.000,0.000,0.0,0
3182765,0.000,0.000,0.0,0,0.000,0.000,0.0,0
3182805,0.000,0.000,0.0,0,0.000,0.000,0.0,0
3182845,0.000,0.000,0.0,0,0.000,0.000,0.0,0
3182885,0.000,0.000,0.0,0,0.000,0.000,0.0,0
3182925,0.000,0.000,0.0,0,0.000,0.000,0.0,0
3182965,0.000,0.000,0.0,0,0.000,0.000,0.0,0
3183005,0.000,0.000,0.0,0,0.000,0.000,0.0,0
3183045,0.000,0.000,0.0,0,0.000,0.000,0.0,0
3183085,0.000,0.000,0.0,0,0.000,0.000,0.0,0
3183125,0.000,0.000,0.0,0,0.000,0.000,0.0,0
3183165,0.000,0.000,0.0,0,0.000,0.000,0.0,0
3183205,0.000,0.000,0.0,0,0.000,0.000,0.0,0
3183245,0.000,0.000,0.0,0,0.000,0.000,0.0,0
3183285,0.000,0.000,0.0,0,0.000,0.000,0.0,0
3183325,0.000,0.000,0.0,0,0.000,0.000,0.0,0
3183365,0.000,0.000,0.0,0,0.000,0.000,0.0,0
3183405,0.000,0.000,0.0,0,0.000,0.000,0.0,0
3183445,0.000,0.000,0.0,0,0.000,0.000,0.0,0
3183485,0.000,0.000,0.0,0,0.000,0.000,0.0,0
3183525,0.000,0.000,0.0,0,0.000,0.000,0.0,0
3183565,0.000,0.000,0.0,0,0.000,0.000,0.0,0
3183605,0.000,0.000,0.0,0,0.000,0.000,0.0,0
3183645,0.000,0.000,0.0,0,0.000,0.000,0.0,0
3183685,0.000,0.000,0.0,0,0.000,0.000,0.0,0
3183725,0.000,0.000,0.0,0,0.000,0.000,0.0,0
3183765,0.000,0.000,0.0,0,0.000,0.000,0.0,0
3183805,0.000,0.000,0.0,0,0.000,0.000,0.0,0
3183845,0.000,0.000,0.0,0,0.000,0.000,0.0,0
3183885,0.000,0.000,0.0,0,0.000,0.000,0.0,0
3183925,0.000,0.000,0.0,0,0.000,0.004,0.0,0
3183965,0.000,0.004,0.0,0,0.000,0.004,0.0,0
3184005,0.000,0.431,0.0,0,0.000,0.300,0.0,0
3184045,0.000,0.813,0.0,0,0.000,0.678,0.0,0
3184085,0.000,1.135,0.0,0,0.000,0.897,0.0,0
3184125,0.000,1.592,0.0,0,0.000,0.897,0.0,0
3184165,0.000,2.073,0.0,0,0.000,0.986,0.0,0
3184205,0.000,2.636,0.0,0,0.000,1.082,0.0,0
3184245,0.000,2.717,0.0,0,0.000,1.082,0.0,0
3184285,0.000,3.195,0.0,0,0.000,1.082,0.0,0
3184325,0.000,3.481,0.0,0,0.000,1.082,0.0,0
3184365,0.000,3.648,0.0,0,0.000,0.880,0.0,0
3184405,0.000,4.021,0.0,0,0.000,0.880,0.0,0
3184445,0.000,4.181,0.0,0,0.000,0.880,0.0,0
3184485,0.000,4.340,0.0,0,0.000,0.880,0.0,0
3184525,0.000,4.580,0.0,0,0.000,0.714,0.0,0
3184565,0.000,4.654,0.0,0,0.000,0.714,0.0,0
3184605,0.000,4.755,0.0,0,0.000,0.732,0.0,0
3184645,0.000,4.711,0.0,0,0.000,0.732,0.0,0
3184685,0.000,4.723,0.0,0,0.000,0.813,0.0,0
3184725,0.000,4.684,0.0,0,0.000,0.813,0.0,0
3184765,0.000,4.737,0.0,0,0.000,0.919,0.0,0
3184805,0.000,4.892,0.0,0,0.000,1.118,0.0,0
3184845,0.000,5.092,0.0,0,0.000,1.267,0.0,0
3184885,0.000,5.024,0.0,0,0.000,1.409,0.0,0
3184925,0.000,4.839,0.0,0,0.000,1.577,0.0,0
3184965,0.000,4.704,0.0,0,0.000,1.659,0.0,0
3185005,0.000,4.672,0.0,0,0.000,1.868,0.0,0
3185045,0.000,4.471,0.0,0,0.000,1.946,0.0,0
3185085,0.000,4.048,0.0,0,0.000,2.074,0.0,0
3185125,0.000,4.290,0.0,0,0.000,2.264,0.0,0
3185165,0.000,4.268,0.0,0,0.000,2.332,0.0,0
3185205,0.000,4.236,0.0,0,0.000,2.433,0.0,0
3185245,0.000,4.054,0.0,0,0.000,2.488,0.0,0
3185285,0.000,3.906,0.0,0,0.000,2.603,0.0,0
3185325,0.000,3.784,0.0,0,0.000,2.717,0.0,0
3185365,0.000,3.609,0.0,0,0.000,2.899,0.0,0
3185405,0.000,3.436,0.0,0,0.000,3.131,0.0,0
3185445,0.000,3.810,0.0,0,0.000,3.174,0.0,0
3185485,0.000,3.985,0.0,0,0.000,3.171,0.0,0
3185525,0.000,4.161,0.0,0,0.000,3.241,0.0,0
3185565,0.000,4.244,0.0,0,0.000,3.276,0.0,0
3185605,0.000,4.388,0.0,0,0.000,3.328,0.0,0
3185645,0.000,4.374,0.0,0,0.000,3.391,0.0,0
3185685,0.000,4.242,0.0,0,0.000,3.315,0.0,0
3185725,0.000,4.153,0.0,0,0.000,3.360,0.0,0
3185765,0.000,4.283,0.0,0,0.000,3.297,0.0,0
3185805,0.000,3.918,0.0,0,0.000,3.021,0.0,0
3185845,0.000,3.880,0.0,0,0.000,3.093,0.0,0
3185885,0.000,3.680,0.0,0,0.000,2.813,0.0,0
3185925,0.000,3.464,0.0,0,0.000,2.799,0.0,0
3185965,0.000,3.467,0.0,0,0.000,2.641,0.0,0
3186005,0.000,3.242,0.0,0,0.000,2.674,0.0,0
3186045,0.000,2.900,0.0,0,0.000,2.339,0.0,0
3186085,0.000,2.874,0.0,0,0.000,2.289,0.0,0
3186125,0.000,2.754,0.0,0,0.000,2.143,0.0,0
3186165,0.000,2.463,0.0,0,0.000,1.936,0.0,0
3186205,0.000,2.310,0.0,0,0.000,1.889,0.0,0
3186245,0.000,2.127,0.0,0,0.000,1.751,0.0,0
3186285,0.000,2.054,0.0,0,0.000,1.751,0.0,0
3186325,0.000,1.890,0.0,0,0.000,1.554,0.0,0
3186365,0.000,1.890,0.0,0,0.000,1.415,0.0,0
3186405,0.000,1.671,0.0,0,0.000,1.415,0.0,0
3186445,0.000,1.493,0.0,0,0.000,1.245,0.0,0
3186485,0.000,1.493,0.0,0,0.000,1.245,0.0,0
3186525,0.000,1.275,0.0,0,0.000,1.245,0.0,0
3186565,0.000,1.275,0.0,0,0.000,1.018,0.0,0
3186605,0.000,1.275,0.0,0,0.000,1.018,0.0,0
3186645,0.000,1.275,0.0,0,0.000,1.018,0.0,0
3186685,0.000,0.000,0.0,0,0.000,1.018,0.0,0
3186725,0.000,0.000,0.0,0,0.000,0.000,0.0,0
3186765,0.000,0.000,0.0,0,0.000,0.000,0.0,0
3186805,0.000,0.000,0.0,0,0.000,0.000,0.0,0
3186845,0.000,0.000,0.0,0,0.000,0.000,0.0,0
3186885,0.000,0.000,0.0,0,0.000,0.075,0.0,0
3186925,0.000,0.000,0.0,0,0.000,0.075,0.0,0
3186965,0.000,0.000,0.0,0,0.000,0.075,0.0,0
3187005,0.000,0.000,0.0,0,0.000,0.075,0.0,0
3187045,0.000,0.000,0.0,0,0.000,0.000,0.0,0
3187085,0.000,0.000,0.0,0,0.000,0.000,0.0,0
3187125,0.000,0.000,0.0,0,0.000,0.096,0.0,0
3187165,0.000,0.000,0.0,0,0.000,0.096,0.0,0
3187205,0.000,0.000,0.0,0,0.000,0.096,0.0,0
3187245,0.000,0.000,0.0,0,0.000,0.315,0.0,0
3187285,0.000,0.031,0.0,0,0.000,0.315,0.0,0
3187325,0.000,0.031,0.0,0,0.000,0.549,0.0,0
3187365,0.000,0.502,0.0,0,0.000,0.781,0.0,0
3187405,0.000,0.836,0.0,0,0.000,1.102,0.0,0
3187445,0.000,1.054,0.0,0,0.000,1.457,0.0,0
3187485,0.000,1.256,0.0,0,0.000,1.862,0.0,0
3187525,0.000,1.326,0.0,0,0.000,2.166,0.0,0
3187565,0.000,1.338,0.0,0,0.000,2.423,0.0,0
3187605,0.000,1.338,0.0,0,0.000,2.829,0.0,0
3187645,0.000,1.417,0.0,0,0.000,3.052,0.0,0
3187685,0.000,1.470,0.0,0,0.000,3.302,0.0,0
3187725,0.000,1.495,0.0,0,0.000,3.745,0.0,0
3187765,0.000,1.637,0.0,0,0.000,3.984,0.0,0
3187805,0.000,1.729,0.0,0,0.000,4.114,0.0,0
3187845,0.000,1.961,0.0,0,0.000,4.216,0.0,0
3187885,0.000,2.023,0.0,0,0.000,4.416,0.0,0
3187925,0.000,2.069,0.0,0,0.000,4.651,0.0,0
3187965,0.000,2.142,0.0,0,0.000,4.751,0.0,0
3188005,0.000,1.976,0.0,0,0.000,4.727,0.0,0
3188045,0.000,1.923,0.0,0,0.000,4.634,0.0,0
3188085,0.000,1.869,0.0,0,0.000,4.621,0.0,0
3188125,0.000,1.843,0.0,0,0.000,4.675,0.0,0
3188165,0.000,1.856,0.0,0,0.000,4.673,0.0,0
3188205,0.000,1.741,0.0,0,0.000,4.557,0.0,0
3188245,0.000,1.741,0.0,0,0.000,4.426,0.0,0
3188285,0.000,1.576,0.0,0,0.000,4.358,0.0,0
3188325,0.000,1.473,0.0,0,0.000,4.288,0.0,0
3188365,0.000,1.433,0.0,0,0.000,4.283,0.0,0
3188405,0.000,1.433,0.0,0,0.000,4.285,0.0,0
3188445,0.000,1.378,0.0,0,0.000,4.259,0.0,0
3188485,0.000,1.260,0.0,0,0.000,4.136,0.0,0
3188525,0.000,1.260,0.0,0,0.000,3.909,0.0,0
3188565,0.000,1.260,0.0,0,0.000,3.984,0.0,0
3188605,0.000,1.071,0.0,0,0.000,3.996,0.0,0
3188645,0.000,1.071,0.0,0,0.000,3.855,0.0,0
3188685,0.000,1.014,0.0,0,0.000,3.615,0.0,0
3188725,0.000,1.014,0.0,0,0.000,3.687,0.0,0
3188765,0.000,0.973,0.0,0,0.000,3.687,0.0,0
3188805,0.000,0.973,0.0,0,0.000,3.480,0.0,0
3188845,0.000,0.846,0.0,0,0.000,3.571,0.0,0
3188885,0.000,0.846,0.0,0,0.000,3.481,0.0,0
3188925,0.000,0.846,0.0,0,0.000,3.247,0.0,0
3188965,0.000,0.786,0.0,0,0.000,3.249,0.0,0
3189005,0.000,0.786,0.0,0,0.000,3.033,0.0,0
3189045,0.000,0.786,0.0,0,0.000,3.022,0.0,0
3189085,0.000,0.685,0.0,0,0.000,2.866,0.0,0
3189125,0.000,0.685,0.0,0,0.000,2.884,0.0,0
3189165,0.000,0.685,0.0,0,0.000,2.774,0.0,0
3189205,0.000,0.685,0.0,0,0.000,2.742,0.0,0
3189245,0.000,0.000,0.0,0,0.000,2.626,0.0,0
3189285,0.000,0.135,0.0,0,0.000,2.594,0.0,0
3189325,0.000,0.135,0.0,0,0.000,2.544,0.0,0
3189365,0.000,0.135,0.0,0,0.000,2.502,0.0,0
3189405,0.000,0.135,0.0,0,0.000,2.466,0.0,0
3189445,0.000,0.141,0.0,0,0.000,2.336,0.0,0
3189485,0.000,0.141,0.0,0,0.000,2.377,0.0,0
3189525,0.000,0.141,0.0,0,0.000,2.280,0.0,0
3189565,0.000,0.141,0.0,0,0.000,2.308,0.0,0
3189605,0.000,0.000,0.0,0,0.000,2.239,0.0,0
3189645,0.000,0.125,0.0,0,0.000,2.100,0.0,0
3189685,0.000,0.125,0.0,0,0.000,2.041,0.0,0
3189725,0.000,0.125,0.0,0,0.000,1.838,0.0,0
3189765,0.000,0.125,0.0,0,0.000,1.838,0.0,0
3189805,0.000,0.000,0.0,0,0.000,1.496,0.0,0
3189845,0.000,0.000,0.0,0,0.000,1.496,0.0,0
3189885,0.000,0.000,0.0,0,0.000,1.496,0.0,0
3189925,0.000,0.000,0.0,0,0.000,1.496,0.0,0
3189965,0.000,0.000,0.0,0,0.000,0.000,0.0,0
3190005,0.000,0.000,0.0,0,0.000,0.000,0.0,0
3190045,0.000,0.000,0.0,0,0.000,0.000,0.0,0
3190085,0.000,0.000,0.0,0,0.000,0.000,0.0,0
3190125,0.000,0.000,0.0,0,0.000,0.000,0.0,0
3190165,0.000,0.000,0.0,0,0.000,0.000,0.0,0
3190205,0.000,0.000,0.0,0,0.000,0.000,0.0,0
3190245,0.000,0.000,0.0,0,0.000,0.000,0.0,0
3190285,0.000,0.000,0.0,0,0.000,0.000,0.0,0
3190325,0.000,0.000,0.0,0,0.000,0.000,0.0,0
3190365,0.000,0.000,0.0,0,0.000,0.000,0.0,0
3190405,0.000,0.000,0.0,0,0.000,0.000,0.0,0
3190445,0.000,0.000,0.0,0,0.000,0.000,0.0,0
3190485,0.000,0.000,0.0,0,0.000,0.000,0.0,0
3190525,0.000,0.000,0.0,0,0.000,0.000,0.0,0
3190565,0.000,0.000,0.0,0,0.000,0.000,0.0,0
3190605,0.000,0.000,0.0,0,0.000,0.000,0.0,0
3190645,0.000,0.000,0.0,0,0.000,0.000,0.0,0
3190685,0.000,0.000,0.0,0,0.000,0.000,0.0,0
3190725,0.000,0.000,0.0,0,0.000,0.000,0.0,0
3190765,0.000,0.000,0.0,0,0.000,0.000,0.0,0
3190805,0.000,0.000,0.0,0,0.000,0.000,0.0,0
3190845,0.000,0.000,0.0,0,0.000,0.000,0.0,0
3190885,0.000,0.000,0.0,0,0.000,0.000,0.0,0
3190925,0.000,0.000,0.0,0,0.000,0.000,0.0,0
3190965,0.000,0.000,0.0,0,0.000,0.000,0.0,0
3191005,0.000,0.000,0.0,0,0.000,0.000,0.0,0
3191045,0.000,0.000,0.0,0,0.000,0.000,0.0,0
3191085,0.000,0.000,0.0,0,0.000,0.000,0.0,0
3191125,0.000,0.000,0.0,0,0.000,0.000,0.0,0
3191165,0.000,0.000,0.0,0,0.000,0.000,0.0,0
3191205,0.000,0.000,0.0,0,0.000,0.000,0.0,0
3191245,0.000,0.000,0.0,0,0.000,0.000,0.0,0
3191285,0.000,0.000,0.0,0,0.000,0.000,0.0,0
3191325,0.000,0.000,0.0,0,0.000,0.000,0.0,0
3191365,0.000,0.000,0.0,0,0.000,0.000,0.0,0
3191405,0.000,0.000,0.0,0,0.000,0.000,0.0,0
3191445,0.000,0.000,0.0,0,0.000,0.000,0.0,0
3191485,0.000,0.000,0.0,0,0.000,0.000,0.0,0
3191525,0.000,0.000,0.0,0,0.000,0.000,0.0,0
3191565,0.000,0.000,0.0,0,0.000,0.000,0.0,0
3191605,0.000,0.000,0.0,0,0.000,0.000,0.0,0
3191645,0.000,0.000,0.0,0,0.000,0.000,0.0,0
3191685,0.000,0.000,0.0,0,0.000,0.000,0.0,0
3191725,0.000,0.000,0.0,0,0.000,0.000,0.0,0
3191765,0.000,0.000,0.0,0,0.000,0.000,0.0,0
3191805,0.000,0.000,0.0,0,0.000,0.000,0.0,0
3191845,0.000,0.000,0.0,0,0.000,0.000,0.0,0
3191885,0.000,0.000,0.0,0,0.000,0.000,0.0,0
3191925,0.000,0.000,0.0,0,0.000,0.000,0.0,0
3191965,0.000,0.000,0.0,0,0.000,0.000,0.0,0
3192005,0.000,0.000,0.0,0,0.000,0.000,0.0,0
3192045,0.000,0.000,0.0,0,0.000,0.000,0.0,0
3192085,0.000,0.000,0.0,0,0.000,0.000,0.0,0
3192125,0.000,0.000,0.0,0,0.000,0.000,0.0,0
3192165,0.000,0.000,0.0,0,0.000,0.000,0.0,0
3192205,0.000,0.000,0.0,0,0.000,0.000,0.0,0
3192245,0.000,0.000,0.0,0,0.000,0.000,0.0,0
3192285,0.000,0.000,0.0,0,0.000,0.000,0.0,0
3192325,0.000,0.000,0.0,0,0.000,0.000,0.0,0
3192365,0.000,0.000,0.0,0,0.000,0.000,0.0,0
3192405,0.000,0.000,0.0,0,0.000,0.000,0.0,0
3192445,0.000,0.000,0.0,0,0.000,0.000,0.0,0
3192485,0.000,0.000,0.0,0,0.000,0.000,0.0,0
3192525,0.000,0.000,0.0,0,0.000,0.000,0.0,0
3192565,0.000,0.000,0.0,0,0.000,0.000,0.0,0
3192605,0.000,0.000,0.0,0,0.000,0.000,0.0,0
3192645,0.000,0.000,0.0,0,0.000,0.000,0.0,0
3192685,0.000,0.000,0.0,0,0.000,0.000,0.0,0
3192725,0.000,0.000,0.0,0,0.000,0.000,0.0,0
3192765,0.000,0.000,0.0,0,0.000,0.000,0.0,0
3192805,0.000,0.000,0.0,0,0.000,0.000,0.0,0
3192845,0.000,0.000,0.0,0,0.000,0.000,0.0,0
3192885,0.000,0.000,0.0,0,0.000,0.000,0.0,0
3192925,0.000,0.000,0.0,0,0.000,0.000,0.0,0
3192965,0.000,0.000,0.0,0,0.000,0.000,0.0,0
3193005,0.000,0.000,0.0,0,0.000,0.000,0.0,0
3193045,0.000,0.000,0.0,0,0.000,0.000,0.0,0
3193085,0.000,0.000,0.0,0,0.000,0.000,0.0,0
3193125,0.000,0.000,0.0,0,0.000,0.000,0.0,0
3193165,0.000,0.000,0.0,0,0.000,0.000,0.0,0
3193205,0.000,0.000,0.0,0,0.000,0.000,0.0,0
3193245,0.000,0.000,0.0,0,0.000,0.000,0.0,0
3193285,0.000,0.000,0.0,0,0.000,0.000,0.0,0
3193325,0.000,0.000,0.0,0,0.000,0.000,0.0,0
3193365,0.000,0.000,0.0,0,0.000,0.000,0.0,0
3193405,0.000,0.000,0.0,0,0.000,0.000,0.0,0
3193445,0.000,0.000,0.0,0,0.000,0.000,0.0,0
3193485,0.000,0.000,0.0,0,0.000,0.000,0.0,0
3193525,0.000,0.000,0.0,0,0.000,0.000,0.0,0
3193565,0.000,0.000,0.0,0,0.000,0.000,0.0,0
3193605,0.000,0.000,0.0,0,0.000,0.000,0.0,0
3193645,0.000,0.000,0.0,0,0.000,0.000,0.0,0
3193685,0.000,0.000,0.0,0,0.000,0.000,0.0,0
3193725,0.000,0.000,0.0,0,0.000,0.000,0.0,0
3193765,0.000,0.000,0.0,0,0.000,0.000,0.0,0
3193805,0.000,0.000,0.0,0,0.000,0.000,0.0,0
3193845,0.000,0.000,0.0,0,0.000,0.000,0.0,0
3193885,0.000,0.000,0.0,0,0.000,0.000,0.0,0
3193925,0.000,0.000,0.0,0,0.000,0.000,0.0,0
3193965,0.000,0.000,0.0,0,0.000,0.000,0.0,0
3194005,0.000,0.000,0.0,0,0.000,0.000,0.0,0
3194045,0.000,0.000,0.0,0,0.000,0.000,0.0,0
3194085,0.000,0.000,0.0,0,0.000,0.000,0.0,0
3194125,0.000,0.000,0.0,0,0.000,0.000,0.0,0
3194165,0.000,0.000,0.0,0,0.000,0.000,0.0,0
3194205,0.000,0.000,0.0,0,0.000,0.000,0.0,0
3194245,0.000,0.000,0.0,0,0.000,0.000,0.0,0
3194285,0.000,0.000,0.0,0,0.000,0.000,0.0,0
3194325,0.000,0.000,0.0,0,0.000,0.000,0.0,0
3194365,0.000,0.000,0.0,0,0.000,0.000,0.0,0
3194405,0.000,0.000,0.0,0,0.000,0.000,0.0,0
3194445,0.000,0.000,0.0,0,0.000,0.000,0.0,0
3194485,0.000,0.000,0.0,0,0.000,0.000,0.0,0
3194525,0.000,0.000,0.0,0,0.000,0.000,0.0,0
3194565,0.000,0.000,0.0,0,0.000,0.000,0.0,0
3194605,0.000,0.000,0.0,0,0.000,0.000,0.0,0
3194645,0.000,0.000,0.0,0,0.000,0.000,0.0,0
3194685,0.000,0.000,0.0,0,0.000,0.000,0.0,0
3194725,0.000,0.000,0.0,0,0.000,0.000,0.0,0
3194765,0.000,0.000,0.0,0,0.000,0.000,0.0,0
3194805,0.000,0.000,0.0,0,0.000,0.000,0.0,0
3194845,0.000,0.000,0.0,0,0.000,0.000,0.0,0
3194885,0.000,0.000,0.0,0,0.000,0.000,0.0,0
3194925,0.000,0.000,0.0,0,0.000,0.000,0.0,0
3194965,0.000,0.000,0.0,0,0.000,0.000,0.0,0
3195005,0.000,0.000,0.0,0,0.000,0.000,0.0,0
3195045,0.000,0.000,0.0,0,0.000,0.000,0.0,0
3195085,0.000,0.000,0.0,0,0.000,0.000,0.0,0
3195125,0.000,0.000,0.0,0,0.000,0.000,0.0,0
3195165,0.000,0.000,0.0,0,0.000,0.000,0.0,0
3195205,0.000,0.000,0.0,0,0.000,0.000,0.0,0
3195245,0.000,0.000,0.0,0,0.000,0.000,0.0,0
3195285,0.000,0.000,0.0,0,0.000,0.000,0.0,0
3195325,0.000,0.000,0.0,0,0.000,0.000,0.0,0
3195365,0.000,0.000,0.0,0,0.000,0.000,0.0,0
3195405,0.000,0.000,0.0,0,0.000,0.000,0.0,0
3195445,0.000,0.000,0.0,0,0.000,0.000,0.0,0
3195485,0.000,0.000,0.0,0,0.000,0.000,0.0,0
3195525,0.000,0.000,0.0,0,0.000,0.000,0.0,0
3195565,0.000,0.000,0.0,0,0.000,0.000,0.0,0
3195605,0.000,0.000,0.0,0,0.000,0.000,0.0,0
3195645,0.000,0.000,0.0,0,0.000,0.000,0.0,0
3195685,0.000,0.000,0.0,0,0.000,0.000,0.0,0
3195725,0.000,0.000,0.0,0,0.000,0.000,0.0,0
3195765,0.000,0.000,0.0,0,0.000,0.000,0.0,0
3195805,0.000,0.000,0.0,0,0.000,0.000,0.0,0
3195845,0.000,0.000,0.0,0,0.000,0.000,0.0,0
3195885,0.000,0.000,0.0,0,0.000,0.000,0.0,0
3195925,0.000,0.000,0.0,0,0.000,0.000,0.0,0
3195965,0.000,0.000,0.0,0,0.000,0.000,0.0,0
3196005,0.000,0.000,0.0,0,0.000,0.000,0.0,0
3196045,0.000,0.000,0.0,0,0.000,0.000,0.0,0
3196085,0.000,0.000,0.0,0,0.000,0.000,0.0,0
3196125,0.000,0.000,0.0,0,0.000,0.000,0.0,0
3196165,0.000,0.000,0.0,0,0.000,0.000,0.0,0
3196205,0.000,0.000,0.0,0,0.000,0.000,0.0,0
3196245,0.000,0.000,0.0,0,0.000,0.000,0.0,0
3196285,0.000,0.000,0.0,0,0.000,0.000,0.0,0
3196325,0.000,0.000,0.0,0,0.000,0.000,0.0,0
3196365,0.000,0.000,0.0,0,0.000,0.000,0.0,0
3196405,0.000,0.000,0.0,0,0.000,0.000,0.0,0
3196445,0.000,0.000,0.0,0,0.000,0.000,0.0,0
3196485,0.000,0.000,0.0,0,0.000,0.000,0.0,0
3196525,0.000,0.000,0.0,0,0.000,0.000,0.0,0
3196565,0.000,0.000,0.0,0,0.000,0.000,0.0,0
3196605,0.000,0.000,0.0,0,0.000,0.000,0.0,0
3196645,0.000,0.000,0.0,0,0.000,0.000,0.0,0
3196685,0.000,0.000,0.0,0,0.000,0.000,0.0,0
3196725,0.000,0.000,0.0,0,0.000,0.000,0.0,0
3196765,0.000,0.000,0.0,0,0.000,0.000,0.0,0
3196805,0.000,0.000,0.0,0,0.000,0.000,0.0,0
3196845,0.000,0.000,0.0,0,0.000,0.000,0.0,0
3196885,0.000,0.000,0.0,0,0.000,0.000,0.0,0
3196925,0.000,0.000,0.0,0,0.000,0.000,0.0,0
3196965,0.000,0.000,0.0,0,0.000,0.000,0.0,0
3197005,0.000,0.000,0.0,0,0.000,0.000,0.0,0
3197045,0.000,0.000,0.0,0,0.000,0.000,0.0,0
3197085,0.000,0.000,0.0,0,0.000,0.000,0.0,0
3197125,0.000,0.000,0.0,0,0.000,0.000,0.0,0
3197165,0.000,0.000,0.0,0,0.000,0.000,0.0,0
3197205,0.000,0.000,0.0,0,0.000,0.000,0.0,0
3197245,0.000,0.000,0.0,0,0.000,0.000,0.0,0
3197285,0.000,0.000,0.0,0,0.000,0.000,0.0,0
3197325,0.000,0.000,0.0,0,0.000,0.000,0.0,0
3197365,0.000,0.000,0.0,0,0.000,0.000,0.0,0
3197405,0.000,0.000,0.0,0,0.000,0.000,0.0,0
3197445,0.000,0.000,0.0,0,0.000,0.000,0.0,0
3197485,0.000,0.000,0.0,0,0.000,0.000,0.0,0
3197525,0.000,0.000,0.0,0,0.000,0.000,0.0,0
3197565,0.000,0.000,0.0,0,0.000,0.000,0.0,0
3197605,0.000,0.000,0.0,0,0.000,0.000,0.0,0
3197645,0.000,0.000,0.0,0,0.000,0.000,0.0,0
3197685,0.000,0.000,0.0,0,0.000,0.000,0.0,0
3197725,0.000,0.000,0.0,0,0.000,0.000,0.0,0
3197765,0.000,0.000,0.0,0,0.000,0.000,0.0,0
3197805,0.000,0.000,0.0,0,0.000,0.000,0.0,0
3197845,0.000,0.000,0.0,0,0.000,0.000,0.0,0
3197885,0.000,0.000,0.0,0,0.000,0.000,0.0,0
3197925,0.000,0.000,0.0,0,0.000,0.000,0.0,0
3197965,0.000,0.000,0.0,0,0.000,0.000,0.0,0
3198005,0.000,0.000,0.0,0,0.000,0.000,0.0,0
3198045,0.000,0.000,0.0,0,0.000,0.000,0.0,0
3198085,0.000,0.000,0.0,0,0.000,0.000,0.0,0
3198125,0.000,0.000,0.0,0,0.000,0.000,0.0,0
3198165,0.000,0.000,0.0,0,0.000,0.000,0.0,0
3198205,0.000,0.000,0.0,0,0.000,0.000,0.0,0
3198245,0.000,0.000,0.0,0,0.000,0.000,0.0,0
3198285,0.000,0.000,0.0,0,0.000,0.000,0.0,0
3198325,0.000,0.000,0.0,0,0.000,0.000,0.0,0
3198365,0.000,0.000,0.0,0,0.000,0.000,0.0,0
3198405,0.000,0.000,0.0,0,0.000,0.000,0.0,0
3198445,0.000,0.000,0.0,0,0.000,0.000,0.0,0
3198485,0.000,0.000,0.0,0,0.000,0.000,0.0,0
3198525,0.000,0.000,0.0,0,0.000,0.000,0.0,0
3198565,0.000,0.000,0.0,0,0.000,0.000,0.0,0
3198605,0.000,0.000,0.0,0,0.000,0.000,0.0,0
3198645,0.000,0.000,0.0,0,0.000,0.000,0.0,0
3198685,0.000,0.000,0.0,0,0.000,0.000,0.0,0
3198725,0.000,0.000,0.0,0,0.000,0.000,0.0,0
3198765,0.000,0.000,0.0,0,0.000,0.000,0.0,0
3198805,0.000,0.000,0.0,0,0.000,0.000,0.0,0
3198845,0.000,0.000,0.0,0,0.000,0.000,0.0,0
3198885,0.000,0.000,0.0,0,0.000,0.000,0.0,0
3198925,0.000,0.000,0.0,0,0.000,0.000,0.0,0
3198965,0.000,0.000,0.0,0,0.000,0.000,0.0,0
3199005,0.000,0.000,0.0,0,0.000,0.000,0.0,0
3199045,0.000,0.000,0.0,0,0.000,0.000,0.0,0
3199085,0.000,0.000,0.0,0,0.000,0.000,0.0,0
3199125,0.000,0.000,0.0,0,0.000,0.000,0.0,0
3199165,0.000,0.000,0.0,0,0.000,0.000,0.0,0
3199205,0.000,0.000,0.0,0,0.000,0.000,0.0,0
3199245,0.000,0.000,0.0,0,0.000,0.000,0.0,0
3199285,0.000,0.000,0.0,0,0.000,0.000,0.0,0
3199325,0.000,0.000,0.0,0,0.000,0.000,0.0,0
3199365,0.000,0.000,0.0,0,0.000,0.000,0.0,0
3199405,0.000,0.000,0.0,0,0.000,0.000,0.0,0
3199445,0.000,0.000,0.0,0,0.000,0.000,0.0,0
3199485,0.000,0.000,0.0,0,0.000,0.000,0.0,0
3199525,0.000,0.000,0.0,0,0.000,0.000,0.0,0
3199565,0.000,0.000,0.0,0,0.000,0.000,0.0,0
3199605,0.000,0.000,0.0,0,0.000,0.000,0.0,0
3199645,0.000,0.000,0.0,0,0.000,0.000,0.0,0
3199685,0.000,0.000,0.0,0,0.000,0.000,0.0,0
3199725,0.000,0.000,0.0,0,0.000,0.000,0.0,0
3199765,0.000,0.000,0.0,0,0.000,0.000,0.0,0
3199805,0.000,0.000,0.0,0,0.000,0.000,0.0,0
3199845,0.000,0.000,0.0,0,0.000,0.000,0.0,0
3199885,0.000,0.000,0.0,0,0.000,0.000,0.0,0
3199925,0.000,0.000,0.0,0,0.000,0.000,0.0,0
3199965,0.000,0.000,0.0,0,0.000,0.000,0.0,0
3200005,0.000,0.000,0.0,0,0.000,0.000,0.0,0
3200045,0.000,0.000,0.0,0,0.000,0.000,0.0,0
3200085,0.000,0.000,0.0,0,0.000,0.000,0.0,0
3200125,0.000,0.000,0.0,0,0.000,0.000,0.0,0
3200165,0.000,0.000,0.0,0,0.000,0.000,0.0,0
3200205,0.000,0.000,0.0,0,0.000,0.000,0.0,0
3200245,0.000,0.000,0.0,0,0.000,0.000,0.0,0
3200285,0.000,0.000,0.0,0,0.000,0.000,0.0,0
3200325,0.000,0.000,0.0,0,0.000,0.000,0.0,0
3200365,0.000,0.000,0.0,0,0.000,0.000,0.0,0
3200405,0.000,0.000,0.0,0,0.000,0.000,0.0,0
3200445,0.000,0.000,0.0,0,0.000,0.000,0.0,0
3200485,0.000,0.000,0.0,0,0.000,0.000,0.0,0
3200525,0.000,0.000,0.0,0,0.000,0.000,0.0,0
3200565,0.000,0.000,0.0,0,0.000,0.000,0.0,0
3200605,0.000,0.000,0.0,0,0.000,0.000,0.0,0
3200645,0.000,0.000,0.0,0,0.000,0.000,0.0,0
3200685,0.000,0.000,0.0,0,0.000,0.000,0.0,0
3200725,0.000,0.000,0.0,0,0.000,0.000,0.0,0
3200765,0.000,0.000,0.0,0,0.000,0.000,0.0,0
3200805,0.000,0.000,0.0,0,0.000,0.000,0.0,0
3200845,0.000,0.000,0.0,0,0.000,0.000,0.0,0
3200885,0.000,0.000,0.0,0,0.000,0.000,0.0,0
3200925,0.000,0.000,0.0,0,0.000,0.000,0.0,0
3200965,0.000,0.000,0.0,0,0.000,0.000,0.0,0
3201005,0.000,0.000,0.0,0,0.000,0.000,0.0,0
3201045,0.000,0.000,0.0,0,0.000,0.000,0.0,0
3201085,0.000,0.000,0.0,0,0.000,0.000,0.0,0
3201125,0.000,0.000,0.0,0,0.000,0.000,0.0,0
3201165,0.000,0.000,0.0,0,0.000,0.000,0.0,0
3201205,0.000,0.000,0.0,0,0.000,0.000,0.0,0
3201245,0.000,0.000,0.0,0,0.000,0.000,0.0,0
3201285,0.000,0.000,0.0,0,0.000,0.000,0.0,0
3201325,0.000,0.000,0.0,0,0.000,0.000,0.0,0
3201365,0.000,0.000,0.0,0,0.000,0.000,0.0,0
3201405,0.000,0.000,0.0,0,0.000,0.000,0.0,0
3201445,0.000,0.000,0.0,0,0.000,0.000,0.0,0
3201485,0.000,0.000,0.0,0,0.000,0.000,0.0,0
3201525,0.000,0.000,0.0,0,0.000,0.000,0.0,0
3201565,0.000,0.000,0.0,0,0.000,0.000,0.0,0
3201605,0.000,0.000,0.0,0,0.000,0.000,0.0,0
3201645,0.000,0.000,0.0,0,0.000,0.000,0.0,0
3201685,0.000,0.000,0.0,0,0.000,0.000,0.0,0
3201725,0.000,0.000,0.0,0,0.000,0.000,0.0,0
3201765,0.000,0.000,0.0,0,0.000,0.000,0.0,0
3201805,0.000,0.000,0.0,0,0.000,0.000,0.0,0
3201845,0.000,0.000,0.0,0,0.000,0.000,0.0,0
3201885,0.000,0.000,0.0,0,0.000,0.000,0.0,0
3201925,0.000,0.000,0.0,0,0.000,0.000,0.0,0
3201965,0.000,0.000,0.0,0,0.000,0.000,0.0,0
3202005,0.000,0.000,0.0,0,0.000,0.000,0.0,0
3202045,0.000,0.000,0.0,0,0.000,0.000,0.0,0
3202085,0.000,0.000,0.0,0,0.000,0.000,0.0,0
3202125,0.000,0.000,0.0,0,0.000,0.000,0.0,0
3202165,0.000,0.000,0.0,0,0.000,0.000,0.0,0
3202205,0.000,0.000,0.0,0,0.000,0.000,0.0,0
3202245,0.000,0.000,0.0,0,0.000,0.000,0.0,0
3202285,0.000,0.000,0.0,0,0.000,0.000,0.0,0
3202325,0.000,0.000,0.0,0,0.000,0.000,0.0,0
3202365,0.000,0.000,0.0,0,0.000,0.000,0.0,0
3202405,0.000,0.000,0.0,0,0.000,0.000,0.0,0
3202445,0.000,0.000,0.0,0,0.000,0.000,0.0,0
3202485,0.000,0.000,0.0,0,0.000,0.000,0.0,0
3202525,0.000,0.000,0.0,0,0.000,0.000,0.0,0
3202565,0.000,0.000,0.0,0,0.000,0.000,0.0,0
3202605,0.000,0.000,0.0,0,0.000,0.000,0.0,0
3202645,0.000,0.000,0.0,0,0.000,0.000,0.0,0
3202685,0.000,0.000,0.0,0,0.000,0.000,0.0,0
3202725,0.000,0.000,0.0,0,0.000,0.000,0.0,0
3202765,0.000,0.000,0.0,0,0.000,0.000,0.0,0
3202805,0.000,0.000,0.0,0,0.000,0.000,0.0,0
3202845,0.000,0.000,0.0,0,0.000,0.000,0.0,0
3202885,0.000,0.000,0.0,0,0.000,0.000,0.0,0
3202925,0.000,0.000,0.0,0,0.000,0.000,0.0,0
3202965,0.000,0.000,0.0,0,0.000,0.000,0.0,0
3203005,0.000,0.000,0.0,0,0.000,0.000,0.0,0
3203045,0.000,0.000,0.0,0,0.000,0.000,0.0,0
3203085,0.000,0.000,0.0,0,0.000,0.000,0.0,0
3203125,0.000,0.000,0.0,0,0.000,0.000,0.0,0
3203165,0.000,0.000,0.0,0,0.000,0.000,0.0,0
3203205,0.000,0.000,0.0,0,0.000,0.000,0.0,0
3203245,0.000,0.000,0.0,0,0.000,0.000,0.0,0
3203285,0.000,0.000,0.0,0,0.000,0.000,0.0,0
3203325,0.000,0.000,0.0,0,0.000,0.000,0.0,0
3203365,0.000,0.000,0.0,0,0.000,0.000,0.0,0
3203405,0.000,0.000,0.0,0,0.000,0.000,0.0,0
3203445,0.000,0.000,0.0,0,0.000,0.000,0.0,0
3203485,0.000,0.000,0.0,0,0.000,0.000,0.0,0
3203525,0.000,0.000,0.0,0,0.000,0.000,0.0,0
3203565,0.000,0.000,0.0,0,0.000,0.000,0.0,0
3203605,0.000,0.000,0.0,0,0.000,0.000,0.0,0
3203645,0.000,0.000,0.0,0,0.000,0.000,0.0,0
3203685,0.000,0.000,0.0,0,0.000,0.000,0.0,0
3203725,0.000,0.000,0.0,0,0.000,0.000,0.0,0
3203765,0.000,0.000,0.0,0,0.000,0.000,0.0,0
3203805,0.000,0.000,0.0,0,0.000,0.000,0.0,0
3203845,0.000,0.000,0.0,0,0.000,0.000,0.0,0
3203885,0.000,0.000,0.0,0,0.000,0.000,0.0,0
3203925,0.000,0.000,0.0,0,0.000,0.000,0.0,0
3203965,0.000,0.000,0.0,0,0.000,0.000,0.0,0
3204005,0.000,0.000,0.0,0,0.000,0.000,0.0,0
3204045,0.000,0.000,0.0,0,0.000,0.000,0.0,0
3204085,0.000,0.000,0.0,0,0.000,0.000,0.0,0
3204125,0.000,0.000,0.0,0,0.000,0.000,0.0,0
3204165,0.000,0.000,0.0,0,0.000,0.000,0.0,0
3204205,0.000,0.000,0.0,0,0.000,0.000,0.0,0
3204245,0.000,0.000,0.0,0,0.000,0.000,0.0,0
3204285,0.000,0.000,0.0,0,0.000,0.000,0.0,0
3204325,0.000,0.000,0.0,0,0.000,0.000,0.0,0
3204365,0.000,0.000,0.0,0,0.000,0.000,0.0,0
3204405,0.000,0.000,0.0,0,0.000,0.000,0.0,0
3204445,0.000,0.000,0.0,0,0.000,0.000,0.0,0
3204485,0.000,0.000,0.0,0,0.000,0.000,0.0,0
3204525,0.000,0.000,0.0,0,0.000,0.000,0.0,0
3204565,1.282,0.000,16.4,12,3.846,0.000,49.2,12
3204605,1.282,0.000,18.5,18,3.846,0.000,55.4,36
3204645,1.282,0.002,20.5,20,3.846,0.002,61.5,60
3204685,1.282,0.002,22.5,22,3.846,0.002,67.7,67
3204725,1.282,0.456,18.4,18,3.846,1.173,58.4,58
3204765,1.282,1.375,7.5,7,3.846,2.284,47.9,47
3204805,1.282,1.681,3.5,3,3.846,3.108,39.5,39
3204845,1.282,1.898,0.0,0,3.846,3.419,36.7,36
3204885,1.282,2.285,0.0,0,3.846,3.650,34.1,34
3204925,1.282,2.450,0.0,0,3.846,3.762,32.9,32
3204965,1.282,2.681,0.0,0,3.846,4.021,29.6,29
3205005,1.282,2.703,0.0,0,3.846,3.788,32.4,32
3205045,1.282,2.714,0.0,0,3.846,3.750,32.9,32
3205085,1.282,2.654,0.0,0,3.846,3.785,32.7,32
3205125,1.282,2.729,0.0,0,3.846,3.614,35.1,35
3205165,1.282,2.725,0.0,0,3.846,3.698,34.3,34
3205205,1.282,2.767,0.0,0,3.846,3.903,31.8,31
3205245,1.282,2.743,0.0,0,3.846,3.834,32.7,32
3205285,1.282,2.757,0.0,0,3.846,3.775,33.4,33
3205325,1.282,2.742,0.0,0,3.846,3.742,33.8,33
3205365,1.282,2.800,0.0,0,3.846,4.011,30.5,30
3205405,1.282,2.937,0.0,0,3.846,3.935,31.3,31
3205445,1.282,2.878,0.0,0,3.846,4.036,29.7,29
3205485,1.282,2.926,0.0,0,3.846,3.972,30.1,30
3205525,1.282,2.784,0.0,0,3.846,4.034,29.1,29
3205565,1.282,2.820,0.0,0,3.846,3.790,32.1,32
3205605,1.282,2.736,0.0,0,3.846,3.806,31.9,31
3205645,1.282,2.838,0.0,0,3.846,3.816,31.8,31
3205685,1.282,2.811,0.0,0,3.846,4.006,29.4,29
3205725,1.282,2.822,0.0,0,3.846,3.907,30.4,30
3205765,1.282,2.909,0.0,0,3.846,3.918,30.1,30
3205805,1.282,2.830,0.0,0,3.846,3.941,29.7,29
3205845,1.282,2.952,0.0,0,3.846,4.069,27.8,27
3205885,1.282,2.810,0.0,0,3.846,4.010,28.3,28
3205925,1.282,2.920,0.0,0,3.846,3.899,29.5,29
3205965,1.282,2.765,0.0,0,3.846,3.713,31.9,31
3206005,1.282,2.842,0.0,0,3.846,3.762,31.4,31
3206045,1.282,2.826,0.0,0,3.846,3.817,30.9,30
3206085,1.282,2.935,0.0,0,3.846,3.887,30.0,30
3206125,1.282,2.818,0.0,0,3.846,3.872,30.1,30
3206165,1.282,2.811,0.0,0,3.846,3.882,29.9,29
3206205,1.282,2.711,0.0,0,3.846,3.832,30.6,30
3206245,1.282,2.757,0.0,0,3.846,3.690,32.5,32
3206285,1.282,2.903,0.0,0,3.846,3.700,32.5,32
3206325,1.282,2.844,0.0,0,3.846,3.726,32.4,32
3206365,1.282,2.846,0.0,0,3.846,3.905,30.2,30
3206405,1.282,2.870,0.0,0,3.846,3.808,31.5,31
3206445,1.282,2.766,0.0,0,3.846,3.783,31.8,31
3206485,1.282,2.758,0.0,0,3.846,3.723,32.6,32
3206525,1.282,2.785,0.0,0,3.846,3.978,29.5,29
3206565,1.282,2.859,0.0,0,3.846,3.876,30.7,30
3206605,1.282,2.990,0.0,0,3.846,3.902,30.2,30
3206645,1.282,2.860,0.0,0,3.846,3.783,31.6,31
3206685,1.282,2.862,0.0,0,3.846,3.866,30.7,30
3206725,1.282,2.779,0.0,0,3.846,3.704,32.8,32
3206765,1.282,2.884,0.0,0,3.846,3.893,30.5,30
3206805,1.282,2.777,0.0,0,3.846,3.851,31.0,31
3206845,1.282,2.808,0.0,0,3.846,3.793,31.7,31
3206885,1.282,2.689,0.0,0,3.846,3.670,33.3,33
3206925,1.282,2.712,0.0,0,3.846,3.833,31.5,31
3206965,1.282,2.714,0.0,0,3.846,3.723,33.1,33
3207005,1.282,2.769,0.0,0,3.846,3.760,32.7,32
3207045,1.282,2.822,0.0,0,3.846,3.949,30.4,30
3207085,1.282,2.747,0.0,0,3.846,3.842,31.7,31
3207125,1.282,2.737,0.0,0,3.846,3.652,34.3,34
3207165,1.282,2.644,0.0,0,3.846,3.659,34.4,34
3207205,1.282,2.675,0.0,0,3.846,3.798,32.9,32
3207245,1.282,2.671,0.0,0,3.846,3.656,34.9,34
3207285,1.282,2.672,0.0,0,3.846,3.659,35.1,35
3207325,1.282,2.630,0.0,0,3.846,3.752,34.2,34
3207365,1.282,2.675,0.0,0,3.846,3.700,35.1,35
3207405,1.282,2.688,0.0,0,3.846,3.719,35.1,35
3207445,1.282,2.763,0.0,0,3.846,3.774,34.5,34
3207485,1.282,2.761,0.0,0,3.846,3.882,33.2,33
3207525,1.282,2.767,0.0,0,3.846,3.806,34.2,34
3207565,1.282,2.755,0.0,0,3.846,3.681,35.9,35
3207605,1.282,2.691,0.0,0,3.846,3.702,35.9,35
3207645,0.000,2.768,0.0,0,0.000,3.735,0.0,0
3207685,0.000,2.716,0.0,0,0.000,3.697,0.0,0
3207725,0.000,2.729,0.0,0,0.000,3.532,0.0,0
3207765,0.000,2.591,0.0,0,0.000,3.410,0.0,0
3207805,0.000,2.474,0.0,0,0.000,3.229,0.0,0
3207845,0.000,2.235,0.0,0,0.000,3.044,0.0,0
3207885,0.000,2.141,0.0,0,0.000,2.845,0.0,0
3207925,0.000,2.109,0.0,0,0.000,2.705,0.0,0
3207965,0.000,1.954,0.0,0,0.000,2.552,0.0,0
3208005,0.000,1.798,0.0,0,0.000,2.459,0.0,0
3208045,0.000,1.798,0.0,0,0.000,2.244,0.0,0
3208085,0.000,1.666,0.0,0,0.000,2.052,0.0,0
3208125,0.000,1.434,0.0,0,0.000,1.896,0.0,0
3208165,0.000,1.434,0.0,0,0.000,1.668,0.0,0
3208205,0.000,1.234,0.0,0,0.000,1.668,0.0,0
3208245,0.000,1.234,0.0,0,0.000,1.435,0.0,0
3208285,0.000,1.234,0.0,0,0.000,1.435,0.0,0
3208325,0.000,1.234,0.0,0,0.000,1.435,0.0,0
3208365,0.000,0.972,0.0,0,0.000,1.142,0.0,0
3208405,0.000,0.972,0.0,0,0.000,1.142,0.0,0
3208445,0.000,0.972,0.0,0,0.000,1.142,0.0,0
3208485,0.000,0.815,0.0,0,0.000,1.142,0.0,0
3208525,0.000,0.815,0.0,0,0.000,0.000,0.0,0
3208565,0.000,0.815,0.0,0,0.000,0.000,0.0,0
3208605,0.000,0.815,0.0,0,0.000,0.000,0.0,0
3208645,0.000,0.000,0.0,0,0.000,0.000,0.0,0
3208685,0.000,0.000,0.0,0,0.000,0.000,0.0,0
3208725,0.000,0.000,0.0,0,0.000,0.000,0.0,0
3208765,0.000,0.000,0.0,0,0.000,0.000,0.0,0
3208805,0.000,0.000,0.0,0,0.000,0.000,0.0,0
3208845,0.000,0.000,0.0,0,0.000,0.000,0.0,0
3208885,0.000,0.000,0.0,0,0.000,0.000,0.0,0
3208925,0.000,0.000,0.0,0,0.000,0.000,0.0,0
3208965,0.000,0.000,0.0,0,0.000,0.000,0.0,0
3209005,0.000,0.000,0.0,0,0.000,0.000,0.0,0
3209045,0.000,0.000,0.0,0,0.000,0.000,0.0,0
3209085,0.000,0.000,0.0,0,0.000,0.000,0.0,0
3209125,0.000,0.000,0.0,0,0.000,0.000,0.0,0
3209165,0.000,0.000,0.0,0,0.000,0.000,0.0,0
3209205,0.000,0.000,0.0,0,0.000,0.000,0.0,0
3209245,0.000,0.000,0.0,0,0.000,0.000,0.0,0
3209285,0.000,0.000,0.0,0,0.000,0.000,0.0,0
3209325,0.000,0.000,0.0,0,0.000,0.000,0.0,0
3209365,0.000,0.000,0.0,0,0.000,0.000,0.0,0
3209405,0.000,0.000,0.0,0,0.000,0.000,0.0,0
3209445,0.000,0.000,0.0,0,0.000,0.000,0.0,0
3209485,0.000,0.000,0.0,0,0.000,0.000,0.0,0
3209525,0.000,0.000,0.0,0,0.000,0.000,0.0,0
3209565,0.000,0.000,0.0,0,0.000,0.000,0.0,0
3209605,0.000,0.000,0.0,0,0.000,0.000,0.0,0
3209645,0.000,0.000,0.0,0,0.000,0.000,0.0,0
3209685,0.000,0.000,0.0,0,0.000,0.000,0.0,0
3209725,0.000,0.000,0.0,0,0.000,0.000,0.0,0
3209765,0.000,0.000,0.0,0,0.000,0.000,0.0,0
3209805,0.000,0.000,0.0,0,0.000,0.000,0.0,0
3209845,0.000,0.000,0.0,0,0.000,0.000,0.0,0
3209885,0.000,0.000,0.0,0,0.000,0.000,0.0,0
3209925,0.000,0.000,0.0,0,0.000,0.000,0.0,0
3209965,0.000,0.000,0.0,0,0.000,0.000,0.0,0
3210005,0.000,0.000,0.0,0,0.000,0.000,0.0,0
3210045,0.000,0.000,0.0,0,0.000,0.000,0.0,0
3210085,0.000,0.000,0.0,0,0.000,0.000,0.0,0
3210125,0.000,0.000,0.0,0,0.000,0.000,0.0,0
3210165,0.000,0.000,0.0,0,0.000,0.000,0.0,0
3210205,0.000,0.000,0.0,0,0.000,0.000,0.0,0
3210245,0.000,0.000,0.0,0,0.000,0.000,0.0,0
3210285,0.000,0.000,0.0,0,0.000,0.000,0.0,0
3210325,0.000,0.000,0.0,0,0.000,0.000,0.0,0
3210365,0.000,0.000,0.0,0,0.000,0.000,0.0,0
3210405,0.000,0.000,0.0,0,0.000,0.000,0.0,0
3210445,0.000,0.000,0.0,0,0.000,0.000,0.0,0
3210485,0.000,0.000,0.0,0,0.000,0.000,0.0,0
3210525,0.000,0.000,0.0,0,0.000,0.000,0.0,0
3210565,0.000,0.000,0.0,0,0.000,0.000,0.0,0
3210605,0.000,0.000,0.0,0,0.000,0.000,0.0,0
3210645,0.000,0.000,0.0,0,0.000,0.000,0.0,0
3210685,0.000,0.000,0.0,0,0.000,0.000,0.0,0
3210725,0.000,0.000,0.0,0,0.000,0.000,0.0,0
3210765,0.000,0.000,0.0,0,0.000,0.000,0.0,0
3210805,0.000,0.000,0.0,0,0.000,0.000,0.0,0
3210845,0.000,0.000,0.0,0,0.000,0.000,0.0,0
3210885,0.000,0.000,0.0,0,0.000,0.000,0.0,0
3210925,0.000,0.000,0.0,0,0.000,0.000,0.0,0
3210965,0.000,0.000,0.0,0,0.000,0.000,0.0,0
3211005,0.000,0.000,0.0,0,0.000,0.000,0.0,0
3211045,0.000,0.000,0.0,0,0.000,0.000,0.0,0
3211085,0.000,0.000,0.0,0,0.000,0.000,0.0,0
3211125,0.000,0.000,0.0,0,0.000,0.000,0.0,0
3211165,0.000,0.000,0.0,0,0.000,0.000,0.0,0
3211205,0.000,0.000,0.0,0,0.000,0.000,0.0,0
3211245,0.000,0.000,0.0,0,0.000,0.000,0.0,0
3211285,0.000,0.000,0.0,0,0.000,0.000,0.0,0
3211325,0.000,0.000,0.0,0,0.000,0.000,0.0,0
3211365,0.000,0.000,0.0,0,0.000,0.000,0.0,0
3211405,0.000,0.000,0.0,0,0.000,0.000,0.0,0
3211445,0.000,0.000,0.0,0,0.000,0.000,0.0,0
3211485,0.000,0.000,0.0,0,0.000,0.000,0.0,0
3211525,0.000,0.000,0.0,0,0.000,0.000,0.0,0
3211565,0.000,0.000,0.0,0,0.000,0.000,0.0,0
3211605,0.000,0.000,0.0,0,0.000,0.000,0.0,0
3211645,0.000,0.000,0.0,0,0.000,0.000,0.0,0
3211685,0.000,0.000,0.0,0,0.000,0.000,0.0,0
3211725,0.000,0.000,0.0,0,0.000,0.000,0.0,0
3211765,0.000,0.000,0.0,0,0.000,0.000,0.0,0
3211805,0.000,0.000,0.0,0,0.000,0.000,0.0,0
3211845,0.000,0.000,0.0,0,0.000,0.000,0.0,0
3211885,0.000,0.000,0.0,0,0.000,0.000,0.0,0
3211925,0.000,0.000,0.0,0,0.000,0.000,0.0,0
3211965,0.000,0.000,0.0,0,0.000,0.000,0.0,0
3212005,0.000,0.000,0.0,0,0.000,0.000,0.0,0
3212045,0.000,0.000,0.0,0,0.000,0.000,0.0,0
3212085,0.000,0.000,0.0,0,0.000,0.000,0.0,0
3212125,0.000,0.000,0.0,0,0.000,0.000,0.0,0
3212165,0.000,0.000,0.0,0,0.000,0.000,0.0,0
3212205,0.000,0.000,0.0,0,0.000,0.000,0.0,0
3212245,0.000,0.000,0.0,0,0.000,0.000,0.0,0
3212285,0.000,0.000,0.0,0,0.000,0.000,0.0,0
3212325,0.000,0.000,0.0,0,0.000,0.000,0.0,0
3212365,0.000,0.000,0.0,0,0.000,0.000,0.0,0
3212405,0.000,0.000,0.0,0,0.000,0.000,0.0,0
3212445,0.000,0.000,0.0,0,0.000,0.000,0.0,0
3212485,0.000,0.000,0.0,0,0.000,0.000,0.0,0
3212525,0.000,0.000,0.0,0,0.000,0.000,0.0,0
3212565,0.000,0.000,0.0,0,0.000,0.000,0.0,0
3212605,0.000,0.000,0.0,0,0.000,0.000,0.0,0
3212645,0.000,0.000,0.0,0,0.000,0.000,0.0,0
3212685,0.000,0.000,0.0,0,0.000,0.000,0.0,0
3212725,0.000,0.000,0.0,0,0.000,0.000,0.0,0
3212765,0.000,0.000,0.0,0,0.000,0.000,0.0,0
3212805,0.000,0.000,0.0,0,0.000,0.000,0.0,0
3212845,0.000,0.000,0.0,0,0.000,0.000,0.0,0
3212885,0.000,0.000,0.0,0,0.000,0.000,0.0,0
3212925,0.000,0.000,0.0,0,0.000,0.000,0.0,0
3212965,0.000,0.000,0.0,0,0.000,0.000,0.0,0
3213005,0.000,0.000,0.0,0,0.000,0.000,0.0,0
3213045,0.000,0.000,0.0,0,0.000,0.000,0.0,0
3213085,0.000,0.000,0.0,0,0.000,0.000,0.0,0
3213125,0.000,0.000,0.0,0,0.000,0.000,0.0,0
3213165,0.000,0.000,0.0,0,0.000,0.000,0.0,0
3213205,0.000,0.000,0.0,0,0.000,0.000,0.0,0
3213245,0.000,0.000,0.0,0,0.000,0.000,0.0,0
3213285,0.000,0.000,0.0,0,0.000,0.000,0.0,0
3213325,0.000,0.000,0.0,0,0.000,0.000,0.0,0
3213365,0.000,0.000,0.0,0,0.000,0.000,0.0,0
3213405,0.000,0.000,0.0,0,0.000,0.000,0.0,0
3213445,0.000,0.000,0.0,0,0.000,0.000,0.0,0
3213485,0.000,0.000,0.0,0,0.000,0.000,0.0,0
3213525,0.000,0.000,0.0,0,0.000,0.000,0.0,0
3213565,0.000,0.000,0.0,0,0.000,0.000,0.0,0
3213605,0.000,0.000,0.0,0,0.000,0.000,0.0,0
3213645,0.000,0.000,0.0,0,0.000,0.000,0.0,0
3213685,0.000,0.000,0.0,0,0.000,0.000,0.0,0
3213725,0.000,0.000,0.0,0,0.000,0.000,0.0,0
3213765,0.000,0.000,0.0,0,0.000,0.000,0.0,0
3213805,0.000,0.000,0.0,0,0.000,0.000,0.0,0
3213845,0.000,0.000,0.0,0,0.000,0.000,0.0,0
3213885,0.000,0.000,0.0,0,0.000,0.000,0.0,0
3213925,0.000,0.000,0.0,0,0.000,0.000,0.0,0
3213965,0.000,0.000,0.0,0,0.000,0.000,0.0,0
3214005,0.000,0.000,0.0,0,0.000,0.000,0.0,0
3214045,0.000,0.000,0.0,0,0.000,0.000,0.0,0
3214085,0.000,0.000,0.0,0,0.000,0.000,0.0,0
3214125,0.000,0.000,0.0,0,0.000,0.000,0.0,0
3214165,0.000,0.000,0.0,0,0.000,0.000,0.0,0
3214205,0.000,0.000,0.0,0,0.000,0.000,0.0,0
3214245,0.000,0.000,0.0,0,0.000,0.000,0.0,0
3214285,0.000,0.000,0.0,0,0.000,0.000,0.0,0
3214325,0.000,0.000,0.0,0,0.000,0.000,0.0,0
3214365,0.000,0.000,0.0,0,0.000,0.000,0.0,0
3214405,0.000,0.000,0.0,0,0.000,0.000,0.0,0
3214445,0.000,0.000,0.0,0,0.000,0.000,0.0,0
3214485,0.000,0.000,0.0,0,0.000,0.000,0.0,0
3214525,0.000,0.000,0.0,0,0.000,0.000,0.0,0
3214565,0.000,0.000,0.0,0,0.000,0.000,0.0,0
3214605,0.000,0.000,0.0,0,0.000,0.000,0.0,0
3214645,0.000,0.000,0.0,0,0.000,0.000,0.0,0
3214685,0.000,0.000,0.0,0,0.000,0.000,0.0,0
3214725,0.000,0.000,0.0,0,0.000,0.000,0.0,0
3214765,0.000,0.000,0.0,0,0.000,0.000,0.0,0
3214805,0.000,0.000,0.0,0,0.000,0.000,0.0,0
3214845,0.000,0.000,0.0,0,0.000,0.000,0.0,0
3214885,0.000,0.000,0.0,0,0.000,0.000,0.0,0
3214925,0.000,0.000,0.0,0,0.000,0.000,0.0,0
3214965,0.000,0.000,0.0,0,0.000,0.000,0.0,0
3215005,0.000,0.000,0.0,0,0.000,0.000,0.0,0
3215045,0.000,0.000,0.0,0,0.000,0.000,0.0,0
3215085,0.000,0.000,0.0,0,0.000,0.000,0.0,0
3215125,0.000,0.000,0.0,0,0.000,0.000,0.0,0
3215165,0.000,0.000,0.0,0,0.000,0.000,0.0,0
3215205,0.000,0.000,0.0,0,0.000,0.000,0.0,0
3215245,0.000,0.000,0.0,0,0.000,0.000,0.0,0
3215285,0.000,0.000,0.0,0,0.000,0.000,0.0,0
3215325,0.000,0.000,0.0,0,0.000,0.000,0.0,0
3215365,0.000,0.000,0.0,0,0.000,0.000,0.0,0
3215405,0.000,0.000,0.0,0,0.000,0.000,0.0,0
3215445,0.000,0.000,0.0,0,0.000,0.000,0.0,0
3215485,0.000,0.000,0.0,0,0.000,0.000,0.0,0
3215525,0.000,0.000,0.0,0,0.000,0.000,0.0,0
3215565,0.000,0.000,0.0,0,0.000,0.000,0.0,0
3215605,0.000,0.000,0.0,0,0.000,0.000,0.0,0
3215645,0.000,0.000,0.0,0,0.000,0.000,0.0,0
3215685,0.000,0.000,0.0,0,0.000,0.000,0.0,0
3215725,0.000,0.000,0.0,0,0.000,0.000,0.0,0
3215765,0.000,0.000,0.0,0,0.000,0.000,0.0,0
3215805,0.000,0.000,0.0,0,0.000,0.000,0.0,0
3215845,0.000,0.000,0.0,0,0.000,0.000,0.0,0
3215885,0.000,0.000,0.0,0,0.000,0.000,0.0,0
3215925,0.000,0.000,0.0,0,0.000,0.000,0.0,0
3215965,0.000,0.000,0.0,0,0.000,0.000,0.0,0
3216005,0.000,0.000,0.0,0,0.000,0.000,0.0,0
3216045,0.000,0.000,0.0,0,0.000,0.000,0.0,0
3216085,0.000,0.000,0.0,0,0.000,0.000,0.0,0
3216125,0.000,0.000,0.0,0,0.000,0.000,0.0,0
3216165,0.000,0.000,0.0,0,0.000,0.000,0.0,0
3216205,0.000,0.000,0.0,0,0.000,0.000,0.0,0
3216245,0.000,0.000,0.0,0,0.000,0.000,0.0,0
3216285,0.000,0.000,0.0,0,0.000,0.000,0.0,0
3216325,0.000,0.000,0.0,0,0.000,0.000,0.0,0
3216365,0.000,0.000,0.0,0,0.000,0.000,0.0,0
3216405,0.000,0.000,0.0,0,0.000,0.000,0.0,0
3216445,0.000,0.000,0.0,0,0.000,0.000,0.0,0
3216485,0.000,0.000,0.0,0,0.000,0.000,0.0,0
3216525,0.000,0.000,0.0,0,0.000,0.000,0.0,0
3216565,0.000,0.000,0.0,0,0.000,0.000,0.0,0
3216605,0.000,0.000,0.0,0,0.000,0.000,0.0,0
3216645,0.000,0.000,0.0,0,0.000,0.000,0.0,0
3216685,0.000,0.000,0.0,0,0.000,0.000,0.0,0
3216725,0.000,0.000,0.0,0,0.000,0.000,0.0,0
3216765,0.000,0.000,0.0,0,0.000,0.000,0.0,0
3216805,0.000,0.000,0.0,0,0.000,0.000,0.0,0
3216845,0.000,0.000,0.0,0,0.000,0.000,0.0,0
3216885,0.000,0.000,0.0,0,0.000,0.000,0.0,0
3216925,0.000,0.000,0.0,0,0.000,0.000,0.0,0
3216965,0.000,0.000,0.0,0,0.000,0.000,0.0,0
3217005,0.000,0.000,0.0,0,0.000,0.000,0.0,0
3217045,0.000,0.000,0.0,0,0.000,0.000,0.0,0
3217085,0.000,0.000,0.0,0,0.000,0.000,0.0,0
3217125,0.000,0.000,0.0,0,0.000,0.000,0.0,0
3217165,0.000,0.000,0.0,0,0.000,0.000,0.0,0
3217205,0.000,0.000,0.0,0,0.000,0.000,0.0,0
3217245,0.000,0.000,0.0,0,0.000,0.000,0.0,0
3217285,0.000,0.000,0.0,0,0.000,0.000,0.0,0
3217325,0.000,0.000,0.0,0,0.000,0.000,0.0,0
3217365,0.000,0.000,0.0,0,0.000,0.000,0.0,0
3217405,0.000,0.000,0.0,0,0.000,0.000,0.0,0
3217445,0.000,0.000,0.0,0,0.000,0.000,0.0,0
3217485,0.000,0.000,0.0,0,0.000,0.000,0.0,0
3217525,0.000,0.000,0.0,0,0.000,0.000,0.0,0
3217565,0.000,0.000,0.0,0,0.000,0.000,0.0,0
3217605,0.000,0.000,0.0,0,0.000,0.000,0.0,0
3217645,0.000,0.000,0.0,0,0.000,0.000,0.0,0
3217685,0.000,0.000,0.0,0,0.000,0.000,0.0,0
3217725,0.000,0.000,0.0,0,0.000,0.000,0.0,0
3217765,0.000,0.000,0.0,0,0.000,0.000,0.0,0
3217805,0.000,0.000,0.0,0,0.000,0.000,0.0,0
3217845,0.000,0.000,0.0,0,0.000,0.000,0.0,0
3217885,0.000,0.000,0.0,0,0.000,0.000,0.0,0
3217925,0.000,0.000,0.0,0,0.000,0.000,0.0,0
3217965,0.000,0.000,0.0,0,0.000,0.000,0.0,0
3218005,0.000,0.000,0.0,0,0.000,0.000,0.0,0
3218045,0.000,0.000,0.0,0,0.000,0.000,0.0,0
3218085,0.000,0.000,0.0,0,0.000,0.000,0.0,0
3218125,0.000,0.000,0.0,0,0.000,0.000,0.0,0
3218165,0.000,0.000,0.0,0,0.000,0.000,0.0,0
3218205,0.000,0.000,0.0,0,0.000,0.000,0.0,0
3218245,0.000,0.000,0.0,0,0.000,0.000,0.0,0
3218285,0.000,0.000,0.0,0,0.000,0.000,0.0,0
3218325,0.000,0.000,0.0,0,0.000,0.000,0.0,0
3218365,0.000,0.000,0.0,0,0.000,0.000,0.0,0
3218405,0.000,0.000,0.0,0,0.000,0.000,0.0,0
3218445,0.000,0.000,0.0,0,0.000,0.000,0.0,0
3218485,0.000,0.000,0.0,0,0.000,0.000,0.0,0
3218525,0.000,0.000,0.0,0,0.000,0.000,0.0,0
3218565,0.000,0.000,0.0,0,0.000,0.000,0.0,0
3218605,0.000,0.000,0.0,0,0.000,0.000,0.0,0
3218645,-1.282,0.000,-16.4,-12,-1.282,0.000,-16.4,-12
3218685,-1.282,-0.000,-18.5,-18,-1.282,-0.002,-18.4,-18
3218725,-1.282,-0.000,-20.5,-20,-1.282,-0.002,-20.5,-20
3218765,-1.282,-0.000,-22.6,-22,-1.282,-0.002,-22.5,-22
3218805,-1.282,-0.002,-24.6,-24,-1.282,-0.218,-21.8,-21
3218845,-1.282,-0.396,-21.6,-21,-1.282,-0.561,-19.1,-19
3218885,-1.282,-0.754,-18.4,-18,-1.282,-0.561,-20.3,-20
3218925,-1.282,-1.163,-14.0,-14,-1.282,-0.861,-17.4,-17
3218965,-1.282,-1.400,-11.2,-11,-1.282,-1.147,-14.1,-14
3219005,-1.282,-1.466,-10.2,-10,-1.282,-1.308,-12.2,-12
3219045,-1.282,-1.508,-9.3,-9,-1.282,-1.359,-11.4,-11
3219085,-1.282,-1.508,-9.0,-8,-1.282,-1.376,-11.1,-11
3219125,-1.282,-1.458,-9.3,-9,-1.282,-1.376,-10.9,-10
3219165,-1.282,-1.368,-10.2,-10,-1.282,-1.210,-12.9,-12
3219205,-1.282,-1.368,-10.0,-10,-1.282,-1.210,-13.0,-13
3219245,-1.282,-1.331,-10.4,-10,-1.282,-1.210,-13.1,-13
3219285,-1.282,-1.257,-11.3,-11,-1.282,-1.003,-16.1,-16
3219325,-1.282,-1.257,-11.3,-11,-1.282,-1.003,-16.5,-16
3219365,-1.282,-1.208,-12.0,-12,-1.282,-0.888,-18.4,-18
3219405,-1.282,-1.265,-11.3,-11,-1.282,-0.888,-19.1,-19
3219445,-1.282,-1.291,-11.0,-11,-1.282,-0.888,-19.7,-19
3219485,-1.282,-1.291,-11.0,-11,-1.282,-0.840,-21.0,-20
3219525,-1.282,-1.296,-10.9,-10,-1.282,-0.840,-21.7,-21
3219565,-1.282,-1.410,-9.4,-9,-1.282,-0.875,-21.9,-21
3219605,-1.282,-1.473,-8.3,-8,-1.282,-0.922,-22.0,-21
3219645,-1.282,-1.509,-7.5,-7,-1.282,-0.922,-22.5,-22
3219685,-1.282,-1.590,-6.1,-6,-1.282,-0.944,-22.8,-22
3219725,-1.282,-1.595,-5.5,-5,-1.282,-0.944,-23.4,-23
3219765,-1.282,-1.615,-4.7,-4,-1.282,-0.991,-23.3,-23
3219805,-1.282,-1.710,-2.9,-2,-1.282,-1.072,-22.7,-22
3219845,-1.282,-1.736,-1.8,-1,-1.282,-1.072,-23.0,-23
3219885,-1.282,-1.743,-1.0,-1,-1.282,-1.099,-23.0,-23
3219925,-1.282,-1.762,-0.0,0,-1.282,-1.126,-23.0,-22
3219965,-1.282,-1.747,0.0,0,-1.282,-1.180,-22.5,-22
3220005,-1.282,-1.742,0.0,0,-1.282,-1.180,-22.7,-22
3220045,-1.282,-1.802,0.0,0,-1.282,-1.172,-23.0,-22
3220085,-1.282,-1.785,0.0,0,-1.282,-1.192,-22.9,-22
3220125,-1.282,-1.802,0.0,0,-1.282,-1.192,-23.0,-23
3220165,-1.282,-1.775,0.0,0,-1.282,-1.211,-22.9,-22
3220205,-1.282,-1.806,0.0,0,-1.282,-1.187,-23.3,-23
3220245,-1.282,-1.871,0.0,0,-1.282,-1.240,-22.8,-22
3220285,-1.282,-1.890,0.0,0,-1.282,-1.240,-22.9,-22
3220325,-1.282,-1.925,0.0,0,-1.282,-1.304,-22.1,-22
3220365,-1.282,-1.971,0.0,0,-1.282,-1.311,-21.9,-21
3220405,-1.282,-1.957,0.0,0,-1.282,-1.352,-21.4,-21
3220445,-1.282,-2.022,0.0,0,-1.282,-1.399,-20.6,-20
3220485,-1.282,-1.990,0.0,0,-1.282,-1.399,-20.5,-20
3220525,-1.282,-2.013,0.0,0,-1.282,-1.381,-20.5,-20
3220565,-1.282,-2.007,0.0,0,-1.282,-1.391,-20.2,-20
3220605,-1.282,-1.958,0.0,0,-1.282,-1.387,-20.1,-20
3220645,-1.282,-1.970,0.0,0,-1.282,-1.341,-20.5,-20
3220685,-1.282,-1.941,0.0,0,-1.282,-1.341,-20.4,-20
3220725,-1.282,-1.888,0.0,0,-1.282,-1.332,-20.5,-20
3220765,-1.282,-1.892,0.0,0,-1.282,-1.308,-20.7,-20
3220805,-1.282,-1.851,0.0,0,-1.282,-1.308,-20.6,-20
3220845,-1.282,-1.868,0.0,0,-1.282,-1.265,-21.2,-21
3220885,-1.282,-1.865,0.0,0,-1.282,-1.292,-20.8,-20
3220925,-1.282,-1.818,0.0,0,-1.282,-1.285,-20.9,-20
3220965,-1.282,-1.876,0.0,0,-1.282,-1.285,-20.9,-20
3221005,-1.282,-1.855,0.0,0,-1.282,-1.256,-21.3,-21
3221045,-1.282,-1.836,0.0,0,-1.282,-1.320,-20.5,-20
3221085,-1.282,-1.940,0.0,0,-1.282,-1.335,-20.2,-20
3221125,-1.282,-1.920,0.0,0,-1.282,-1.335,-20.1,-20
3221165,-1.282,-1.835,0.0,0,-1.282,-1.306,-20.4,-20
3221205,-1.282,-1.893,0.0,0,-1.282,-1.335,-20.0,-20
3221245,-1.282,-1.850,0.0,0,-1.282,-1.299,-20.4,-20
3221285,-1.282,-1.767,0.0,0,-1.282,-1.299,-20.4,-20
3221325,-1.282,-1.828,0.0,0,-1.282,-1.247,-21.0,-21
3221365,-1.282,-1.789,0.0,0,-1.282,-1.281,-20.6,-20
3221405,-1.282,-1.692,0.0,0,-1.282,-1.232,-21.3,-21
3221445,-1.282,-1.690,0.0,0,-1.282,-1.232,-21.3,-21
3221485,-1.282,-1.697,0.0,0,-1.282,-1.174,-22.2,-22
3221525,-1.282,-1.632,-0.3,0,-1.282,-1.227,-21.7,-21
3221565,-1.282,-1.599,-0.1,0,-1.282,-1.227,-21.7,-21
3221605,-1.282,-1.674,0.0,0,-1.282,-1.197,-22.2,-22
3221645,-1.282,-1.579,0.0,0,-1.282,-1.197,-22.4,-22
3221685,-1.282,-1.579,0.0,0,-1.282,-1.136,-23.3,-23
3221725,-1.282,-1.645,0.0,0,-1.282,-1.196,-22.8,-22
3221765,-1.282,-1.645,0.0,0,-1.282,-1.171,-23.2,-23
3221805,-1.282,-1.587,0.0,0,-1.282,-1.171,-23.4,-23
3221845,-1.282,-1.525,0.0,0,-1.282,-1.120,-24.2,-24
3221885,-1.282,-1.588,0.0,0,-1.282,-1.202,-23.4,-23
3221925,-1.282,-1.569,0.0,0,-1.282,-1.202,-23.6,-23
3221965,-1.282,-1.540,0.0,0,-1.282,-1.221,-23.4,-23
3222005,-1.282,-1.636,0.0,0,-1.282,-1.222,-23.5,-23
3222045,-1.282,-1.685,0.0,0,-1.282,-1.311,-22.5,-22
3222085,-1.282,-1.607,0.0,0,-1.282,-1.311,-22.4,-22
3222125,-1.282,-1.685,0.0,0,-1.282,-1.318,-22.3,-22
3222165,-1.282,-1.741,0.0,0,-1.282,-1.279,-22.7,-22
3222205,-1.282,-1.670,0.0,0,-1.282,-1.369,-21.6,-21
3222245,-1.282,-1.741,0.0,0,-1.282,-1.361,-21.5,-21
3222285,-1.282,-1.758,0.0,0,-1.282,-1.361,-21.4,-21
3222325,-1.282,-1.660,0.0,0,-1.282,-1.305,-22.1,-22
3222365,-1.282,-1.717,0.0,0,-1.282,-1.342,-21.5,-21
3222405,-1.282,-1.709,0.0,0,-1.282,-1.353,-21.3,-21
3222445,-1.282,-1.676,0.0,0,-1.282,-1.353,-21.2,-21
3222485,-1.282,-1.726,0.0,0,-1.282,-1.306,-21.7,-21
3222525,-1.282,-1.681,0.0,0,-1.282,-1.310,-21.6,-21
3222565,-1.282,-1.681,0.0,0,-1.282,-1.297,-21.8,-21
3222605,-1.282,-1.592,0.0,0,-1.282,-1.297,-21.7,-21
3222645,-1.282,-1.637,0.0,0,-1.282,-1.244,-22.4,-22
3222685,-1.282,-1.623,0.0,0,-1.282,-1.249,-22.4,-22
3222725,-1.282,-1.558,0.0,0,-1.282,-1.249,-22.4,-22
3222765,-1.282,-1.566,0.0,0,-1.282,-1.257,-22.4,-22
3222805,-1.282,-1.530,0.0,0,-1.282,-1.184,-23.4,-23
3222845,-1.282,-1.488,-0.2,0,-1.282,-1.184,-23.5,-23
3222885,-1.282,-1.555,0.0,0,-1.282,-1.176,-23.8,-23
3222925,-1.282,-1.555,0.0,0,-1.282,-1.242,-23.1,-23
3222965,-1.282,-1.564,0.0,0,-1.282,-1.242,-23.2,-23
3223005,-1.282,-1.536,0.0,0,-1.282,-1.222,-23.5,-23
3223045,-1.282,-1.582,0.0,0,-1.282,-1.206,-23.8,-23
3223085,-1.282,-1.614,0.0,0,-1.282,-1.294,-22.8,-22
3223125,-1.282,-1.631,0.0,0,-1.282,-1.294,-22.8,-22
3223165,-1.282,-1.740,0.0,0,-1.282,-1.301,-22.7,-22
3223205,-1.282,-1.746,0.0,0,-1.282,-1.296,-22.7,-22
3223245,-1.282,-1.727,0.0,0,-1.282,-1.378,-21.6,-21
3223285,-1.282,-1.819,0.0,0,-1.282,-1.403,-21.1,-21
3223325,-1.282,-1.831,0.0,0,-1.282,-1.388,-21.1,-21
3223365,-1.282,-1.900,0.0,0,-1.282,-1.388,-21.0,-20
3223405,-1.282,-1.888,0.0,0,-1.282,-1.476,-19.6,-19
3223445,-1.282,-1.864,0.0,0,-1.282,-1.468,-19.4,-19
3223485,-1.282,-1.874,0.0,0,-1.282,-1.396,-20.0,-20
3223525,-1.282,-1.830,0.0,0,-1.282,-1.435,-19.4,-19
3223565,-1.282,-1.778,0.0,0,-1.282,-1.435,-19.1,-19
3223605,-1.282,-1.785,0.0,0,-1.282,-1.395,-19.4,-19
3223645,-1.282,-1.735,0.0,0,-1.282,-1.333,-20.1,-20
3223685,-1.282,-1.707,0.0,0,-1.282,-1.348,-19.8,-19
3223725,-1.282,-1.727,0.0,0,-1.282,-1.348,-19.7,-19
3223765,-1.282,-1.703,0.0,0,-1.282,-1.338,-19.7,-19
3223805,-1.282,-1.705,0.0,0,-1.282,-1.296,-20.2,-20
3223845,-1.282,-1.714,0.0,0,-1.282,-1.326,-19.8,-19
3223885,-1.282,-1.682,0.0,0,-1.282,-1.326,-19.7,-19
3223925,-1.282,-1.695,0.0,0,-1.282,-1.318,-19.8,-19
3223965,-1.282,-1.716,0.0,0,-1.282,-1.282,-20.2,-20
3224005,-1.282,-1.681,0.0,0,-1.282,-1.304,-19.9,-19
3224045,-1.282,-1.664,0.0,0,-1.282,-1.304,-19.9,-19
3224085,-1.282,-1.640,0.0,0,-1.282,-1.276,-20.2,-20
3224125,-1.282,-1.640,0.0,0,-1.282,-1.211,-21.1,-21
3224165,-1.282,-1.562,0.0,0,-1.282,-1.211,-21.2,-21
3224205,-1.282,-1.554,0.0,0,-1.282,-1.208,-21.3,-21
3224245,-1.282,-1.535,0.0,0,-1.282,-1.167,-22.0,-21
3224285,-1.282,-1.474,-0.1,0,-1.282,-1.167,-22.2,-22
3224325,-1.282,-1.474,0.0,0,-1.282,-1.129,-22.9,-22
3224365,-1.282,-1.474,0.0,0,-1.282,-1.132,-23.1,-23
3224405,-1.282,-1.464,0.0,0,-1.282,-1.132,-23.3,-23
3224445,-1.282,-1.435,-0.0,0,-1.282,-1.119,-23.7,-23
3224485,-1.282,-1.469,0.0,0,-1.282,-1.126,-23.9,-23
3224525,-1.282,-1.438,0.0,0,-1.282,-1.126,-24.2,-24
3224565,-1.282,-1.389,-0.5,0,-1.282,-1.135,-24.3,-24
3224605,-1.282,-1.389,-0.3,0,-1.282,-1.135,-24.5,-24
3224645,-1.282,-1.419,0.0,0,-1.282,-1.127,-24.9,-24
3224685,-1.282,-1.404,0.0,0,-1.282,-1.146,-24.9,-24
3224725,-1.282,-1.354,-0.5,0,-1.282,-1.146,-25.1,-25
3224765,-1.282,-1.354,-0.3,0,-1.282,-1.141,-25.4,-25
3224805,-1.282,-1.370,-0.0,0,-1.282,-1.104,-26.1,-26
3224845,-1.282,-1.346,-0.2,0,-1.282,-1.104,-26.3,-26
3224885,-1.282,-1.332,-0.3,0,-1.282,-1.099,-26.7,-26
3224925,-1.282,-1.435,0.0,0,-1.282,-1.150,-26.3,-26
3224965,-1.282,-1.422,0.0,0,-1.282,-1.150,-26.6,-26
3225005,-1.282,-1.422,0.0,0,-1.282,-1.140,-26.9,-26
3225045,-1.282,-1.350,0.0,0,-1.282,-1.156,-26.9,-26
3225085,-1.282,-1.423,0.0,0,-1.282,-1.233,-26.1,-26
3225125,-1.282,-1.446,0.0,0,-1.282,-1.233,-26.2,-26
3225165,-1.282,-1.457,0.0,0,-1.282,-1.262,-25.9,-25
3225205,-1.282,-1.577,0.0,0,-1.282,-1.323,-25.1,-25
3225245,-1.282,-1.619,0.0,0,-1.282,-1.392,-24.1,-24
3225285,-1.282,-1.611,0.0,0,-1.282,-1.413,-23.7,-23
3225325,-1.282,-1.684,0.0,0,-1.282,-1.471,-22.8,-22
3225365,-1.282,-1.745,0.0,0,-1.282,-1.513,-21.9,-21
3225405,-1.282,-1.687,0.0,0,-1.282,-1.513,-21.5,-21
3225445,-1.282,-1.656,0.0,0,-1.282,-1.480,-21.6,-21
3225485,-1.282,-1.765,0.0,0,-1.282,-1.483,-21.3,-21
3225525,-1.282,-1.693,0.0,0,-1.282,-1.492,-20.8,-20
3225565,-1.282,-1.693,0.0,0,-1.282,-1.466,-20.8,-20
3225605,-1.282,-1.692,0.0,0,-1.282,-1.456,-20.6,-20
3225645,-1.282,-1.692,0.0,0,-1.282,-1.456,-20.4,-20
3225685,-1.282,-1.561,0.0,0,-1.282,-1.392,-21.0,-20
3225725,-1.282,-1.444,0.0,0,-1.282,-1.290,-22.1,-22
3225765,-1.282,-1.484,0.0,0,-1.282,-1.290,-22.1,-22
3225805,-1.282,-1.484,0.0,0,-1.282,-1.276,-22.3,-22
3225845,-1.282,-1.431,0.0,0,-1.282,-1.238,-22.8,-22
3225885,-1.282,-1.342,-0.0,0,-1.282,-1.238,-22.8,-22
3225925,-1.282,-1.363,0.0,0,-1.282,-1.183,-23.6,-23
3225965,-1.282,-1.392,0.0,0,-1.282,-1.223,-23.3,-23
3226005,-1.282,-1.392,0.0,0,-1.282,-1.224,-23.4,-23
3226045,-1.282,-1.335,0.0,0,-1.282,-1.224,-23.5,-23
3226085,-1.282,-1.390,0.0,0,-1.282,-1.194,-24.0,-23
3226125,-1.282,-1.420,0.0,0,-1.282,-1.229,-23.7,-23
3226165,-1.282,-1.420,0.0,0,-1.282,-1.229,-23.7,-23
3226205,-1.282,-1.369,0.0,0,-1.282,-1.243,-23.6,-23
3226245,-1.282,-1.487,0.0,0,-1.282,-1.268,-23.4,-23
3226285,-1.282,-1.561,0.0,0,-1.282,-1.379,-22.0,-21
3226325,-1.282,-1.493,0.0,0,-1.282,-1.373,-21.9,-21
3226365,-1.282,-1.538,0.0,0,-1.282,-1.373,-21.8,-21
3226405,-1.282,-1.510,0.0,0,-1.282,-1.310,-22.5,-22
3226445,-1.282,-1.477,0.0,0,-1.282,-1.372,-21.6,-21
3226485,-1.282,-1.534,0.0,0,-1.282,-1.348,-21.7,-21
3226525,-1.282,-1.534,0.0,0,-1.282,-1.348,-21.6,-21
3226565,-1.282,-1.480,0.0,0,-1.282,-1.264,-22.7,-22
3226605,-1.282,-1.379,0.0,0,-1.282,-1.283,-22.5,-22
3226645,-1.282,-1.400,0.0,0,-1.282,-1.283,-22.5,-22
3226685,-1.282,-1.400,0.0,0,-1.282,-1.242,-23.0,-23
3226725,-1.282,-1.380,0.0,0,-1.282,-1.184,-23.8,-23
3226765,-1.282,-1.320,-0.1,0,-1.282,-1.184,-24.0,-23
3226805,-1.282,-1.321,-0.0,0,-1.282,-1.201,-23.9,-23
3226845,-1.282,-1.321,0.0,0,-1.282,-1.169,-24.4,-24
3226885,-1.282,-1.325,0.0,0,-1.282,-1.169,-24.6,-24
3226925,-1.282,-1.360,0.0,0,-1.282,-1.180,-24.7,-24
3226965,-1.282,-1.468,0.0,0,-1.282,-1.308,-23.1,-23
3227005,-1.282,-1.487,0.0,0,-1.282,-1.330,-22.8,-22
3227045,-1.282,-1.462,0.0,0,-1.282,-1.280,-23.3,-23
3227085,-1.282,-1.528,0.0,0,-1.282,-1.280,-23.3,-23
3227125,-1.282,-1.587,0.0,0,-1.282,-1.381,-21.9,-21
3227165,-1.282,-1.616,0.0,0,-1.282,-1.423,-21.2,-21
3227205,-1.282,-1.711,0.0,0,-1.282,-1.423,-21.0,-20
3227245,-1.282,-1.680,0.0,0,-1.282,-1.484,-20.0,-19
3227285,-1.282,-1.627,0.0,0,-1.282,-1.484,-19.7,-19
3227325,-1.282,-1.653,0.0,0,-1.282,-1.421,-20.1,-20
3227365,-1.282,-1.653,0.0,0,-1.282,-1.421,-19.9,-19
3227405,-1.282,-1.633,0.0,0,-1.282,-1.447,-19.3,-19
3227445,-1.282,-1.593,0.0,0,-1.282,-1.443,-19.1,-19
3227485,-1.282,-1.580,0.0,0,-1.282,-1.346,-20.1,-20
3227525,0.000,-1.509,0.0,0,0.000,-1.346,0.0,0
3227565,0.000,-1.458,0.0,0,0.000,-1.296,0.0,0
3227605,0.000,-1.458,0.0,0,0.000,-1.262,0.0,0
3227645,0.000,-1.397,0.0,0,0.000,-1.262,0.0,0
3227685,0.000,-1.397,0.0,0,0.000,-1.262,0.0,0
3227725,0.000,-1.176,0.0,0,0.000,-1.055,0.0,0
3227765,0.000,-1.176,0.0,0,0.000,-1.055,0.0,0
3227805,0.000,-1.176,0.0,0,0.000,-1.055,0.0,0
3227845,0.000,-1.176,0.0,0,0.000,-1.055,0.0,0
3227885,0.000,-0.000,0.0,0,0.000,-0.000,0.0,0
3227925,0.000,-0.000,0.0,0,0.000,-0.000,0.0,0
3227965,0.000,-0.000,0.0,0,0.000,-0.000,0.0,0
3228005,0.000,-0.000,0.0,0,0.000,-0.000,0.0,0
3228045,0.000,-0.000,0.0,0,0.000,-0.000,0.0,0
3228085,0.000,-0.000,0.0,0,0.000,-0.000,0.0,0
3228125,0.000,-0.000,0.0,0,0.000,-0.000,0.0,0
3228165,0.000,-0.000,0.0,0,0.000,-0.000,0.0,0
3228205,0.000,-0.000,0.0,0,0.000,-0.000,0.0,0
3228245,0.000,-0.000,0.0,0,0.000,-0.000,0.0,0
3228285,0.000,-0.000,0.0,0,0.000,-0.000,0.0,0
3228325,0.000,-0.000,0.0,0,0.000,-0.000,0.0,0
3228365,0.000,-0.000,0.0,0,0.000,-0.000,0.0,0
3228405,0.000,-0.000,0.0,0,0.000,-0.000,0.0,0
3228445,0.000,-0.000,0.0,0,0.000,-0.000,0.0,0
3228485,0.000,-0.000,0.0,0,0.000,-0.000,0.0,0
3228525,0.000,-0.000,0.0,0,0.000,-0.000,0.0,0
3228565,0.000,-0.000,0.0,0,0.000,-0.000,0.0,0
3228605,0.000,-0.000,0.0,0,0.000,-0.000,0.0,0
3228645,0.000,-0.000,0.0,0,0.000,-0.000,0.0,0
3228685,0.000,-0.000,0.0,0,0.000,-0.000,0.0,0
3228725,0.000,-0.000,0.0,0,0.000,-0.000,0.0,0
3228765,0.000,-0.000,0.0,0,0.000,-0.000,0.0,0
3228805,0.000,-0.000,0.0,0,0.000,-0.000,0.0,0
3228845,0.000,-0.000,0.0,0,0.000,-0.000,0.0,0
3228885,0.000,-0.000,0.0,0,0.000,-0.000,0.0,0
3228925,0.000,-0.000,0.0,0,0.000,-0.000,0.0,0
3228965,0.000,-0.000,0.0,0,0.000,-0.000,0.0,0
3229005,0.000,-0.000,0.0,0,0.000,-0.000,0.0,0
3229045,0.000,-0.000,0.0,0,0.000,-0.000,0.0,0
3229085,0.000,-0.000,0.0,0,0.000,-0.000,0.0,0
3229125,0.000,-0.000,0.0,0,0.000,-0.000,0.0,0
3229165,0.000,-0.000,0.0,0,0.000,-0.000,0.0,0
3229205,0.000,-0.000,0.0,0,0.000,-0.000,0.0,0
3229245,0.000,-0.000,0.0,0,0.000,-0.000,0.0,0
3229285,0.000,-0.000,0.0,0,0.000,-0.000,0.0,0
3229325,0.000,-0.000,0.0,0,0.000,-0.000,0.0,0
3229365,0.000,-0.000,0.0,0,0.000,-0.000,0.0,0
3229405,0.000,-0.000,0.0,0,0.000,-0.000,0.0,0
3229445,0.000,-0.000,0.0,0,0.000,-0.000,0.0,0
3229485,0.000,-0.000,0.0,0,0.000,-0.000,0.0,0
3229525,0.000,-0.000,0.0,0,0.000,-0.000,0.0,0
3229565,0.000,-0.000,0.0,0,0.000,-0.000,0.0,0
3229605,0.000,-0.000,0.0,0,0.000,-0.000,0.0,0
3229645,0.000,-0.000,0.0,0,0.000,-0.000,0.0,0
3229685,0.000,-0.000,0.0,0,0.000,-0.000,0.0,0
3229725,0.000,-0.000,0.0,0,0.000,-0.000,0.0,0
3229765,0.000,-0.000,0.0,0,0.000,-0.000,0.0,0
3229805,0.000,-0.000,0.0,0,0.000,-0.000,0.0,0
3229845,0.000,-0.000,0.0,0,0.000,-0.000,0.0,0
3229885,0.000,-0.000,0.0,0,0.000,-0.000,0.0,0
3229925,0.000,-0.000,0.0,0,0.000,-0.000,0.0,0
3229965,0.000,-0.000,0.0,0,0.000,-0.000,0.0,0
3230005,0.000,-0.000,0.0,0,0.000,-0.000,0.0,0
3230045,0.000,-0.000,0.0,0,0.000,-0.000,0.0,0
3230085,0.000,-0.000,0.0,0,0.000,-0.000,0.0,0
3230125,0.000,-0.000,0.0,0,0.000,-0.000,0.0,0
3230165,0.000,-0.000,0.0,0,0.000,-0.000,0.0,0
3230205,0.000,-0.000,0.0,0,0.000,-0.000,0.0,0
3230245,0.000,-0.000,0.0,0,0.000,-0.000,0.0,0
3230285,0.000,-0.000,0.0,0,0.000,-0.000,0.0,0
3230325,0.000,-0.000,0.0,0,0.000,-0.000,0.0,0
3230365,0.000,-0.000,0.0,0,0.000,-0.000,0.0,0
3230405,0.000,-0.000,0.0,0,0.000,-0.000,0.0,0
3230445,0.000,-0.000,0.0,0,0.000,-0.000,0.0,0
3230485,0.000,-0.000,0.0,0,0.000,-0.000,0.0,0
3230525,0.000,-0.000,0.0,0,0.000,-0.000,0.0,0
3230565,0.000,-0.000,0.0,0,0.000,-0.000,0.0,0
3230605,0.000,-0.000,0.0,0,0.000,-0.000,0.0,0
3230645,0.000,-0.000,0.0,0,0.000,-0.000,0.0,0
3230685,0.000,-0.000,0.0,0,0.000,-0.000,0.0,0
3230725,0.000,-0.000,0.0,0,0.000,-0.000,0.0,0
3230765,0.000,-0.000,0.0,0,0.000,-0.000,0.0,0
3230805,0.000,-0.000,0.0,0,0.000,-0.000,0.0,0
3230845,0.000,-0.000,0.0,0,0.000,-0.000,0.0,0
3230885,0.000,-0.000,0.0,0,0.000,-0.000,0.0,0
3230925,0.000,-0.000,0.0,0,0.000,-0.000,0.0,0
3230965,0.000,-0.000,0.0,0,0.000,-0.000,0.0,0
3231005,0.000,-0.000,0.0,0,0.000,-0.000,0.0,0
3231045,0.000,-0.000,0.0,0,0.000,-0.000,0.0,0
3231085,0.000,-0.000,0.0,0,0.000,-0.000,0.0,0
3231125,0.000,-0.000,0.0,0,0.000,-0.000,0.0,0
3231165,0.000,-0.000,0.0,0,0.000,-0.000,0.0,0
3231205,0.000,-0.000,0.0,0,0.000,-0.000,0.0,0
3231245,0.000,-0.000,0.0,0,0.000,-0.000,0.0,0
3231285,0.000,-0.000,0.0,0,0.000,-0.000,0.0,0
3231325,0.000,-0.000,0.0,0,0.000,-0.000,0.0,0
3231365,0.000,-0.000,0.0,0,0.000,-0.000,0.0,0
3231405,0.000,-0.000,0.0,0,0.000,-0.000,0.0,0
3231445,0.000,-0.000,0.0,0,0.000,-0.000,0.0,0
3231485,0.000,-0.000,0.0,0,0.000,-0.000,0.0,0
3231525,0.000,-0.000,0.0,0,0.000,-0.000,0.0,0
3231565,0.000,-0.000,0.0,0,0.000,-0.000,0.0,0
3231605,0.000,-0.000,0.0,0,0.000,-0.000,0.0,0
3231645,0.000,-0.000,0.0,0,0.000,-0.000,0.0,0
3231685,0.000,-0.000,0.0,0,0.000,-0.000,0.0,0
3231725,0.000,-0.000,0.0,0,0.000,-0.000,0.0,0
3231765,0.000,-0.000,0.0,0,0.000,-0.000,0.0,0
3231805,0.000,-0.000,0.0,0,0.000,-0.000,0.0,0
3231845,0.000,-0.000,0.0,0,0.000,-0.000,0.0,0
3231885,0.000,-0.000,0.0,0,0.000,-0.000,0.0,0
3231925,0.000,-0.000,0.0,0,0.000,-0.000,0.0,0
3231965,0.000,-0.000,0.0,0,0.000,-0.000,0.0,0
3232005,0.000,-0.000,0.0,0,0.000,-0.000,0.0,0
3232045,0.000,-0.000,0.0,0,0.000,-0.000,0.0,0
3232085,0.000,-0.000,0.0,0,0.000,-0.000,0.0,0
3232125,0.000,-0.000,0.0,0,0.000,-0.000,0.0,0
3232165,0.000,-0.000,0.0,0,0.000,-0.000,0.0,0
3232205,0.000,-0.000,0.0,0,0.000,-0.000,0.0,0
3232245,0.000,-0.000,0.0,0,0.000,-0.000,0.0,0
3232285,0.000,-0.000,0.0,0,0.000,-0.000,0.0,0
3232325,0.000,-0.000,0.0,0,0.000,-0.000,0.0,0
3232365,0.000,-0.000,0.0,0,0.000,-0.000,0.0,0
3232405,0.000,-0.000,0.0,0,0.000,-0.000,0.0,0
3232445,0.000,-0.000,0.0,0,0.000,-0.000,0.0,0
3232485,0.000,-0.000,0.0,0,0.000,-0.000,0.0,0
3232525,0.000,-0.000,0.0,0,0.000,-0.000,0.0,0
3232565,0.000,-0.000,0.0,0,0.000,-0.000,0.0,0
3232605,0.000,-0.000,0.0,0,0.000,-0.000,0.0,0
3232645,0.000,-0.000,0.0,0,0.000,-0.000,0.0,0
3232685,0.000,-0.000,0.0,0,0.000,-0.000,0.0,0
3232725,0.000,-0.000,0.0,0,0.000,-0.000,0.0,0
3232765,0.000,-0.000,0.0,0,0.000,-0.000,0.0,0
3232805,0.000,-0.000,0.0,0,0.000,-0.000,0.0,0
3232845,0.000,-0.000,0.0,0,0.000,-0.000,0.0,0
3232885,0.000,-0.000,0.0,0,0.000,-0.000,0.0,0
3232925,0.000,-0.000,0.0,0,0.000,-0.000,0.0,0
3232965,0.000,-0.000,0.0,0,0.000,-0.000,0.0,0
3233005,0.000,-0.000,0.0,0,0.000,-0.000,0.0,0
3233045,0.000,-0.000,0.0,0,0.000,-0.000,0.0,0
3233085,0.000,-0.000,0.0,0,0.000,-0.000,0.0,0
3233125,0.000,-0.000,0.0,0,0.000,-0.000,0.0,0
3233165,0.000,-0.000,0.0,0,0.000,-0.000,0.0,0
3233205,0.000,-0.000,0.0,0,0.000,-0.000,0.0,0
3233245,0.000,-0.000,0.0,0,0.000,-0.000,0.0,0
3233285,0.000,-0.000,0.0,0,0.000,-0.000,0.0,0
3233325,0.000,-0.000,0.0,0,0.000,-0.000,0.0,0
3233365,0.000,-0.000,0.0,0,0.000,-0.000,0.0,0
3233405,0.000,-0.000,0.0,0,0.000,-0.000,0.0,0
3233445,0.000,-0.000,0.0,0,0.000,-0.000,0.0,0
3233485,0.000,-0.000,0.0,0,0.000,-0.000,0.0,0
3233525,0.000,-0.000,0.0,0,0.000,-0.000,0.0,0
3233565,0.000,-0.000,0.0,0,0.000,-0.000,0.0,0
3233605,0.000,-0.000,0.0,0,0.000,-0.000,0.0,0
3233645,0.000,-0.000,0.0,0,0.000,-0.000,0.0,0
3233685,0.000,-0.000,0.0,0,0.000,-0.000,0.0,0
3233725,0.000,-0.000,0.0,0,0.000,-0.000,0.0,0
3233765,0.000,-0.000,0.0,0,0.000,-0.000,0.0,0
3233805,0.000,-0.000,0.0,0,0.000,-0.000,0.0,0
3233845,0.000,-0.000,0.0,0,0.000,-0.000,0.0,0
3233885,0.000,-0.000,0.0,0,0.000,-0.000,0.0,0
3233925,0.000,-0.000,0.0,0,0.000,-0.000,0.0,0
3233965,0.000,-0.000,0.0,0,0.000,-0.000,0.0,0
3234005,0.000,-0.000,0.0,0,0.000,-0.000,0.0,0
3234045,0.000,-0.000,0.0,0,0.000,-0.000,0.0,0
3234085,0.000,-0.000,0.0,0,0.000,-0.000,0.0,0
3234125,0.000,-0.000,0.0,0,0.000,-0.000,0.0,0
3234165,0.000,-0.000,0.0,0,0.000,-0.000,0.0,0
3234205,0.000,-0.000,0.0,0,0.000,-0.000,0.0,0
3234245,0.000,-0.000,0.0,0,0.000,-0.000,0.0,0
3234285,0.000,-0.000,0.0,0,0.000,-0.000,0.0,0
3234325,0.000,-0.000,0.0,0,0.000,-0.000,0.0,0
3234365,0.000,-0.000,0.0,0,0.000,-0.000,0.0,0
3234405,0.000,-0.000,0.0,0,0.000,-0.000,0.0,0
3234445,0.000,-0.000,0.0,0,0.000,-0.000,0.0,0
3234485,0.000,-0.000,0.0,0,0.000,-0.000,0.0,0
3234525,0.000,-0.000,0.0,0,0.000,-0.000,0.0,0
3234565,0.000,-0.000,0.0,0,0.000,-0.000,0.0,0
3234605,0.000,-0.000,0.0,0,0.000,-0.000,0.0,0
3234645,0.000,-0.000,0.0,0,3.846,-0.000,49.2,12
3234685,0.000,-0.000,0.0,0,3.846,0.000,55.4,36
3234725,0.000,-0.000,0.0,0,3.846,0.003,61.5,60
3234765,0.000,-0.003,0.0,0,3.846,0.003,67.6,67
3234805,0.000,-0.003,0.0,0,3.846,1.231,57.7,57
3234845,0.000,-0.328,0.0,0,3.846,1.788,54.8,54
3234885,0.000,-0.707,0.0,0,3.846,2.459,49.3,49
3234925,0.000,-0.707,0.0,0,3.846,2.870,46.0,45
3234965,0.000,-0.933,0.0,0,3.846,3.425,40.2,40
3235005,0.000,-1.047,0.0,0,3.846,3.598,38.7,38
3235045,0.000,-1.047,0.0,0,3.846,3.849,35.6,35
3235085,0.000,-1.110,0.0,0,3.846,3.827,35.8,35
3235125,0.000,-1.064,0.0,0,3.846,3.886,35.1,35
3235165,0.000,-1.064,0.0,0,3.846,3.654,38.1,38
3235205,0.000,-0.983,0.0,0,3.846,3.699,37.7,37
3235245,0.000,-0.983,0.0,0,3.846,3.842,36.1,36
3235285,0.000,-0.995,0.0,0,3.846,4.101,32.7,32
3235325,0.000,-0.995,0.0,0,3.846,3.896,35.1,35
3235365,0.000,-0.946,0.0,0,3.846,3.796,36.2,36
3235405,0.000,-0.946,0.0,0,3.846,3.799,36.3,36
3235445,0.000,-0.905,0.0,0,3.846,3.759,37.0,36
3235485,0.000,-0.905,0.0,0,3.846,3.854,35.9,35
3235525,0.000,-0.952,0.0,0,3.846,3.932,34.8,34
3235565,0.000,-0.952,0.0,0,3.846,4.018,33.5,33
3235605,0.000,-0.902,0.0,0,3.846,3.906,34.8,34
3235645,0.000,-0.902,0.0,0,3.846,3.823,35.8,35
3235685,0.000,-0.870,0.0,0,3.846,3.787,36.3,36
3235725,0.000,-0.870,0.0,0,3.846,3.967,34.0,33
3235765,0.000,-0.894,0.0,0,3.846,3.928,34.3,34
3235805,0.000,-0.894,0.0,0,3.846,3.873,34.9,34
3235845,0.000,-0.817,0.0,0,3.846,3.797,35.9,35
3235885,0.000,-0.817,0.0,0,3.846,3.889,34.7,34
3235925,0.000,-0.817,0.0,0,3.846,3.955,33.7,33
3235965,0.000,-0.805,0.0,0,3.846,4.023,32.7,32
3236005,0.000,-0.805,0.0,0,3.846,3.884,34.3,34
3236045,0.000,-0.746,0.0,0,3.846,3.781,35.5,35
3236085,0.000,-0.746,0.0,0,3.846,3.766,35.8,35
3236125,0.000,-0.746,0.0,0,3.846,3.986,33.1,33
3236165,0.000,-0.689,0.0,0,3.846,3.934,33.6,33
3236205,0.000,-0.689,0.0,0,3.846,3.965,32.9,32
3236245,0.000,-0.689,0.0,0,3.846,3.854,34.1,34
3236285,0.000,-0.689,0.0,0,3.846,3.981,32.4,32
3236325,0.000,-0.610,0.0,0,3.846,3.755,35.2,35
3236365,0.000,-0.610,0.0,0,3.846,3.834,34.2,34
3236405,0.000,-0.610,0.0,0,3.846,3.807,34.6,34
3236445,0.000,-0.610,0.0,0,3.846,3.869,33.9,33
3236485,0.000,-0.000,0.0,0,3.846,3.744,35.5,35
3236525,0.000,-0.135,0.0,0,3.846,3.861,34.1,34
3236565,0.000,-0.135,0.0,0,3.846,3.779,35.2,35
3236605,0.000,-0.135,0.0,0,3.846,3.797,35.0,35
3236645,0.000,-0.135,0.0,0,3.846,3.786,35.1,35
3236685,0.000,-0.000,0.0,0,3.846,3.952,33.0,33
3236725,0.000,-0.000,0.0,0,3.846,3.749,35.6,35
3236765,0.000,-0.097,0.0,0,3.846,3.712,36.1,36
3236805,0.000,-0.097,0.0,0,3.846,3.884,34.2,34
3236845,0.000,-0.097,0.0,0,3.846,4.006,32.6,32
3236885,0.000,-0.097,0.0,0,3.846,3.817,34.9,34
3236925,0.000,-0.000,0.0,0,3.846,3.755,35.7,35
3236965,0.000,-0.000,0.0,0,3.846,3.768,35.7,35
3237005,0.000,-0.096,0.0,0,3.846,3.619,37.8,37
3237045,0.000,-0.096,0.0,0,3.846,3.753,36.4,36
3237085,0.000,-0.096,0.0,0,3.846,3.803,35.8,35
3237125,0.000,-0.096,0.0,0,3.846,3.866,35.0,35
3237165,0.000,-0.000,0.0,0,3.846,3.745,36.6,36
3237205,0.000,-0.000,0.0,0,3.846,3.642,38.1,38
3237245,0.000,-0.000,0.0,0,3.846,3.748,37.0,37
3237285,0.000,-0.000,0.0,0,3.846,3.785,36.8,36
3237325,0.000,-0.073,0.0,0,3.846,3.828,36.4,36
3237365,0.000,-0.073,0.0,0,3.846,3.798,36.7,36
3237405,0.000,-0.073,0.0,0,3.846,3.846,36.2,36
3237445,0.000,-0.073,0.0,0,3.846,3.834,36.4,36
3237485,0.000,-0.000,0.0,0,3.846,3.828,36.5,36
3237525,0.000,-0.000,0.0,0,3.846,3.776,37.2,37
3237585,0.000,-0.000,0.0,0,3.846,3.782,37.2,37
3237625,0.000,-0.000,0.0,0,3.846,3.810,36.9,36
3237665,0.000,-0.000,0.0,0,3.846,3.774,37.3,37
3237705,0.000,-0.000,0.0,0,3.846,3.907,35.7,35
3237745,0.000,-0.000,0.0,0,3.846,3.816,36.9,36
3237785,0.000,-0.000,0.0,0,3.846,3.787,37.2,37
3237825,0.000,-0.000,0.0,0,3.846,3.912,35.7,35
3237865,0.000,-0.000,0.0,0,3.846,3.878,36.2,36
3237905,0.000,-0.000,0.0,0,3.846,3.708,38.4,38
3237945,0.000,-0.000,0.0,0,3.846,3.715,38.4,38
3237985,0.000,-0.000,0.0,0,3.846,3.865,36.7,36
3238025,0.000,-0.000,0.0,0,3.846,3.755,38.2,38
3238065,0.000,-0.000,0.0,0,3.846,3.746,38.4,38
3238105,0.000,-0.000,0.0,0,3.846,3.842,37.2,37
3238145,0.000,-0.000,0.0,0,3.846,3.770,38.2,38
3238185,0.000,-0.000,0.0,0,3.846,3.688,39.4,39
3238225,0.000,-0.000,0.0,0,3.846,3.954,36.1,36
3238265,0.000,-0.026,0.0,0,3.846,4.107,34.0,34
3238305,0.000,-0.026,0.0,0,3.846,3.932,36.0,35
3238345,0.000,-0.026,0.0,0,3.846,3.812,37.3,37
3238385,0.000,-0.026,0.0,0,3.846,3.855,36.9,36
3238425,0.000,-0.000,0.0,0,3.846,3.814,37.5,37
3238465,0.000,-0.000,0.0,0,3.846,3.866,37.0,36
3238505,0.000,-0.000,0.0,0,3.846,4.037,34.5,34
3238545,0.000,-0.000,0.0,0,3.846,3.932,35.5,35
3238585,0.000,-0.000,0.0,0,3.846,3.943,35.3,35
3238625,0.000,-0.000,0.0,0,3.846,3.779,37.3,37
3238665,0.000,-0.058,0.0,0,3.846,3.867,36.2,36
3238705,0.000,-0.058,0.0,0,3.846,3.938,35.1,35
3238745,0.000,-0.058,0.0,0,3.846,4.073,33.2,33
3238785,0.000,-0.058,0.0,0,3.846,3.947,34.5,34
3238825,0.000,-0.000,0.0,0,3.846,3.767,36.7,36
3238865,0.000,-0.000,0.0,0,3.846,3.777,36.7,36
3238905,0.000,-0.000,0.0,0,3.846,3.847,35.9,35
3238945,0.000,-0.000,0.0,0,3.846,3.918,35.1,35
3238985,0.000,-0.000,0.0,0,3.846,3.905,35.1,35
3239025,0.000,-0.000,0.0,0,3.846,3.893,35.1,35
3239065,0.000,-0.000,0.0,0,3.846,3.807,36.2,36
3239105,0.000,-0.000,0.0,0,3.846,3.801,36.4,36
3239145,0.000,-0.000,0.0,0,3.846,3.819,36.2,36
3239185,0.000,-0.046,0.0,0,3.846,3.873,35.5,35
3239225,0.000,-0.046,0.0,0,3.846,3.800,36.4,36
3239265,0.000,-0.046,0.0,0,3.846,3.821,36.2,36
3239305,0.000,-0.046,0.0,0,3.846,3.753,37.2,37
3239345,0.000,-0.000,0.0,0,3.846,3.803,36.6,36
3239385,0.000,-0.000,0.0,0,3.846,4.023,33.8,33
3239425,0.000,-0.000,0.0,0,3.846,4.083,32.8,32
3239465,0.000,-0.096,0.0,0,3.846,3.852,35.6,35
3239505,0.000,-0.096,0.0,0,3.846,3.812,36.0,36
3239545,0.000,-0.096,0.0,0,3.846,4.079,32.6,32
3239585,0.000,-0.096,0.0,0,3.846,4.170,31.2,31
3239625,0.000,-0.000,0.0,0,3.846,3.933,33.8,33
3239665,0.000,-0.000,0.0,0,3.846,3.895,34.0,34
3239705,0.000,-0.094,0.0,0,3.846,3.839,34.8,34
3239745,0.000,-0.094,0.0,0,3.846,3.815,35.2,35
3239785,0.000,-0.094,0.0,0,3.846,3.877,34.3,34
3239825,0.000,-0.094,0.0,0,3.846,4.167,30.4,30
3239865,0.000,-0.000,0.0,0,3.846,4.028,31.8,31
3239905,0.000,-0.000,0.0,0,3.846,3.757,35.2,35
3239945,0.000,-0.000,0.0,0,3.846,3.708,35.9,35
3239985,0.000,-0.094,0.0,0,3.846,4.005,32.3,32
3240025,0.000,-0.094,0.0,0,3.846,4.040,31.7,31
3240065,0.000,-0.094,0.0,0,3.846,3.886,33.4,33
3240105,0.000,-0.094,0.0,0,3.846,3.835,33.9,33
3240145,0.000,-0.000,0.0,0,3.846,3.855,33.7,33
3240185,0.000,-0.000,0.0,0,3.846,3.689,35.9,35
3240225,0.000,-0.000,0.0,0,3.846,3.859,33.9,33
3240265,0.000,-0.000,0.0,0,3.846,3.984,32.1,32
3240305,0.000,-0.069,0.0,0,3.846,4.078,30.7,30
3240345,0.000,-0.069,0.0,0,3.846,3.846,33.4,33
3240385,0.000,-0.069,0.0,0,3.846,3.718,35.1,35
3240425,0.000,-0.069,0.0,0,3.846,3.651,36.1,36
3240465,0.000,-0.000,0.0,0,3.846,3.836,34.0,33
3240505,0.000,-0.000,0.0,0,3.846,3.885,33.4,33
3240545,0.000,-0.000,0.0,0,3.846,3.856,33.7,33
3240585,0.000,-0.000,0.0,0,3.846,3.811,34.2,34
3240625,0.000,-0.076,0.0,0,3.846,3.828,34.0,34
3240665,0.000,-0.076,0.0,0,3.846,3.830,34.0,34
3240705,0.000,-0.076,0.0,0,3.846,3.774,34.8,34
3240745,0.000,-0.076,0.0,0,3.846,3.807,34.4,34
3240785,0.000,-0.000,0.0,0,3.846,3.831,34.2,34
3240825,0.000,-0.000,0.0,0,3.846,3.998,32.0,32
3240865,0.000,-0.000,0.0,0,3.846,3.979,32.1,32
3240905,0.000,-0.000,0.0,0,3.846,3.983,31.8,31
3240945,0.000,-0.000,0.0,0,3.846,3.851,33.2,33
3240985,0.000,-0.000,0.0,0,3.846,3.895,32.6,32
3241025,0.000,-0.000,0.0,0,3.846,3.781,34.1,34
3241065,0.000,-0.000,0.0,0,3.846,3.776,34.2,34
3241105,0.000,-0.000,0.0,0,3.846,3.778,34.2,34
3241145,0.000,-0.000,0.0,0,3.846,4.035,30.9,30
3241185,0.000,-0.000,0.0,0,3.846,3.829,33.4,33
3241225,0.000,-0.000,0.0,0,3.846,3.826,33.3,33
3241265,0.000,-0.000,0.0,0,3.846,3.724,34.7,34
3241305,0.000,-0.000,0.0,0,3.846,3.806,33.9,33
3241345,0.000,-0.000,0.0,0,3.846,3.746,34.7,34
3241385,0.000,-0.000,0.0,0,3.846,3.944,32.2,32
3241425,0.000,-0.000,0.0,0,3.846,3.843,33.5,33
3241465,0.000,-0.000,0.0,0,3.846,3.802,34.0,33
3241505,0.000,-0.000,0.0,0,3.846,3.703,35.2,35
3241545,0.000,-0.000,0.0,0,3.846,3.837,33.7,33
3241585,0.000,-0.000,0.0,0,3.846,3.642,36.3,36
3241625,0.000,-0.000,0.0,0,3.846,3.644,36.5,36
3241665,0.000,-0.000,0.0,0,3.846,3.859,34.1,34
3241705,0.000,-0.000,0.0,0,3.846,3.838,34.5,34
3241745,0.000,-0.000,0.0,0,3.846,3.742,35.8,35
3241785,0.000,-0.000,0.0,0,3.846,3.734,35.9,35
3241825,0.000,-0.000,0.0,0,3.846,3.792,35.4,35
3241865,0.000,-0.000,0.0,0,3.846,3.678,37.0,37
3241905,0.000,-0.000,0.0,0,3.846,3.754,36.2,36
3241945,0.000,-0.000,0.0,0,3.846,3.742,36.5,36
3241985,0.000,-0.000,0.0,0,3.846,3.833,35.4,35
3242025,0.000,-0.000,0.0,0,3.846,3.799,36.0,35
3242065,0.000,-0.000,0.0,0,3.846,3.748,36.7,36
3242105,0.000,-0.000,0.0,0,3.846,3.840,35.6,35
3242145,0.000,-0.000,0.0,0,3.846,3.840,35.6,35
3242185,0.000,-0.000,0.0,0,3.846,3.809,36.1,36
3242225,0.000,-0.000,0.0,0,3.846,3.790,36.4,36
3242265,0.000,-0.000,0.0,0,3.846,3.897,35.0,35
3242305,0.000,-0.000,0.0,0,3.846,3.881,35.2,35
3242345,0.000,-0.000,0.0,0,3.846,3.854,35.6,35
3242385,0.000,-0.000,0.0,0,3.846,3.789,36.4,36
3242425,0.000,-0.000,0.0,0,3.846,3.812,36.2,36
3242465,0.000,-0.000,0.0,0,3.846,3.881,35.3,35
3242505,0.000,-0.000,0.0,0,3.846,3.847,35.8,35
3242545,0.000,-0.000,0.0,0,3.846,3.792,36.6,36
3242585,0.000,-0.000,0.0,0,3.846,3.769,36.9,36
3242625,0.000,-0.000,0.0,0,3.846,3.864,35.7,35
3242665,0.000,-0.000,0.0,0,3.846,3.693,38.0,38
3242705,0.000,-0.000,0.0,0,3.846,3.632,39.0,38
3242745,0.000,-0.000,0.0,0,3.846,3.649,39.0,38
3242785,0.000,-0.000,0.0,0,3.846,3.908,35.9,35
3242825,0.000,-0.000,0.0,0,3.846,3.730,38.2,38
3242865,0.000,-0.011,0.0,0,3.846,3.743,38.1,38
3242905,0.000,-0.011,0.0,0,3.846,3.822,37.3,37
3242945,0.000,-0.011,0.0,0,3.846,3.798,37.7,37
3242985,0.000,-0.011,0.0,0,3.846,3.744,38.5,38
3243025,0.000,-0.000,0.0,0,3.846,3.887,36.7,36
3243065,0.000,-0.000,0.0,0,3.846,3.780,38.2,38
3243105,0.000,-0.000,0.0,0,3.846,3.749,38.6,38
3243145,0.000,-0.000,0.0,0,3.846,3.795,38.0,38
3243185,0.000,-0.000,0.0,0,3.846,4.070,34.5,34
3243225,0.000,-0.000,0.0,0,3.846,3.893,36.6,36
3243265,0.000,-0.000,0.0,0,3.846,3.831,37.2,37
3243305,0.000,-0.000,0.0,0,3.846,3.714,38.7,38
3243345,0.000,-0.000,0.0,0,3.846,3.991,35.3,35
3243385,0.000,-0.000,0.0,0,3.846,3.962,35.5,35
3243425,0.000,-0.000,0.0,0,3.846,4.039,34.3,34
3243465,0.000,-0.000,0.0,0,3.846,4.014,34.2,34
3243505,0.000,-0.000,0.0,0,3.846,4.001,34.1,34
3243545,0.000,-0.000,0.0,0,3.846,3.755,37.2,37
3243585,0.000,-0.000,0.0,0,3.846,3.699,38.0,37
3243625,0.000,-0.000,0.0,0,3.846,3.789,37.0,36
3243665,0.000,-0.000,0.0,0,3.846,3.987,34.5,34
3243705,0.000,-0.000,0.0,0,3.846,3.965,34.6,34
3243745,0.000,-0.000,0.0,0,3.846,3.892,35.3,35
3243785,0.000,-0.000,0.0,0,3.846,3.723,37.4,37
3243825,0.000,-0.000,0.0,0,3.846,3.805,36.5,36
3243865,0.000,-0.000,0.0,0,3.846,3.838,36.2,36
3243905,0.000,-0.000,0.0,0,3.846,3.805,36.7,36
3243945,0.000,-0.000,0.0,0,3.846,3.802,36.7,36
3243985,0.000,-0.000,0.0,0,3.846,3.854,36.1,36
3244025,0.000,-0.021,0.0,0,3.846,3.835,36.3,36
3244065,0.000,-0.021,0.0,0,3.846,3.715,38.0,37
3244105,0.000,-0.021,0.0,0,3.846,3.706,38.2,38
3244145,0.000,-0.021,0.0,0,3.846,3.771,37.6,37
3244185,0.000,-0.000,0.0,0,3.846,4.042,34.2,34
3244225,0.000,-0.000,0.0,0,3.846,4.067,33.6,33
3244265,0.000,-0.000,0.0,0,3.846,4.072,33.1,33
3244305,0.000,-0.084,0.0,0,3.846,3.912,34.7,34
3244345,0.000,-0.574,0.0,0,3.846,3.928,34.5,34
3244385,0.000,-0.574,0.0,0,3.846,3.766,36.6,36
3244425,0.000,-0.574,0.0,0,3.846,3.958,34.0,34
3244465,0.000,-0.590,0.0,0,3.846,4.100,31.9,31
3244505,0.000,-0.590,0.0,0,3.846,4.197,30.2,30
3244545,0.000,-0.590,0.0,0,3.846,3.977,32.6,32
3244585,0.000,-0.590,0.0,0,3.846,3.776,35.0,35
3244625,0.000,-0.000,0.0,0,3.846,3.978,32.5,32
3244665,0.000,-0.131,0.0,0,3.846,4.050,31.4,31
3244705,0.000,-0.131,0.0,0,3.846,3.960,32.3,32
3244745,0.000,-0.131,0.0,0,3.846,3.845,33.5,33
3244785,0.000,-0.131,0.0,0,3.846,3.842,33.6,33
3244825,0.000,-0.000,0.0,0,3.846,3.657,36.1,36
3244865,0.000,-0.000,0.0,0,3.846,3.865,33.6,33
3244905,0.000,-0.000,0.0,0,3.846,4.027,31.2,31
3244945,0.000,-0.000,0.0,0,3.846,4.180,29.0,28
3244985,0.000,-0.000,0.0,0,3.846,3.809,33.4,33
3245025,0.000,-0.000,0.0,0,3.846,3.602,36.1,36
3245065,0.000,-0.061,0.0,0,3.846,3.679,35.6,35
3245105,0.000,-0.061,0.0,0,3.846,3.871,33.4,33
3245145,0.000,-0.061,0.0,0,3.846,3.890,33.1,33
3245185,0.000,-0.061,0.0,0,3.846,3.918,32.6,32
3245225,0.000,-0.000,0.0,0,3.846,3.931,32.3,32
3245265,0.000,-0.117,0.0,0,3.846,3.795,34.0,33
3245305,0.000,-0.117,0.0,0,3.846,3.680,35.7,35
3245345,0.000,-0.117,0.0,0,3.846,3.659,36.2,36
3245385,0.000,-0.117,0.0,0,3.846,3.852,33.9,33
3245425,0.000,-0.000,0.0,0,3.846,3.924,33.0,33
3245465,0.000,-0.000,0.0,0,3.846,3.961,32.4,32
3245505,0.000,-0.000,0.0,0,3.846,3.808,34.2,34
3245545,0.000,-0.000,0.0,0,3.846,3.801,34.4,34
3245585,0.000,-0.000,0.0,0,3.846,3.789,34.6,34
3245625,0.000,-0.000,0.0,0,3.846,3.840,34.1,34
3245665,0.000,-0.059,0.0,0,3.846,3.842,34.1,34
3245705,0.000,-0.059,0.0,0,3.846,3.897,33.3,33
3245745,0.000,-0.059,0.0,0,3.846,3.994,31.9,31
3245785,0.000,-0.059,0.0,0,3.846,3.944,32.4,32
3245825,0.000,-0.000,0.0,0,3.846,3.815,34.0,34
3245865,0.000,-0.000,0.0,0,3.846,3.749,34.9,34
3245905,0.000,-0.000,0.0,0,3.846,3.907,33.0,32
3245945,0.000,-0.000,0.0,0,3.846,3.799,34.4,34
3245985,0.000,-0.000,0.0,0,3.846,3.892,33.3,33
3246025,0.000,-0.000,0.0,0,3.846,3.913,32.8,32
3246065,0.000,-0.000,0.0,0,3.846,3.931,32.5,32
3246105,0.000,-0.000,0.0,0,3.846,3.683,35.7,35
3246145,0.000,-0.000,0.0,0,3.846,3.737,35.1,35
3246185,0.000,-0.000,0.0,0,3.846,3.777,34.8,34
3246225,0.000,-0.000,0.0,0,3.846,3.815,34.5,34
3246265,0.000,-0.000,0.0,0,3.846,3.739,35.4,35
3246305,0.000,-0.000,0.0,0,3.846,3.931,33.1,33
3246345,0.000,-0.000,0.0,0,3.846,3.866,33.9,33
3246385,0.000,-0.000,0.0,0,3.846,3.740,35.5,35
3246425,0.000,-0.000,0.0,0,3.846,3.637,36.9,36
3246465,0.000,-0.000,0.0,0,3.846,3.792,35.2,35
3246505,0.000,-0.000,0.0,0,3.846,3.713,36.4,36
3246545,0.000,-0.000,0.0,0,3.846,3.820,35.1,35
3246585,0.000,-0.000,0.0,0,3.846,4.004,32.8,32
3246625,0.000,-0.000,0.0,0,3.846,3.977,33.0,33
3246665,0.000,-0.000,0.0,0,3.846,3.748,35.9,35
3246705,0.000,-0.000,0.0,0,3.846,3.722,36.3,36
3246745,0.000,-0.000,0.0,0,3.846,3.815,35.3,35
3246785,0.000,-0.000,0.0,0,3.846,3.682,37.1,37
3246825,0.000,-0.000,0.0,0,3.846,3.687,37.3,37
3246865,0.000,-0.000,0.0,0,3.846,3.752,36.6,36
3246905,0.000,-0.000,0.0,0,3.846,3.886,35.0,35
3246945,0.000,-0.000,0.0,0,3.846,3.839,35.6,35
3246985,0.000,-0.000,0.0,0,3.846,3.764,36.6,36
3247025,0.000,-0.000,0.0,0,3.846,3.785,36.4,36
3247065,0.000,-0.000,0.0,0,3.846,3.892,35.0,35
3247105,0.000,-0.000,0.0,0,3.846,3.904,34.9,34
3247145,0.000,-0.000,0.0,0,3.846,3.825,35.8,35
3247185,0.000,-0.000,0.0,0,3.846,3.890,35.0,34
3247225,0.000,-0.000,0.0,0,3.846,3.867,35.2,35
3247265,0.000,-0.000,0.0,0,3.846,3.857,35.3,35
3247305,0.000,-0.000,0.0,0,3.846,3.738,36.9,36
3247345,0.000,-0.000,0.0,0,3.846,3.721,37.2,37
3247385,0.000,-0.000,0.0,0,3.846,3.818,36.2,36
3247425,0.000,-0.000,0.0,0,3.846,3.874,35.5,35
3247465,0.000,-0.000,0.0,0,3.846,3.742,37.3,37
3247505,0.000,-0.000,0.0,0,3.846,3.682,38.1,38
3247545,0.000,-0.000,0.0,0,3.846,3.836,36.4,36
3247585,0.000,-0.000,0.0,0,3.846,3.707,38.2,38
3247625,0.000,-0.000,0.0,0,3.846,3.754,37.7,37
3247665,0.000,-0.000,0.0,0,3.846,3.752,37.8,37
3247705,0.000,-0.000,0.0,0,3.846,3.848,36.8,36
3247745,0.000,-0.000,0.0,0,3.846,3.657,39.3,39
3247785,0.000,-0.000,0.0,0,3.846,3.768,38.0,38
3247825,0.000,-0.000,0.0,0,3.846,3.855,37.1,37
3247865,0.000,-0.000,0.0,0,3.846,3.921,36.3,36
3247905,0.000,-0.000,0.0,0,3.846,3.804,37.6,37
3247945,0.000,-0.000,0.0,0,3.846,3.916,36.2,36
3247985,0.000,-0.000,0.0,0,3.846,3.753,38.4,38
3248025,0.000,-0.000,0.0,0,0.000,3.831,0.0,0
3248065,0.000,-0.010,0.0,0,0.000,3.781,0.0,0
3248105,0.000,-0.010,0.0,0,0.000,3.796,0.0,0
3248145,0.000,-0.010,0.0,0,0.000,3.395,0.0,0
3248185,0.000,-0.010,0.0,0,0.000,3.401,0.0,0
3248225,0.000,-0.146,0.0,0,0.000,2.998,0.0,0
3248265,0.000,-0.146,0.0,0,0.000,2.869,0.0,0
3248305,0.000,-0.467,0.0,0,0.000,2.826,0.0,0
3248345,0.000,-0.467,0.0,0,0.000,2.676,0.0,0
3248385,0.000,-0.467,0.0,0,0.000,2.510,0.0,0
3248425,0.000,-0.467,0.0,0,0.000,2.362,0.0,0
3248465,0.000,-0.000,0.0,0,0.000,2.055,0.0,0
3248505,0.000,-0.000,0.0,0,0.000,1.852,0.0,0
3248545,0.000,-0.000,0.0,0,0.000,1.769,0.0,0
3248585,0.000,-0.000,0.0,0,0.000,1.769,0.0,0
3248625,0.000,-0.000,0.0,0,0.000,1.568,0.0,0
3248665,0.000,-0.000,0.0,0,0.000,1.568,0.0,0
3248705,0.000,-0.000,0.0,0,0.000,1.568,0.0,0
3248745,0.000,-0.000,0.0,0,0.000,1.186,0.0,0
3248785,0.000,-0.000,0.0,0,0.000,1.186,0.0,0
3248825,0.000,-0.000,0.0,0,0.000,1.186,0.0,0
3248865,0.000,-0.000,0.0,0,0.000,1.186,0.0,0
3248905,0.000,-0.000,0.0,0,0.000,0.000,0.0,0
3248945,0.000,-0.000,0.0,0,0.000,0.000,0.0,0
3248985,0.000,-0.000,0.0,0,0.000,0.000,0.0,0
3249025,0.000,-0.000,0.0,0,0.000,0.000,0.0,0
3249065,0.000,-0.000,0.0,0,0.000,0.000,0.0,0
3249105,0.000,-0.000,0.0,0,0.000,0.000,0.0,0
3249145,0.000,-0.000,0.0,0,0.000,0.000,0.0,0
3249185,0.000,-0.000,0.0,0,0.000,0.000,0.0,0
3249225,0.000,-0.000,0.0,0,0.000,0.000,0.0,0
3249265,0.000,-0.000,0.0,0,0.000,0.000,0.0,0
3249305,0.000,-0.000,0.0,0,0.000,0.000,0.0,0
3249345,0.000,-0.000,0.0,0,0.000,0.000,0.0,0
3249385,0.000,-0.000,0.0,0,0.000,0.000,0.0,0
3249425,0.000,-0.000,0.0,0,0.000,0.000,0.0,0
3249465,0.000,-0.000,0.0,0,0.000,0.000,0.0,0
3249505,0.000,-0.000,0.0,0,0.000,0.000,0.0,0
3249545,0.000,-0.000,0.0,0,0.000,0.000,0.0,0
3249585,0.000,-0.000,0.0,0,0.000,0.000,0.0,0
3249625,0.000,-0.000,0.0,0,0.000,0.000,0.0,0
3249665,0.000,-0.000,0.0,0,0.000,0.000,0.0,0
3249705,0.000,-0.000,0.0,0,0.000,0.000,0.0,0
3249745,0.000,-0.000,0.0,0,0.000,0.000,0.0,0
3249785,0.000,-0.000,0.0,0,0.000,0.000,0.0,0
3249825,0.000,-0.000,0.0,0,0.000,0.000,0.0,0
3249865,0.000,-0.000,0.0,0,0.000,0.000,0.0,0
3249905,0.000,-0.000,0.0,0,0.000,0.000,0.0,0
3249945,0.000,-0.000,0.0,0,0.000,0.000,0.0,0
3249985,0.000,-0.000,0.0,0,0.000,0.000,0.0,0
3250025,0.000,-0.000,0.0,0,0.000,0.000,0.0,0
3250065,0.000,-0.000,0.0,0,0.000,0.000,0.0,0
3250105,0.000,-0.000,0.0,0,0.000,0.000,0.0,0
3250145,0.000,-0.000,0.0,0,0.000,0.000,0.0,0
3250185,0.000,-0.000,0.0,0,0.000,0.000,0.0,0
3250225,0.000,-0.000,0.0,0,0.000,0.000,0.0,0
3250265,0.000,-0.000,0.0,0,0.000,0.000,0.0,0
3250305,0.000,-0.000,0.0,0,0.000,0.000,0.0,0
3250345,0.000,-0.000,0.0,0,0.000,0.000,0.0,0
3250385,0.000,-0.000,0.0,0,0.000,0.000,0.0,0
3250425,0.000,-0.000,0.0,0,0.000,0.000,0.0,0
3250465,0.000,-0.000,0.0,0,0.000,0.000,0.0,0
3250505,0.000,-0.000,0.0,0,0.000,0.000,0.0,0
3250545,0.000,-0.000,0.0,0,0.000,0.000,0.0,0
3250585,0.000,-0.000,0.0,0,0.000,0.000,0.0,0
3250625,0.000,-0.000,0.0,0,0.000,0.000,0.0,0
3250665,0.000,-0.000,0.0,0,0.000,0.000,0.0,0
3250705,0.000,-0.000,0.0,0,0.000,0.000,0.0,0
3250745,0.000,-0.000,0.0,0,0.000,0.000,0.0,0
3250785,0.000,-0.000,0.0,0,0.000,0.000,0.0,0
3250825,0.000,-0.000,0.0,0,0.000,0.000,0.0,0
3250865,0.000,-0.000,0.0,0,0.000,0.000,0.0,0
3250905,0.000,-0.000,0.0,0,0.000,0.000,0.0,0
3250945,0.000,-0.000,0.0,0,0.000,0.000,0.0,0
3250985,0.000,-0.000,0.0,0,0.000,0.000,0.0,0
3251025,0.000,-0.000,0.0,0,0.000,0.000,0.0,0
3251065,0.000,-0.000,0.0,0,0.000,0.000,0.0,0
3251105,0.000,-0.000,0.0,0,0.000,0.000,0.0,0
3251145,0.000,-0.000,0.0,0,0.000,0.000,0.0,0
3251185,0.000,-0.000,0.0,0,0.000,0.000,0.0,0
3251225,0.000,-0.000,0.0,0,0.000,0.000,0.0,0
3251265,0.000,-0.000,0.0,0,0.000,0.000,0.0,0
3251305,0.000,-0.000,0.0,0,0.000,0.000,0.0,0
3251345,0.000,-0.000,0.0,0,0.000,0.000,0.0,0
3251385,0.000,-0.000,0.0,0,0.000,0.000,0.0,0
3251425,0.000,-0.000,0.0,0,0.000,0.000,0.0,0
3251465,0.000,-0.000,0.0,0,0.000,0.000,0.0,0
3251505,0.000,-0.000,0.0,0,0.000,0.000,0.0,0
3251545,0.000,-0.000,0.0,0,0.000,0.000,0.0,0
3251585,0.000,-0.000,0.0,0,0.000,0.000,0.0,0
3251625,0.000,-0.000,0.0,0,0.000,0.000,0.0,0
3251665,0.000,-0.000,0.0,0,0.000,0.000,0.0,0
3251705,0.000,-0.000,0.0,0,0.000,0.000,0.0,0
3251745,0.000,-0.000,0.0,0,0.000,0.000,0.0,0
3251785,0.000,-0.000,0.0,0,0.000,0.000,0.0,0
3251825,0.000,-0.000,0.0,0,0.000,0.000,0.0,0
3251865,0.000,-0.000,0.0,0,0.000,0.000,0.0,0
3251905,0.000,-0.000,0.0,0,0.000,0.000,0.0,0
3251945,0.000,-0.000,0.0,0,0.000,0.000,0.0,0
3251985,0.000,-0.000,0.0,0,0.000,0.000,0.0,0
3252025,0.000,-0.000,0.0,0,0.000,0.000,0.0,0
3252065,0.000,-0.000,0.0,0,0.000,0.000,0.0,0
3252105,0.000,-0.000,0.0,0,0.000,0.000,0.0,0
3252145,0.000,-0.000,0.0,0,0.000,0.000,0.0,0
3252185,0.000,-0.000,0.0,0,0.000,0.000,0.0,0
3252225,0.000,-0.000,0.0,0,0.000,0.000,0.0,0
3252265,0.000,-0.000,0.0,0,0.000,0.000,0.0,0
3252305,0.000,-0.000,0.0,0,0.000,0.000,0.0,0
3252345,0.000,-0.000,0.0,0,0.000,0.000,0.0,0
3252385,0.000,-0.000,0.0,0,0.000,0.000,0.0,0
3252425,0.000,-0.000,0.0,0,0.000,0.000,0.0,0
3252465,0.000,-0.000,0.0,0,0.000,0.000,0.0,0
3252505,0.000,-0.000,0.0,0,0.000,0.000,0.0,0
3252545,0.000,-0.000,0.0,0,0.000,0.000,0.0,0
3252585,0.000,-0.000,0.0,0,0.000,0.000,0.0,0
3252625,0.000,-0.000,0.0,0,0.000,0.000,0.0,0
3252665,0.000,-0.000,0.0,0,0.000,0.000,0.0,0
3252705,0.000,-0.000,0.0,0,0.000,0.000,0.0,0
3252745,0.000,-0.000,0.0,0,0.000,0.000,0.0,0
3252785,0.000,-0.000,0.0,0,0.000,0.000,0.0,0
3252825,0.000,-0.000,0.0,0,0.000,0.000,0.0,0
3252865,0.000,-0.000,0.0,0,0.000,0.000,0.0,0
3252905,0.000,-0.000,0.0,0,0.000,0.000,0.0,0
3252945,0.000,-0.000,0.0,0,0.000,0.000,0.0,0
3252985,0.000,-0.000,0.0,0,0.000,0.000,0.0,0
3253025,0.000,-0.000,0.0,0,0.000,0.000,0.0,0
3253065,0.000,-0.000,0.0,0,0.000,0.000,0.0,0
3253105,0.000,-0.000,0.0,0,0.000,0.000,0.0,0
3253145,0.000,-0.000,0.0,0,0.000,0.000,0.0,0
3253185,0.000,-0.000,0.0,0,0.000,0.000,0.0,0
3253225,0.000,-0.000,0.0,0,0.000,0.000,0.0,0
3253265,0.000,-0.000,0.0,0,0.000,0.000,0.0,0
3253305,0.000,-0.000,0.0,0,0.000,0.000,0.0,0
3253345,0.000,-0.000,0.0,0,0.000,0.000,0.0,0
3253385,0.000,-0.000,0.0,0,0.000,0.000,0.0,0
3253425,0.000,-0.000,0.0,0,0.000,0.000,0.0,0
3253465,0.000,-0.000,0.0,0,0.000,0.000,0.0,0
3253505,0.000,-0.000,0.0,0,0.000,0.000,0.0,0
3253545,0.000,-0.000,0.0,0,0.000,0.000,0.0,0
3253585,0.000,-0.000,0.0,0,0.000,0.000,0.0,0
3253625,0.000,-0.000,0.0,0,0.000,0.000,0.0,0
3253665,0.000,-0.000,0.0,0,0.000,0.000,0.0,0
3253705,0.000,-0.000,0.0,0,0.000,0.000,0.0,0
3253745,0.000,-0.000,0.0,0,0.000,0.000,0.0,0
3253785,0.000,-0.000,0.0,0,0.000,0.000,0.0,0
3253825,0.000,-0.000,0.0,0,0.000,0.000,0.0,0
3253865,0.000,-0.000,0.0,0,0.000,0.000,0.0,0
3253905,0.000,-0.000,0.0,0,0.000,0.000,0.0,0
3253945,0.000,-0.000,0.0,0,0.000,0.000,0.0,0
3253985,0.000,-0.000,0.0,0,0.000,0.000,0.0,0
3254025,3.846,-0.000,49.2,12,0.000,0.000,0.0,0
3254065,3.846,0.000,55.4,36,0.000,0.000,0.0,0
3254105,3.846,0.000,61.5,60,0.000,0.000,0.0,0
3254145,3.846,0.004,67.6,67,0.000,0.000,0.0,0
3254185,3.846,0.632,65.2,65,0.000,0.004,0.0,0
3254225,3.846,1.690,56.4,56,0.000,0.456,0.0,0
3254265,3.846,2.625,47.4,47,0.000,0.867,0.0,0
3254305,3.846,3.301,40.5,40,0.000,1.276,0.0,0
3254345,3.846,3.428,39.7,39,0.000,1.568,0.0,0
3254385,3.846,3.866,34.5,34,0.000,2.154,0.0,0
3254425,3.846,4.088,31.6,31,0.000,2.292,0.0,0
3254465,3.846,3.957,33.0,33,0.000,2.563,0.0,0
3254505,3.846,3.952,32.8,32,0.000,2.612,0.0,0
3254545,3.846,3.938,32.7,32,0.000,2.661,0.0,0
3254585,3.846,4.133,30.1,30,0.000,2.701,0.0,0
3254625,3.846,4.143,29.6,29,0.000,2.740,0.0,0
3254665,3.846,4.075,30.0,30,0.000,2.753,0.0,0
3254705,3.846,4.032,30.1,30,0.000,2.719,0.0,0
3254745,3.846,3.947,31.0,30,0.000,2.662,0.0,0
3254785,3.846,3.979,30.4,30,0.000,2.642,0.0,0
3254825,3.846,3.969,30.4,30,0.000,2.638,0.0,0
3254865,3.846,3.935,30.6,30,0.000,2.643,0.0,0
3254905,3.846,3.886,31.1,31,0.000,2.669,0.0,0
3254945,3.846,3.901,30.8,30,0.000,2.618,0.0,0
3254985,3.846,3.881,31.0,31,0.000,2.627,0.0,0
3255025,3.846,3.846,31.4,31,0.000,2.572,0.0,0
3255065,3.846,3.944,30.1,30,0.000,2.672,0.0,0
3255105,3.846,3.998,29.2,29,0.000,2.651,0.0,0
3255145,3.846,3.983,29.2,29,0.000,2.693,0.0,0
3255185,3.846,3.890,30.2,30,0.000,2.585,0.0,0
3255225,3.846,3.798,31.4,31,0.000,2.637,0.0,0
3255265,3.846,3.842,30.8,30,0.000,2.579,0.0,0
3255305,3.846,3.965,29.2,29,0.000,2.700,0.0,0
3255345,3.846,3.926,29.6,29,0.000,2.612,0.0,0
3255385,3.846,3.845,30.6,30,0.000,2.701,0.0,0
3255425,3.846,3.826,30.7,30,0.000,2.594,0.0,0
3255465,3.846,3.995,28.6,28,0.000,2.697,0.0,0
3255505,3.846,3.962,28.9,28,0.000,2.595,0.0,0
3255545,3.846,3.862,30.1,30,0.000,2.704,0.0,0
3255585,3.846,3.824,30.4,30,0.000,2.588,0.0,0
3255625,3.846,3.983,28.3,28,0.000,2.689,0.0,0
3255665,3.846,3.845,30.0,30,0.000,2.518,0.0,0
3255705,3.846,3.765,31.1,31,0.000,2.600,0.0,0
3255745,3.846,3.718,31.7,31,0.000,2.524,0.0,0
3255785,3.846,3.973,28.7,28,0.000,2.592,0.0,0
3255825,3.846,3.759,31.3,31,0.000,2.535,0.0,0
3255865,3.846,3.866,29.9,29,0.000,2.572,0.0,0
3255905,3.846,3.787,30.8,30,0.000,2.515,0.0,0
3255945,3.846,3.802,30.8,30,0.000,2.523,0.0,0
3255985,3.846,3.732,31.7,31,0.000,2.634,0.0,0
3256025,3.846,3.932,29.3,29,0.000,2.553,0.0,0
3256065,3.846,3.840,30.5,30,0.000,2.648,0.0,0
3256105,3.846,3.702,32.4,32,0.000,2.502,0.0,0
3256145,3.846,3.730,32.1,32,0.000,2.608,0.0,0
3256185,3.846,3.847,30.8,30,0.000,2.482,0.0,0
3256225,3.846,3.781,31.7,31,0.000,2.624,0.0,0
3256265,3.846,3.798,31.5,31,0.000,2.498,0.0,0
3256305,3.846,3.705,32.8,32,0.000,2.602,0.0,0
3256345,3.846,3.760,32.3,32,0.000,2.476,0.0,0
3256385,3.846,3.712,33.1,33,0.000,2.564,0.0,0
3256425,3.846,3.761,32.6,32,0.000,2.528,0.0,0
3256465,3.846,3.902,30.9,30,0.000,2.660,0.0,0
3256505,3.846,3.871,31.2,31,0.000,2.557,0.0,0
3256545,3.846,3.779,32.4,32,0.000,2.605,0.0,0
3256585,3.846,3.683,33.8,33,0.000,2.493,0.0,0
3256625,3.846,3.730,33.4,33,0.000,2.531,0.0,0
3256665,3.846,3.823,32.4,32,0.000,2.479,0.0,0
3256705,3.846,3.844,32.2,32,0.000,2.596,0.0,0
3256745,3.846,3.763,33.2,33,0.000,2.557,0.0,0
3256785,3.846,3.761,33.3,33,0.000,2.591,0.0,0
3256825,3.846,3.836,32.5,32,0.000,2.528,0.0,0
3256865,3.846,3.787,33.2,33,0.000,2.594,0.0,0
3256905,3.846,3.848,32.4,32,0.000,2.541,0.0,0
3256945,3.846,3.772,33.4,33,0.000,2.574,0.0,0
3256985,3.846,3.796,33.2,33,0.000,2.491,0.0,0
3257025,3.846,3.688,34.8,34,0.000,2.524,0.0,0
3257065,3.846,3.727,34.4,34,0.000,2.490,0.0,0
3257105,3.846,3.972,31.4,31,0.000,2.603,0.0,0
3257145,3.846,4.049,30.3,30,0.000,2.592,0.0,0
3257185,3.846,3.884,32.2,32,0.000,2.658,0.0,0
3257225,3.846,3.772,33.5,33,0.000,2.586,0.0,0
3257265,3.846,3.961,31.1,31,0.000,2.592,0.0,0
3257305,3.846,4.019,30.3,30,0.000,2.567,0.0,0
3257345,3.846,3.940,31.2,31,0.000,2.619,0.0,0
3257385,3.846,3.830,32.4,32,0.000,2.587,0.0,0
3257425,3.846,3.960,30.8,30,0.000,2.545,0.0,0
3257465,3.846,3.809,32.6,32,0.000,2.521,0.0,0
3257505,3.846,3.631,35.1,35,0.000,2.478,0.0,0
3257545,3.846,3.843,32.5,32,0.000,2.506,0.0,0
3257585,3.846,3.901,31.8,31,0.000,2.570,0.0,0
3257625,3.846,3.827,32.6,32,0.000,2.607,0.0,0
3257665,3.846,3.776,33.2,33,0.000,2.573,0.0,0
3257705,3.846,3.906,31.7,31,0.000,2.557,0.0,0
3257745,3.846,3.753,33.7,33,0.000,2.636,0.0,0
3257785,3.846,3.781,33.3,33,0.000,2.524,0.0,0
3257825,3.846,3.873,32.3,32,0.000,2.620,0.0,0
3257865,3.846,3.825,33.0,32,0.000,2.526,0.0,0
3257905,3.846,3.745,34.1,34,0.000,2.643,0.0,0
3257945,3.846,3.758,34.0,33,0.000,2.508,0.0,0
3257985,3.846,3.842,33.0,33,0.000,2.604,0.0,0
3258025,3.846,3.769,34.1,34,0.000,2.466,0.0,0
3258065,3.846,3.765,34.2,34,0.000,2.580,0.0,0
3258105,3.846,3.715,35.0,34,0.000,2.474,0.0,0
3258145,3.846,3.797,34.1,34,0.000,2.604,0.0,0
3258185,3.846,3.810,34.0,34,0.000,2.524,0.0,0
3258225,3.846,3.786,34.4,34,0.000,2.578,0.0,0
3258265,3.846,3.809,34.1,34,0.000,2.502,0.0,0
3258305,3.846,3.860,33.5,33,0.000,2.561,0.0,0
3258345,3.846,3.889,33.1,33,0.000,2.520,0.0,0
3258385,3.846,3.791,34.3,34,0.000,2.535,0.0,0
3258425,3.846,3.795,34.3,34,0.000,2.541,0.0,0
3258465,3.846,3.767,34.7,34,0.000,2.577,0.0,0
3258505,3.846,3.901,33.1,33,0.000,2.583,0.0,0
3258545,3.846,3.821,34.2,34,0.000,2.577,0.0,0
3258585,3.846,3.808,34.3,34,0.000,2.561,0.0,0
3258625,3.846,3.906,33.1,33,0.000,2.547,0.0,0
3258665,3.846,3.899,33.1,33,0.000,2.551,0.0,0
3258705,3.846,3.792,34.5,34,0.000,2.539,0.0,0
3258745,3.846,3.786,34.6,34,0.000,2.670,0.0,0
3258785,3.846,3.939,32.7,32,0.000,2.568,0.0,0
3258825,3.846,3.921,32.9,32,0.000,2.623,0.0,0
3258865,3.846,3.922,32.8,32,0.000,2.645,0.0,0
3258905,3.846,3.849,33.5,33,0.000,2.684,0.0,0
3258945,3.846,4.122,29.9,29,0.000,2.666,0.0,0
3258985,3.846,4.053,30.4,30,0.000,2.643,0.0,0
3259025,3.846,3.797,33.6,33,0.000,2.614,0.0,0
3259065,3.846,3.814,33.3,33,0.000,2.570,0.0,0
3259105,3.846,3.986,31.2,31,0.000,2.583,0.0,0
3259145,3.846,3.936,31.7,31,0.000,2.617,0.0,0
3259185,3.846,3.788,33.5,33,0.000,2.651,0.0,0
3259225,3.846,3.980,31.0,31,0.000,2.613,0.0,0
3259265,3.846,3.855,32.5,32,0.000,2.629,0.0,0
3259305,3.846,3.859,32.4,32,0.000,2.565,0.0,0
3259345,3.846,3.828,32.6,32,0.000,2.594,0.0,0
3259385,3.846,3.983,30.7,30,0.000,2.570,0.0,0
3259425,3.846,3.817,32.7,32,0.000,2.626,0.0,0
3259465,3.846,3.806,32.8,32,0.000,2.556,0.0,0
3259505,3.846,3.739,33.7,33,0.000,2.579,0.0,0
3259545,3.846,3.802,33.1,33,0.000,2.497,0.0,0
3259585,3.846,3.756,33.8,33,0.000,2.528,0.0,0
3259625,3.846,3.740,34.1,34,0.000,2.485,0.0,0
3259665,3.846,3.844,32.9,32,0.000,2.539,0.0,0
3259705,3.846,3.834,33.0,33,0.000,2.536,0.0,0
3259745,3.846,3.882,32.5,32,0.000,2.623,0.0,0
3259785,3.846,3.854,32.8,32,0.000,2.605,0.0,0
3259825,3.846,3.931,31.7,31,0.000,2.679,0.0,0
3259865,3.846,3.897,32.0,32,0.000,2.627,0.0,0
3259905,3.846,3.907,31.9,31,0.000,2.665,0.0,0
3259945,3.846,3.836,32.7,32,0.000,2.595,0.0,0
3259985,3.846,3.854,32.4,32,0.000,2.658,0.0,0
3260025,3.846,3.842,32.6,32,0.000,2.606,0.0,0
3260065,3.846,3.945,31.2,31,0.000,2.689,0.0,0
3260105,3.846,3.899,31.7,31,0.000,2.659,0.0,0
3260145,3.846,3.948,30.9,30,0.000,2.770,0.0,0
3260185,3.846,3.908,31.2,31,0.000,2.675,0.0,0
3260225,3.846,3.984,30.1,30,0.000,2.640,0.0,0
3260265,3.846,3.869,31.5,31,0.000,2.648,0.0,0
3260305,3.846,3.899,31.0,30,0.000,2.657,0.0,0
3260345,3.846,3.877,31.1,31,0.000,2.618,0.0,0
3260385,3.846,4.002,29.4,29,0.000,2.660,0.0,0
3260425,3.846,3.874,30.9,30,0.000,2.614,0.0,0
3260465,3.846,3.937,30.0,29,0.000,2.709,0.0,0
3260505,3.846,3.850,30.8,30,0.000,2.636,0.0,0
3260545,3.846,4.085,27.7,27,0.000,2.746,0.0,0
3260585,3.846,3.956,29.2,29,0.000,2.707,0.0,0
3260625,3.846,3.876,30.0,29,0.000,2.731,0.0,0
3260665,3.846,3.860,30.0,29,0.000,2.644,0.0,0
3260705,3.846,3.997,28.3,28,0.000,2.701,0.0,0
3260745,3.846,3.751,31.3,31,0.000,2.622,0.0,0
3260785,3.846,3.911,29.2,29,0.000,2.746,0.0,0
3260825,3.846,3.942,28.7,28,0.000,2.655,0.0,0
3260865,3.846,3.808,30.4,30,0.000,2.757,0.0,0
3260905,3.846,3.759,31.0,31,0.000,2.602,0.0,0
3260945,3.846,3.865,29.8,29,0.000,2.701,0.0,0
3260985,3.846,3.813,30.5,30,0.000,2.603,0.0,0
3261025,3.846,3.764,31.3,31,0.000,2.778,0.0,0
3261065,3.846,3.832,30.4,30,0.000,2.693,0.0,0
3261105,3.846,3.958,28.8,28,0.000,2.711,0.0,0
3261145,3.846,3.838,30.3,30,0.000,2.707,0.0,0
3261185,3.846,3.836,30.3,30,0.000,2.712,0.0,0
3261225,3.846,3.815,30.5,30,0.000,2.728,0.0,0
3261265,3.846,3.908,29.3,29,0.000,2.762,0.0,0
3261305,3.846,3.909,29.3,29,0.000,2.871,0.0,0
3261345,3.846,3.939,28.8,28,0.000,2.797,0.0,0
3261385,3.846,3.865,29.6,29,0.000,2.855,0.0,0
3261425,3.846,3.908,29.0,29,0.000,2.772,0.0,0
3261465,3.846,3.950,28.4,28,0.000,2.870,0.0,0
3261505,3.846,3.978,27.9,27,0.000,2.871,0.0,0
3261545,3.846,3.855,29.3,29,0.000,2.896,0.0,0
3261585,3.846,3.779,30.2,30,0.000,2.775,0.0,0
3261625,3.846,3.733,31.0,30,0.000,2.752,0.0,0
3261665,3.846,3.627,32.6,32,0.000,2.706,0.0,0
3261705,3.846,3.672,32.3,32,0.000,2.676,0.0,0
3261745,3.846,3.664,32.6,32,0.000,2.742,0.0,0
3261785,3.846,3.800,31.2,31,0.000,2.715,0.0,0
3261825,3.846,3.726,32.3,32,0.000,2.773,0.0,0
3261865,3.846,3.755,32.0,31,0.000,2.756,0.0,0
3261905,3.846,3.899,30.3,30,0.000,2.864,0.0,0
3261945,3.846,3.986,29.1,29,0.000,2.834,0.0,0
3261985,3.846,3.869,30.5,30,0.000,2.884,0.0,0
3262025,3.846,3.855,30.6,30,0.000,2.909,0.0,0
3262065,3.846,3.983,28.9,28,0.000,2.878,0.0,0
3262105,3.846,4.073,27.6,27,0.000,2.961,0.0,0
3262145,3.846,4.005,28.3,28,0.000,2.960,0.0,0
3262185,3.846,3.905,29.2,29,0.000,2.966,0.0,0
3262225,3.846,3.824,30.1,30,0.000,2.962,0.0,0
3262265,3.846,4.038,27.4,27,0.000,2.913,0.0,0
3262305,3.846,3.834,29.8,29,0.000,3.051,0.0,0
3262345,3.846,4.024,27.1,27,0.000,3.018,0.0,0
3262385,3.846,4.008,27.0,27,0.000,3.160,0.0,0
3262425,3.846,4.039,26.4,26,0.000,3.045,0.0,0
3262465,3.846,3.933,27.5,27,0.000,3.021,0.0,0
3262505,3.846,3.849,28.3,28,0.000,3.138,0.0,0
3262545,3.846,4.007,26.3,26,0.000,3.016,0.0,0
3262585,3.846,3.858,28.1,28,0.000,3.081,0.0,0
3262625,3.846,3.871,27.8,27,0.000,2.936,0.0,0
3262665,3.846,3.777,29.0,28,0.000,2.963,0.0,0
3262705,3.846,3.868,27.9,27,0.000,2.862,0.0,0
3262745,3.846,3.746,29.5,29,0.000,2.969,0.0,0
3262785,3.846,3.785,29.1,29,0.000,2.996,0.0,0
3262825,3.846,3.877,28.0,27,0.000,3.051,0.0,0
3262865,3.846,3.853,28.3,28,0.000,2.985,0.0,0
3262905,3.846,3.742,29.8,29,0.000,2.873,0.0,0
3262945,3.846,3.666,30.9,30,0.000,2.872,0.0,0
3262985,3.846,3.753,30.1,30,0.000,2.850,0.0,0
3263025,3.846,3.817,29.4,29,0.000,3.056,0.0,0
3263065,3.846,3.884,28.6,28,0.000,2.986,0.0,0
3263105,3.846,3.860,28.8,28,0.000,3.156,0.0,0
3263145,3.846,3.867,28.6,28,0.000,3.020,0.0,0
3263185,3.846,3.842,29.0,28,0.000,2.998,0.0,0
3263225,3.846,3.728,30.5,30,0.000,3.075,0.0,0
3263265,3.846,3.750,30.3,30,0.000,2.924,0.0,0
3263305,3.846,3.784,30.0,29,0.000,3.063,0.0,0
3263345,3.846,3.906,28.5,28,0.000,2.974,0.0,0
3263385,3.846,3.811,29.7,29,0.000,3.077,0.0,0
3263425,3.846,3.777,30.1,30,0.000,2.967,0.0,0
3263465,3.846,3.760,30.4,30,0.000,2.990,0.0,0
3263505,3.846,3.887,28.9,28,0.000,3.081,0.0,0
3263545,3.846,3.816,29.8,29,0.000,3.013,0.0,0
3263585,3.846,3.805,29.9,29,0.000,3.087,0.0,0
3263625,3.846,3.823,29.7,29,0.000,3.049,0.0,0
3263665,3.846,3.940,28.3,28,0.000,3.009,0.0,0
3263705,3.846,3.855,29.4,29,0.000,3.073,0.0,0
3263745,3.846,3.774,30.3,30,0.000,3.013,0.0,0
3263785,3.846,4.051,26.7,26,0.000,3.091,0.0,0
3263825,3.846,3.987,27.3,27,0.000,3.066,0.0,0
3263865,3.846,3.737,30.5,30,0.000,2.981,0.0,0
3263905,3.846,3.774,30.0,30,0.000,3.020,0.0,0
3263945,3.846,3.946,28.0,27,0.000,2.969,0.0,0
3263985,3.846,3.876,28.8,28,0.000,3.050,0.0,0
3264025,3.846,3.724,30.8,30,0.000,3.026,0.0,0
3264065,3.846,3.897,28.6,28,0.000,3.003,0.0,0
3264105,3.846,3.799,29.9,29,0.000,3.017,0.0,0
3264145,3.846,3.792,30.0,29,0.000,2.953,0.0,0
3264185,3.846,3.803,30.0,29,0.000,3.034,0.0,0
3264225,3.846,3.979,27.8,27,0.000,3.003,0.0,0
3264265,3.846,3.820,29.7,29,0.000,3.004,0.0,0
3264305,3.846,3.810,29.8,29,0.000,3.087,0.0,0
3264345,3.846,3.920,28.4,28,0.000,2.985,0.0,0
3264385,3.846,3.933,28.2,28,0.000,3.078,0.0,0
3264425,3.846,3.853,29.2,29,0.000,2.983,0.0,0
3264465,3.846,3.809,29.7,29,0.000,2.954,0.0,0
3264505,3.846,3.844,29.3,29,0.000,2.968,0.0,0
3264545,3.846,3.780,30.2,30,0.000,2.932,0.0,0
3264585,3.846,3.767,30.5,30,0.000,3.045,0.0,0
3264625,3.846,3.715,31.3,31,0.000,2.944,0.0,0
3264665,3.846,3.798,30.4,30,0.000,3.039,0.0,0
3264705,3.846,3.832,30.0,30,0.000,2.943,0.0,0
3264745,3.846,3.776,30.8,30,0.000,3.021,0.0,0
3264785,3.846,3.797,30.6,30,0.000,2.920,0.0,0
3264825,3.846,3.759,31.1,31,0.000,3.018,0.0,0
3264865,3.846,3.765,31.2,31,0.000,2.974,0.0,0
3264905,3.846,3.679,32.5,32,0.000,2.995,0.0,0
3264945,3.846,3.680,32.7,32,0.000,2.928,0.0,0
3264985,3.846,3.763,31.9,31,0.000,2.890,0.0,0
3265025,3.846,3.664,33.4,33,0.000,3.026,0.0,0
3265065,3.846,3.715,33.0,32,0.000,2.897,0.0,0
3265105,3.846,3.756,32.5,32,0.000,3.083,0.0,0
3265145,3.846,3.911,30.7,30,0.000,2.992,0.0,0
3265185,3.846,3.824,31.8,31,0.000,3.024,0.0,0
3265225,3.846,3.790,32.1,32,0.000,3.010,0.0,0
3265265,3.846,3.714,33.2,33,0.000,2.998,0.0,0
3265305,3.846,3.859,31.5,31,0.000,3.112,0.0,0
3265345,3.846,3.804,32.3,32,0.000,2.997,0.0,0
3265385,3.846,3.750,33.0,32,0.000,3.139,0.0,0
3265425,3.846,4.007,29.7,29,0.000,3.031,0.0,0
3265465,3.846,3.996,29.7,29,0.000,3.027,0.0,0
3265505,3.846,3.787,32.3,32,0.000,3.094,0.0,0
3265545,3.846,3.842,31.5,31,0.000,3.002,0.0,0
3265585,3.846,4.028,29.2,29,0.000,3.094,0.0,0
3265625,3.846,3.921,30.4,30,0.000,3.033,0.0,0
3265665,3.846,3.732,32.7,32,0.000,3.040,0.0,0
3265705,3.846,3.915,30.5,30,0.000,3.104,0.0,0
3265745,3.846,3.832,31.5,31,0.000,3.025,0.0,0
3265785,3.846,3.883,30.8,30,0.000,3.052,0.0,0
3265825,3.846,3.863,30.9,30,0.000,3.023,0.0,0
3265865,3.846,3.970,29.5,29,0.000,3.038,0.0,0
3265905,3.846,3.785,31.8,31,0.000,3.008,0.0,0
3265945,3.846,3.761,32.1,32,0.000,2.938,0.0,0
3265985,3.846,3.728,32.6,32,0.000,2.980,0.0,0
3266025,3.846,3.822,31.6,31,0.000,2.938,0.0,0
3266065,3.846,3.778,32.3,32,0.000,3.000,0.0,0
3266105,3.846,3.745,32.7,32,0.000,2.967,0.0,0
3266145,3.846,3.832,31.8,31,0.000,2.947,0.0,0
3266185,3.846,3.796,32.3,32,0.000,2.978,0.0,0
3266225,3.846,3.797,32.4,32,0.000,2.936,0.0,0
3266265,3.846,3.739,33.2,33,0.000,2.943,0.0,0
3266305,3.846,3.781,32.8,32,0.000,2.943,0.0,0
3266345,3.846,3.783,33.0,32,0.000,2.930,0.0,0
3266385,3.846,3.788,33.0,33,0.000,3.033,0.0,0
3266425,3.846,3.793,33.1,33,0.000,2.939,0.0,0
3266465,3.846,3.848,32.4,32,0.000,3.056,0.0,0
3266505,3.846,3.930,31.3,31,0.000,2.998,0.0,0
3266545,3.846,3.828,32.5,32,0.000,3.003,0.0,0
3266585,3.846,3.800,32.9,32,0.000,3.137,0.0,0
3266625,3.846,3.791,33.0,33,0.000,2.993,0.0,0
3266665,3.846,3.859,32.2,32,0.000,3.109,0.0,0
3266705,3.846,3.758,33.6,33,0.000,2.942,0.0,0
3266745,3.846,3.789,33.2,33,0.000,3.076,0.0,0
3266785,3.846,3.770,33.5,33,0.000,2.959,0.0,0
3266825,3.846,3.991,30.8,30,0.000,3.057,0.0,0
3266865,3.846,3.875,32.1,32,0.000,3.144,0.0,0
3266905,3.846,3.845,32.4,32,0.000,3.142,0.0,0
3266945,3.846,3.740,33.7,33,0.000,3.112,0.0,0
3266985,3.846,3.970,30.9,30,0.000,3.013,0.0,0
3267025,3.846,3.859,32.3,32,0.000,3.134,0.0,0
3267065,3.846,3.762,33.4,33,0.000,3.010,0.0,0
3267105,3.846,3.744,33.7,33,0.000,3.139,0.0,0
3267145,3.846,4.014,30.4,30,0.000,3.031,0.0,0
3267185,3.846,3.821,32.7,32,0.000,3.059,0.0,0
3267225,3.846,3.930,31.1,31,0.000,3.218,0.0,0
3267265,3.846,3.829,32.3,32,0.000,3.066,0.0,0
3267305,3.846,3.780,33.0,33,0.000,3.147,0.0,0
3267345,3.846,3.715,33.9,33,0.000,2.974,0.0,0
3267385,3.846,3.927,31.3,31,0.000,2.985,0.0,0
3267425,3.846,3.835,32.5,32,0.000,3.132,0.0,0
3267465,3.846,3.878,31.9,31,0.000,3.030,0.0,0
3267505,3.846,3.940,30.9,30,0.000,3.176,0.0,0
3267545,3.846,4.022,29.7,29,0.000,3.088,0.0,0
3267585,3.846,3.948,30.5,30,0.000,3.096,0.0,0
3267625,3.846,3.847,31.7,31,0.000,3.085,0.0,0
3267665,3.846,3.834,31.8,31,0.000,3.048,0.0,0
3267705,3.846,3.901,31.0,30,0.000,3.097,0.0,0
3267745,3.846,3.845,31.7,31,0.000,3.056,0.0,0
3267785,3.846,3.896,31.0,31,0.000,3.081,0.0,0
3267825,3.846,3.852,31.5,31,0.000,3.055,0.0,0
3267865,3.846,3.911,30.7,30,0.000,3.013,0.0,0
3267905,3.846,3.845,31.5,31,0.000,3.058,0.0,0
3267945,3.846,3.812,31.9,31,0.000,2.970,0.0,0
3267985,3.846,3.740,32.9,32,0.000,3.028,0.0,0
3268025,3.846,3.814,32.1,32,0.000,3.036,0.0,0
3268065,3.846,3.880,31.3,31,0.000,3.014,0.0,0
3268105,3.846,3.831,31.9,31,0.000,3.095,0.0,0
3268145,3.846,3.819,32.0,32,0.000,3.036,0.0,0
3268185,3.846,3.863,31.5,31,0.000,3.070,0.0,0
3268225,3.846,3.941,30.4,30,0.000,3.091,0.0,0
3268265,3.846,3.815,32.0,31,0.000,3.003,0.0,0
3268305,3.846,3.788,32.3,32,0.000,3.057,0.0,0
3268345,3.846,3.754,32.8,32,0.000,2.971,0.0,0
3268385,3.846,3.862,31.6,31,0.000,2.948,0.0,0
3268425,3.846,3.799,32.4,32,0.000,3.080,0.0,0
3268465,3.846,3.840,31.9,31,0.000,3.010,0.0,0
3268505,3.846,3.829,31.9,31,0.000,3.149,0.0,0
3268545,3.846,3.982,30.0,29,0.000,3.064,0.0,0
3268585,3.846,3.873,31.3,31,0.000,3.042,0.0,0
3268625,3.846,3.779,32.4,32,0.000,3.178,0.0,0
3268665,3.846,3.742,32.8,32,0.000,3.040,0.0,0
3268705,0.000,3.941,0.0,0,0.000,3.182,0.0,0
3268745,0.000,3.679,0.0,0,0.000,2.978,0.0,0
3268785,0.000,3.624,0.0,0,0.000,3.050,0.0,0
3268825,0.000,3.665,0.0,0,0.000,2.796,0.0,0
3268865,0.000,3.340,0.0,0,0.000,2.844,0.0,0
3268905,0.000,3.284,0.0,0,0.000,2.559,0.0,0
3268945,0.000,3.074,0.0,0,0.000,2.577,0.0,0
3268985,0.000,2.949,0.0,0,0.000,2.477,0.0,0
3269025,0.000,2.738,0.0,0,0.000,2.240,0.0,0
3269065,0.000,2.639,0.0,0,0.000,2.174,0.0,0
3269105,0.000,2.455,0.0,0,0.000,2.004,0.0,0
3269145,0.000,2.350,0.0,0,0.000,1.925,0.0,0
3269185,0.000,2.308,0.0,0,0.000,1.827,0.0,0
3269225,0.000,2.080,0.0,0,0.000,1.827,0.0,0
3269265,0.000,1.918,0.0,0,0.000,1.616,0.0,0
3269305,0.000,1.810,0.0,0,0.000,1.461,0.0,0
3269345,0.000,1.583,0.0,0,0.000,1.461,0.0,0
3269385,0.000,1.583,0.0,0,0.000,1.316,0.0,0
3269425,0.000,1.328,0.0,0,0.000,1.316,0.0,0
3269465,0.000,1.328,0.0,0,0.000,1.316,0.0,0
3269505,0.000,1.328,0.0,0,0.000,1.316,0.0,0
3269545,0.000,1.328,0.0,0,0.000,0.000,0.0,0
3269585,0.000,0.000,0.0,0,0.000,0.000,0.0,0
3269625,0.000,0.000,0.0,0,0.000,0.000,0.0,0
3269665,0.000,0.000,0.0,0,0.000,0.000,0.0,0
3269705,0.000,0.000,0.0,0,0.000,0.000,0.0,0
3269745,0.000,0.000,0.0,0,0.000,0.000,0.0,0
3269785,0.000,0.000,0.0,0,0.000,0.000,0.0,0
3269825,0.000,0.000,0.0,0,0.000,0.000,0.0,0
3269865,0.000,0.000,0.0,0,0.000,0.000,0.0,0
3269905,0.000,0.000,0.0,0,0.000,0.000,0.0,0
3269945,0.000,0.000,0.0,0,0.000,0.000,0.0,0
3269985,0.000,0.000,0.0,0,0.000,0.000,0.0,0
3270025,0.000,0.000,0.0,0,0.000,0.000,0.0,0
3270065,0.000,0.000,0.0,0,0.000,0.000,0.0,0
3270105,0.000,0.000,0.0,0,0.000,0.000,0.0,0
3270145,0.000,0.000,0.0,0,0.000,0.000,0.0,0
3270185,0.000,0.000,0.0,0,0.000,0.000,0.0,0
3270225,0.000,0.000,0.0,0,0.000,0.000,0.0,0
3270265,0.000,0.000,0.0,0,0.000,0.000,0.0,0
3270305,0.000,0.000,0.0,0,0.000,0.000,0.0,0
3270345,0.000,0.000,0.0,0,0.000,0.000,0.0,0
3270385,0.000,0.000,0.0,0,0.000,0.000,0.0,0
3270425,0.000,0.000,0.0,0,0.000,0.000,0.0,0
3270465,0.000,0.000,0.0,0,0.000,0.000,0.0,0
3270505,0.000,0.000,0.0,0,0.000,0.000,0.0,0
3270545,0.000,0.000,0.0,0,0.000,0.000,0.0,0
3270585,0.000,0.000,0.0,0,0.000,0.000,0.0,0
3270625,0.000,0.000,0.0,0,0.000,0.000,0.0,0
3270665,0.000,0.000,0.0,0,0.000,0.000,0.0,0
3270705,0.000,0.000,0.0,0,0.000,0.000,0.0,0
3270745,0.000,0.000,0.0,0,0.000,0.000,0.0,0
3270785,0.000,0.000,0.0,0,0.000,0.000,0.0,0
3270825,0.000,0.000,0.0,0,0.000,0.000,0.0,0
3270865,0.000,0.000,0.0,0,0.000,0.000,0.0,0
3270905,0.000,0.000,0.0,0,0.000,0.000,0.0,0
3270945,0.000,0.000,0.0,0,0.000,0.000,0.0,0
3270985,0.000,0.000,0.0,0,0.000,0.000,0.0,0
3271025,0.000,0.000,0.0,0,0.000,0.000,0.0,0
3271065,0.000,0.000,0.0,0,0.000,0.000,0.0,0
3271105,0.000,0.000,0.0,0,0.000,0.000,0.0,0
3271145,0.000,0.000,0.0,0,0.000,0.000,0.0,0
3271185,0.000,0.000,0.0,0,0.000,0.000,0.0,0
3271225,0.000,0.000,0.0,0,0.000,0.000,0.0,0
3271265,0.000,0.000,0.0,0,0.000,0.000,0.0,0
3271305,0.000,0.000,0.0,0,0.000,0.000,0.0,0
3271345,0.000,0.000,0.0,0,0.000,0.000,0.0,0
3271385,0.000,0.000,0.0,0,0.000,0.000,0.0,0
3271425,0.000,0.000,0.0,0,0.000,0.000,0.0,0
3271465,0.000,0.000,0.0,0,0.000,0.000,0.0,0
3271505,0.000,0.000,0.0,0,0.000,0.000,0.0,0
3271545,0.000,0.000,0.0,0,0.000,0.000,0.0,0
3271585,0.000,0.000,0.0,0,0.000,0.000,0.0,0
3271625,0.000,0.000,0.0,0,0.000,0.000,0.0,0
3271665,0.000,0.000,0.0,0,0.000,0.000,0.0,0
3271705,0.000,0.000,0.0,0,0.000,0.000,0.0,0
3271745,0.000,0.000,0.0,0,0.000,0.000,0.0,0
3271785,0.000,0.000,0.0,0,0.000,0.000,0.0,0
3271825,0.000,0.000,0.0,0,0.000,0.000,0.0,0
3271865,0.000,0.000,0.0,0,0.000,0.000,0.0,0
3271905,0.000,0.000,0.0,0,0.000,0.000,0.0,0
3271945,0.000,0.000,0.0,0,0.000,0.000,0.0,0
3271985,0.000,0.000,0.0,0,0.000,0.000,0.0,0
3272025,0.000,0.000,0.0,0,0.000,0.000,0.0,0
3272065,0.000,0.000,0.0,0,0.000,0.000,0.0,0
3272105,0.000,0.000,0.0,0,0.000,0.000,0.0,0
3272145,0.000,0.000,0.0,0,0.000,0.000,0.0,0
3272185,0.000,0.000,0.0,0,0.000,0.000,0.0,0
3272225,0.000,0.000,0.0,0,0.000,0.000,0.0,0
3272265,0.000,0.000,0.0,0,0.000,0.000,0.0,0
3272305,0.000,0.000,0.0,0,0.000,0.000,0.0,0
3272345,0.000,0.000,0.0,0,0.000,0.000,0.0,0
3272385,0.000,0.000,0.0,0,0.000,0.000,0.0,0
3272425,0.000,0.000,0.0,0,0.000,0.000,0.0,0
3272465,0.000,0.000,0.0,0,0.000,0.000,0.0,0
3272505,0.000,0.000,0.0,0,0.000,0.000,0.0,0
3272545,0.000,0.000,0.0,0,0.000,0.000,0.0,0
3272585,0.000,0.000,0.0,0,0.000,0.000,0.0,0
3272625,0.000,0.000,0.0,0,0.000,0.000,0.0,0
3272665,0.000,0.000,0.0,0,0.000,0.000,0.0,0
3272705,0.000,0.000,0.0,0,0.000,0.000,0.0,0
3272745,0.000,0.000,0.0,0,0.000,0.000,0.0,0
3272785,0.000,0.000,0.0,0,0.000,0.000,0.0,0
3272825,0.000,0.000,0.0,0,0.000,0.000,0.0,0
3272865,0.000,0.000,0.0,0,0.000,0.000,0.0,0
3272905,0.000,0.000,0.0,0,0.000,0.000,0.0,0
3272945,0.000,0.000,0.0,0,0.000,0.000,0.0,0
3272985,0.000,0.000,0.0,0,0.000,0.000,0.0,0
3273025,0.000,0.000,0.0,0,0.000,0.000,0.0,0
3273065,0.000,0.000,0.0,0,0.000,0.000,0.0,0
3273105,0.000,0.000,0.0,0,0.000,0.000,0.0,0
3273145,0.000,0.000,0.0,0,0.000,0.000,0.0,0
3273185,0.000,0.000,0.0,0,0.000,0.000,0.0,0
3273225,0.000,0.000,0.0,0,0.000,0.000,0.0,0
3273265,0.000,0.000,0.0,0,0.000,0.000,0.0,0
3273305,0.000,0.000,0.0,0,0.000,0.000,0.0,0
3273345,0.000,0.000,0.0,0,0.000,0.000,0.0,0
3273385,0.000,0.000,0.0,0,0.000,0.000,0.0,0
3273425,0.000,0.000,0.0,0,0.000,0.000,0.0,0
3273465,0.000,0.000,0.0,0,0.000,0.000,0.0,0
3273505,0.000,0.000,0.0,0,0.000,0.000,0.0,0
3273545,0.000,0.000,0.0,0,0.000,0.000,0.0,0
3273585,0.000,0.000,0.0,0,0.000,0.000,0.0,0
3273625,0.000,0.000,0.0,0,0.000,0.000,0.0,0
3273665,0.000,0.000,0.0,0,0.000,0.000,0.0,0
3273705,0.000,0.000,0.0,0,0.000,0.000,0.0,0
3273745,0.000,0.000,0.0,0,0.000,0.000,0.0,0
3273785,0.000,0.000,0.0,0,0.000,0.000,0.0,0
3273825,0.000,0.000,0.0,0,0.000,0.000,0.0,0
3273865,0.000,0.000,0.0,0,0.000,0.000,0.0,0
3273905,2.564,0.000,34.9,24,0.000,0.000,0.0,0
3273945,2.564,0.000,39.0,38,0.000,0.000,0.0,0
3273985,2.564,0.000,43.1,43,0.000,0.000,0.0,0
3274025,2.564,0.005,47.1,47,0.000,0.005,0.0,0
3274065,2.564,0.454,45.5,45,0.000,0.340,0.0,0
3274105,2.564,0.951,42.5,42,0.000,0.817,0.0,0
3274145,2.564,1.455,38.2,38,0.000,1.119,0.0,0
3274185,2.564,2.074,31.8,31,0.000,1.439,0.0,0
3274225,2.564,2.526,26.5,26,0.000,1.804,0.0,0
3274265,2.564,2.697,24.3,24,0.000,1.907,0.0,0
3274305,2.564,2.814,22.5,22,0.000,2.268,0.0,0
3274345,2.564,2.907,20.8,20,0.000,2.211,0.0,0
3274385,2.564,2.831,21.3,21,0.000,2.213,0.0,0
3274425,2.564,2.846,20.7,20,0.000,2.183,0.0,0
3274465,2.564,2.777,21.2,21,0.000,2.152,0.0,0
3274505,2.564,2.736,21.4,21,0.000,2.199,0.0,0
3274545,2.564,2.649,22.3,22,0.000,2.083,0.0,0
3274585,2.564,2.619,22.5,22,0.000,2.041,0.0,0
3274625,2.564,2.552,23.3,23,0.000,2.085,0.0,0
3274665,2.564,2.512,23.9,23,0.000,1.949,0.0,0
3274705,2.564,2.464,24.6,24,0.000,1.999,0.0,0
3274745,2.564,2.492,24.4,24,0.000,1.941,0.0,0
3274785,2.564,2.489,24.5,24,0.000,1.954,0.0,0
3274825,2.564,2.514,24.3,24,0.000,2.014,0.0,0
3274865,2.564,2.487,24.7,24,0.000,1.952,0.0,0
3274905,2.564,2.502,24.6,24,0.000,1.951,0.0,0
3274945,2.564,2.497,24.8,24,0.000,1.976,0.0,0
3274985,2.564,2.552,24.1,24,0.000,1.984,0.0,0
3275025,2.564,2.545,24.2,24,0.000,2.020,0.0,0
3275065,2.564,2.570,23.9,23,0.000,1.989,0.0,0
3275105,2.564,2.569,23.9,23,0.000,2.012,0.0,0
3275145,2.564,2.569,23.8,23,0.000,2.028,0.0,0
3275185,2.564,2.578,23.7,23,0.000,2.015,0.0,0
3275225,2.564,2.587,23.5,23,0.000,2.034,0.0,0
3275265,2.564,2.578,23.6,23,0.000,1.989,0.0,0
3275305,2.564,2.578,23.5,23,0.000,2.036,0.0,0
3275345,2.564,2.598,23.2,23,0.000,2.047,0.0,0
3275385,2.564,2.622,22.8,22,0.000,2.022,0.0,0
3275425,2.564,2.649,22.3,22,0.000,2.070,0.0,0
3275465,2.564,2.658,22.0,21,0.000,2.046,0.0,0
3275505,2.564,2.661,21.8,21,0.000,2.094,0.0,0
3275545,2.564,2.626,22.0,22,0.000,2.101,0.0,0
3275585,2.564,2.745,20.4,20,0.000,2.066,0.0,0
3275625,2.564,2.566,22.4,22,0.000,2.057,0.0,0
3275665,2.564,2.717,20.4,20,0.000,2.020,0.0,0
3275705,2.564,2.569,22.0,22,0.000,2.055,0.0,0
3275745,2.564,2.674,20.6,20,0.000,2.028,0.0,0
3275785,2.564,2.511,22.5,22,0.000,1.984,0.0,0
3275825,2.564,2.458,23.3,23,0.000,1.988,0.0,0
3275865,2.564,2.456,23.4,23,0.000,1.914,0.0,0
3275905,2.564,2.409,24.2,24,0.000,1.948,0.0,0
3275945,2.564,2.519,22.9,22,0.000,1.913,0.0,0
3275985,2.564,2.445,23.9,23,0.000,1.919,0.0,0
3276025,2.564,2.587,22.1,22,0.000,1.950,0.0,0
3276065,2.564,2.413,24.4,24,0.000,1.881,0.0,0
3276105,2.564,2.498,23.5,23,0.000,1.900,0.0,0
3276145,2.564,2.518,23.3,23,0.000,1.984,0.0,0
3276185,2.564,2.576,22.6,22,0.000,1.957,0.0,0
3276225,2.564,2.587,22.3,22,0.000,2.076,0.0,0
3276265,2.564,2.549,22.8,22,0.000,1.960,0.0,0
3276305,2.564,2.547,22.8,22,0.000,1.968,0.0,0
3276345,2.564,2.561,22.6,22,0.000,2.051,0.0,0
3276385,2.564,2.585,22.2,22,0.000,1.975,0.0,0
3276425,2.564,2.548,22.7,22,0.000,1.973,0.0,0
3276465,2.564,2.482,23.5,23,0.000,2.024,0.0,0
3276505,2.564,2.456,24.0,23,0.000,1.923,0.0,0
3276545,2.564,2.507,23.5,23,0.000,1.935,0.0,0
3276585,2.564,2.437,24.5,24,0.000,1.888,0.0,0
3276625,2.564,2.499,23.9,23,0.000,1.865,0.0,0
3276665,2.564,2.471,24.4,24,0.000,1.956,0.0,0
3276705,2.564,2.510,24.0,23,0.000,1.927,0.0,0
3276745,2.564,2.470,24.6,24,0.000,1.866,0.0,0
3276785,2.564,2.527,24.1,24,0.000,1.961,0.0,0
3276825,2.564,2.562,23.7,23,0.000,1.979,0.0,0
3276865,2.564,2.594,23.3,23,0.000,2.007,0.0,0
3276905,2.564,2.608,23.1,23,0.000,2.043,0.0,0
3276945,2.564,2.615,22.9,22,0.000,1.963,0.0,0
3276985,2.564,2.608,23.0,22,0.000,2.003,0.0,0
3277025,2.564,2.620,22.7,22,0.000,2.065,0.0,0
3277065,2.564,2.589,23.1,23,0.000,1.983,0.0,0
3277105,2.564,2.554,23.5,23,0.000,2.045,0.0,0
3277145,2.564,2.557,23.5,23,0.000,1.945,0.0,0
3277185,2.564,2.531,23.8,23,0.000,1.961,0.0,0
3277225,2.564,2.584,23.2,23,0.000,2.049,0.0,0
3277265,2.564,2.567,23.4,23,0.000,1.976,0.0,0
3277305,2.564,2.603,23.0,22,0.000,1.970,0.0,0
3277345,2.564,2.558,23.5,23,0.000,2.067,0.0,0
3277385,2.564,2.601,22.9,22,0.000,1.975,0.0,0
3277425,2.564,2.563,23.4,23,0.000,2.089,0.0,0
3277465,2.564,2.636,22.5,22,0.000,2.004,0.0,0
3277505,2.564,2.569,23.2,23,0.000,1.994,0.0,0
3277545,2.564,2.562,23.3,23,0.000,2.070,0.0,0
3277585,2.564,2.565,23.2,23,0.000,1.990,0.0,0
3277625,2.564,2.652,22.1,22,0.000,2.097,0.0,0
3277665,2.564,2.582,22.8,22,0.000,2.015,0.0,0
3277705,2.564,2.632,22.2,22,0.000,2.005,0.0,0
3277745,2.564,2.550,23.1,23,0.000,2.072,0.0,0
3277785,2.564,2.653,21.8,21,0.000,1.998,0.0,0
3277825,2.564,2.561,22.8,22,0.000,1.996,0.0,0
3277865,2.564,2.662,21.5,21,0.000,2.010,0.0,0
3277905,2.564,2.577,22.5,22,0.000,2.008,0.0,0
3277945,2.564,2.670,21.3,21,0.000,2.068,0.0,0
3277985,2.564,2.558,22.5,22,0.000,2.017,0.0,0
3278025,2.564,2.760,19.9,19,0.000,2.047,0.0,0
3278065,2.564,2.622,21.3,21,0.000,2.094,0.0,0
3278105,2.564,2.824,18.6,18,0.000,2.115,0.0,0
3278145,2.564,2.653,20.3,20,0.000,2.127,0.0,0
3278185,2.564,2.721,19.3,19,0.000,2.069,0.0,0
3278225,2.564,2.569,21.0,20,0.000,2.067,0.0,0
3278265,2.564,2.672,19.7,19,0.000,2.060,0.0,0
3278305,2.564,2.564,20.9,20,0.000,2.059,0.0,0
3278345,2.564,2.658,19.7,19,0.000,2.066,0.0,0
3278385,2.564,2.554,20.9,20,0.000,1.990,0.0,0
3278425,2.564,2.599,20.4,20,0.000,1.995,0.0,0
3278465,2.564,2.519,21.4,21,0.000,1.979,0.0,0
3278505,2.564,2.446,22.5,22,0.000,1.942,0.0,0
3278545,2.564,2.595,20.7,20,0.000,1.994,0.0,0
3278585,2.564,2.499,21.9,21,0.000,1.965,0.0,0
3278625,2.564,2.544,21.5,21,0.000,1.972,0.0,0
3278665,2.564,2.410,23.2,23,0.000,1.935,0.0,0
3278705,2.564,2.374,23.9,23,0.000,1.871,0.0,0
3278745,2.564,2.397,23.9,23,0.000,1.911,0.0,0
3278785,2.564,2.446,23.5,23,0.000,1.936,0.0,0
3278825,2.564,2.528,22.5,22,0.000,1.953,0.0,0
3278865,2.564,2.511,22.8,22,0.000,1.963,0.0,0
3278905,2.564,2.483,23.2,23,0.000,1.927,0.0,0
3278945,2.564,2.485,23.3,23,0.000,1.965,0.0,0
3278985,2.564,2.515,23.0,22,0.000,1.942,0.0,0
3279025,2.564,2.529,22.9,22,0.000,1.971,0.0,0
3279065,2.564,2.561,22.4,22,0.000,2.028,0.0,0
3279105,2.564,2.556,22.5,22,0.000,1.978,0.0,0
3279145,2.564,2.551,22.6,22,0.000,1.988,0.0,0
3279185,2.564,2.444,24.1,24,0.000,1.906,0.0,0
3279225,2.564,2.479,23.8,23,0.000,1.931,0.0,0
3279265,2.564,2.501,23.7,23,0.000,2.002,0.0,0
3279305,2.564,2.526,23.4,23,0.000,1.954,0.0,0
3279345,2.564,2.522,23.6,23,0.000,1.958,0.0,0
3279385,2.564,2.523,23.6,23,0.000,2.030,0.0,0
3279425,2.564,2.556,23.3,23,0.000,1.936,0.0,0
3279465,2.564,2.600,22.7,22,0.000,2.086,0.0,0
3279505,2.564,2.653,22.0,21,0.000,2.025,0.0,0
3279545,2.564,2.643,22.0,21,0.000,2.048,0.0,0
3279585,2.564,2.654,21.7,21,0.000,2.139,0.0,0
3279625,2.564,2.609,22.2,22,0.000,2.060,0.0,0
3279665,2.564,2.599,22.3,22,0.000,2.087,0.0,0
3279705,2.564,2.555,22.8,22,0.000,2.011,0.0,0
3279745,2.564,2.559,22.8,22,0.000,1.964,0.0,0
3279785,2.564,2.502,23.6,23,0.000,2.043,0.0,0
3279825,2.564,2.544,23.1,23,0.000,1.996,0.0,0
3279865,2.564,2.512,23.6,23,0.000,1.944,0.0,0
3279905,2.564,2.606,22.5,22,0.000,2.042,0.0,0
3279945,2.564,2.548,23.1,23,0.000,1.986,0.0,0
3279985,2.564,2.621,22.2,22,0.000,2.033,0.0,0
3280025,2.564,2.567,22.8,22,0.000,2.075,0.0,0
3280065,2.564,2.663,21.6,21,0.000,2.006,0.0,0
3280105,2.564,2.591,22.3,22,0.000,2.058,0.0,0
3280145,2.564,2.629,21.8,21,0.000,2.021,0.0,0
3280185,2.564,2.528,23.0,23,0.000,2.008,0.0,0
3280225,2.564,2.586,22.3,22,0.000,2.061,0.0,0
3280265,2.564,2.476,23.7,23,0.000,1.949,0.0,0
3280305,2.564,2.478,23.8,23,0.000,1.941,0.0,0
3280345,2.564,2.436,24.4,24,0.000,2.005,0.0,0
3280385,2.564,2.427,24.8,24,0.000,1.924,0.0,0
3280425,2.564,2.521,23.7,23,0.000,2.044,0.0,0
3280465,2.564,2.491,24.2,24,0.000,1.972,0.0,0
3280505,2.564,2.599,22.9,22,0.000,1.983,0.0,0
3280545,2.564,2.572,23.3,23,0.000,2.087,0.0,0
3280585,2.564,2.679,21.8,21,0.000,2.000,0.0,0
3280625,2.564,2.616,22.5,22,0.000,1.997,0.0,0
3280665,2.564,2.663,21.8,21,0.000,2.101,0.0,0
3280705,2.564,2.520,23.6,23,0.000,2.005,0.0,0
3280745,2.564,2.671,21.6,21,0.000,2.085,0.0,0
3280785,2.564,2.506,23.6,23,0.000,2.005,0.0,0
3280825,2.564,2.665,21.6,21,0.000,1.998,0.0,0
3280865,2.564,2.456,24.2,24,0.000,2.045,0.0,0
3280905,2.564,2.599,22.4,22,0.000,1.959,0.0,0
3280945,2.564,2.459,24.2,24,0.000,2.015,0.0,0
3280985,2.564,2.548,23.2,23,0.000,1.961,0.0,0
3281025,2.564,2.515,23.6,23,0.000,1.974,0.0,0
3281065,2.564,2.547,23.3,23,0.000,2.031,0.0,0
3281105,2.564,2.534,23.4,23,0.000,1.966,0.0,0
3281145,2.564,2.549,23.3,23,0.000,1.980,0.0,0
3281185,2.564,2.610,22.4,22,0.000,2.033,0.0,0
3281225,2.564,2.639,22.0,21,0.000,2.078,0.0,0
3281265,2.564,2.649,21.6,21,0.000,2.106,0.0,0
3281305,2.564,2.587,22.3,22,0.000,2.037,0.0,0
3281345,2.564,2.539,22.8,22,0.000,2.046,0.0,0
3281385,2.564,2.534,22.9,22,0.000,2.045,0.0,0
3281425,2.564,2.519,23.1,23,0.000,1.993,0.0,0
3281465,2.564,2.492,23.5,23,0.000,1.969,0.0,0
3281505,2.564,2.520,23.3,23,0.000,1.899,0.0,0
3281545,2.564,2.459,24.2,24,0.000,1.922,0.0,0
3281585,2.564,2.503,23.7,23,0.000,1.937,0.0,0
3281625,2.564,2.496,24.0,23,0.000,1.911,0.0,0
3281665,2.564,2.544,23.4,23,0.000,1.968,0.0,0
3281705,2.564,2.515,23.9,23,0.000,1.965,0.0,0
3281745,2.564,2.513,24.0,23,0.000,1.964,0.0,0
3281785,2.564,2.515,24.1,24,0.000,1.974,0.0,0
3281825,2.564,2.537,23.9,23,0.000,1.963,0.0,0
3281865,2.564,2.582,23.3,23,0.000,2.012,0.0,0
3281905,2.564,2.597,23.1,23,0.000,2.021,0.0,0
3281945,2.564,2.580,23.3,23,0.000,1.997,0.0,0
3281985,2.564,2.552,23.7,23,0.000,2.022,0.0,0
3282025,2.564,2.574,23.4,23,0.000,1.965,0.0,0
3282065,2.564,2.558,23.6,23,0.000,2.023,0.0,0
3282105,2.564,2.621,22.8,22,0.000,1.995,0.0,0
3282145,2.564,2.573,23.3,23,0.000,2.010,0.0,0
3282185,2.564,2.512,24.1,24,0.000,2.028,0.0,0
3282225,2.564,2.445,25.1,25,0.000,1.940,0.0,0
3282265,2.564,2.412,25.7,25,0.000,1.913,0.0,0
3282305,2.564,2.438,25.6,25,0.000,1.908,0.0,0
3282345,2.564,2.449,25.6,25,0.000,1.938,0.0,0
3282385,2.564,2.538,24.6,24,0.000,1.993,0.0,0
3282425,2.564,2.465,25.6,25,0.000,1.920,0.0,0
3282465,2.564,2.520,25.0,25,0.000,1.926,0.0,0
3282505,2.564,2.497,25.4,25,0.000,2.027,0.0,0
3282545,2.564,2.602,24.1,24,0.000,1.957,0.0,0
3282585,2.564,2.575,24.4,24,0.000,2.101,0.0,0
3282625,2.564,2.653,23.4,23,0.000,2.012,0.0,0
3282665,2.564,2.556,24.5,24,0.000,2.020,0.0,0
3282705,2.564,2.622,23.6,23,0.000,2.093,0.0,0
3282745,2.564,2.514,25.0,25,0.000,2.005,0.0,0
3282785,2.564,2.592,24.1,24,0.000,1.969,0.0,0
3282825,2.564,2.499,25.3,25,0.000,1.997,0.0,0
3282865,2.564,2.590,24.2,24,0.000,1.951,0.0,0
3282905,2.564,2.517,25.2,25,0.000,2.040,0.0,0
3282945,2.564,2.602,24.2,24,0.000,1.995,0.0,0
3282985,2.564,2.574,24.6,24,0.000,1.947,0.0,0
3283025,2.564,2.671,23.3,23,0.000,2.052,0.0,0
3283065,2.564,2.607,24.1,24,0.000,2.004,0.0,0
3283105,2.564,2.675,23.1,23,0.000,2.055,0.0,0
3283145,2.564,2.552,24.6,24,0.000,2.094,0.0,0
3283185,2.564,2.687,22.9,22,0.000,2.021,0.0,0
3283225,2.564,2.567,24.4,24,0.000,2.052,0.0,0
3283265,2.564,2.628,23.6,23,0.000,2.079,0.0,0
3283305,2.564,2.532,24.8,24,0.000,1.975,0.0,0
3283345,2.564,2.609,24.0,23,0.000,2.050,0.0,0
3283385,2.564,2.547,24.7,24,0.000,1.963,0.0,0
3283425,2.564,2.540,24.9,24,0.000,1.975,0.0,0
3283465,2.564,2.562,24.7,24,0.000,2.045,0.0,0
3283505,2.564,2.470,25.9,25,0.000,1.943,0.0,0
3283545,2.564,2.558,25.0,24,0.000,1.926,0.0,0
3283585,2.564,2.480,26.0,26,0.000,2.020,0.0,0
3283625,2.564,2.668,23.7,23,0.000,1.988,0.0,0
3283665,2.564,2.608,24.4,24,0.000,2.132,0.0,0
3283705,2.564,2.700,23.2,23,0.000,2.057,0.0,0
3283745,2.564,2.550,25.0,24,0.000,2.034,0.0,0
3283785,2.564,2.618,24.1,24,0.000,2.107,0.0,0
3283825,2.564,2.563,24.8,24,0.000,2.022,0.0,0
3283865,2.564,2.654,23.6,23,0.000,2.106,0.0,0
3283905,2.564,2.580,24.5,24,0.000,2.015,0.0,0
3283945,2.564,2.577,24.5,24,0.000,1.986,0.0,0
3283985,2.564,2.495,25.6,25,0.000,2.015,0.0,0
3284025,2.564,2.531,25.3,25,0.000,1.938,0.0,0
3284065,2.564,2.503,25.7,25,0.000,2.047,0.0,0
3284105,2.564,2.641,24.0,23,0.000,2.026,0.0,0
3284145,2.564,2.620,24.1,24,0.000,2.055,0.0,0
3284185,2.564,2.650,23.6,23,0.000,2.111,0.0,0
3284225,2.564,2.577,24.5,24,0.000,2.045,0.0,0
3284265,2.564,2.589,24.3,24,0.000,2.068,0.0,0
3284305,2.564,2.560,24.7,24,0.000,2.036,0.0,0
3284345,2.564,2.623,23.8,23,0.000,2.071,0.0,0
3284385,2.564,2.597,24.1,24,0.000,2.091,0.0,0
3284425,2.564,2.581,24.2,24,0.000,2.029,0.0,0
3284465,2.564,2.524,25.0,24,0.000,2.022,0.0,0
3284505,2.564,2.525,25.0,24,0.000,2.013,0.0,0
3284545,2.564,2.513,25.2,25,0.000,1.982,0.0,0
3284585,2.564,2.534,25.0,24,0.000,1.999,0.0,0
3284625,2.564,2.510,25.3,25,0.000,1.949,0.0,0
3284665,2.564,2.526,25.2,25,0.000,1.995,0.0,0
3284705,2.564,2.502,25.5,25,0.000,2.015,0.0,0
3284745,2.564,2.510,25.5,25,0.000,1.988,0.0,0
3284785,2.564,2.482,25.9,25,0.000,2.000,0.0,0
3284825,2.564,2.545,25.2,25,0.000,1.953,0.0,0
3284865,2.564,2.462,26.4,26,0.000,1.969,0.0,0
3284905,2.564,2.538,25.5,25,0.000,1.976,0.0,0
3284945,2.564,2.500,26.1,26,0.000,1.955,0.0,0
3284985,2.564,2.582,25.0,25,0.000,2.004,0.0,0
3285025,2.564,2.533,25.7,25,0.000,2.007,0.0,0
3285065,2.564,2.603,24.8,24,0.000,2.032,0.0,0
3285105,2.564,2.533,25.7,25,0.000,2.006,0.0,0
3285145,2.564,2.634,24.4,24,0.000,1.991,0.0,0
3285185,2.564,2.573,25.1,25,0.000,2.053,0.0,0
3285225,2.564,2.657,23.9,23,0.000,2.022,0.0,0
3285265,2.564,2.524,25.6,25,0.000,2.048,0.0,0
3285305,2.564,2.586,24.8,24,0.000,1.974,0.0,0
3285365,2.564,2.486,26.3,26,0.000,1.968,0.0,0
3285405,2.564,2.425,27.1,27,0.000,2.010,0.0,0
3285445,2.564,2.524,26.1,26,0.000,1.965,0.0,0
3285485,2.564,2.480,26.6,26,0.000,2.027,0.0,0
3285525,2.564,2.553,25.8,25,0.000,1.963,0.0,0
3285565,2.564,2.488,26.6,26,0.000,1.973,0.0,0
3285605,2.564,2.507,26.5,26,0.000,2.076,0.0,0
3285645,2.564,2.599,25.3,25,0.000,1.999,0.0,0
3285685,2.564,2.571,25.6,25,0.000,2.126,0.0,0
3285725,2.564,2.631,24.7,24,0.000,2.038,0.0,0
3285765,2.564,2.525,25.9,25,0.000,2.032,0.0,0
3285805,2.564,2.572,25.3,25,0.000,2.096,0.0,0
3285845,2.564,2.495,26.2,26,0.000,2.010,0.0,0
3285885,2.564,2.596,25.0,25,0.000,2.074,0.0,0
3285925,2.564,2.498,26.2,26,0.000,2.005,0.0,0
3285965,2.564,2.503,26.2,26,0.000,1.944,0.0,0
3286005,2.564,2.457,26.9,26,0.000,2.003,0.0,0
3286045,2.564,2.475,26.8,26,0.000,1.965,0.0,0
3286085,2.564,2.543,26.0,25,0.000,1.933,0.0,0
3286125,2.564,2.576,25.6,25,0.000,2.066,0.0,0
3286165,2.564,2.602,25.1,25,0.000,2.008,0.0,0
3286205,2.564,2.564,25.6,25,0.000,2.033,0.0,0
3286245,2.564,2.540,25.8,25,0.000,2.060,0.0,0
3286285,2.564,2.548,25.8,25,0.000,1.983,0.0,0
3286325,2.564,2.553,25.7,25,0.000,2.028,0.0,0
3286365,2.564,2.531,26.0,25,0.000,2.081,0.0,0
3286405,2.564,2.481,26.7,26,0.000,1.979,0.0,0
3286445,2.564,2.485,26.7,26,0.000,2.044,0.0,0
3286485,2.564,2.527,26.3,26,0.000,1.951,0.0,0
3286525,2.564,2.510,26.6,26,0.000,1.969,0.0,0
3286565,2.564,2.555,26.1,26,0.000,2.055,0.0,0
3286605,2.564,2.536,26.4,26,0.000,1.969,0.0,0
3286645,2.564,2.534,26.5,26,0.000,2.056,0.0,0
3286685,2.564,2.547,26.4,26,0.000,1.970,0.0,0
3286725,2.564,2.564,26.2,26,0.000,1.980,0.0,0
3286765,2.564,2.568,26.1,26,0.000,2.102,0.0,0
3286805,2.564,2.570,26.1,26,0.000,2.013,0.0,0
3286845,2.564,2.554,26.3,26,0.000,2.000,0.0,0
3286885,2.564,2.536,26.6,26,0.000,2.093,0.0,0
3286925,2.564,2.579,26.1,26,0.000,2.026,0.0,0
3286965,2.564,2.579,26.1,26,0.000,2.120,0.0,0
3287005,2.564,2.620,25.5,25,0.000,2.043,0.0,0
3287045,2.564,2.589,25.8,25,0.000,2.033,0.0,0
3287085,2.564,2.597,25.7,25,0.000,2.092,0.0,0
3287125,2.564,2.555,26.2,26,0.000,2.017,0.0,0
3287165,2.564,2.605,25.6,25,0.000,2.095,0.0,0
3287205,2.564,2.578,25.9,25,0.000,2.041,0.0,0
3287245,2.564,2.617,25.4,25,0.000,2.032,0.0,0
3287285,2.564,2.526,26.4,26,0.000,2.063,0.0,0
3287325,2.564,2.544,26.3,26,0.000,1.980,0.0,0
3287365,2.564,2.490,27.0,27,0.000,2.017,0.0,0
3287405,2.564,2.505,26.9,26,0.000,1.990,0.0,0
3287445,2.564,2.526,26.7,26,0.000,2.042,0.0,0
3287485,2.564,2.532,26.7,26,0.000,2.071,0.0,0
3287525,2.564,2.527,26.7,26,0.000,2.020,0.0,0
3287565,2.564,2.548,26.5,26,0.000,2.035,0.0,0
3287605,2.564,2.567,26.2,26,0.000,2.017,0.0,0
3287645,2.564,2.593,25.9,25,0.000,2.065,0.0,0
3287685,2.564,2.614,25.5,25,0.000,2.103,0.0,0
3287725,2.564,2.689,24.4,24,0.000,2.064,0.0,0
3287765,2.564,2.537,26.2,26,0.000,2.100,0.0,0
3287805,2.564,2.558,25.9,25,0.000,2.003,0.0,0
3287845,2.564,2.450,27.3,27,0.000,2.013,0.0,0
3287885,2.564,2.534,26.3,26,0.000,2.001,0.0,0
3287925,2.564,2.488,26.9,26,0.000,1.980,0.0,0
3287965,2.564,2.563,26.1,26,0.000,2.034,0.0,0
3288005,2.564,2.494,26.9,26,0.000,2.036,0.0,0
3288045,2.564,2.487,27.1,27,0.000,2.008,0.0,0
3288085,2.564,2.556,26.2,26,0.000,2.007,0.0,0
3288125,2.564,2.531,26.5,26,0.000,2.003,0.0,0
3288165,2.564,2.655,24.8,24,0.000,2.068,0.0,0
3288205,2.564,2.584,25.6,25,0.000,2.071,0.0,0
3288245,2.564,2.636,24.8,24,0.000,2.082,0.0,0
3288285,2.564,2.525,26.1,26,0.000,2.024,0.0,0
3288325,2.564,2.602,25.1,25,0.000,2.013,0.0,0
3288365,2.564,2.515,26.2,26,0.000,2.044,0.0,0
3288405,2.564,2.625,24.8,24,0.000,2.001,0.0,0
3288445,2.564,2.520,26.1,26,0.000,2.005,0.0,0
3288485,2.564,2.593,25.2,25,0.000,2.045,0.0,0
3288525,2.564,2.497,26.4,26,0.000,1.973,0.0,0
3288565,2.564,2.648,24.6,24,0.000,2.031,0.0,0
3288605,2.564,2.564,25.5,25,0.000,1.964,0.0,0
3288645,2.564,2.540,25.8,25,0.000,1.966,0.0,0
3288685,2.564,2.521,26.0,26,0.000,2.039,0.0,0
3288725,2.564,2.519,26.2,26,0.000,1.948,0.0,0
3288765,2.564,2.518,26.2,26,0.000,2.033,0.0,0
3288805,2.564,2.517,26.3,26,0.000,1.945,0.0,0
3288845,2.564,2.551,25.9,25,0.000,1.974,0.0,0
3288885,2.564,2.582,25.5,25,0.000,2.074,0.0,0
3288925,2.564,2.558,25.7,25,0.000,2.011,0.0,0
3288965,2.564,2.580,25.4,25,0.000,1.992,0.0,0
3289005,2.564,2.559,25.6,25,0.000,2.069,0.0,0
3289045,2.564,2.588,25.2,25,0.000,1.977,0.0,0
3289085,2.564,2.557,25.6,25,0.000,2.070,0.0,0
3289125,2.564,2.605,24.9,24,0.000,2.032,0.0,0
3289165,2.564,2.548,25.6,25,0.000,1.969,0.0,0
3289205,2.564,2.563,25.5,25,0.000,2.037,0.0,0
3289245,2.564,2.517,26.0,26,0.000,2.019,0.0,0
3289285,2.564,2.545,25.8,25,0.000,2.003,0.0,0
3289325,2.564,2.513,26.2,26,0.000,2.036,0.0,0
3289365,2.564,2.580,25.4,25,0.000,1.963,0.0,0
3289405,2.564,2.587,25.3,25,0.000,2.025,0.0,0
3289445,2.564,2.638,24.6,24,0.000,2.091,0.0,0
3289485,2.564,2.599,25.0,25,0.000,2.033,0.0,0
3289525,2.564,2.628,24.6,24,0.000,2.115,0.0,0
3289565,2.564,2.561,25.4,25,0.000,2.022,0.0,0
3289605,2.564,2.614,24.7,24,0.000,2.038,0.0,0
3289645,2.564,2.560,25.4,25,0.000,2.122,0.0,0
3289685,2.564,2.624,24.6,24,0.000,2.026,0.0,0
3289725,2.564,2.536,25.6,25,0.000,2.066,0.0,0
3289765,2.564,2.580,25.1,25,0.000,1.972,0.0,0
3289805,2.564,2.505,26.1,26,0.000,1.968,0.0,0
3289845,2.564,2.553,25.6,25,0.000,2.066,0.0,0
3289885,2.564,2.485,26.5,26,0.000,1.976,0.0,0
3289925,2.564,2.553,25.8,25,0.000,1.979,0.0,0
3289965,2.564,2.496,26.6,26,0.000,2.084,0.0,0
3290005,2.564,2.642,24.8,24,0.000,2.023,0.0,0
3290045,2.564,2.559,25.8,25,0.000,2.111,0.0,0
3290085,2.564,2.665,24.4,24,0.000,2.036,0.0,0
3290125,2.564,2.586,25.4,25,0.000,2.043,0.0,0
3290165,2.564,2.672,24.2,24,0.000,2.121,0.0,0
3290205,2.564,2.542,25.8,25,0.000,2.055,0.0,0
3290245,2.564,2.687,23.9,23,0.000,2.122,0.0,0
3290285,2.564,2.531,25.9,25,0.000,2.060,0.0,0
3290325,2.564,2.661,24.2,24,0.000,2.045,0.0,0
3290365,2.564,2.510,26.1,26,0.000,2.078,0.0,0
3290405,2.564,2.635,24.5,24,0.000,2.009,0.0,0
3290445,2.564,2.508,26.1,26,0.000,2.055,0.0,0
3290485,2.564,2.666,24.1,24,0.000,2.013,0.0,0
3290525,2.564,2.561,25.3,25,0.000,2.040,0.0,0
3290565,2.564,2.662,24.1,24,0.000,2.050,0.0,0
3290605,2.564,2.568,25.1,25,0.000,1.997,0.0,0
3290645,2.564,2.652,24.1,24,0.000,2.027,0.0,0
3290685,2.564,2.578,24.9,24,0.000,1.992,0.0,0
3290725,2.564,2.594,24.7,24,0.000,2.039,0.0,0
3290765,2.564,2.622,24.3,24,0.000,2.059,0.0,0
3290805,2.564,2.510,25.7,25,0.000,2.003,0.0,0
3290845,2.564,2.567,25.1,25,0.000,2.020,0.0,0
3290885,2.564,2.467,26.5,26,0.000,1.999,0.0,0
3290925,2.564,2.634,24.5,24,0.000,2.041,0.0,0
3290965,2.564,2.558,25.4,25,0.000,2.059,0.0,0
3291005,2.564,2.719,23.3,23,0.000,2.041,0.0,0
3291045,2.564,2.619,24.4,24,0.000,2.072,0.0,0
3291085,2.564,2.643,24.1,24,0.000,2.058,0.0,0
3291125,2.564,2.565,25.0,24,0.000,2.049,0.0,0
3291165,2.564,2.672,23.6,23,0.000,2.052,0.0,0
3291205,2.564,2.604,24.4,24,0.000,2.037,0.0,0
3291245,2.564,2.635,23.9,23,0.000,2.064,0.0,0
3291285,2.564,2.557,24.8,24,0.000,2.028,0.0,0
3291325,2.564,2.561,24.8,24,0.000,1.992,0.0,0
3291365,2.564,2.491,25.8,25,0.000,1.980,0.0,0
3291405,2.564,2.554,25.1,25,0.000,1.986,0.0,0
3291445,2.564,2.506,25.7,25,0.000,2.033,0.0,0
3291485,2.564,2.544,25.3,25,0.000,1.992,0.0,0
3291525,2.564,2.511,25.8,25,0.000,2.000,0.0,0
3291565,2.564,2.542,25.4,25,0.000,2.048,0.0,0
3291605,2.564,2.504,25.9,25,0.000,1.981,0.0,0
3291645,2.564,2.561,25.3,25,0.000,2.027,0.0,0
3291685,2.564,2.539,25.6,25,0.000,1.955,0.0,0
3291725,2.564,2.538,25.6,25,0.000,1.948,0.0,0
3291765,2.564,2.487,26.3,26,0.000,2.022,0.0,0
3291805,2.564,2.507,26.2,26,0.000,1.919,0.0,0
3291845,2.564,2.477,26.6,26,0.000,1.931,0.0,0
3291885,2.564,2.537,26.0,25,0.000,2.021,0.0,0
3291925,2.564,2.539,26.0,25,0.000,1.991,0.0,0
3291965,2.564,2.587,25.4,25,0.000,2.082,0.0,0
3292005,2.564,2.520,26.2,26,0.000,2.006,0.0,0
3292045,2.564,2.545,26.0,25,0.000,1.960,0.0,0
3292085,2.564,2.519,26.3,26,0.000,2.058,0.0,0
3292125,2.564,2.613,25.1,25,0.000,2.014,0.0,0
3292165,2.564,2.585,25.4,25,0.000,2.104,0.0,0
3292205,2.564,2.638,24.7,24,0.000,2.066,0.0,0
3292245,2.564,2.544,25.8,25,0.000,1.994,0.0,0
3292285,2.564,2.590,25.3,25,0.000,2.075,0.0,0
3292325,2.564,2.560,25.7,25,0.000,2.066,0.0,0
3292365,2.564,2.650,24.5,24,0.000,2.080,0.0,0
3292405,2.564,2.624,24.8,24,0.000,2.139,0.0,0
3292445,2.564,2.718,23.4,23,0.000,2.063,0.0,0
3292485,2.564,2.622,24.5,24,0.000,2.101,0.0,0
3292525,2.564,2.708,23.2,23,0.000,2.078,0.0,0
3292565,2.564,2.672,23.5,23,0.000,2.114,0.0,0
3292605,2.564,2.684,23.0,23,0.000,2.255,0.0,0
3292645,2.564,2.721,22.4,22,0.000,2.166,0.0,0
3292685,2.564,2.620,23.4,23,0.000,2.225,0.0,0
3292725,2.564,2.693,22.3,22,0.000,2.117,0.0,0
3292765,2.564,2.653,22.6,22,0.000,2.115,0.0,0
3292805,2.564,2.733,21.3,21,0.000,2.219,0.0,0
3292845,2.564,2.625,22.4,22,0.000,2.121,0.0,0
3292885,2.564,2.578,22.9,22,0.000,2.163,0.0,0
3292925,2.564,2.560,23.1,23,0.000,2.036,0.0,0
3292965,2.564,2.502,23.8,23,0.000,2.011,0.0,0
3293005,2.564,2.608,22.4,22,0.000,2.120,0.0,0
3293045,2.564,2.538,23.2,23,0.000,2.042,0.0,0
3293085,2.564,2.620,22.1,22,0.000,2.125,0.0,0
3293125,2.564,2.534,23.1,23,0.000,2.044,0.0,0
3293165,2.564,2.670,21.3,21,0.000,2.044,0.0,0
3293205,2.564,2.605,22.1,22,0.000,2.147,0.0,0
3293245,2.564,2.748,20.1,20,0.000,2.093,0.0,0
3293285,2.564,2.650,21.2,21,0.000,2.152,0.0,0
3293325,2.564,2.739,19.9,19,0.000,2.076,0.0,0
3293365,2.564,2.624,21.2,21,0.000,2.071,0.0,0
3293405,2.564,2.727,19.8,19,0.000,2.121,0.0,0
3293445,2.564,2.616,21.0,21,0.000,2.059,0.0,0
3293485,2.564,2.617,21.0,20,0.000,2.062,0.0,0
3293525,2.564,2.521,22.2,22,0.000,1.998,0.0,0
3293565,2.564,2.558,21.8,21,0.000,1.996,0.0,0
3293605,2.564,2.484,22.8,22,0.000,2.006,0.0,0
3293645,2.564,2.535,22.3,22,0.000,1.955,0.0,0
3293685,2.564,2.485,23.0,22,0.000,1.974,0.0,0
3293725,2.564,2.516,22.7,22,0.000,1.981,0.0,0
3293765,2.564,2.455,23.5,23,0.000,1.967,0.0,0
3293805,2.564,2.472,23.5,23,0.000,1.985,0.0,0
3293845,2.564,2.480,23.5,23,0.000,1.960,0.0,0
3293885,2.564,2.542,22.8,22,0.000,2.025,0.0,0
3293925,2.564,2.537,22.9,22,0.000,2.063,0.0,0
3293965,2.564,2.587,22.2,22,0.000,2.040,0.0,0
3294005,2.564,2.561,22.5,22,0.000,2.067,0.0,0
3294045,2.564,2.598,22.0,22,0.000,2.031,0.0,0
3294085,2.564,2.562,22.4,22,0.000,2.067,0.0,0
3294125,2.564,2.584,22.1,22,0.000,2.065,0.0,0
3294165,2.564,2.497,23.2,23,0.000,2.010,0.0,0
3294205,2.564,2.542,22.7,22,0.000,2.009,0.0,0
3294245,2.564,2.514,23.2,23,0.000,1.993,0.0,0
3294285,2.564,2.569,22.5,22,0.000,2.041,0.0,0
3294325,2.564,2.545,22.8,22,0.000,2.036,0.0,0
3294365,2.564,2.601,22.2,22,0.000,2.026,0.0,0
3294405,2.564,2.547,22.8,22,0.000,2.078,0.0,0
3294445,2.564,2.611,22.0,22,0.000,2.065,0.0,0
3294485,2.564,2.588,22.3,22,0.000,2.120,0.0,0
3294525,2.564,2.667,21.1,21,0.000,2.068,0.0,0
3294565,2.564,2.632,21.5,21,0.000,2.088,0.0,0
3294605,2.564,2.694,20.5,20,0.000,2.094,0.0,0
3294645,2.564,2.632,21.1,21,0.000,2.107,0.0,0
3294685,2.564,2.697,20.2,20,0.000,2.158,0.0,0
3294725,2.564,2.610,21.1,21,0.000,2.082,0.0,0
3294765,2.564,2.677,20.1,20,0.000,2.089,0.0,0
3294805,2.564,2.611,20.9,20,0.000,2.082,0.0,0
3294845,2.564,2.707,19.5,19,0.000,2.107,0.0,0
3294885,2.564,2.633,20.3,20,0.000,2.189,0.0,0
3294925,2.564,2.608,20.4,20,0.000,2.088,0.0,0
3294965,2.564,2.594,20.5,20,0.000,2.178,0.0,0
3295005,2.564,2.682,19.3,19,0.000,2.107,0.0,0
3295045,2.564,2.614,20.1,20,0.000,2.073,0.0,0
3295085,2.564,2.690,19.0,18,0.000,2.161,0.0,0
3295125,2.564,2.566,20.5,20,0.000,2.082,0.0,0
3295165,2.564,2.617,19.8,19,0.000,2.095,0.0,0
3295205,2.564,2.514,21.1,21,0.000,2.036,0.0,0
3295245,2.564,2.553,20.7,20,0.000,1.965,0.0,0
3295285,2.564,2.397,22.8,22,0.000,2.016,0.0,0
3295325,2.564,2.482,22.0,21,0.000,1.964,0.0,0
3295365,2.564,2.359,23.8,23,0.000,1.870,0.0,0
3295405,2.564,2.434,23.2,23,0.000,1.890,0.0,0
3295445,2.564,2.362,24.3,24,0.000,1.909,0.0,0
3295485,2.564,2.308,25.4,25,0.000,1.843,0.0,0
3295525,2.564,2.455,23.8,23,0.000,1.899,0.0,0
3295565,2.564,2.418,24.5,24,0.000,1.947,0.0,0
3295605,2.564,2.612,22.1,22,0.000,2.007,0.0,0
3295645,2.564,2.550,22.9,22,0.000,2.148,0.0,0
3295685,2.564,2.708,20.8,20,0.000,2.081,0.0,0
3295725,2.564,2.612,21.9,21,0.000,2.207,0.0,0
3295765,2.564,2.707,20.6,20,0.000,2.113,0.0,0
3295805,2.564,2.612,21.7,21,0.000,2.121,0.0,0
3295845,2.564,2.722,20.2,20,0.000,2.219,0.0,0
3295885,2.564,2.583,21.8,21,0.000,2.102,0.0,0
3295925,2.564,2.625,21.2,21,0.000,2.122,0.0,0
3295965,2.564,2.532,22.4,22,0.000,2.021,0.0,0
3296005,2.564,2.615,21.4,21,0.000,2.017,0.0,0
3296045,2.564,2.577,21.8,21,0.000,2.140,0.0,0
3296085,2.564,2.680,20.4,20,0.000,2.076,0.0,0
3296125,2.564,2.633,20.9,20,0.000,2.178,0.0,0
3296165,2.564,2.630,20.8,20,0.000,2.071,0.0,0
3296205,2.564,2.531,22.1,22,0.000,2.032,0.0,0
3296245,2.564,2.565,21.7,21,0.000,2.083,0.0,0
3296285,2.564,2.519,22.3,22,0.000,2.020,0.0,0
3296325,2.564,2.598,21.3,21,0.000,2.119,0.0,0
3296365,2.564,2.563,21.8,21,0.000,2.058,0.0,0
3296405,2.564,2.597,21.3,21,0.000,2.046,0.0,0
3296445,2.564,2.554,21.8,21,0.000,2.087,0.0,0
3296485,2.564,2.608,21.1,21,0.000,2.036,0.0,0
3296525,2.564,2.668,20.3,20,0.000,2.133,0.0,0
3296565,2.564,2.668,20.1,20,0.000,2.111,0.0,0
3296605,2.564,2.677,19.9,19,0.000,2.155,0.0,0
3296645,2.564,2.629,20.3,20,0.000,2.171,0.0,0
3296685,2.564,2.627,20.2,20,0.000,2.118,0.0,0
3296725,2.564,2.589,20.6,20,0.000,2.125,0.0,0
3296765,2.564,2.598,20.5,20,0.000,2.065,0.0,0
3296805,2.564,2.540,21.2,21,0.000,2.087,0.0,0
3296845,2.564,2.492,21.9,21,0.000,2.061,0.0,0
3296885,2.564,2.443,22.6,22,0.000,1.977,0.0,0
3296925,2.564,2.425,23.0,23,0.000,2.010,0.0,0
3296965,2.564,2.480,22.5,22,0.000,2.003,0.0,0
3297005,2.564,2.518,22.1,22,0.000,2.075,0.0,0
3297045,2.564,2.546,21.8,21,0.000,2.084,0.0,0
3297085,2.564,2.541,21.9,21,0.000,2.062,0.0,0
3297125,2.564,2.491,22.5,22,0.000,2.078,0.0,0
3297165,2.564,2.473,22.9,22,0.000,2.026,0.0,0
3297205,2.564,2.539,22.1,22,0.000,2.064,0.0,0
3297245,2.564,2.525,22.4,22,0.000,2.076,0.0,0
3297285,2.564,2.631,21.0,20,0.000,2.077,0.0,0
3297325,2.564,2.545,22.1,22,0.000,2.099,0.0,0
3297365,2.564,2.610,21.2,21,0.000,2.067,0.0,0
3297405,2.564,2.513,22.4,22,0.000,2.113,0.0,0
3297445,2.564,2.615,21.1,21,0.000,2.077,0.0,0
3297485,2.564,2.578,21.6,21,0.000,2.148,0.0,0
3297525,2.564,2.675,20.3,20,0.000,2.104,0.0,0
3297565,2.564,2.620,20.9,20,0.000,2.117,0.0,0
3297605,2.564,2.712,19.6,19,0.000,2.191,0.0,0
3297645,2.564,2.635,20.5,20,0.000,2.137,0.0,0
3297685,2.564,2.688,19.6,19,0.000,2.209,0.0,0
3297725,2.564,2.518,21.7,21,0.000,2.112,0.0,0
3297765,2.564,2.642,20.1,20,0.000,2.094,0.0,0
3297805,2.564,2.458,22.4,22,0.000,2.166,0.0,0
3297845,2.564,2.631,20.2,20,0.000,2.057,0.0,0
3297885,2.564,2.472,22.2,22,0.000,2.155,0.0,0
3297925,2.564,2.629,20.4,20,0.000,2.051,0.0,0
3297965,2.564,2.547,21.4,21,0.000,2.059,0.0,0
3298005,2.564,2.528,21.7,21,0.000,2.139,0.0,0
3298045,2.564,2.568,21.2,21,0.000,2.070,0.0,0
3298085,2.564,2.535,21.7,21,0.000,2.158,0.0,0
3298125,2.564,2.645,20.3,20,0.000,2.110,0.0,0
3298165,2.564,2.533,21.7,21,0.000,2.081,0.0,0
3298205,2.564,2.622,20.5,20,0.000,2.165,0.0,0
3298245,2.564,2.505,22.0,21,0.000,2.054,0.0,0
3298285,2.564,2.608,20.7,20,0.000,2.157,0.0,0
3298325,2.564,2.500,22.1,22,0.000,2.137,0.0,0
3298365,2.564,2.575,21.1,21,0.000,2.059,0.0,0
3298405,2.564,2.472,22.5,22,0.000,2.088,0.0,0
3298445,2.564,2.524,22.0,21,0.000,1.990,0.0,0
3298485,2.564,2.448,23.1,23,0.000,2.024,0.0,0
3298525,2.564,2.507,22.5,22,0.000,2.085,0.0,0
3298565,2.564,2.480,23.0,22,0.000,2.031,0.0,0
3298605,2.564,2.572,21.9,21,0.000,2.072,0.0,0
3298645,2.564,2.528,22.5,22,0.000,2.089,0.0,0
3298685,2.564,2.555,22.2,22,0.000,2.096,0.0,0
3298725,2.564,2.474,23.2,23,0.000,2.154,0.0,0
3298765,2.564,2.487,23.2,23,0.000,2.043,0.0,0
3298805,2.564,2.457,23.7,23,0.000,2.033,0.0,0
3298845,2.564,2.513,23.1,23,0.000,2.052,0.0,0
3298885,2.564,2.497,23.4,23,0.000,2.057,0.0,0
3298925,2.564,2.533,23.0,23,0.000,2.167,0.0,0
3298965,2.564,2.519,23.3,23,0.000,2.080,0.0,0
3299005,2.564,2.568,22.7,22,0.000,2.199,0.0,0
3299045,2.564,2.558,22.8,22,0.000,2.121,0.0,0
3299085,2.564,2.621,21.9,21,0.000,2.141,0.0,0
3299125,2.564,2.611,22.0,21,0.000,2.236,0.0,0
3299165,2.564,2.626,21.7,21,0.000,2.167,0.0,0
3299205,2.564,2.597,21.9,21,0.000,2.241,0.0,0
3299245,2.564,2.623,21.5,21,0.000,2.156,0.0,0
3299285,2.564,2.518,22.8,22,0.000,2.129,0.0,0
3299325,2.564,2.557,22.4,22,0.000,2.179,0.0,0
3299365,2.564,2.477,23.5,23,0.000,2.086,0.0,0
3299405,2.564,2.563,22.4,22,0.000,2.129,0.0,0
3299445,2.564,2.496,23.3,23,0.000,2.063,0.0,0
3299485,2.564,2.549,22.7,22,0.000,2.074,0.0,0
3299525,2.564,2.487,23.6,23,0.000,2.104,0.0,0
3299565,2.564,2.560,22.8,22,0.000,2.097,0.0,0
3299605,2.564,2.529,23.2,23,0.000,2.131,0.0,0
3299645,2.564,2.615,22.2,22,0.000,2.102,0.0,0
3299685,2.564,2.574,22.7,22,0.000,2.145,0.0,0
3299725,2.564,2.657,21.6,21,0.000,2.118,0.0,0
3299765,2.564,2.523,23.3,23,0.000,2.129,0.0,0
3299805,2.564,2.585,22.5,22,0.000,2.122,0.0,0
3299845,2.564,2.503,23.6,23,0.000,2.066,0.0,0
3299885,2.564,2.599,22.5,22,0.000,2.136,0.0,0
3299925,2.564,2.478,24.1,24,0.000,2.103,0.0,0
3299965,2.564,2.620,22.3,22,0.000,2.136,0.0,0
3300005,2.564,2.467,24.3,24,0.000,2.122,0.0,0
3300045,2.564,2.655,22.0,21,0.000,2.089,0.0,0
3300085,2.564,2.527,23.6,23,0.000,2.164,0.0,0
3300125,2.564,2.693,21.4,21,0.000,2.139,0.0,0
3300165,2.564,2.571,22.9,22,0.000,2.186,0.0,0
3300205,2.564,2.713,21.1,21,0.000,2.186,0.0,0
3300245,2.564,2.599,22.4,22,0.000,2.183,0.0,0
3300285,2.564,2.667,21.5,21,0.000,2.139,0.0,0
3300325,2.564,2.563,22.8,22,0.000,2.094,0.0,0
3300365,2.564,2.613,22.2,22,0.000,2.123,0.0,0
3300405,2.564,2.523,23.3,23,0.000,2.066,0.0,0
3300445,2.564,2.504,23.6,23,0.000,2.092,0.0,0
3300485,2.564,2.540,23.3,23,0.000,2.040,0.0,0
3300525,2.564,2.445,24.6,24,0.000,2.044,0.0,0
3300565,2.564,2.561,23.3,23,0.000,2.099,0.0,0
3300605,2.564,2.475,24.5,24,0.000,2.030,0.0,0
3300645,2.564,2.634,22.6,22,0.000,2.148,0.0,0
3300685,2.564,2.552,23.6,23,0.000,2.101,0.0,0
3300725,2.564,2.691,21.8,21,0.000,2.130,0.0,0
3300765,2.564,2.590,22.9,22,0.000,2.221,0.0,0
3300805,2.564,2.603,22.8,22,0.000,2.103,0.0,0
3300845,2.564,2.516,23.9,23,0.000,2.160,0.0,0
3300885,2.564,2.567,23.3,23,0.000,2.062,0.0,0
3300925,2.564,2.489,24.3,24,0.000,2.060,0.0,0
3300965,2.564,2.500,24.3,24,0.000,2.132,0.0,0
3301005,2.564,2.438,25.2,25,0.000,1.999,0.0,0
3301045,2.564,2.442,25.4,25,0.000,2.070,0.0,0
3301085,2.564,2.449,25.4,25,0.000,2.017,0.0,0
3301125,2.564,2.487,25.1,25,0.000,2.004,0.0,0
3301165,2.564,2.508,24.9,24,0.000,2.123,0.0,0
3301205,2.564,2.556,24.3,24,0.000,2.068,0.0,0
3301245,2.564,2.550,24.4,24,0.000,2.179,0.0,0
3301285,2.564,2.607,23.7,23,0.000,2.182,0.0,0
3301325,2.564,2.561,24.2,24,0.000,2.120,0.0,0
3301365,2.564,2.584,23.9,23,0.000,2.186,0.0,0
3301405,2.564,2.539,24.4,24,0.000,2.097,0.0,0
3301445,2.564,2.565,24.1,24,0.000,2.143,0.0,0
3301485,2.564,2.505,24.9,24,0.000,2.186,0.0,0
3301525,2.564,2.556,24.4,24,0.000,2.097,0.0,0
3301565,2.564,2.494,25.2,25,0.000,2.160,0.0,0
3301605,2.564,2.533,24.8,24,0.000,2.048,0.0,0
3301645,2.564,2.499,25.3,25,0.000,2.049,0.0,0
3301685,2.564,2.533,25.0,25,0.000,2.135,0.0,0
3301725,2.564,2.505,25.4,25,0.000,2.063,0.0,0
3301765,2.564,2.577,24.6,24,0.000,2.183,0.0,0
3301805,2.564,2.532,25.2,25,0.000,2.096,0.0,0
3301845,2.564,2.572,24.8,24,0.000,2.087,0.0,0
3301885,2.564,2.502,25.7,25,0.000,2.188,0.0,0
3301925,2.564,2.588,24.6,24,0.000,2.109,0.0,0
3301965,2.564,2.545,25.2,25,0.000,2.245,0.0,0
3302005,2.564,2.640,24.0,23,0.000,2.161,0.0,0
3302045,2.564,2.577,24.6,24,0.000,2.172,0.0,0
3302085,2.564,2.633,23.9,23,0.000,2.144,0.0,0
3302125,2.564,2.553,24.8,24,0.000,2.132,0.0,0
3302165,2.564,2.676,23.2,23,0.000,2.210,0.0,0
3302205,2.564,2.585,24.2,24,0.000,2.150,0.0,0
3302245,2.564,2.694,22.8,22,0.000,2.242,0.0,0
3302285,2.564,2.617,23.6,23,0.000,2.178,0.0,0
3302325,2.564,2.679,22.8,22,0.000,2.174,0.0,0
3302365,2.564,2.535,24.4,24,0.000,2.213,0.0,0
3302405,2.564,2.627,23.3,23,0.000,2.124,0.0,0
3302445,2.564,2.477,25.1,25,0.000,2.165,0.0,0
3302485,2.564,2.653,22.9,22,0.000,2.128,0.0,0
3302525,2.564,2.520,24.5,24,0.000,2.171,0.0,0
3302565,2.564,2.630,23.1,23,0.000,2.122,0.0,0
3302605,2.564,2.492,24.7,24,0.000,2.112,0.0,0
3302645,2.564,2.623,23.2,23,0.000,2.112,0.0,0
3302685,2.564,2.532,24.2,24,0.000,2.068,0.0,0
3302725,2.564,2.671,22.5,22,0.000,2.142,0.0,0
3302765,2.564,2.583,23.5,23,0.000,2.091,0.0,0
3302805,2.564,2.650,22.7,22,0.000,2.122,0.0,0
3302845,2.564,2.552,23.8,23,0.000,2.115,0.0,0
3302885,2.564,2.446,25.3,25,0.000,2.056,0.0,0
3302925,2.564,2.527,24.4,24,0.000,2.067,0.0,0
3302965,2.564,2.440,25.5,25,0.000,2.035,0.0,0
3303005,2.564,2.563,24.1,24,0.000,2.081,0.0,0
3303045,2.564,2.488,25.1,25,0.000,2.094,0.0,0
3303085,2.564,2.619,23.5,23,0.000,2.068,0.0,0
3303125,2.564,2.539,24.5,24,0.000,2.116,0.0,0
3303165,2.564,2.676,22.7,22,0.000,2.101,0.0,0
3303205,2.564,2.592,23.6,23,0.000,2.146,0.0,0
3303245,2.564,2.667,22.6,22,0.000,2.129,0.0,0
3303285,2.564,2.604,23.3,23,0.000,2.205,0.0,0
3303325,2.564,2.727,21.6,21,0.000,2.179,0.0,0
3303365,2.564,2.652,22.3,22,0.000,2.191,0.0,0
3303405,2.564,2.601,22.9,22,0.000,2.204,0.0,0
3303445,2.564,2.501,24.1,24,0.000,2.102,0.0,0
3303485,2.564,2.521,23.9,23,0.000,2.098,0.0,0
3303525,2.564,2.474,24.6,24,0.000,2.040,0.0,0
3303565,2.564,2.522,24.1,24,0.000,2.082,0.0,0
3303605,2.564,2.537,23.9,23,0.000,2.147,0.0,0
3303645,2.564,2.555,23.7,23,0.000,2.070,0.0,0
3303685,2.564,2.487,24.6,24,0.000,2.139,0.0,0
3303725,2.564,2.541,24.0,24,0.000,2.046,0.0,0
3303765,2.564,2.569,23.7,23,0.000,2.095,0.0,0
3303805,2.564,2.636,22.8,22,0.000,2.213,0.0,0
3303845,2.564,2.625,22.8,22,0.000,2.159,0.0,0
3303885,2.564,2.635,22.5,22,0.000,2.240,0.0,0
3303925,2.564,2.507,24.1,24,0.000,2.132,0.0,0
3303965,2.564,2.539,23.7,23,0.000,2.073,0.0,0
3304005,2.564,2.509,24.2,24,0.000,2.093,0.0,0
3304045,2.564,2.556,23.7,23,0.000,2.055,0.0,0
3304085,2.564,2.481,24.7,24,0.000,2.134,0.0,0
3304125,2.564,2.515,24.4,24,0.000,2.075,0.0,0
3304165,2.564,2.464,25.1,25,0.000,2.007,0.0,0
3304205,2.564,2.528,24.5,24,0.000,2.105,0.0,0
3304245,2.564,2.512,24.8,24,0.000,2.061,0.0,0
3304285,2.564,2.595,23.8,23,0.000,2.121,0.0,0
3304325,2.564,2.530,24.6,24,0.000,2.154,0.0,0
3304365,2.564,2.619,23.5,23,0.000,2.079,0.0,0
3304405,2.564,2.565,24.2,24,0.000,2.228,0.0,0
3304445,2.564,2.632,23.3,23,0.000,2.146,0.0,0
3304485,2.564,2.552,24.3,24,0.000,2.142,0.0,0
3304525,2.564,2.591,23.8,23,0.000,2.215,0.0,0
3304565,2.564,2.505,24.9,24,0.000,2.111,0.0,0
3304605,2.564,2.609,23.7,23,0.000,2.204,0.0,0
3304645,2.564,2.514,24.8,24,0.000,2.112,0.0,0
3304685,2.564,2.589,24.0,23,0.000,2.100,0.0,0
3304725,2.564,2.493,25.1,25,0.000,2.176,0.0,0
3304765,2.564,2.560,24.4,24,0.000,2.049,0.0,0
3304805,2.564,2.444,25.9,25,0.000,2.162,0.0,0
3304845,2.564,2.644,23.5,23,0.000,2.082,0.0,0
3304885,2.564,2.522,24.9,24,0.000,2.109,0.0,0
3304925,2.564,2.721,22.3,22,0.000,2.167,0.0,0
3304965,2.564,2.560,24.2,24,0.000,2.165,0.0,0
3305005,2.564,2.639,23.1,23,0.000,2.225,0.0,0
3305045,2.564,2.505,24.7,24,0.000,2.119,0.0,0
3305085,2.564,2.509,24.7,24,0.000,2.189,0.0,0
3305125,2.564,2.565,24.0,24,0.000,2.128,0.0,0
3305165,2.564,2.515,24.7,24,0.000,2.125,0.0,0
3305205,2.564,2.590,23.7,23,0.000,2.188,0.0,0
3305245,2.564,2.514,24.7,24,0.000,2.123,0.0,0
3305285,2.564,2.631,23.1,23,0.000,2.185,0.0,0
3305325,2.564,2.566,23.9,23,0.000,2.140,0.0,0
3305365,2.564,2.698,22.1,22,0.000,2.164,0.0,0
3305405,2.564,2.607,23.1,23,0.000,2.161,0.0,0
3305445,2.564,2.701,21.8,21,0.000,2.172,0.0,0
3305485,2.564,2.579,23.3,23,0.000,2.175,0.0,0
3305525,2.564,2.670,22.1,22,0.000,2.117,0.0,0
3305565,2.564,2.564,23.4,23,0.000,2.176,0.0,0
3305605,2.564,2.660,22.2,22,0.000,2.126,0.0,0
3305645,2.564,2.569,23.2,23,0.000,2.147,0.0,0
3305685,2.564,2.599,22.9,22,0.000,2.132,0.0,0
3305725,2.564,2.512,24.0,23,0.000,2.057,0.0,0
3305765,2.564,2.585,23.1,23,0.000,2.094,0.0,0
3305805,2.564,2.522,24.0,23,0.000,2.059,0.0,0
3305845,2.564,2.584,23.2,23,0.000,2.106,0.0,0
3305885,2.564,2.530,23.9,23,0.000,2.097,0.0,0
3305925,2.564,2.587,23.2,23,0.000,2.068,0.0,0
3305965,2.564,2.524,24.0,24,0.000,2.111,0.0,0
3306005,2.564,2.559,23.6,23,0.000,2.067,0.0,0
3306045,2.564,2.504,24.3,24,0.000,2.095,0.0,0
3306085,2.564,2.542,23.9,23,0.000,2.090,0.0,0
3306125,2.564,2.499,24.5,24,0.000,2.118,0.0,0
3306165,2.564,2.552,23.9,23,0.000,2.103,0.0,0
3306205,2.564,2.520,24.3,24,0.000,2.089,0.0,0
3306245,2.564,2.564,23.8,23,0.000,2.140,0.0,0
3306285,2.564,2.536,24.1,24,0.000,2.089,0.0,0
3306325,2.564,2.571,23.7,23,0.000,2.133,0.0,0
3306365,2.564,2.528,24.3,24,0.000,2.087,0.0,0
3306405,2.564,2.585,23.6,23,0.000,2.109,0.0,0
3306445,2.564,2.573,23.7,23,0.000,2.174,0.0,0
3306485,2.564,2.615,23.1,23,0.000,2.114,0.0,0
3306525,2.564,2.519,24.3,24,0.000,2.140,0.0,0
3306565,2.564,2.542,24.0,24,0.000,2.050,0.0,0
3306605,2.564,2.453,25.3,25,0.000,2.047,0.0,0
3306645,2.564,2.508,24.7,24,0.000,2.134,0.0,0
3306685,2.564,2.468,25.4,25,0.000,2.045,0.0,0
3306725,2.564,2.552,24.4,24,0.000,2.141,0.0,0
3306765,2.564,2.481,25.4,25,0.000,2.040,0.0,0
3306805,2.564,2.542,24.8,24,0.000,2.044,0.0,0
3306845,2.564,2.497,25.4,25,0.000,2.152,0.0,0
3306885,2.564,2.622,23.9,23,0.000,2.104,0.0,0
3306925,2.564,2.579,24.4,24,0.000,2.228,0.0,0
3306965,2.564,2.668,23.2,23,0.000,2.172,0.0,0
3307005,2.564,2.582,24.2,24,0.000,2.130,0.0,0
3307045,2.564,2.663,23.2,23,0.000,2.173,0.0,0
3307085,2.564,2.560,24.4,24,0.000,2.105,0.0,0
3307125,2.564,2.645,23.3,23,0.000,2.193,0.0,0
3307165,2.564,2.558,24.4,24,0.000,2.181,0.0,0
3307205,2.564,2.624,23.5,23,0.000,2.150,0.0,0
3307245,2.564,2.493,25.2,25,0.000,2.169,0.0,0
3307285,2.564,2.628,23.6,23,0.000,2.074,0.0,0
3307325,2.564,2.488,25.4,25,0.000,2.124,0.0,0
3307365,2.564,2.681,22.9,22,0.000,2.186,0.0,0
3307405,2.564,2.551,24.5,24,0.000,2.148,0.0,0
3307445,2.564,2.711,22.4,22,0.000,2.254,0.0,0
3307485,2.564,2.589,23.8,23,0.000,2.154,0.0,0
3307525,2.564,2.719,22.1,22,0.000,2.257,0.0,0
3307565,2.564,2.609,23.4,23,0.000,2.157,0.0,0
3307605,2.564,2.709,22.1,22,0.000,2.140,0.0,0
3307645,2.564,2.612,23.2,23,0.000,2.237,0.0,0
3307685,2.564,2.677,22.4,22,0.000,2.125,0.0,0
3307725,2.564,2.592,23.3,23,0.000,2.213,0.0,0
3307765,2.564,2.568,23.7,23,0.000,2.105,0.0,0
3307805,2.564,2.598,23.2,23,0.000,2.082,0.0,0
3307845,2.564,2.527,24.2,24,0.000,2.171,0.0,0
3307885,2.564,2.611,23.1,23,0.000,2.068,0.0,0
3307925,2.564,2.527,24.2,24,0.000,2.156,0.0,0
3307965,2.564,2.638,22.7,22,0.000,2.082,0.0,0
3308005,2.564,2.562,23.6,23,0.000,2.091,0.0,0
3308045,2.564,2.671,22.2,22,0.000,2.177,0.0,0
3308085,2.564,2.546,23.7,23,0.000,2.096,0.0,0
3308125,2.564,2.619,22.8,22,0.000,2.153,0.0,0
3308165,2.564,2.539,23.8,23,0.000,2.092,0.0,0
3308205,2.564,2.581,23.3,23,0.000,2.073,0.0,0
3308245,2.564,2.514,24.1,24,0.000,2.125,0.0,0
3308285,2.564,2.578,23.4,23,0.000,2.080,0.0,0
3308325,2.564,2.566,23.6,23,0.000,2.125,0.0,0
3308365,2.564,2.599,23.1,23,0.000,2.078,0.0,0
3308405,2.564,2.523,24.1,24,0.000,2.089,0.0,0
3308445,2.564,2.546,23.9,23,0.000,2.098,0.0,0
3308485,2.564,2.478,24.8,24,0.000,2.057,0.0,0
3308525,2.564,2.509,24.6,24,0.000,2.071,0.0,0
3308565,2.564,2.480,25.0,25,0.000,2.034,0.0,0
3308605,2.564,2.534,24.4,24,0.000,2.063,0.0,0
3308645,2.564,2.503,24.9,24,0.000,2.085,0.0,0
3308685,2.564,2.559,24.2,24,0.000,2.087,0.0,0
3308725,2.564,2.531,24.6,24,0.000,2.109,0.0,0
3308765,2.564,2.556,24.3,24,0.000,2.068,0.0,0
3308805,2.564,2.517,24.8,24,0.000,2.105,0.0,0
3308845,2.564,2.536,24.6,24,0.000,2.080,0.0,0
3308885,2.564,2.530,24.7,24,0.000,2.094,0.0,0
3308925,0.000,2.578,0.0,0,0.000,2.102,0.0,0
3308965,0.000,2.419,0.0,0,0.000,2.031,0.0,0
3309005,0.000,2.348,0.0,0,0.000,1.963,0.0,0
3309045,0.000,2.172,0.0,0,0.000,1.823,0.0,0
3309085,0.000,1.997,0.0,0,0.000,1.660,0.0,0
3309125,0.000,1.862,0.0,0,0.000,1.660,0.0,0
3309165,0.000,1.647,0.0,0,0.000,1.523,0.0,0
3309205,0.000,1.647,0.0,0,0.000,1.523,0.0,0
3309245,0.000,1.385,0.0,0,0.000,1.303,0.0,0
3309285,0.000,1.385,0.0,0,0.000,1.303,0.0,0
3309325,0.000,1.385,0.0,0,0.000,1.303,0.0,0
3309365,0.000,1.385,0.0,0,0.000,1.303,0.0,0
3309405,0.000,0.000,0.0,0,0.000,0.000,0.0,0
3309445,0.000,0.000,0.0,0,0.000,0.000,0.0,0
3309485,0.000,0.000,0.0,0,0.000,0.000,0.0,0
3309525,0.000,0.000,0.0,0,0.000,0.000,0.0,0
3309565,0.000,0.000,0.0,0,0.000,0.000,0.0,0
3309605,0.000,0.000,0.0,0,0.000,0.000,0.0,0
3309645,0.000,0.000,0.0,0,0.000,0.000,0.0,0
3309685,0.000,0.000,0.0,0,0.000,0.000,0.0,0
3309725,0.000,0.000,0.0,0,0.000,0.000,0.0,0
3309765,0.000,0.000,0.0,0,0.000,0.000,0.0,0
3309805,0.000,0.000,0.0,0,0.000,0.000,0.0,0
3309845,0.000,0.000,0.0,0,0.000,0.000,0.0,0
3309885,0.000,0.000,0.0,0,0.000,0.000,0.0,0
3309925,0.000,0.000,0.0,0,0.000,0.000,0.0,0
3309965,0.000,0.000,0.0,0,0.000,0.000,0.0,0
3310005,0.000,0.000,0.0,0,0.000,0.000,0.0,0
3310045,0.000,0.000,0.0,0,0.000,0.000,0.0,0
3310085,0.000,0.000,0.0,0,0.000,0.000,0.0,0
3310125,0.000,0.000,0.0,0,0.000,0.000,0.0,0
3310165,0.000,0.000,0.0,0,0.000,0.000,0.0,0
3310205,0.000,0.000,0.0,0,0.000,0.000,0.0,0
3310245,0.000,0.000,0.0,0,0.000,0.000,0.0,0
3310285,0.000,0.000,0.0,0,0.000,0.000,0.0,0
3310325,0.000,0.000,0.0,0,0.000,0.000,0.0,0
3310365,0.000,0.000,0.0,0,0.000,0.000,0.0,0
3310405,0.000,0.000,0.0,0,0.000,0.000,0.0,0
3310445,0.000,0.000,0.0,0,0.000,0.000,0.0,0
3310485,0.000,0.000,0.0,0,0.000,0.000,0.0,0
3310525,0.000,0.000,0.0,0,0.000,0.000,0.0,0
3310565,0.000,0.000,0.0,0,0.000,0.000,0.0,0
3310605,0.000,0.000,0.0,0,0.000,0.000,0.0,0
3310645,0.000,0.000,0.0,0,0.000,0.000,0.0,0
3310685,0.000,0.000,0.0,0,0.000,0.000,0.0,0
3310725,0.000,0.000,0.0,0,0.000,0.000,0.0,0
3310765,0.000,0.000,0.0,0,0.000,0.000,0.0,0
3310805,0.000,0.000,0.0,0,0.000,0.000,0.0,0
3310845,0.000,0.000,0.0,0,0.000,0.000,0.0,0
3310885,0.000,0.000,0.0,0,0.000,0.000,0.0,0
3310925,0.000,0.000,0.0,0,0.000,0.000,0.0,0
3310965,0.000,0.000,0.0,0,0.000,0.000,0.0,0
3311005,0.000,0.000,0.0,0,0.000,0.000,0.0,0
3311045,0.000,0.000,0.0,0,0.000,0.000,0.0,0
3311085,0.000,0.000,0.0,0,0.000,0.000,0.0,0
3311125,0.000,0.000,0.0,0,0.000,0.000,0.0,0
3311165,0.000,0.000,0.0,0,0.000,0.000,0.0,0
3311205,0.000,0.000,0.0,0,0.000,0.000,0.0,0
3311245,0.000,0.000,0.0,0,0.000,0.000,0.0,0
3311285,0.000,0.000,0.0,0,0.000,0.000,0.0,0
3311325,0.000,0.000,0.0,0,0.000,0.000,0.0,0
3311365,0.000,0.000,0.0,0,0.000,0.000,0.0,0
3311405,0.000,0.000,0.0,0,0.000,0.000,0.0,0
3311445,0.000,0.000,0.0,0,0.000,0.000,0.0,0
3311485,0.000,0.000,0.0,0,0.000,0.000,0.0,0
3311525,0.000,0.000,0.0,0,0.000,0.000,0.0,0
3311565,0.000,0.000,0.0,0,0.000,0.000,0.0,0
3311605,0.000,0.000,0.0,0,0.000,0.000,0.0,0
3311645,0.000,0.000,0.0,0,0.000,0.000,0.0,0
3311685,0.000,0.000,0.0,0,0.000,0.000,0.0,0
3311725,0.000,0.000,0.0,0,0.000,0.000,0.0,0
3311765,0.000,0.000,0.0,0,0.000,0.000,0.0,0
3311805,0.000,0.000,0.0,0,0.000,0.000,0.0,0
3311845,0.000,0.000,0.0,0,0.000,0.000,0.0,0
3311885,0.000,0.000,0.0,0,0.000,0.000,0.0,0
3311925,0.000,0.000,0.0,0,0.000,0.000,0.0,0
3311965,0.000,0.000,0.0,0,0.000,0.000,0.0,0
3312005,0.000,0.000,0.0,0,0.000,0.000,0.0,0
3312045,0.000,0.000,0.0,0,0.000,0.000,0.0,0
3312085,0.000,0.000,0.0,0,0.000,0.000,0.0,0
3312125,0.000,0.000,0.0,0,0.000,0.000,0.0,0
3312165,0.000,0.000,0.0,0,0.000,0.000,0.0,0
3312205,0.000,0.000,0.0,0,0.000,0.000,0.0,0
3312245,0.000,0.000,0.0,0,0.000,0.000,0.0,0
3312285,0.000,0.000,0.0,0,0.000,0.000,0.0,0
3312325,0.000,0.000,0.0,0,0.000,0.000,0.0,0
3312365,0.000,0.000,0.0,0,0.000,0.000,0.0,0
3312405,0.000,0.000,0.0,0,0.000,0.000,0.0,0
3312445,0.000,0.000,0.0,0,0.000,0.000,0.0,0
3312485,0.000,0.000,0.0,0,0.000,0.000,0.0,0
3312525,0.000,0.000,0.0,0,0.000,0.000,0.0,0
3312565,0.000,0.000,0.0,0,0.000,0.000,0.0,0
3312605,0.000,0.000,0.0,0,0.000,0.000,0.0,0
3312645,0.000,0.000,0.0,0,0.000,0.000,0.0,0
3312685,0.000,0.000,0.0,0,0.000,0.000,0.0,0
3312725,0.000,0.000,0.0,0,0.000,0.000,0.0,0
3312765,0.000,0.000,0.0,0,0.000,0.000,0.0,0
3312805,0.000,0.000,0.0,0,0.000,0.000,0.0,0
3312845,0.000,0.000,0.0,0,0.000,0.000,0.0,0
3312885,0.000,0.000,0.0,0,0.000,0.000,0.0,0
3312925,0.000,0.000,0.0,0,0.000,0.000,0.0,0
3312965,0.000,0.000,0.0,0,0.000,0.000,0.0,0
3313005,0.000,0.000,0.0,0,0.000,0.000,0.0,0
3313045,0.000,0.000,0.0,0,0.000,0.000,0.0,0
3313085,0.000,0.000,0.0,0,0.000,0.000,0.0,0
3313125,0.000,0.000,0.0,0,0.000,0.000,0.0,0
3313165,0.000,0.000,0.0,0,0.000,0.000,0.0,0
3313205,0.000,0.000,0.0,0,0.000,0.000,0.0,0
3313245,0.000,0.000,0.0,0,0.000,0.000,0.0,0
3313285,0.000,0.000,0.0,0,0.000,0.000,0.0,0
3313325,0.000,0.000,0.0,0,0.000,0.000,0.0,0
3313365,0.000,0.000,0.0,0,0.000,0.000,0.0,0
3313405,0.000,0.000,0.0,0,0.000,0.000,0.0,0
3313445,0.000,0.000,0.0,0,0.000,0.000,0.0,0
3313485,0.000,0.000,0.0,0,0.000,0.000,0.0,0
3313525,0.000,0.000,0.0,0,0.000,0.000,0.0,0
3313565,0.000,0.000,0.0,0,0.000,0.000,0.0,0
3313605,0.000,0.000,0.0,0,0.000,0.000,0.0,0
3313645,0.000,0.000,0.0,0,0.000,0.000,0.0,0
3313685,0.000,0.000,0.0,0,0.000,0.000,0.0,0
3313725,0.000,0.000,0.0,0,0.000,0.000,0.0,0
3313765,0.000,0.000,0.0,0,0.000,0.000,0.0,0
3313805,0.000,0.000,0.0,0,0.000,0.000,0.0,0
3313845,0.000,0.000,0.0,0,0.000,0.000,0.0,0
3313885,0.000,0.000,0.0,0,0.000,0.000,0.0,0
3313925,0.000,0.000,0.0,0,0.000,0.000,0.0,0
3313965,0.000,0.000,0.0,0,0.000,0.000,0.0,0
3314005,0.000,0.000,0.0,0,0.000,0.000,0.0,0
3314045,0.000,0.000,0.0,0,0.000,0.000,0.0,0
3314085,0.000,0.000,0.0,0,0.000,0.000,0.0,0
3314125,0.000,0.000,0.0,0,0.000,0.000,0.0,0
3314165,0.000,0.000,0.0,0,0.000,0.000,0.0,0
3314205,0.000,0.000,0.0,0,0.000,0.000,0.0,0
3314245,0.000,0.000,0.0,0,0.000,0.000,0.0,0
3314285,0.000,0.000,0.0,0,0.000,0.000,0.0,0
3314325,0.000,0.000,0.0,0,0.000,0.000,0.0,0
3314365,0.000,0.000,0.0,0,0.000,0.000,0.0,0
3314405,0.000,0.000,0.0,0,0.000,0.000,0.0,0
3314445,0.000,0.000,0.0,0,0.000,0.000,0.0,0
3314485,0.000,0.000,0.0,0,0.000,0.000,0.0,0
3314525,0.000,0.000,0.0,0,0.000,0.000,0.0,0
3314565,0.000,0.000,0.0,0,0.000,0.000,0.0,0
3314605,0.000,0.000,0.0,0,0.000,0.000,0.0,0
3314645,0.000,0.000,0.0,0,0.000,0.000,0.0,0
3314685,0.000,0.000,0.0,0,0.000,0.000,0.0,0
3314725,0.000,0.000,0.0,0,0.000,0.000,0.0,0
3314765,0.000,0.000,0.0,0,0.000,0.000,0.0,0
3314805,0.000,0.000,0.0,0,0.000,0.000,0.0,0
3314845,0.000,0.000,0.0,0,0.000,0.000,0.0,0
3314885,0.000,0.000,0.0,0,0.000,0.000,0.0,0
3314925,0.000,0.000,0.0,0,0.000,0.000,0.0,0
3314965,0.000,0.000,0.0,0,0.000,0.000,0.0,0
3315005,0.000,0.000,0.0,0,0.000,0.000,0.0,0
3315045,0.000,0.000,0.0,0,0.000,0.000,0.0,0
3315085,0.000,0.000,0.0,0,0.000,0.000,0.0,0
3315125,0.000,0.000,0.0,0,0.000,0.000,0.0,0
3315165,0.000,0.000,0.0,0,0.000,0.000,0.0,0
3315205,0.000,0.000,0.0,0,0.000,0.000,0.0,0
3315245,0.000,0.000,0.0,0,0.000,0.000,0.0,0
3315285,0.000,0.000,0.0,0,0.000,0.000,0.0,0
3315325,0.000,0.000,0.0,0,0.000,0.000,0.0,0
3315365,0.000,0.000,0.0,0,0.000,0.000,0.0,0
3315405,0.000,0.000,0.0,0,0.000,0.000,0.0,0
3315445,0.000,0.000,0.0,0,0.000,0.000,0.0,0
3315485,0.000,0.000,0.0,0,0.000,0.000,0.0,0
3315525,0.000,0.000,0.0,0,0.000,0.000,0.0,0
3315565,0.000,0.000,0.0,0,0.000,0.000,0.0,0
3315605,0.000,0.000,0.0,0,0.000,0.000,0.0,0
3315645,0.000,0.000,0.0,0,0.000,0.000,0.0,0
3315685,0.000,0.000,0.0,0,0.000,0.000,0.0,0
3315725,0.000,0.000,0.0,0,0.000,0.000,0.0,0
3315765,0.000,0.000,0.0,0,0.000,0.000,0.0,0
3315805,0.000,0.000,0.0,0,0.000,0.000,0.0,0
3315845,0.000,0.000,0.0,0,0.000,0.000,0.0,0
3315885,0.000,0.000,0.0,0,0.000,0.000,0.0,0
3315925,0.000,0.000,0.0,0,0.000,0.000,0.0,0
3315965,0.000,0.000,0.0,0,0.000,0.000,0.0,0
3316005,0.000,0.000,0.0,0,0.000,0.000,0.0,0
3316045,0.000,0.000,0.0,0,0.000,0.000,0.0,0
3316085,0.000,0.000,0.0,0,0.000,0.000,0.0,0
3316125,0.000,0.000,0.0,0,0.000,0.000,0.0,0
3316165,0.000,0.000,0.0,0,0.000,0.000,0.0,0
3316205,0.000,0.000,0.0,0,0.000,0.000,0.0,0
3316245,0.000,0.000,0.0,0,0.000,0.000,0.0,0
3316285,0.000,0.000,0.0,0,0.000,0.000,0.0,0
3316325,0.000,0.000,0.0,0,0.000,0.000,0.0,0
3316365,0.000,0.000,0.0,0,0.000,0.000,0.0,0
3316405,0.000,0.000,0.0,0,0.000,0.000,0.0,0
3316445,0.000,0.000,0.0,0,0.000,0.000,0.0,0
3316485,0.000,0.000,0.0,0,0.000,0.000,0.0,0
3316525,0.000,0.000,0.0,0,0.000,0.000,0.0,0
3316565,0.000,0.000,0.0,0,0.000,0.000,0.0,0
3316605,0.000,0.000,0.0,0,0.000,0.000,0.0,0
3316645,0.000,0.000,0.0,0,0.000,0.000,0.0,0
3316685,0.000,0.000,0.0,0,0.000,0.000,0.0,0
3316725,0.000,0.000,0.0,0,0.000,0.000,0.0,0
3316765,0.000,0.000,0.0,0,0.000,0.000,0.0,0
3316805,0.000,0.000,0.0,0,0.000,0.000,0.0,0
3316845,0.000,0.000,0.0,0,0.000,0.000,0.0,0
3316885,0.000,0.000,0.0,0,0.000,0.000,0.0,0
3316925,0.000,0.000,0.0,0,0.000,0.000,0.0,0
3316965,0.000,0.000,0.0,0,0.000,0.000,0.0,0
3317005,0.000,0.000,0.0,0,0.000,0.000,0.0,0
3317045,0.000,0.000,0.0,0,0.000,0.000,0.0,0
3317085,0.000,0.000,0.0,0,0.000,0.000,0.0,0
3317125,0.000,0.000,0.0,0,0.000,0.000,0.0,0
3317165,0.000,0.000,0.0,0,0.000,0.000,0.0,0
3317205,0.000,0.000,0.0,0,0.000,0.000,0.0,0
3317245,0.000,0.000,0.0,0,0.000,0.000,0.0,0
3317285,0.000,0.000,0.0,0,0.000,0.000,0.0,0
3317325,0.000,0.000,0.0,0,0.000,0.000,0.0,0
3317365,0.000,0.000,0.0,0,0.000,0.000,0.0,0
3317405,0.000,0.000,0.0,0,0.000,0.000,0.0,0
3317445,0.000,0.000,0.0,0,0.000,0.000,0.0,0
3317485,0.000,0.000,0.0,0,0.000,0.000,0.0,0
3317525,0.000,0.000,0.0,0,0.000,0.000,0.0,0
3317565,0.000,0.000,0.0,0,0.000,0.000,0.0,0
3317605,0.000,0.000,0.0,0,0.000,0.000,0.0,0
3317645,0.000,0.000,0.0,0,0.000,0.000,0.0,0
3317685,0.000,0.000,0.0,0,0.000,0.000,0.0,0
3317725,0.000,0.000,0.0,0,0.000,0.000,0.0,0
3317765,0.000,0.000,0.0,0,0.000,0.000,0.0,0
3317805,0.000,0.000,0.0,0,0.000,0.000,0.0,0
3317845,0.000,0.000,0.0,0,0.000,0.000,0.0,0
3317885,0.000,0.000,0.0,0,0.000,0.000,0.0,0
3317925,0.000,0.000,0.0,0,0.000,0.000,0.0,0
3317965,0.000,0.000,0.0,0,0.000,0.000,0.0,0
3318005,0.000,0.000,0.0,0,0.000,0.000,0.0,0
3318045,0.000,0.000,0.0,0,0.000,0.000,0.0,0
3318085,0.000,0.000,0.0,0,0.000,0.000,0.0,0
3318125,0.000,0.000,0.0,0,0.000,0.000,0.0,0
3318165,0.000,0.000,0.0,0,0.000,0.000,0.0,0
3318205,0.000,0.000,0.0,0,0.000,0.000,0.0,0
3318245,0.000,0.000,0.0,0,0.000,0.000,0.0,0
3318285,0.000,0.000,0.0,0,0.000,0.000,0.0,0
3318325,0.000,0.000,0.0,0,0.000,0.000,0.0,0
3318365,0.000,0.000,0.0,0,0.000,0.000,0.0,0
3318405,0.000,0.000,0.0,0,0.000,0.000,0.0,0
3318445,0.000,0.000,0.0,0,0.000,0.000,0.0,0
3318485,0.000,0.000,0.0,0,0.000,0.000,0.0,0
3318525,0.000,0.000,0.0,0,0.000,0.000,0.0,0
3318565,0.000,0.000,0.0,0,0.000,0.000,0.0,0
3318605,0.000,0.000,0.0,0,0.000,0.000,0.0,0
3318645,0.000,0.000,0.0,0,0.000,0.000,0.0,0
3318685,0.000,0.000,0.0,0,0.000,0.000,0.0,0
3318725,0.000,0.000,0.0,0,0.000,0.000,0.0,0
