[0.000000] (-) TimerEvent: {}
[0.000492] (modubot_joystick) JobQueued: {'identifier': 'modubot_joystick', 'dependencies': OrderedDict()}
[0.000743] (modubot_model_description) JobQueued: {'identifier': 'modubot_model_description', 'dependencies': OrderedDict()}
[0.000911] (modubot_nav2) JobQueued: {'identifier': 'modubot_nav2', 'dependencies': OrderedDict()}
[0.001049] (modubot_odom) JobQueued: {'identifier': 'modubot_odom', 'dependencies': OrderedDict()}
[0.004454] (modubot_teleop) JobQueued: {'identifier': 'modubot_teleop', 'dependencies': OrderedDict()}
[0.004586] (rplidar_ros) JobQueued: {'identifier': 'rplidar_ros', 'dependencies': OrderedDict()}
[0.004680] (teleop_twist_keyboard) JobQueued: {'identifier': 'teleop_twist_keyboard', 'dependencies': OrderedDict()}
[0.004828] (modubot_joystick) JobStarted: {'identifier': 'modubot_joystick'}
[0.028348] (modubot_model_description) JobStarted: {'identifier': 'modubot_model_description'}
[0.042357] (modubot_nav2) JobStarted: {'identifier': 'modubot_nav2'}
[0.055740] (modubot_odom) JobStarted: {'identifier': 'modubot_odom'}
[0.087630] (modubot_joystick) JobProgress: {'identifier': 'modubot_joystick', 'progress': 'cmake'}
[0.090663] (modubot_joystick) Command: {'cmd': ['/usr/bin/cmake', '/workspace/modubot_ws/src/modubot_joystick', '-DAMENT_CMAKE_SYMLINK_INSTALL=1', '-DCMAKE_INSTALL_PREFIX=/workspace/install/modubot_joystick'], 'cwd': '/workspace/build/modubot_joystick', 'env': OrderedDict([('HOSTNAME', 'nano'), ('SHLVL', '1'), ('LD_LIBRARY_PATH', '/opt/ros/humble/opt/rviz_ogre_vendor/lib:/opt/ros/humble/lib/aarch64-linux-gnu:/opt/ros/humble/lib'), ('HOME', '/root'), ('ROS_PYTHON_VERSION', '3'), ('ROS_DISTRO', 'humble'), ('_', '/usr/bin/colcon'), ('ROS_VERSION', '2'), ('TERM', 'xterm'), ('ROS_LOCALHOST_ONLY', '0'), ('QT_X11_NO_MITSHM', '1'), ('PATH', '/opt/ros/humble/bin:/usr/local/sbin:/usr/local/bin:/usr/sbin:/usr/bin:/sbin:/bin'), ('DISPLAY', ':0'), ('LANG', 'en_US.UTF-8'), ('XAUTHORITY', '/tmp/.Xauthority'), ('LS_COLORS', 'rs=0:di=01;34:ln=01;36:mh=00:pi=40;33:so=01;35:do=01;35:bd=40;33;01:cd=40;33;01:or=40;31;01:mi=00:su=37;41:sg=30;43:ca=30;41:tw=30;42:ow=34;42:st=37;44:ex=01;32:*.tar=01;31:*.tgz=01;31:*.arc=01;31:*.arj=01;31:*.taz=01;31:*.lha=01;31:*.lz4=01;31:*.lzh=01;31:*.lzma=01;31:*.tlz=01;31:*.txz=01;31:*.tzo=01;31:*.t7z=01;31:*.zip=01;31:*.z=01;31:*.dz=01;31:*.gz=01;31:*.lrz=01;31:*.lz=01;31:*.lzo=01;31:*.xz=01;31:*.zst=01;31:*.tzst=01;31:*.bz2=01;31:*.bz=01;31:*.tbz=01;31:*.tbz2=01;31:*.tz=01;31:*.deb=01;31:*.rpm=01;31:*.jar=01;31:*.war=01;31:*.ear=01;31:*.sar=01;31:*.rar=01;31:*.alz=01;31:*.ace=01;31:*.zoo=01;31:*.cpio=01;31:*.7z=01;31:*.rz=01;31:*.cab=01;31:*.wim=01;31:*.swm=01;31:*.dwm=01;31:*.esd=01;31:*.jpg=01;35:*.jpeg=01;35:*.mjpg=01;35:*.mjpeg=01;35:*.gif=01;35:*.bmp=01;35:*.pbm=01;35:*.pgm=01;35:*.ppm=01;35:*.tga=01;35:*.xbm=01;35:*.xpm=01;35:*.tif=01;35:*.tiff=01;35:*.png=01;35:*.svg=01;35:*.svgz=01;35:*.mng=01;35:*.pcx=01;35:*.mov=01;35:*.mpg=01;35:*.mpeg=01;35:*.m2v=01;35:*.mkv=01;35:*.webm=01;35:*.webp=01;35:*.ogm=01;35:*.mp4=01;35:*.m4v=01;35:*.mp4v=01;35:*.vob=01;35:*.qt=01;35:*.nuv=01;35:*.wmv=01;35:*.asf=01;35:*.rm=01;35:*.rmvb=01;35:*.flc=01;35:*.avi=01;35:*.fli=01;35:*.flv=01;35:*.gl=01;35:*.dl=01;35:*.xcf=01;35:*.xwd=01;35:*.yuv=01;35:*.cgm=01;35:*.emf=01;35:*.ogv=01;35:*.ogx=01;35:*.aac=00;36:*.au=00;36:*.flac=00;36:*.m4a=00;36:*.mid=00;36:*.midi=00;36:*.mka=00;36:*.mp3=00;36:*.mpc=00;36:*.ogg=00;36:*.ra=00;36:*.wav=00;36:*.oga=00;36:*.opus=00;36:*.spx=00;36:*.xspf=00;36:'), ('AMENT_PREFIX_PATH', '/opt/ros/humble'), ('DEBIAN_FRONTEND', 'noninteractive'), ('PWD', '/workspace/build/modubot_joystick'), ('LC_ALL', 'en_US.UTF-8'), ('PYTHONPATH', '/opt/ros/humble/lib/python3.10/site-packages:/opt/ros/humble/local/lib/python3.10/dist-packages'), ('COLCON', '1'), ('CMAKE_PREFIX_PATH', '/opt/ros/humble')]), 'shell': False}
[0.098102] (modubot_model_description) JobProgress: {'identifier': 'modubot_model_description', 'progress': 'cmake'}
[0.098979] (-) TimerEvent: {}
[0.108631] (modubot_model_description) Command: {'cmd': ['/usr/bin/cmake', '/workspace/modubot_ws/src/modubot_model_description', '-DAMENT_CMAKE_SYMLINK_INSTALL=1', '-DCMAKE_INSTALL_PREFIX=/workspace/install/modubot_model_description'], 'cwd': '/workspace/build/modubot_model_description', 'env': OrderedDict([('HOSTNAME', 'nano'), ('SHLVL', '1'), ('LD_LIBRARY_PATH', '/opt/ros/humble/opt/rviz_ogre_vendor/lib:/opt/ros/humble/lib/aarch64-linux-gnu:/opt/ros/humble/lib'), ('HOME', '/root'), ('ROS_PYTHON_VERSION', '3'), ('ROS_DISTRO', 'humble'), ('_', '/usr/bin/colcon'), ('ROS_VERSION', '2'), ('TERM', 'xterm'), ('ROS_LOCALHOST_ONLY', '0'), ('QT_X11_NO_MITSHM', '1'), ('PATH', '/opt/ros/humble/bin:/usr/local/sbin:/usr/local/bin:/usr/sbin:/usr/bin:/sbin:/bin'), ('DISPLAY', ':0'), ('LANG', 'en_US.UTF-8'), ('XAUTHORITY', '/tmp/.Xauthority'), ('LS_COLORS', 'rs=0:di=01;34:ln=01;36:mh=00:pi=40;33:so=01;35:do=01;35:bd=40;33;01:cd=40;33;01:or=40;31;01:mi=00:su=37;41:sg=30;43:ca=30;41:tw=30;42:ow=34;42:st=37;44:ex=01;32:*.tar=01;31:*.tgz=01;31:*.arc=01;31:*.arj=01;31:*.taz=01;31:*.lha=01;31:*.lz4=01;31:*.lzh=01;31:*.lzma=01;31:*.tlz=01;31:*.txz=01;31:*.tzo=01;31:*.t7z=01;31:*.zip=01;31:*.z=01;31:*.dz=01;31:*.gz=01;31:*.lrz=01;31:*.lz=01;31:*.lzo=01;31:*.xz=01;31:*.zst=01;31:*.tzst=01;31:*.bz2=01;31:*.bz=01;31:*.tbz=01;31:*.tbz2=01;31:*.tz=01;31:*.deb=01;31:*.rpm=01;31:*.jar=01;31:*.war=01;31:*.ear=01;31:*.sar=01;31:*.rar=01;31:*.alz=01;31:*.ace=01;31:*.zoo=01;31:*.cpio=01;31:*.7z=01;31:*.rz=01;31:*.cab=01;31:*.wim=01;31:*.swm=01;31:*.dwm=01;31:*.esd=01;31:*.jpg=01;35:*.jpeg=01;35:*.mjpg=01;35:*.mjpeg=01;35:*.gif=01;35:*.bmp=01;35:*.pbm=01;35:*.pgm=01;35:*.ppm=01;35:*.tga=01;35:*.xbm=01;35:*.xpm=01;35:*.tif=01;35:*.tiff=01;35:*.png=01;35:*.svg=01;35:*.svgz=01;35:*.mng=01;35:*.pcx=01;35:*.mov=01;35:*.mpg=01;35:*.mpeg=01;35:*.m2v=01;35:*.mkv=01;35:*.webm=01;35:*.webp=01;35:*.ogm=01;35:*.mp4=01;35:*.m4v=01;35:*.mp4v=01;35:*.vob=01;35:*.qt=01;35:*.nuv=01;35:*.wmv=01;35:*.asf=01;35:*.rm=01;35:*.rmvb=01;35:*.flc=01;35:*.avi=01;35:*.fli=01;35:*.flv=01;35:*.gl=01;35:*.dl=01;35:*.xcf=01;35:*.xwd=01;35:*.yuv=01;35:*.cgm=01;35:*.emf=01;35:*.ogv=01;35:*.ogx=01;35:*.aac=00;36:*.au=00;36:*.flac=00;36:*.m4a=00;36:*.mid=00;36:*.midi=00;36:*.mka=00;36:*.mp3=00;36:*.mpc=00;36:*.ogg=00;36:*.ra=00;36:*.wav=00;36:*.oga=00;36:*.opus=00;36:*.spx=00;36:*.xspf=00;36:'), ('AMENT_PREFIX_PATH', '/opt/ros/humble'), ('DEBIAN_FRONTEND', 'noninteractive'), ('PWD', '/workspace/build/modubot_model_description'), ('LC_ALL', 'en_US.UTF-8'), ('PYTHONPATH', '/opt/ros/humble/lib/python3.10/site-packages:/opt/ros/humble/local/lib/python3.10/dist-packages'), ('COLCON', '1'), ('CMAKE_PREFIX_PATH', '/opt/ros/humble')]), 'shell': False}
[0.114413] (modubot_nav2) JobProgress: {'identifier': 'modubot_nav2', 'progress': 'cmake'}
[0.118438] (modubot_nav2) Command: {'cmd': ['/usr/bin/cmake', '/workspace/modubot_ws/src/modubot_nav2', '-DAMENT_CMAKE_SYMLINK_INSTALL=1', '-DCMAKE_INSTALL_PREFIX=/workspace/install/modubot_nav2'], 'cwd': '/workspace/build/modubot_nav2', 'env': OrderedDict([('HOSTNAME', 'nano'), ('SHLVL', '1'), ('LD_LIBRARY_PATH', '/opt/ros/humble/opt/rviz_ogre_vendor/lib:/opt/ros/humble/lib/aarch64-linux-gnu:/opt/ros/humble/lib'), ('HOME', '/root'), ('ROS_PYTHON_VERSION', '3'), ('ROS_DISTRO', 'humble'), ('_', '/usr/bin/colcon'), ('ROS_VERSION', '2'), ('TERM', 'xterm'), ('ROS_LOCALHOST_ONLY', '0'), ('QT_X11_NO_MITSHM', '1'), ('PATH', '/opt/ros/humble/bin:/usr/local/sbin:/usr/local/bin:/usr/sbin:/usr/bin:/sbin:/bin'), ('DISPLAY', ':0'), ('LANG', 'en_US.UTF-8'), ('XAUTHORITY', '/tmp/.Xauthority'), ('LS_COLORS', 'rs=0:di=01;34:ln=01;36:mh=00:pi=40;33:so=01;35:do=01;35:bd=40;33;01:cd=40;33;01:or=40;31;01:mi=00:su=37;41:sg=30;43:ca=30;41:tw=30;42:ow=34;42:st=37;44:ex=01;32:*.tar=01;31:*.tgz=01;31:*.arc=01;31:*.arj=01;31:*.taz=01;31:*.lha=01;31:*.lz4=01;31:*.lzh=01;31:*.lzma=01;31:*.tlz=01;31:*.txz=01;31:*.tzo=01;31:*.t7z=01;31:*.zip=01;31:*.z=01;31:*.dz=01;31:*.gz=01;31:*.lrz=01;31:*.lz=01;31:*.lzo=01;31:*.xz=01;31:*.zst=01;31:*.tzst=01;31:*.bz2=01;31:*.bz=01;31:*.tbz=01;31:*.tbz2=01;31:*.tz=01;31:*.deb=01;31:*.rpm=01;31:*.jar=01;31:*.war=01;31:*.ear=01;31:*.sar=01;31:*.rar=01;31:*.alz=01;31:*.ace=01;31:*.zoo=01;31:*.cpio=01;31:*.7z=01;31:*.rz=01;31:*.cab=01;31:*.wim=01;31:*.swm=01;31:*.dwm=01;31:*.esd=01;31:*.jpg=01;35:*.jpeg=01;35:*.mjpg=01;35:*.mjpeg=01;35:*.gif=01;35:*.bmp=01;35:*.pbm=01;35:*.pgm=01;35:*.ppm=01;35:*.tga=01;35:*.xbm=01;35:*.xpm=01;35:*.tif=01;35:*.tiff=01;35:*.png=01;35:*.svg=01;35:*.svgz=01;35:*.mng=01;35:*.pcx=01;35:*.mov=01;35:*.mpg=01;35:*.mpeg=01;35:*.m2v=01;35:*.mkv=01;35:*.webm=01;35:*.webp=01;35:*.ogm=01;35:*.mp4=01;35:*.m4v=01;35:*.mp4v=01;35:*.vob=01;35:*.qt=01;35:*.nuv=01;35:*.wmv=01;35:*.asf=01;35:*.rm=01;35:*.rmvb=01;35:*.flc=01;35:*.avi=01;35:*.fli=01;35:*.flv=01;35:*.gl=01;35:*.dl=01;35:*.xcf=01;35:*.xwd=01;35:*.yuv=01;35:*.cgm=01;35:*.emf=01;35:*.ogv=01;35:*.ogx=01;35:*.aac=00;36:*.au=00;36:*.flac=00;36:*.m4a=00;36:*.mid=00;36:*.midi=00;36:*.mka=00;36:*.mp3=00;36:*.mpc=00;36:*.ogg=00;36:*.ra=00;36:*.wav=00;36:*.oga=00;36:*.opus=00;36:*.spx=00;36:*.xspf=00;36:'), ('AMENT_PREFIX_PATH', '/opt/ros/humble'), ('DEBIAN_FRONTEND', 'noninteractive'), ('PWD', '/workspace/build/modubot_nav2'), ('LC_ALL', 'en_US.UTF-8'), ('PYTHONPATH', '/opt/ros/humble/lib/python3.10/site-packages:/opt/ros/humble/local/lib/python3.10/dist-packages'), ('COLCON', '1'), ('CMAKE_PREFIX_PATH', '/opt/ros/humble')]), 'shell': False}
[0.199161] (-) TimerEvent: {}
[0.299950] (-) TimerEvent: {}
[0.400845] (-) TimerEvent: {}
[0.502596] (-) TimerEvent: {}
[0.604862] (-) TimerEvent: {}
[0.707148] (-) TimerEvent: {}
[0.808117] (-) TimerEvent: {}
[0.908908] (-) TimerEvent: {}
[1.009899] (-) TimerEvent: {}
[1.111956] (-) TimerEvent: {}
[1.213714] (-) TimerEvent: {}
[1.315266] (-) TimerEvent: {}
[1.364154] (modubot_joystick) StdoutLine: {'line': b'-- The CXX compiler identification is GNU 11.4.0\n'}
[1.364950] (modubot_joystick) StdoutLine: {'line': b'-- Detecting CXX compiler ABI info\n'}
[1.365573] (modubot_joystick) StdoutLine: {'line': b'-- Detecting CXX compiler ABI info - done\n'}
[1.366112] (modubot_joystick) StdoutLine: {'line': b'-- Check for working CXX compiler: /usr/bin/c++ - skipped\n'}
[1.367593] (modubot_joystick) StdoutLine: {'line': b'-- Detecting CXX compile features\n'}
[1.368120] (modubot_joystick) StdoutLine: {'line': b'-- Detecting CXX compile features - done\n'}
[1.368564] (modubot_joystick) StdoutLine: {'line': b'-- Found ament_cmake: 1.3.12 (/opt/ros/humble/share/ament_cmake/cmake)\n'}
[1.381659] (modubot_model_description) StdoutLine: {'line': b'-- The CXX compiler identification is GNU 11.4.0\n'}
[1.382426] (modubot_model_description) StdoutLine: {'line': b'-- Detecting CXX compiler ABI info\n'}
[1.382916] (modubot_model_description) StdoutLine: {'line': b'-- Detecting CXX compiler ABI info - done\n'}
[1.383351] (modubot_model_description) StdoutLine: {'line': b'-- Check for working CXX compiler: /usr/bin/c++ - skipped\n'}
[1.383855] (modubot_model_description) StdoutLine: {'line': b'-- Detecting CXX compile features\n'}
[1.384298] (modubot_model_description) StdoutLine: {'line': b'-- Detecting CXX compile features - done\n'}
[1.384720] (modubot_model_description) StdoutLine: {'line': b'-- Found ament_cmake: 1.3.12 (/opt/ros/humble/share/ament_cmake/cmake)\n'}
[1.386430] (modubot_nav2) StdoutLine: {'line': b'-- The CXX compiler identification is GNU 11.4.0\n'}
[1.387041] (modubot_nav2) StdoutLine: {'line': b'-- Detecting CXX compiler ABI info\n'}
[1.387461] (modubot_nav2) StdoutLine: {'line': b'-- Detecting CXX compiler ABI info - done\n'}
[1.387887] (modubot_nav2) StdoutLine: {'line': b'-- Check for working CXX compiler: /usr/bin/c++ - skipped\n'}
[1.388305] (modubot_nav2) StdoutLine: {'line': b'-- Detecting CXX compile features\n'}
[1.388727] (modubot_nav2) StdoutLine: {'line': b'-- Detecting CXX compile features - done\n'}
[1.389150] (modubot_nav2) StdoutLine: {'line': b'-- Found ament_cmake: 1.3.12 (/opt/ros/humble/share/ament_cmake/cmake)\n'}
[1.415445] (-) TimerEvent: {}
[1.483154] (modubot_nav2) StdoutLine: {'line': b'-- Found Python3: /usr/bin/python3 (found version "3.10.12") found components: Interpreter \n'}
[1.514454] (modubot_model_description) StdoutLine: {'line': b'-- Found Python3: /usr/bin/python3 (found version "3.10.12") found components: Interpreter \n'}
[1.515594] (-) TimerEvent: {}
[1.559985] (modubot_joystick) StdoutLine: {'line': b'-- Found Python3: /usr/bin/python3 (found version "3.10.12") found components: Interpreter \n'}
[1.615783] (-) TimerEvent: {}
[1.716576] (-) TimerEvent: {}
[1.818423] (-) TimerEvent: {}
[1.848304] (modubot_nav2) StdoutLine: {'line': b'-- Override CMake install command with custom implementation using symlinks instead of copying resources\n'}
[1.849776] (modubot_model_description) StdoutLine: {'line': b'-- Override CMake install command with custom implementation using symlinks instead of copying resources\n'}
[1.902471] (modubot_joystick) StdoutLine: {'line': b'-- Override CMake install command with custom implementation using symlinks instead of copying resources\n'}
[1.918575] (-) TimerEvent: {}
[2.020740] (-) TimerEvent: {}
[2.119700] (modubot_model_description) StdoutLine: {'line': b'-- Found ament_lint_auto: 0.12.14 (/opt/ros/humble/share/ament_lint_auto/cmake)\n'}
[2.120640] (modubot_nav2) StdoutLine: {'line': b'-- Found ament_lint_auto: 0.12.14 (/opt/ros/humble/share/ament_lint_auto/cmake)\n'}
[2.121148] (-) TimerEvent: {}
[2.222980] (-) TimerEvent: {}
[2.323718] (-) TimerEvent: {}
[2.424468] (-) TimerEvent: {}
[2.449404] (modubot_joystick) StdoutLine: {'line': b'-- Configuring done\n'}
[2.468017] (modubot_joystick) StdoutLine: {'line': b'-- Generating done\n'}
[2.473504] (modubot_joystick) StdoutLine: {'line': b'-- Build files have been written to: /workspace/build/modubot_joystick\n'}
[2.486251] (modubot_joystick) CommandEnded: {'returncode': 0}
[2.491244] (modubot_joystick) JobProgress: {'identifier': 'modubot_joystick', 'progress': 'build'}
[2.491439] (modubot_joystick) Command: {'cmd': ['/usr/bin/cmake', '--build', '/workspace/build/modubot_joystick', '--', '-j4', '-l4'], 'cwd': '/workspace/build/modubot_joystick', 'env': OrderedDict([('HOSTNAME', 'nano'), ('SHLVL', '1'), ('LD_LIBRARY_PATH', '/opt/ros/humble/opt/rviz_ogre_vendor/lib:/opt/ros/humble/lib/aarch64-linux-gnu:/opt/ros/humble/lib'), ('HOME', '/root'), ('ROS_PYTHON_VERSION', '3'), ('ROS_DISTRO', 'humble'), ('_', '/usr/bin/colcon'), ('ROS_VERSION', '2'), ('TERM', 'xterm'), ('ROS_LOCALHOST_ONLY', '0'), ('QT_X11_NO_MITSHM', '1'), ('PATH', '/opt/ros/humble/bin:/usr/local/sbin:/usr/local/bin:/usr/sbin:/usr/bin:/sbin:/bin'), ('DISPLAY', ':0'), ('LANG', 'en_US.UTF-8'), ('XAUTHORITY', '/tmp/.Xauthority'), ('LS_COLORS', 'rs=0:di=01;34:ln=01;36:mh=00:pi=40;33:so=01;35:do=01;35:bd=40;33;01:cd=40;33;01:or=40;31;01:mi=00:su=37;41:sg=30;43:ca=30;41:tw=30;42:ow=34;42:st=37;44:ex=01;32:*.tar=01;31:*.tgz=01;31:*.arc=01;31:*.arj=01;31:*.taz=01;31:*.lha=01;31:*.lz4=01;31:*.lzh=01;31:*.lzma=01;31:*.tlz=01;31:*.txz=01;31:*.tzo=01;31:*.t7z=01;31:*.zip=01;31:*.z=01;31:*.dz=01;31:*.gz=01;31:*.lrz=01;31:*.lz=01;31:*.lzo=01;31:*.xz=01;31:*.zst=01;31:*.tzst=01;31:*.bz2=01;31:*.bz=01;31:*.tbz=01;31:*.tbz2=01;31:*.tz=01;31:*.deb=01;31:*.rpm=01;31:*.jar=01;31:*.war=01;31:*.ear=01;31:*.sar=01;31:*.rar=01;31:*.alz=01;31:*.ace=01;31:*.zoo=01;31:*.cpio=01;31:*.7z=01;31:*.rz=01;31:*.cab=01;31:*.wim=01;31:*.swm=01;31:*.dwm=01;31:*.esd=01;31:*.jpg=01;35:*.jpeg=01;35:*.mjpg=01;35:*.mjpeg=01;35:*.gif=01;35:*.bmp=01;35:*.pbm=01;35:*.pgm=01;35:*.ppm=01;35:*.tga=01;35:*.xbm=01;35:*.xpm=01;35:*.tif=01;35:*.tiff=01;35:*.png=01;35:*.svg=01;35:*.svgz=01;35:*.mng=01;35:*.pcx=01;35:*.mov=01;35:*.mpg=01;35:*.mpeg=01;35:*.m2v=01;35:*.mkv=01;35:*.webm=01;35:*.webp=01;35:*.ogm=01;35:*.mp4=01;35:*.m4v=01;35:*.mp4v=01;35:*.vob=01;35:*.qt=01;35:*.nuv=01;35:*.wmv=01;35:*.asf=01;35:*.rm=01;35:*.rmvb=01;35:*.flc=01;35:*.avi=01;35:*.fli=01;35:*.flv=01;35:*.gl=01;35:*.dl=01;35:*.xcf=01;35:*.xwd=01;35:*.yuv=01;35:*.cgm=01;35:*.emf=01;35:*.ogv=01;35:*.ogx=01;35:*.aac=00;36:*.au=00;36:*.flac=00;36:*.m4a=00;36:*.mid=00;36:*.midi=00;36:*.mka=00;36:*.mp3=00;36:*.mpc=00;36:*.ogg=00;36:*.ra=00;36:*.wav=00;36:*.oga=00;36:*.opus=00;36:*.spx=00;36:*.xspf=00;36:'), ('AMENT_PREFIX_PATH', '/opt/ros/humble'), ('DEBIAN_FRONTEND', 'noninteractive'), ('PWD', '/workspace/build/modubot_joystick'), ('LC_ALL', 'en_US.UTF-8'), ('PYTHONPATH', '/opt/ros/humble/lib/python3.10/site-packages:/opt/ros/humble/local/lib/python3.10/dist-packages'), ('COLCON', '1'), ('CMAKE_PREFIX_PATH', '/opt/ros/humble')]), 'shell': False}
[2.524648] (-) TimerEvent: {}
[2.613051] (modubot_model_description) StdoutLine: {'line': b"-- Added test 'lint_cmake' to check CMake code style\n"}
[2.615082] (modubot_nav2) StdoutLine: {'line': b"-- Added test 'flake8' to check Python code syntax and style conventions\n"}
[2.618827] (modubot_nav2) StdoutLine: {'line': b"-- Added test 'lint_cmake' to check CMake code style\n"}
[2.620856] (modubot_model_description) StdoutLine: {'line': b"-- Added test 'xmllint' to check XML markup files\n"}
[2.624062] (modubot_nav2) StdoutLine: {'line': b"-- Added test 'pep257' to check Python code against some of the docstring style conventions in PEP 257\n"}
[2.624637] (-) TimerEvent: {}
[2.630349] (modubot_model_description) StdoutLine: {'line': b'-- Configuring done\n'}
[2.630885] (modubot_joystick) CommandEnded: {'returncode': 0}
[2.633701] (modubot_joystick) JobProgress: {'identifier': 'modubot_joystick', 'progress': 'install'}
[2.633906] (modubot_nav2) StdoutLine: {'line': b"-- Added test 'xmllint' to check XML markup files\n"}
[2.638135] (modubot_nav2) StdoutLine: {'line': b'-- Configuring done\n'}
[2.640833] (modubot_model_description) StdoutLine: {'line': b'-- Generating done\n'}
[2.647090] (modubot_model_description) StdoutLine: {'line': b'-- Build files have been written to: /workspace/build/modubot_model_description\n'}
[2.653883] (modubot_nav2) StdoutLine: {'line': b'-- Generating done\n'}
[2.661628] (modubot_nav2) StdoutLine: {'line': b'-- Build files have been written to: /workspace/build/modubot_nav2\n'}
[2.667105] (modubot_joystick) Command: {'cmd': ['/usr/bin/cmake', '--install', '/workspace/build/modubot_joystick'], 'cwd': '/workspace/build/modubot_joystick', 'env': OrderedDict([('HOSTNAME', 'nano'), ('SHLVL', '1'), ('LD_LIBRARY_PATH', '/opt/ros/humble/opt/rviz_ogre_vendor/lib:/opt/ros/humble/lib/aarch64-linux-gnu:/opt/ros/humble/lib'), ('HOME', '/root'), ('ROS_PYTHON_VERSION', '3'), ('ROS_DISTRO', 'humble'), ('_', '/usr/bin/colcon'), ('ROS_VERSION', '2'), ('TERM', 'xterm'), ('ROS_LOCALHOST_ONLY', '0'), ('QT_X11_NO_MITSHM', '1'), ('PATH', '/opt/ros/humble/bin:/usr/local/sbin:/usr/local/bin:/usr/sbin:/usr/bin:/sbin:/bin'), ('DISPLAY', ':0'), ('LANG', 'en_US.UTF-8'), ('XAUTHORITY', '/tmp/.Xauthority'), ('LS_COLORS', 'rs=0:di=01;34:ln=01;36:mh=00:pi=40;33:so=01;35:do=01;35:bd=40;33;01:cd=40;33;01:or=40;31;01:mi=00:su=37;41:sg=30;43:ca=30;41:tw=30;42:ow=34;42:st=37;44:ex=01;32:*.tar=01;31:*.tgz=01;31:*.arc=01;31:*.arj=01;31:*.taz=01;31:*.lha=01;31:*.lz4=01;31:*.lzh=01;31:*.lzma=01;31:*.tlz=01;31:*.txz=01;31:*.tzo=01;31:*.t7z=01;31:*.zip=01;31:*.z=01;31:*.dz=01;31:*.gz=01;31:*.lrz=01;31:*.lz=01;31:*.lzo=01;31:*.xz=01;31:*.zst=01;31:*.tzst=01;31:*.bz2=01;31:*.bz=01;31:*.tbz=01;31:*.tbz2=01;31:*.tz=01;31:*.deb=01;31:*.rpm=01;31:*.jar=01;31:*.war=01;31:*.ear=01;31:*.sar=01;31:*.rar=01;31:*.alz=01;31:*.ace=01;31:*.zoo=01;31:*.cpio=01;31:*.7z=01;31:*.rz=01;31:*.cab=01;31:*.wim=01;31:*.swm=01;31:*.dwm=01;31:*.esd=01;31:*.jpg=01;35:*.jpeg=01;35:*.mjpg=01;35:*.mjpeg=01;35:*.gif=01;35:*.bmp=01;35:*.pbm=01;35:*.pgm=01;35:*.ppm=01;35:*.tga=01;35:*.xbm=01;35:*.xpm=01;35:*.tif=01;35:*.tiff=01;35:*.png=01;35:*.svg=01;35:*.svgz=01;35:*.mng=01;35:*.pcx=01;35:*.mov=01;35:*.mpg=01;35:*.mpeg=01;35:*.m2v=01;35:*.mkv=01;35:*.webm=01;35:*.webp=01;35:*.ogm=01;35:*.mp4=01;35:*.m4v=01;35:*.mp4v=01;35:*.vob=01;35:*.qt=01;35:*.nuv=01;35:*.wmv=01;35:*.asf=01;35:*.rm=01;35:*.rmvb=01;35:*.flc=01;35:*.avi=01;35:*.fli=01;35:*.flv=01;35:*.gl=01;35:*.dl=01;35:*.xcf=01;35:*.xwd=01;35:*.yuv=01;35:*.cgm=01;35:*.emf=01;35:*.ogv=01;35:*.ogx=01;35:*.aac=00;36:*.au=00;36:*.flac=00;36:*.m4a=00;36:*.mid=00;36:*.midi=00;36:*.mka=00;36:*.mp3=00;36:*.mpc=00;36:*.ogg=00;36:*.ra=00;36:*.wav=00;36:*.oga=00;36:*.opus=00;36:*.spx=00;36:*.xspf=00;36:'), ('AMENT_PREFIX_PATH', '/opt/ros/humble'), ('DEBIAN_FRONTEND', 'noninteractive'), ('PWD', '/workspace/build/modubot_joystick'), ('LC_ALL', 'en_US.UTF-8'), ('PYTHONPATH', '/opt/ros/humble/lib/python3.10/site-packages:/opt/ros/humble/local/lib/python3.10/dist-packages'), ('COLCON', '1'), ('CMAKE_PREFIX_PATH', '/opt/ros/humble')]), 'shell': False}
[2.675780] (modubot_model_description) CommandEnded: {'returncode': 0}
[2.678311] (modubot_model_description) JobProgress: {'identifier': 'modubot_model_description', 'progress': 'build'}
[2.678484] (modubot_model_description) Command: {'cmd': ['/usr/bin/cmake', '--build', '/workspace/build/modubot_model_description', '--', '-j4', '-l4'], 'cwd': '/workspace/build/modubot_model_description', 'env': OrderedDict([('HOSTNAME', 'nano'), ('SHLVL', '1'), ('LD_LIBRARY_PATH', '/opt/ros/humble/opt/rviz_ogre_vendor/lib:/opt/ros/humble/lib/aarch64-linux-gnu:/opt/ros/humble/lib'), ('HOME', '/root'), ('ROS_PYTHON_VERSION', '3'), ('ROS_DISTRO', 'humble'), ('_', '/usr/bin/colcon'), ('ROS_VERSION', '2'), ('TERM', 'xterm'), ('ROS_LOCALHOST_ONLY', '0'), ('QT_X11_NO_MITSHM', '1'), ('PATH', '/opt/ros/humble/bin:/usr/local/sbin:/usr/local/bin:/usr/sbin:/usr/bin:/sbin:/bin'), ('DISPLAY', ':0'), ('LANG', 'en_US.UTF-8'), ('XAUTHORITY', '/tmp/.Xauthority'), ('LS_COLORS', 'rs=0:di=01;34:ln=01;36:mh=00:pi=40;33:so=01;35:do=01;35:bd=40;33;01:cd=40;33;01:or=40;31;01:mi=00:su=37;41:sg=30;43:ca=30;41:tw=30;42:ow=34;42:st=37;44:ex=01;32:*.tar=01;31:*.tgz=01;31:*.arc=01;31:*.arj=01;31:*.taz=01;31:*.lha=01;31:*.lz4=01;31:*.lzh=01;31:*.lzma=01;31:*.tlz=01;31:*.txz=01;31:*.tzo=01;31:*.t7z=01;31:*.zip=01;31:*.z=01;31:*.dz=01;31:*.gz=01;31:*.lrz=01;31:*.lz=01;31:*.lzo=01;31:*.xz=01;31:*.zst=01;31:*.tzst=01;31:*.bz2=01;31:*.bz=01;31:*.tbz=01;31:*.tbz2=01;31:*.tz=01;31:*.deb=01;31:*.rpm=01;31:*.jar=01;31:*.war=01;31:*.ear=01;31:*.sar=01;31:*.rar=01;31:*.alz=01;31:*.ace=01;31:*.zoo=01;31:*.cpio=01;31:*.7z=01;31:*.rz=01;31:*.cab=01;31:*.wim=01;31:*.swm=01;31:*.dwm=01;31:*.esd=01;31:*.jpg=01;35:*.jpeg=01;35:*.mjpg=01;35:*.mjpeg=01;35:*.gif=01;35:*.bmp=01;35:*.pbm=01;35:*.pgm=01;35:*.ppm=01;35:*.tga=01;35:*.xbm=01;35:*.xpm=01;35:*.tif=01;35:*.tiff=01;35:*.png=01;35:*.svg=01;35:*.svgz=01;35:*.mng=01;35:*.pcx=01;35:*.mov=01;35:*.mpg=01;35:*.mpeg=01;35:*.m2v=01;35:*.mkv=01;35:*.webm=01;35:*.webp=01;35:*.ogm=01;35:*.mp4=01;35:*.m4v=01;35:*.mp4v=01;35:*.vob=01;35:*.qt=01;35:*.nuv=01;35:*.wmv=01;35:*.asf=01;35:*.rm=01;35:*.rmvb=01;35:*.flc=01;35:*.avi=01;35:*.fli=01;35:*.flv=01;35:*.gl=01;35:*.dl=01;35:*.xcf=01;35:*.xwd=01;35:*.yuv=01;35:*.cgm=01;35:*.emf=01;35:*.ogv=01;35:*.ogx=01;35:*.aac=00;36:*.au=00;36:*.flac=00;36:*.m4a=00;36:*.mid=00;36:*.midi=00;36:*.mka=00;36:*.mp3=00;36:*.mpc=00;36:*.ogg=00;36:*.ra=00;36:*.wav=00;36:*.oga=00;36:*.opus=00;36:*.spx=00;36:*.xspf=00;36:'), ('AMENT_PREFIX_PATH', '/opt/ros/humble'), ('DEBIAN_FRONTEND', 'noninteractive'), ('PWD', '/workspace/build/modubot_model_description'), ('LC_ALL', 'en_US.UTF-8'), ('PYTHONPATH', '/opt/ros/humble/lib/python3.10/site-packages:/opt/ros/humble/local/lib/python3.10/dist-packages'), ('COLCON', '1'), ('CMAKE_PREFIX_PATH', '/opt/ros/humble')]), 'shell': False}
[2.685697] (modubot_nav2) CommandEnded: {'returncode': 0}
[2.687792] (modubot_nav2) JobProgress: {'identifier': 'modubot_nav2', 'progress': 'build'}
[2.688769] (modubot_nav2) Command: {'cmd': ['/usr/bin/cmake', '--build', '/workspace/build/modubot_nav2', '--', '-j4', '-l4'], 'cwd': '/workspace/build/modubot_nav2', 'env': OrderedDict([('HOSTNAME', 'nano'), ('SHLVL', '1'), ('LD_LIBRARY_PATH', '/opt/ros/humble/opt/rviz_ogre_vendor/lib:/opt/ros/humble/lib/aarch64-linux-gnu:/opt/ros/humble/lib'), ('HOME', '/root'), ('ROS_PYTHON_VERSION', '3'), ('ROS_DISTRO', 'humble'), ('_', '/usr/bin/colcon'), ('ROS_VERSION', '2'), ('TERM', 'xterm'), ('ROS_LOCALHOST_ONLY', '0'), ('QT_X11_NO_MITSHM', '1'), ('PATH', '/opt/ros/humble/bin:/usr/local/sbin:/usr/local/bin:/usr/sbin:/usr/bin:/sbin:/bin'), ('DISPLAY', ':0'), ('LANG', 'en_US.UTF-8'), ('XAUTHORITY', '/tmp/.Xauthority'), ('LS_COLORS', 'rs=0:di=01;34:ln=01;36:mh=00:pi=40;33:so=01;35:do=01;35:bd=40;33;01:cd=40;33;01:or=40;31;01:mi=00:su=37;41:sg=30;43:ca=30;41:tw=30;42:ow=34;42:st=37;44:ex=01;32:*.tar=01;31:*.tgz=01;31:*.arc=01;31:*.arj=01;31:*.taz=01;31:*.lha=01;31:*.lz4=01;31:*.lzh=01;31:*.lzma=01;31:*.tlz=01;31:*.txz=01;31:*.tzo=01;31:*.t7z=01;31:*.zip=01;31:*.z=01;31:*.dz=01;31:*.gz=01;31:*.lrz=01;31:*.lz=01;31:*.lzo=01;31:*.xz=01;31:*.zst=01;31:*.tzst=01;31:*.bz2=01;31:*.bz=01;31:*.tbz=01;31:*.tbz2=01;31:*.tz=01;31:*.deb=01;31:*.rpm=01;31:*.jar=01;31:*.war=01;31:*.ear=01;31:*.sar=01;31:*.rar=01;31:*.alz=01;31:*.ace=01;31:*.zoo=01;31:*.cpio=01;31:*.7z=01;31:*.rz=01;31:*.cab=01;31:*.wim=01;31:*.swm=01;31:*.dwm=01;31:*.esd=01;31:*.jpg=01;35:*.jpeg=01;35:*.mjpg=01;35:*.mjpeg=01;35:*.gif=01;35:*.bmp=01;35:*.pbm=01;35:*.pgm=01;35:*.ppm=01;35:*.tga=01;35:*.xbm=01;35:*.xpm=01;35:*.tif=01;35:*.tiff=01;35:*.png=01;35:*.svg=01;35:*.svgz=01;35:*.mng=01;35:*.pcx=01;35:*.mov=01;35:*.mpg=01;35:*.mpeg=01;35:*.m2v=01;35:*.mkv=01;35:*.webm=01;35:*.webp=01;35:*.ogm=01;35:*.mp4=01;35:*.m4v=01;35:*.mp4v=01;35:*.vob=01;35:*.qt=01;35:*.nuv=01;35:*.wmv=01;35:*.asf=01;35:*.rm=01;35:*.rmvb=01;35:*.flc=01;35:*.avi=01;35:*.fli=01;35:*.flv=01;35:*.gl=01;35:*.dl=01;35:*.xcf=01;35:*.xwd=01;35:*.yuv=01;35:*.cgm=01;35:*.emf=01;35:*.ogv=01;35:*.ogx=01;35:*.aac=00;36:*.au=00;36:*.flac=00;36:*.m4a=00;36:*.mid=00;36:*.midi=00;36:*.mka=00;36:*.mp3=00;36:*.mpc=00;36:*.ogg=00;36:*.ra=00;36:*.wav=00;36:*.oga=00;36:*.opus=00;36:*.spx=00;36:*.xspf=00;36:'), ('AMENT_PREFIX_PATH', '/opt/ros/humble'), ('DEBIAN_FRONTEND', 'noninteractive'), ('PWD', '/workspace/build/modubot_nav2'), ('LC_ALL', 'en_US.UTF-8'), ('PYTHONPATH', '/opt/ros/humble/lib/python3.10/site-packages:/opt/ros/humble/local/lib/python3.10/dist-packages'), ('COLCON', '1'), ('CMAKE_PREFIX_PATH', '/opt/ros/humble')]), 'shell': False}
[2.695366] (modubot_joystick) StdoutLine: {'line': b'-- Install configuration: ""\n'}
[2.695922] (modubot_joystick) StdoutLine: {'line': b'-- Execute custom install script\n'}
[2.699486] (modubot_joystick) StdoutLine: {'line': b'-- Symlinking: /workspace/install/modubot_joystick/share/modubot_joystick/launch/__pycache__/joystick_teleop.launch.cpython-36.pyc\n'}
[2.724909] (-) TimerEvent: {}
[2.732437] (modubot_joystick) StdoutLine: {'line': b'-- Symlinking: /workspace/install/modubot_joystick/share/modubot_joystick/launch/joystick_teleop.launch.py\n'}
[2.767545] (modubot_joystick) StdoutLine: {'line': b'-- Symlinking: /workspace/install/modubot_joystick/share/modubot_joystick/config/.source.swp\n'}
[2.796074] (modubot_joystick) StdoutLine: {'line': b'-- Symlinking: /workspace/install/modubot_joystick/share/modubot_joystick/config/teleop.yaml\n'}
[2.822446] (modubot_model_description) CommandEnded: {'returncode': 0}
[2.826364] (modubot_model_description) JobProgress: {'identifier': 'modubot_model_description', 'progress': 'install'}
[2.826584] (-) TimerEvent: {}
[2.827166] (modubot_model_description) Command: {'cmd': ['/usr/bin/cmake', '--install', '/workspace/build/modubot_model_description'], 'cwd': '/workspace/build/modubot_model_description', 'env': OrderedDict([('HOSTNAME', 'nano'), ('SHLVL', '1'), ('LD_LIBRARY_PATH', '/opt/ros/humble/opt/rviz_ogre_vendor/lib:/opt/ros/humble/lib/aarch64-linux-gnu:/opt/ros/humble/lib'), ('HOME', '/root'), ('ROS_PYTHON_VERSION', '3'), ('ROS_DISTRO', 'humble'), ('_', '/usr/bin/colcon'), ('ROS_VERSION', '2'), ('TERM', 'xterm'), ('ROS_LOCALHOST_ONLY', '0'), ('QT_X11_NO_MITSHM', '1'), ('PATH', '/opt/ros/humble/bin:/usr/local/sbin:/usr/local/bin:/usr/sbin:/usr/bin:/sbin:/bin'), ('DISPLAY', ':0'), ('LANG', 'en_US.UTF-8'), ('XAUTHORITY', '/tmp/.Xauthority'), ('LS_COLORS', 'rs=0:di=01;34:ln=01;36:mh=00:pi=40;33:so=01;35:do=01;35:bd=40;33;01:cd=40;33;01:or=40;31;01:mi=00:su=37;41:sg=30;43:ca=30;41:tw=30;42:ow=34;42:st=37;44:ex=01;32:*.tar=01;31:*.tgz=01;31:*.arc=01;31:*.arj=01;31:*.taz=01;31:*.lha=01;31:*.lz4=01;31:*.lzh=01;31:*.lzma=01;31:*.tlz=01;31:*.txz=01;31:*.tzo=01;31:*.t7z=01;31:*.zip=01;31:*.z=01;31:*.dz=01;31:*.gz=01;31:*.lrz=01;31:*.lz=01;31:*.lzo=01;31:*.xz=01;31:*.zst=01;31:*.tzst=01;31:*.bz2=01;31:*.bz=01;31:*.tbz=01;31:*.tbz2=01;31:*.tz=01;31:*.deb=01;31:*.rpm=01;31:*.jar=01;31:*.war=01;31:*.ear=01;31:*.sar=01;31:*.rar=01;31:*.alz=01;31:*.ace=01;31:*.zoo=01;31:*.cpio=01;31:*.7z=01;31:*.rz=01;31:*.cab=01;31:*.wim=01;31:*.swm=01;31:*.dwm=01;31:*.esd=01;31:*.jpg=01;35:*.jpeg=01;35:*.mjpg=01;35:*.mjpeg=01;35:*.gif=01;35:*.bmp=01;35:*.pbm=01;35:*.pgm=01;35:*.ppm=01;35:*.tga=01;35:*.xbm=01;35:*.xpm=01;35:*.tif=01;35:*.tiff=01;35:*.png=01;35:*.svg=01;35:*.svgz=01;35:*.mng=01;35:*.pcx=01;35:*.mov=01;35:*.mpg=01;35:*.mpeg=01;35:*.m2v=01;35:*.mkv=01;35:*.webm=01;35:*.webp=01;35:*.ogm=01;35:*.mp4=01;35:*.m4v=01;35:*.mp4v=01;35:*.vob=01;35:*.qt=01;35:*.nuv=01;35:*.wmv=01;35:*.asf=01;35:*.rm=01;35:*.rmvb=01;35:*.flc=01;35:*.avi=01;35:*.fli=01;35:*.flv=01;35:*.gl=01;35:*.dl=01;35:*.xcf=01;35:*.xwd=01;35:*.yuv=01;35:*.cgm=01;35:*.emf=01;35:*.ogv=01;35:*.ogx=01;35:*.aac=00;36:*.au=00;36:*.flac=00;36:*.m4a=00;36:*.mid=00;36:*.midi=00;36:*.mka=00;36:*.mp3=00;36:*.mpc=00;36:*.ogg=00;36:*.ra=00;36:*.wav=00;36:*.oga=00;36:*.opus=00;36:*.spx=00;36:*.xspf=00;36:'), ('AMENT_PREFIX_PATH', '/opt/ros/humble'), ('DEBIAN_FRONTEND', 'noninteractive'), ('PWD', '/workspace/build/modubot_model_description'), ('LC_ALL', 'en_US.UTF-8'), ('PYTHONPATH', '/opt/ros/humble/lib/python3.10/site-packages:/opt/ros/humble/local/lib/python3.10/dist-packages'), ('COLCON', '1'), ('CMAKE_PREFIX_PATH', '/opt/ros/humble')]), 'shell': False}
[2.828645] (modubot_joystick) StdoutLine: {'line': b'-- Symlinking: /workspace/install/modubot_joystick/share/ament_index/resource_index/package_run_dependencies/modubot_joystick\n'}
[2.842768] (modubot_nav2) CommandEnded: {'returncode': 0}
[2.844123] (modubot_nav2) JobProgress: {'identifier': 'modubot_nav2', 'progress': 'install'}
[2.844288] (modubot_nav2) Command: {'cmd': ['/usr/bin/cmake', '--install', '/workspace/build/modubot_nav2'], 'cwd': '/workspace/build/modubot_nav2', 'env': OrderedDict([('HOSTNAME', 'nano'), ('SHLVL', '1'), ('LD_LIBRARY_PATH', '/opt/ros/humble/opt/rviz_ogre_vendor/lib:/opt/ros/humble/lib/aarch64-linux-gnu:/opt/ros/humble/lib'), ('HOME', '/root'), ('ROS_PYTHON_VERSION', '3'), ('ROS_DISTRO', 'humble'), ('_', '/usr/bin/colcon'), ('ROS_VERSION', '2'), ('TERM', 'xterm'), ('ROS_LOCALHOST_ONLY', '0'), ('QT_X11_NO_MITSHM', '1'), ('PATH', '/opt/ros/humble/bin:/usr/local/sbin:/usr/local/bin:/usr/sbin:/usr/bin:/sbin:/bin'), ('DISPLAY', ':0'), ('LANG', 'en_US.UTF-8'), ('XAUTHORITY', '/tmp/.Xauthority'), ('LS_COLORS', 'rs=0:di=01;34:ln=01;36:mh=00:pi=40;33:so=01;35:do=01;35:bd=40;33;01:cd=40;33;01:or=40;31;01:mi=00:su=37;41:sg=30;43:ca=30;41:tw=30;42:ow=34;42:st=37;44:ex=01;32:*.tar=01;31:*.tgz=01;31:*.arc=01;31:*.arj=01;31:*.taz=01;31:*.lha=01;31:*.lz4=01;31:*.lzh=01;31:*.lzma=01;31:*.tlz=01;31:*.txz=01;31:*.tzo=01;31:*.t7z=01;31:*.zip=01;31:*.z=01;31:*.dz=01;31:*.gz=01;31:*.lrz=01;31:*.lz=01;31:*.lzo=01;31:*.xz=01;31:*.zst=01;31:*.tzst=01;31:*.bz2=01;31:*.bz=01;31:*.tbz=01;31:*.tbz2=01;31:*.tz=01;31:*.deb=01;31:*.rpm=01;31:*.jar=01;31:*.war=01;31:*.ear=01;31:*.sar=01;31:*.rar=01;31:*.alz=01;31:*.ace=01;31:*.zoo=01;31:*.cpio=01;31:*.7z=01;31:*.rz=01;31:*.cab=01;31:*.wim=01;31:*.swm=01;31:*.dwm=01;31:*.esd=01;31:*.jpg=01;35:*.jpeg=01;35:*.mjpg=01;35:*.mjpeg=01;35:*.gif=01;35:*.bmp=01;35:*.pbm=01;35:*.pgm=01;35:*.ppm=01;35:*.tga=01;35:*.xbm=01;35:*.xpm=01;35:*.tif=01;35:*.tiff=01;35:*.png=01;35:*.svg=01;35:*.svgz=01;35:*.mng=01;35:*.pcx=01;35:*.mov=01;35:*.mpg=01;35:*.mpeg=01;35:*.m2v=01;35:*.mkv=01;35:*.webm=01;35:*.webp=01;35:*.ogm=01;35:*.mp4=01;35:*.m4v=01;35:*.mp4v=01;35:*.vob=01;35:*.qt=01;35:*.nuv=01;35:*.wmv=01;35:*.asf=01;35:*.rm=01;35:*.rmvb=01;35:*.flc=01;35:*.avi=01;35:*.fli=01;35:*.flv=01;35:*.gl=01;35:*.dl=01;35:*.xcf=01;35:*.xwd=01;35:*.yuv=01;35:*.cgm=01;35:*.emf=01;35:*.ogv=01;35:*.ogx=01;35:*.aac=00;36:*.au=00;36:*.flac=00;36:*.m4a=00;36:*.mid=00;36:*.midi=00;36:*.mka=00;36:*.mp3=00;36:*.mpc=00;36:*.ogg=00;36:*.ra=00;36:*.wav=00;36:*.oga=00;36:*.opus=00;36:*.spx=00;36:*.xspf=00;36:'), ('AMENT_PREFIX_PATH', '/opt/ros/humble'), ('DEBIAN_FRONTEND', 'noninteractive'), ('PWD', '/workspace/build/modubot_nav2'), ('LC_ALL', 'en_US.UTF-8'), ('PYTHONPATH', '/opt/ros/humble/lib/python3.10/site-packages:/opt/ros/humble/local/lib/python3.10/dist-packages'), ('COLCON', '1'), ('CMAKE_PREFIX_PATH', '/opt/ros/humble')]), 'shell': False}
[2.860882] (modubot_joystick) StdoutLine: {'line': b'-- Symlinking: /workspace/install/modubot_joystick/share/ament_index/resource_index/parent_prefix_path/modubot_joystick\n'}
[2.865075] (modubot_model_description) StdoutLine: {'line': b'-- Install configuration: ""\n'}
[2.866461] (modubot_model_description) StdoutLine: {'line': b'-- Installing: /workspace/install/modubot_model_description/share/modubot_model_description/urdf\n'}
[2.866976] (modubot_model_description) StdoutLine: {'line': b'-- Installing: /workspace/install/modubot_model_description/share/modubot_model_description/urdf/modubot.urdf.xacro\n'}
[2.868709] (modubot_model_description) StdoutLine: {'line': b'-- Installing: /workspace/install/modubot_model_description/share/modubot_model_description/meshes\n'}
[2.869528] (modubot_model_description) StdoutLine: {'line': b'-- Installing: /workspace/install/modubot_model_description/share/modubot_model_description/meshes/Chassi_interno_modubot.stl\n'}
[2.872762] (modubot_nav2) StdoutLine: {'line': b'-- Install configuration: ""\n'}
[2.873537] (modubot_nav2) StdoutLine: {'line': b'-- Installing: /workspace/install/modubot_nav2/share/modubot_nav2/launch\n'}
[2.874147] (modubot_nav2) StdoutLine: {'line': b'-- Installing: /workspace/install/modubot_nav2/share/modubot_nav2/launch/nav2.launch.py\n'}
[2.881658] (modubot_odom) Command: {'cmd': ['/usr/bin/python3', '-W', 'ignore:setup.py install is deprecated', '-W', 'ignore:easy_install command is deprecated', 'setup.py', 'develop', '--editable', '--build-directory', '/workspace/build/modubot_odom/build', '--no-deps', 'symlink_data'], 'cwd': '/workspace/build/modubot_odom', 'env': {'HOSTNAME': 'nano', 'SHLVL': '1', 'LD_LIBRARY_PATH': '/opt/ros/humble/opt/rviz_ogre_vendor/lib:/opt/ros/humble/lib/aarch64-linux-gnu:/opt/ros/humble/lib', 'HOME': '/root', 'ROS_PYTHON_VERSION': '3', 'ROS_DISTRO': 'humble', '_': '/usr/bin/colcon', 'ROS_VERSION': '2', 'TERM': 'xterm', 'ROS_LOCALHOST_ONLY': '0', 'QT_X11_NO_MITSHM': '1', 'PATH': '/opt/ros/humble/bin:/usr/local/sbin:/usr/local/bin:/usr/sbin:/usr/bin:/sbin:/bin', 'DISPLAY': ':0', 'LANG': 'en_US.UTF-8', 'XAUTHORITY': '/tmp/.Xauthority', 'LS_COLORS': 'rs=0:di=01;34:ln=01;36:mh=00:pi=40;33:so=01;35:do=01;35:bd=40;33;01:cd=40;33;01:or=40;31;01:mi=00:su=37;41:sg=30;43:ca=30;41:tw=30;42:ow=34;42:st=37;44:ex=01;32:*.tar=01;31:*.tgz=01;31:*.arc=01;31:*.arj=01;31:*.taz=01;31:*.lha=01;31:*.lz4=01;31:*.lzh=01;31:*.lzma=01;31:*.tlz=01;31:*.txz=01;31:*.tzo=01;31:*.t7z=01;31:*.zip=01;31:*.z=01;31:*.dz=01;31:*.gz=01;31:*.lrz=01;31:*.lz=01;31:*.lzo=01;31:*.xz=01;31:*.zst=01;31:*.tzst=01;31:*.bz2=01;31:*.bz=01;31:*.tbz=01;31:*.tbz2=01;31:*.tz=01;31:*.deb=01;31:*.rpm=01;31:*.jar=01;31:*.war=01;31:*.ear=01;31:*.sar=01;31:*.rar=01;31:*.alz=01;31:*.ace=01;31:*.zoo=01;31:*.cpio=01;31:*.7z=01;31:*.rz=01;31:*.cab=01;31:*.wim=01;31:*.swm=01;31:*.dwm=01;31:*.esd=01;31:*.jpg=01;35:*.jpeg=01;35:*.mjpg=01;35:*.mjpeg=01;35:*.gif=01;35:*.bmp=01;35:*.pbm=01;35:*.pgm=01;35:*.ppm=01;35:*.tga=01;35:*.xbm=01;35:*.xpm=01;35:*.tif=01;35:*.tiff=01;35:*.png=01;35:*.svg=01;35:*.svgz=01;35:*.mng=01;35:*.pcx=01;35:*.mov=01;35:*.mpg=01;35:*.mpeg=01;35:*.m2v=01;35:*.mkv=01;35:*.webm=01;35:*.webp=01;35:*.ogm=01;35:*.mp4=01;35:*.m4v=01;35:*.mp4v=01;35:*.vob=01;35:*.qt=01;35:*.nuv=01;35:*.wmv=01;35:*.asf=01;35:*.rm=01;35:*.rmvb=01;35:*.flc=01;35:*.avi=01;35:*.fli=01;35:*.flv=01;35:*.gl=01;35:*.dl=01;35:*.xcf=01;35:*.xwd=01;35:*.yuv=01;35:*.cgm=01;35:*.emf=01;35:*.ogv=01;35:*.ogx=01;35:*.aac=00;36:*.au=00;36:*.flac=00;36:*.m4a=00;36:*.mid=00;36:*.midi=00;36:*.mka=00;36:*.mp3=00;36:*.mpc=00;36:*.ogg=00;36:*.ra=00;36:*.wav=00;36:*.oga=00;36:*.opus=00;36:*.spx=00;36:*.xspf=00;36:', 'AMENT_PREFIX_PATH': '/opt/ros/humble', 'DEBIAN_FRONTEND': 'noninteractive', 'PWD': '/workspace/build/modubot_odom', 'LC_ALL': 'en_US.UTF-8', 'PYTHONPATH': '/workspace/build/modubot_odom/prefix_override:/usr/lib/python3/dist-packages/colcon_core/task/python/colcon_distutils_commands:/workspace/install/modubot_odom/lib/python3.10/site-packages:/opt/ros/humble/lib/python3.10/site-packages:/opt/ros/humble/local/lib/python3.10/dist-packages', 'COLCON': '1'}, 'shell': False}
[2.884819] (modubot_nav2) StdoutLine: {'line': b'-- Installing: /workspace/install/modubot_nav2/share/modubot_nav2/launch/__pycache__\n'}
[2.887331] (modubot_nav2) StdoutLine: {'line': b'-- Installing: /workspace/install/modubot_nav2/share/modubot_nav2/launch/__pycache__/nav2.launch.cpython-310.pyc\n'}
[2.894312] (modubot_nav2) StdoutLine: {'line': b'-- Installing: /workspace/install/modubot_nav2/share/modubot_nav2/config\n'}
[2.895107] (modubot_nav2) StdoutLine: {'line': b'-- Installing: /workspace/install/modubot_nav2/share/modubot_nav2/config/nav2_params.yaml\n'}
[2.898923] (modubot_joystick) StdoutLine: {'line': b'-- Symlinking: /workspace/install/modubot_joystick/share/modubot_joystick/environment/ament_prefix_path.sh\n'}
[2.926080] (modubot_joystick) StdoutLine: {'line': b'-- Symlinking: /workspace/install/modubot_joystick/share/modubot_joystick/environment/ament_prefix_path.dsv\n'}
[2.926772] (-) TimerEvent: {}
[2.954896] (modubot_joystick) StdoutLine: {'line': b'-- Symlinking: /workspace/install/modubot_joystick/share/modubot_joystick/environment/path.sh\n'}
[2.982847] (modubot_joystick) StdoutLine: {'line': b'-- Symlinking: /workspace/install/modubot_joystick/share/modubot_joystick/environment/path.dsv\n'}
[3.009502] (modubot_nav2) StdoutLine: {'line': b'-- Installing: /workspace/install/modubot_nav2/share/modubot_nav2/rviz\n'}
[3.013917] (modubot_joystick) StdoutLine: {'line': b'-- Symlinking: /workspace/install/modubot_joystick/share/modubot_joystick/local_setup.bash\n'}
[3.057331] (-) TimerEvent: {}
[3.060601] (modubot_nav2) StdoutLine: {'line': b'-- Installing: /workspace/install/modubot_nav2/share/modubot_nav2/rviz/nav2.rviz\n'}
[3.061216] (modubot_model_description) StdoutLine: {'line': b'-- Execute custom install script\n'}
[3.061667] (modubot_nav2) StdoutLine: {'line': b'-- Installing: /workspace/install/modubot_nav2/share/modubot_nav2/maps\n'}
[3.062083] (modubot_nav2) StdoutLine: {'line': b'-- Installing: /workspace/install/modubot_nav2/share/modubot_nav2/maps/piso01.jpg\n'}
[3.062647] (modubot_nav2) StdoutLine: {'line': b'-- Installing: /workspace/install/modubot_nav2/share/modubot_nav2/maps/piso01.yaml\n'}
[3.063085] (modubot_nav2) StdoutLine: {'line': b'-- Execute custom install script\n'}
[3.063498] (modubot_nav2) StdoutLine: {'line': b'-- Symlinking: /workspace/install/modubot_nav2/share/ament_index/resource_index/package_run_dependencies/modubot_nav2\n'}
[3.064043] (modubot_nav2) StdoutLine: {'line': b'-- Symlinking: /workspace/install/modubot_nav2/share/ament_index/resource_index/parent_prefix_path/modubot_nav2\n'}
[3.064455] (modubot_joystick) StdoutLine: {'line': b'-- Symlinking: /workspace/install/modubot_joystick/share/modubot_joystick/local_setup.sh\n'}
[3.064879] (modubot_model_description) StdoutLine: {'line': b'-- Symlinking: /workspace/install/modubot_model_description/share/ament_index/resource_index/package_run_dependencies/modubot_model_description\n'}
[3.066803] (modubot_model_description) StdoutLine: {'line': b'-- Symlinking: /workspace/install/modubot_model_description/share/ament_index/resource_index/parent_prefix_path/modubot_model_description\n'}
[3.071583] (modubot_joystick) StdoutLine: {'line': b'-- Symlinking: /workspace/install/modubot_joystick/share/modubot_joystick/local_setup.zsh\n'}
[3.090557] (modubot_nav2) StdoutLine: {'line': b'-- Symlinking: /workspace/install/modubot_nav2/share/modubot_nav2/environment/ament_prefix_path.sh\n'}
[3.102607] (modubot_model_description) StdoutLine: {'line': b'-- Symlinking: /workspace/install/modubot_model_description/share/modubot_model_description/environment/ament_prefix_path.sh\n'}
[3.103488] (modubot_joystick) StdoutLine: {'line': b'-- Symlinking: /workspace/install/modubot_joystick/share/modubot_joystick/local_setup.dsv\n'}
[3.122446] (modubot_nav2) StdoutLine: {'line': b'-- Symlinking: /workspace/install/modubot_nav2/share/modubot_nav2/environment/ament_prefix_path.dsv\n'}
[3.133914] (modubot_joystick) StdoutLine: {'line': b'-- Symlinking: /workspace/install/modubot_joystick/share/modubot_joystick/package.dsv\n'}
[3.134739] (modubot_model_description) StdoutLine: {'line': b'-- Symlinking: /workspace/install/modubot_model_description/share/modubot_model_description/environment/ament_prefix_path.dsv\n'}
[3.152388] (modubot_nav2) StdoutLine: {'line': b'-- Symlinking: /workspace/install/modubot_nav2/share/modubot_nav2/environment/path.sh\n'}
[3.157514] (-) TimerEvent: {}
[3.161974] (modubot_model_description) StdoutLine: {'line': b'-- Symlinking: /workspace/install/modubot_model_description/share/modubot_model_description/environment/path.sh\n'}
[3.168833] (modubot_joystick) StdoutLine: {'line': b'-- Symlinking: /workspace/install/modubot_joystick/share/ament_index/resource_index/packages/modubot_joystick\n'}
[3.185134] (modubot_nav2) StdoutLine: {'line': b'-- Symlinking: /workspace/install/modubot_nav2/share/modubot_nav2/environment/path.dsv\n'}
[3.197134] (modubot_model_description) StdoutLine: {'line': b'-- Symlinking: /workspace/install/modubot_model_description/share/modubot_model_description/environment/path.dsv\n'}
[3.204287] (modubot_joystick) StdoutLine: {'line': b'-- Symlinking: /workspace/install/modubot_joystick/share/modubot_joystick/cmake/modubot_joystickConfig.cmake\n'}
[3.222471] (modubot_nav2) StdoutLine: {'line': b'-- Symlinking: /workspace/install/modubot_nav2/share/modubot_nav2/local_setup.bash\n'}
[3.226506] (modubot_model_description) StdoutLine: {'line': b'-- Symlinking: /workspace/install/modubot_model_description/share/modubot_model_description/local_setup.bash\n'}
[3.248890] (modubot_joystick) StdoutLine: {'line': b'-- Symlinking: /workspace/install/modubot_joystick/share/modubot_joystick/cmake/modubot_joystickConfig-version.cmake\n'}
[3.252446] (modubot_model_description) StdoutLine: {'line': b'-- Symlinking: /workspace/install/modubot_model_description/share/modubot_model_description/local_setup.sh\n'}
[3.257703] (-) TimerEvent: {}
[3.266259] (modubot_nav2) StdoutLine: {'line': b'-- Symlinking: /workspace/install/modubot_nav2/share/modubot_nav2/local_setup.sh\n'}
[3.283297] (modubot_joystick) StdoutLine: {'line': b'-- Symlinking: /workspace/install/modubot_joystick/share/modubot_joystick/package.xml\n'}
[3.284076] (modubot_model_description) StdoutLine: {'line': b'-- Symlinking: /workspace/install/modubot_model_description/share/modubot_model_description/local_setup.zsh\n'}
[3.297910] (modubot_nav2) StdoutLine: {'line': b'-- Symlinking: /workspace/install/modubot_nav2/share/modubot_nav2/local_setup.zsh\n'}
[3.316290] (modubot_model_description) StdoutLine: {'line': b'-- Symlinking: /workspace/install/modubot_model_description/share/modubot_model_description/local_setup.dsv\n'}
[3.326514] (modubot_joystick) CommandEnded: {'returncode': 0}
[3.335943] (modubot_nav2) StdoutLine: {'line': b'-- Symlinking: /workspace/install/modubot_nav2/share/modubot_nav2/local_setup.dsv\n'}
[3.344099] (modubot_model_description) StdoutLine: {'line': b'-- Symlinking: /workspace/install/modubot_model_description/share/modubot_model_description/package.dsv\n'}
[3.357854] (-) TimerEvent: {}
[3.371595] (modubot_nav2) StdoutLine: {'line': b'-- Symlinking: /workspace/install/modubot_nav2/share/modubot_nav2/package.dsv\n'}
[3.372336] (modubot_model_description) StdoutLine: {'line': b'-- Symlinking: /workspace/install/modubot_model_description/share/ament_index/resource_index/packages/modubot_model_description\n'}
[3.403598] (modubot_model_description) StdoutLine: {'line': b'-- Symlinking: /workspace/install/modubot_model_description/share/modubot_model_description/cmake/modubot_model_descriptionConfig.cmake\n'}
[3.404172] (modubot_nav2) StdoutLine: {'line': b'-- Symlinking: /workspace/install/modubot_nav2/share/ament_index/resource_index/packages/modubot_nav2\n'}
[3.415203] (modubot_joystick) JobEnded: {'identifier': 'modubot_joystick', 'rc': 0}
[3.418051] (modubot_teleop) JobStarted: {'identifier': 'modubot_teleop'}
[3.432900] (modubot_nav2) StdoutLine: {'line': b'-- Symlinking: /workspace/install/modubot_nav2/share/modubot_nav2/cmake/modubot_nav2Config.cmake\n'}
[3.450877] (modubot_model_description) StdoutLine: {'line': b'-- Symlinking: /workspace/install/modubot_model_description/share/modubot_model_description/cmake/modubot_model_descriptionConfig-version.cmake\n'}
[3.458104] (-) TimerEvent: {}
[3.472380] (modubot_nav2) StdoutLine: {'line': b'-- Symlinking: /workspace/install/modubot_nav2/share/modubot_nav2/cmake/modubot_nav2Config-version.cmake\n'}
[3.483740] (modubot_model_description) StdoutLine: {'line': b'-- Symlinking: /workspace/install/modubot_model_description/share/modubot_model_description/package.xml\n'}
[3.501062] (modubot_nav2) StdoutLine: {'line': b'-- Symlinking: /workspace/install/modubot_nav2/share/modubot_nav2/package.xml\n'}
[3.520912] (modubot_model_description) CommandEnded: {'returncode': 0}
[3.558254] (-) TimerEvent: {}
[3.576366] (modubot_model_description) JobEnded: {'identifier': 'modubot_model_description', 'rc': 0}
[3.658418] (-) TimerEvent: {}
[3.759130] (-) TimerEvent: {}
[3.859778] (-) TimerEvent: {}
[3.960491] (-) TimerEvent: {}
[3.992264] (modubot_odom) StdoutLine: {'line': b'running develop\n'}
[4.060643] (-) TimerEvent: {}
[4.161327] (-) TimerEvent: {}
[4.261950] (-) TimerEvent: {}
[4.362669] (-) TimerEvent: {}
[4.463308] (-) TimerEvent: {}
[4.523929] (modubot_odom) StdoutLine: {'line': b'running egg_info\n'}
[4.617585] (-) TimerEvent: {}
[4.619752] (modubot_odom) StdoutLine: {'line': b'creating modubot_odom.egg-info\n'}
[4.623278] (modubot_odom) StdoutLine: {'line': b'writing modubot_odom.egg-info/PKG-INFO\n'}
[4.623754] (rplidar_ros) JobStarted: {'identifier': 'rplidar_ros'}
[4.624279] (modubot_nav2) CommandEnded: {'returncode': 0}
[4.637814] (modubot_odom) StdoutLine: {'line': b'writing dependency_links to modubot_odom.egg-info/dependency_links.txt\n'}
[4.640422] (modubot_odom) StdoutLine: {'line': b'writing entry points to modubot_odom.egg-info/entry_points.txt\n'}
[4.641764] (modubot_odom) StdoutLine: {'line': b'writing requirements to modubot_odom.egg-info/requires.txt\n'}
[4.642398] (modubot_odom) StdoutLine: {'line': b'writing top-level names to modubot_odom.egg-info/top_level.txt\n'}
[4.643374] (modubot_odom) StdoutLine: {'line': b"writing manifest file 'modubot_odom.egg-info/SOURCES.txt'\n"}
[4.681137] (modubot_nav2) JobEnded: {'identifier': 'modubot_nav2', 'rc': 0}
[4.687011] (teleop_twist_keyboard) JobStarted: {'identifier': 'teleop_twist_keyboard'}
[4.700869] (modubot_odom) StdoutLine: {'line': b"reading manifest file 'modubot_odom.egg-info/SOURCES.txt'\n"}
[4.704097] (modubot_odom) StdoutLine: {'line': b"writing manifest file 'modubot_odom.egg-info/SOURCES.txt'\n"}
[4.709685] (modubot_odom) StdoutLine: {'line': b'running build_ext\n'}
[4.710959] (modubot_odom) StdoutLine: {'line': b'Creating /workspace/install/modubot_odom/lib/python3.10/site-packages/modubot-odom.egg-link (link to .)\n'}
[4.715506] (modubot_odom) StdoutLine: {'line': b'Installing serial_odom script to /workspace/install/modubot_odom/lib/modubot_odom\n'}
[4.716387] (modubot_odom) StdoutLine: {'line': b'\n'}
[4.716830] (modubot_odom) StdoutLine: {'line': b'Installed /workspace/build/modubot_odom\n'}
[4.717327] (modubot_odom) StdoutLine: {'line': b'running symlink_data\n'}
[4.717700] (-) TimerEvent: {}
[4.720024] (modubot_odom) StdoutLine: {'line': b'creating /workspace/install/modubot_odom/share/ament_index\n'}
[4.721137] (modubot_odom) StdoutLine: {'line': b'creating /workspace/install/modubot_odom/share/ament_index/resource_index\n'}
[4.721690] (modubot_odom) StdoutLine: {'line': b'creating /workspace/install/modubot_odom/share/ament_index/resource_index/packages\n'}
[4.722145] (modubot_odom) StdoutLine: {'line': b'symbolically linking /workspace/build/modubot_odom/resource/modubot_odom -> /workspace/install/modubot_odom/share/ament_index/resource_index/packages\n'}
[4.722919] (modubot_odom) StdoutLine: {'line': b'symbolically linking /workspace/build/modubot_odom/package.xml -> /workspace/install/modubot_odom/share/modubot_odom\n'}
[4.723436] (modubot_odom) StdoutLine: {'line': b'creating /workspace/install/modubot_odom/share/modubot_odom/launch\n'}
[4.723886] (modubot_odom) StdoutLine: {'line': b'symbolically linking /workspace/build/modubot_odom/launch/odom_serial.launch.py -> /workspace/install/modubot_odom/share/modubot_odom/launch\n'}
[4.790816] (rplidar_ros) JobProgress: {'identifier': 'rplidar_ros', 'progress': 'cmake'}
[4.794300] (rplidar_ros) Command: {'cmd': ['/usr/bin/cmake', '/workspace/modubot_ws/src/rplidar_ros', '-DAMENT_CMAKE_SYMLINK_INSTALL=1', '-DCMAKE_INSTALL_PREFIX=/workspace/install/rplidar_ros'], 'cwd': '/workspace/build/rplidar_ros', 'env': OrderedDict([('HOSTNAME', 'nano'), ('SHLVL', '1'), ('LD_LIBRARY_PATH', '/opt/ros/humble/opt/rviz_ogre_vendor/lib:/opt/ros/humble/lib/aarch64-linux-gnu:/opt/ros/humble/lib'), ('HOME', '/root'), ('ROS_PYTHON_VERSION', '3'), ('ROS_DISTRO', 'humble'), ('_', '/usr/bin/colcon'), ('ROS_VERSION', '2'), ('TERM', 'xterm'), ('ROS_LOCALHOST_ONLY', '0'), ('QT_X11_NO_MITSHM', '1'), ('PATH', '/opt/ros/humble/bin:/usr/local/sbin:/usr/local/bin:/usr/sbin:/usr/bin:/sbin:/bin'), ('DISPLAY', ':0'), ('LANG', 'en_US.UTF-8'), ('XAUTHORITY', '/tmp/.Xauthority'), ('LS_COLORS', 'rs=0:di=01;34:ln=01;36:mh=00:pi=40;33:so=01;35:do=01;35:bd=40;33;01:cd=40;33;01:or=40;31;01:mi=00:su=37;41:sg=30;43:ca=30;41:tw=30;42:ow=34;42:st=37;44:ex=01;32:*.tar=01;31:*.tgz=01;31:*.arc=01;31:*.arj=01;31:*.taz=01;31:*.lha=01;31:*.lz4=01;31:*.lzh=01;31:*.lzma=01;31:*.tlz=01;31:*.txz=01;31:*.tzo=01;31:*.t7z=01;31:*.zip=01;31:*.z=01;31:*.dz=01;31:*.gz=01;31:*.lrz=01;31:*.lz=01;31:*.lzo=01;31:*.xz=01;31:*.zst=01;31:*.tzst=01;31:*.bz2=01;31:*.bz=01;31:*.tbz=01;31:*.tbz2=01;31:*.tz=01;31:*.deb=01;31:*.rpm=01;31:*.jar=01;31:*.war=01;31:*.ear=01;31:*.sar=01;31:*.rar=01;31:*.alz=01;31:*.ace=01;31:*.zoo=01;31:*.cpio=01;31:*.7z=01;31:*.rz=01;31:*.cab=01;31:*.wim=01;31:*.swm=01;31:*.dwm=01;31:*.esd=01;31:*.jpg=01;35:*.jpeg=01;35:*.mjpg=01;35:*.mjpeg=01;35:*.gif=01;35:*.bmp=01;35:*.pbm=01;35:*.pgm=01;35:*.ppm=01;35:*.tga=01;35:*.xbm=01;35:*.xpm=01;35:*.tif=01;35:*.tiff=01;35:*.png=01;35:*.svg=01;35:*.svgz=01;35:*.mng=01;35:*.pcx=01;35:*.mov=01;35:*.mpg=01;35:*.mpeg=01;35:*.m2v=01;35:*.mkv=01;35:*.webm=01;35:*.webp=01;35:*.ogm=01;35:*.mp4=01;35:*.m4v=01;35:*.mp4v=01;35:*.vob=01;35:*.qt=01;35:*.nuv=01;35:*.wmv=01;35:*.asf=01;35:*.rm=01;35:*.rmvb=01;35:*.flc=01;35:*.avi=01;35:*.fli=01;35:*.flv=01;35:*.gl=01;35:*.dl=01;35:*.xcf=01;35:*.xwd=01;35:*.yuv=01;35:*.cgm=01;35:*.emf=01;35:*.ogv=01;35:*.ogx=01;35:*.aac=00;36:*.au=00;36:*.flac=00;36:*.m4a=00;36:*.mid=00;36:*.midi=00;36:*.mka=00;36:*.mp3=00;36:*.mpc=00;36:*.ogg=00;36:*.ra=00;36:*.wav=00;36:*.oga=00;36:*.opus=00;36:*.spx=00;36:*.xspf=00;36:'), ('AMENT_PREFIX_PATH', '/opt/ros/humble'), ('DEBIAN_FRONTEND', 'noninteractive'), ('PWD', '/workspace/build/rplidar_ros'), ('LC_ALL', 'en_US.UTF-8'), ('PYTHONPATH', '/opt/ros/humble/lib/python3.10/site-packages:/opt/ros/humble/local/lib/python3.10/dist-packages'), ('COLCON', '1'), ('CMAKE_PREFIX_PATH', '/opt/ros/humble')]), 'shell': False}
[4.817914] (-) TimerEvent: {}
[4.920444] (-) TimerEvent: {}
[5.014634] (rplidar_ros) StdoutLine: {'line': b'-- The C compiler identification is GNU 11.4.0\n'}
[5.020611] (-) TimerEvent: {}
[5.123267] (-) TimerEvent: {}
[5.225494] (-) TimerEvent: {}
[5.228914] (rplidar_ros) StdoutLine: {'line': b'-- The CXX compiler identification is GNU 11.4.0\n'}
[5.252725] (rplidar_ros) StdoutLine: {'line': b'-- Detecting C compiler ABI info\n'}
[5.325656] (-) TimerEvent: {}
[5.427608] (-) TimerEvent: {}
[5.495498] (rplidar_ros) StdoutLine: {'line': b'-- Detecting C compiler ABI info - done\n'}
[5.527763] (-) TimerEvent: {}
[5.530024] (rplidar_ros) StdoutLine: {'line': b'-- Check for working C compiler: /usr/bin/cc - skipped\n'}
[5.530616] (rplidar_ros) StdoutLine: {'line': b'-- Detecting C compile features\n'}
[5.531119] (rplidar_ros) StdoutLine: {'line': b'-- Detecting C compile features - done\n'}
[5.542488] (rplidar_ros) StdoutLine: {'line': b'-- Detecting CXX compiler ABI info\n'}
[5.627989] (-) TimerEvent: {}
[5.728771] (-) TimerEvent: {}
[5.820943] (rplidar_ros) StdoutLine: {'line': b'-- Detecting CXX compiler ABI info - done\n'}
[5.828962] (-) TimerEvent: {}
[5.859108] (rplidar_ros) StdoutLine: {'line': b'-- Check for working CXX compiler: /usr/bin/c++ - skipped\n'}
[5.859728] (rplidar_ros) StdoutLine: {'line': b'-- Detecting CXX compile features\n'}
[5.865388] (rplidar_ros) StdoutLine: {'line': b'-- Detecting CXX compile features - done\n'}
[5.929955] (-) TimerEvent: {}
[5.943924] (modubot_odom) CommandEnded: {'returncode': 0}
[6.010767] (rplidar_ros) StdoutLine: {'line': b'-- Found ament_cmake: 1.3.12 (/opt/ros/humble/share/ament_cmake/cmake)\n'}
[6.030216] (-) TimerEvent: {}
[6.130898] (-) TimerEvent: {}
[6.231626] (-) TimerEvent: {}
[6.266478] (modubot_odom) JobEnded: {'identifier': 'modubot_odom', 'rc': 0}
[6.331784] (-) TimerEvent: {}
[6.338282] (modubot_teleop) Command: {'cmd': ['/usr/bin/python3', '-W', 'ignore:setup.py install is deprecated', '-W', 'ignore:easy_install command is deprecated', 'setup.py', 'develop', '--editable', '--build-directory', '/workspace/build/modubot_teleop/build', '--no-deps', 'symlink_data'], 'cwd': '/workspace/build/modubot_teleop', 'env': {'HOSTNAME': 'nano', 'SHLVL': '1', 'LD_LIBRARY_PATH': '/opt/ros/humble/opt/rviz_ogre_vendor/lib:/opt/ros/humble/lib/aarch64-linux-gnu:/opt/ros/humble/lib', 'HOME': '/root', 'ROS_PYTHON_VERSION': '3', 'ROS_DISTRO': 'humble', '_': '/usr/bin/colcon', 'ROS_VERSION': '2', 'TERM': 'xterm', 'ROS_LOCALHOST_ONLY': '0', 'QT_X11_NO_MITSHM': '1', 'PATH': '/opt/ros/humble/bin:/usr/local/sbin:/usr/local/bin:/usr/sbin:/usr/bin:/sbin:/bin', 'DISPLAY': ':0', 'LANG': 'en_US.UTF-8', 'XAUTHORITY': '/tmp/.Xauthority', 'LS_COLORS': 'rs=0:di=01;34:ln=01;36:mh=00:pi=40;33:so=01;35:do=01;35:bd=40;33;01:cd=40;33;01:or=40;31;01:mi=00:su=37;41:sg=30;43:ca=30;41:tw=30;42:ow=34;42:st=37;44:ex=01;32:*.tar=01;31:*.tgz=01;31:*.arc=01;31:*.arj=01;31:*.taz=01;31:*.lha=01;31:*.lz4=01;31:*.lzh=01;31:*.lzma=01;31:*.tlz=01;31:*.txz=01;31:*.tzo=01;31:*.t7z=01;31:*.zip=01;31:*.z=01;31:*.dz=01;31:*.gz=01;31:*.lrz=01;31:*.lz=01;31:*.lzo=01;31:*.xz=01;31:*.zst=01;31:*.tzst=01;31:*.bz2=01;31:*.bz=01;31:*.tbz=01;31:*.tbz2=01;31:*.tz=01;31:*.deb=01;31:*.rpm=01;31:*.jar=01;31:*.war=01;31:*.ear=01;31:*.sar=01;31:*.rar=01;31:*.alz=01;31:*.ace=01;31:*.zoo=01;31:*.cpio=01;31:*.7z=01;31:*.rz=01;31:*.cab=01;31:*.wim=01;31:*.swm=01;31:*.dwm=01;31:*.esd=01;31:*.jpg=01;35:*.jpeg=01;35:*.mjpg=01;35:*.mjpeg=01;35:*.gif=01;35:*.bmp=01;35:*.pbm=01;35:*.pgm=01;35:*.ppm=01;35:*.tga=01;35:*.xbm=01;35:*.xpm=01;35:*.tif=01;35:*.tiff=01;35:*.png=01;35:*.svg=01;35:*.svgz=01;35:*.mng=01;35:*.pcx=01;35:*.mov=01;35:*.mpg=01;35:*.mpeg=01;35:*.m2v=01;35:*.mkv=01;35:*.webm=01;35:*.webp=01;35:*.ogm=01;35:*.mp4=01;35:*.m4v=01;35:*.mp4v=01;35:*.vob=01;35:*.qt=01;35:*.nuv=01;35:*.wmv=01;35:*.asf=01;35:*.rm=01;35:*.rmvb=01;35:*.flc=01;35:*.avi=01;35:*.fli=01;35:*.flv=01;35:*.gl=01;35:*.dl=01;35:*.xcf=01;35:*.xwd=01;35:*.yuv=01;35:*.cgm=01;35:*.emf=01;35:*.ogv=01;35:*.ogx=01;35:*.aac=00;36:*.au=00;36:*.flac=00;36:*.m4a=00;36:*.mid=00;36:*.midi=00;36:*.mka=00;36:*.mp3=00;36:*.mpc=00;36:*.ogg=00;36:*.ra=00;36:*.wav=00;36:*.oga=00;36:*.opus=00;36:*.spx=00;36:*.xspf=00;36:', 'AMENT_PREFIX_PATH': '/opt/ros/humble', 'DEBIAN_FRONTEND': 'noninteractive', 'PWD': '/workspace/build/modubot_teleop', 'LC_ALL': 'en_US.UTF-8', 'PYTHONPATH': '/workspace/build/modubot_teleop/prefix_override:/usr/lib/python3/dist-packages/colcon_core/task/python/colcon_distutils_commands:/workspace/install/modubot_teleop/lib/python3.10/site-packages:/opt/ros/humble/lib/python3.10/site-packages:/opt/ros/humble/local/lib/python3.10/dist-packages', 'COLCON': '1'}, 'shell': False}
[6.432070] (-) TimerEvent: {}
[6.532760] (-) TimerEvent: {}
[6.568637] (rplidar_ros) StdoutLine: {'line': b'-- Found Python3: /usr/bin/python3 (found version "3.10.12") found components: Interpreter \n'}
[6.632986] (-) TimerEvent: {}
[6.735202] (-) TimerEvent: {}
[6.836221] (-) TimerEvent: {}
[6.862541] (rplidar_ros) StdoutLine: {'line': b'-- Override CMake install command with custom implementation using symlinks instead of copying resources\n'}
[6.936440] (-) TimerEvent: {}
[7.012044] (rplidar_ros) StdoutLine: {'line': b'-- Found rclcpp: 16.0.17 (/opt/ros/humble/share/rclcpp/cmake)\n'}
[7.036595] (-) TimerEvent: {}
[7.138505] (-) TimerEvent: {}
[7.240775] (-) TimerEvent: {}
[7.307059] (rplidar_ros) StdoutLine: {'line': b'-- Found rosidl_generator_c: 3.1.8 (/opt/ros/humble/share/rosidl_generator_c/cmake)\n'}
[7.341073] (rplidar_ros) StdoutLine: {'line': b'-- Found rosidl_adapter: 3.1.8 (/opt/ros/humble/share/rosidl_adapter/cmake)\n'}
[7.341872] (-) TimerEvent: {}
[7.401573] (rplidar_ros) StdoutLine: {'line': b'-- Found rosidl_generator_cpp: 3.1.8 (/opt/ros/humble/share/rosidl_generator_cpp/cmake)\n'}
[7.407020] (modubot_teleop) StdoutLine: {'line': b'running develop\n'}
[7.442042] (-) TimerEvent: {}
[7.484275] (rplidar_ros) StdoutLine: {'line': b'-- Using all available rosidl_typesupport_c: rosidl_typesupport_fastrtps_c;rosidl_typesupport_introspection_c\n'}
[7.542327] (-) TimerEvent: {}
[7.586709] (rplidar_ros) StdoutLine: {'line': b'-- Using all available rosidl_typesupport_cpp: rosidl_typesupport_fastrtps_cpp;rosidl_typesupport_introspection_cpp\n'}
[7.642482] (-) TimerEvent: {}
[7.745191] (-) TimerEvent: {}
[7.765562] (teleop_twist_keyboard) Command: {'cmd': ['/usr/bin/python3', '-W', 'ignore:setup.py install is deprecated', '-W', 'ignore:easy_install command is deprecated', 'setup.py', 'develop', '--editable', '--build-directory', '/workspace/build/teleop_twist_keyboard/build', '--no-deps', 'symlink_data'], 'cwd': '/workspace/build/teleop_twist_keyboard', 'env': {'HOSTNAME': 'nano', 'SHLVL': '1', 'LD_LIBRARY_PATH': '/opt/ros/humble/opt/rviz_ogre_vendor/lib:/opt/ros/humble/lib/aarch64-linux-gnu:/opt/ros/humble/lib', 'HOME': '/root', 'ROS_PYTHON_VERSION': '3', 'ROS_DISTRO': 'humble', '_': '/usr/bin/colcon', 'ROS_VERSION': '2', 'TERM': 'xterm', 'ROS_LOCALHOST_ONLY': '0', 'QT_X11_NO_MITSHM': '1', 'PATH': '/opt/ros/humble/bin:/usr/local/sbin:/usr/local/bin:/usr/sbin:/usr/bin:/sbin:/bin', 'DISPLAY': ':0', 'LANG': 'en_US.UTF-8', 'XAUTHORITY': '/tmp/.Xauthority', 'LS_COLORS': 'rs=0:di=01;34:ln=01;36:mh=00:pi=40;33:so=01;35:do=01;35:bd=40;33;01:cd=40;33;01:or=40;31;01:mi=00:su=37;41:sg=30;43:ca=30;41:tw=30;42:ow=34;42:st=37;44:ex=01;32:*.tar=01;31:*.tgz=01;31:*.arc=01;31:*.arj=01;31:*.taz=01;31:*.lha=01;31:*.lz4=01;31:*.lzh=01;31:*.lzma=01;31:*.tlz=01;31:*.txz=01;31:*.tzo=01;31:*.t7z=01;31:*.zip=01;31:*.z=01;31:*.dz=01;31:*.gz=01;31:*.lrz=01;31:*.lz=01;31:*.lzo=01;31:*.xz=01;31:*.zst=01;31:*.tzst=01;31:*.bz2=01;31:*.bz=01;31:*.tbz=01;31:*.tbz2=01;31:*.tz=01;31:*.deb=01;31:*.rpm=01;31:*.jar=01;31:*.war=01;31:*.ear=01;31:*.sar=01;31:*.rar=01;31:*.alz=01;31:*.ace=01;31:*.zoo=01;31:*.cpio=01;31:*.7z=01;31:*.rz=01;31:*.cab=01;31:*.wim=01;31:*.swm=01;31:*.dwm=01;31:*.esd=01;31:*.jpg=01;35:*.jpeg=01;35:*.mjpg=01;35:*.mjpeg=01;35:*.gif=01;35:*.bmp=01;35:*.pbm=01;35:*.pgm=01;35:*.ppm=01;35:*.tga=01;35:*.xbm=01;35:*.xpm=01;35:*.tif=01;35:*.tiff=01;35:*.png=01;35:*.svg=01;35:*.svgz=01;35:*.mng=01;35:*.pcx=01;35:*.mov=01;35:*.mpg=01;35:*.mpeg=01;35:*.m2v=01;35:*.mkv=01;35:*.webm=01;35:*.webp=01;35:*.ogm=01;35:*.mp4=01;35:*.m4v=01;35:*.mp4v=01;35:*.vob=01;35:*.qt=01;35:*.nuv=01;35:*.wmv=01;35:*.asf=01;35:*.rm=01;35:*.rmvb=01;35:*.flc=01;35:*.avi=01;35:*.fli=01;35:*.flv=01;35:*.gl=01;35:*.dl=01;35:*.xcf=01;35:*.xwd=01;35:*.yuv=01;35:*.cgm=01;35:*.emf=01;35:*.ogv=01;35:*.ogx=01;35:*.aac=00;36:*.au=00;36:*.flac=00;36:*.m4a=00;36:*.mid=00;36:*.midi=00;36:*.mka=00;36:*.mp3=00;36:*.mpc=00;36:*.ogg=00;36:*.ra=00;36:*.wav=00;36:*.oga=00;36:*.opus=00;36:*.spx=00;36:*.xspf=00;36:', 'AMENT_PREFIX_PATH': '/opt/ros/humble', 'DEBIAN_FRONTEND': 'noninteractive', 'PWD': '/workspace/build/teleop_twist_keyboard', 'LC_ALL': 'en_US.UTF-8', 'PYTHONPATH': '/workspace/build/teleop_twist_keyboard/prefix_override:/usr/lib/python3/dist-packages/colcon_core/task/python/colcon_distutils_commands:/workspace/install/teleop_twist_keyboard/lib/python3.10/site-packages:/opt/ros/humble/lib/python3.10/site-packages:/opt/ros/humble/local/lib/python3.10/dist-packages', 'COLCON': '1'}, 'shell': False}
[7.845659] (-) TimerEvent: {}
[7.883767] (rplidar_ros) StdoutLine: {'line': b'-- Found rmw_implementation_cmake: 6.1.2 (/opt/ros/humble/share/rmw_implementation_cmake/cmake)\n'}
[7.901694] (rplidar_ros) StdoutLine: {'line': b'-- Found rmw_fastrtps_cpp: 6.2.9 (/opt/ros/humble/share/rmw_fastrtps_cpp/cmake)\n'}
[7.945859] (-) TimerEvent: {}
[8.007425] (modubot_teleop) StdoutLine: {'line': b'running egg_info\n'}
[8.008062] (modubot_teleop) StdoutLine: {'line': b'creating modubot_teleop.egg-info\n'}
[8.008664] (modubot_teleop) StdoutLine: {'line': b'writing modubot_teleop.egg-info/PKG-INFO\n'}
[8.009246] (modubot_teleop) StdoutLine: {'line': b'writing dependency_links to modubot_teleop.egg-info/dependency_links.txt\n'}
[8.009880] (modubot_teleop) StdoutLine: {'line': b'writing entry points to modubot_teleop.egg-info/entry_points.txt\n'}
[8.010462] (modubot_teleop) StdoutLine: {'line': b'writing requirements to modubot_teleop.egg-info/requires.txt\n'}
[8.010902] (modubot_teleop) StdoutLine: {'line': b'writing top-level names to modubot_teleop.egg-info/top_level.txt\n'}
[8.011409] (modubot_teleop) StdoutLine: {'line': b"writing manifest file 'modubot_teleop.egg-info/SOURCES.txt'\n"}
[8.019675] (modubot_teleop) StdoutLine: {'line': b"reading manifest file 'modubot_teleop.egg-info/SOURCES.txt'\n"}
[8.022498] (modubot_teleop) StdoutLine: {'line': b"writing manifest file 'modubot_teleop.egg-info/SOURCES.txt'\n"}
[8.028308] (modubot_teleop) StdoutLine: {'line': b'running build_ext\n'}
[8.029265] (modubot_teleop) StdoutLine: {'line': b'Creating /workspace/install/modubot_teleop/lib/python3.10/site-packages/modubot-teleop.egg-link (link to .)\n'}
[8.033140] (modubot_teleop) StdoutLine: {'line': b'Installing cmdvel_to_serial script to /workspace/install/modubot_teleop/lib/modubot_teleop\n'}
[8.034067] (modubot_teleop) StdoutLine: {'line': b'\n'}
[8.035033] (modubot_teleop) StdoutLine: {'line': b'Installed /workspace/build/modubot_teleop\n'}
[8.035765] (modubot_teleop) StdoutLine: {'line': b'running symlink_data\n'}
[8.037278] (modubot_teleop) StdoutLine: {'line': b'creating /workspace/install/modubot_teleop/share/modubot_teleop/launch\n'}
[8.038068] (modubot_teleop) StdoutLine: {'line': b'symbolically linking /workspace/build/modubot_teleop/launch/teleop.launch.py -> /workspace/install/modubot_teleop/share/modubot_teleop/launch\n'}
[8.046039] (-) TimerEvent: {}
[8.148989] (-) TimerEvent: {}
[8.182063] (modubot_teleop) CommandEnded: {'returncode': 0}
[8.221748] (modubot_teleop) JobEnded: {'identifier': 'modubot_teleop', 'rc': 0}
[8.249167] (-) TimerEvent: {}
[8.343984] (rplidar_ros) StdoutLine: {'line': b'-- Found OpenSSL: /usr/lib/aarch64-linux-gnu/libcrypto.so (found version "3.0.2")  \n'}
[8.349301] (-) TimerEvent: {}
[8.450055] (-) TimerEvent: {}
[8.471232] (rplidar_ros) StdoutLine: {'line': b'-- Found FastRTPS: /opt/ros/humble/include  \n'}
[8.550377] (-) TimerEvent: {}
[8.652071] (-) TimerEvent: {}
[8.669934] (rplidar_ros) StdoutLine: {'line': b"-- Using RMW implementation 'rmw_fastrtps_cpp' as default\n"}
[8.725522] (rplidar_ros) StdoutLine: {'line': b'-- Looking for pthread.h\n'}
[8.752235] (-) TimerEvent: {}
[8.837909] (teleop_twist_keyboard) StdoutLine: {'line': b'running develop\n'}
[8.852416] (-) TimerEvent: {}
[8.953370] (-) TimerEvent: {}
[9.005298] (rplidar_ros) StdoutLine: {'line': b'-- Looking for pthread.h - found\n'}
[9.006648] (rplidar_ros) StdoutLine: {'line': b'-- Performing Test CMAKE_HAVE_LIBC_PTHREAD\n'}
[9.053613] (-) TimerEvent: {}
[9.154363] (-) TimerEvent: {}
[9.248597] (rplidar_ros) StdoutLine: {'line': b'-- Performing Test CMAKE_HAVE_LIBC_PTHREAD - Success\n'}
[9.252312] (rplidar_ros) StdoutLine: {'line': b'-- Found Threads: TRUE  \n'}
[9.254463] (-) TimerEvent: {}
[9.355102] (-) TimerEvent: {}
[9.416531] (teleop_twist_keyboard) StdoutLine: {'line': b'running egg_info\n'}
[9.417216] (teleop_twist_keyboard) StdoutLine: {'line': b'creating teleop_twist_keyboard.egg-info\n'}
[9.417760] (teleop_twist_keyboard) StdoutLine: {'line': b'writing teleop_twist_keyboard.egg-info/PKG-INFO\n'}
[9.418291] (teleop_twist_keyboard) StdoutLine: {'line': b'writing dependency_links to teleop_twist_keyboard.egg-info/dependency_links.txt\n'}
[9.418896] (teleop_twist_keyboard) StdoutLine: {'line': b'writing entry points to teleop_twist_keyboard.egg-info/entry_points.txt\n'}
[9.419405] (teleop_twist_keyboard) StdoutLine: {'line': b'writing requirements to teleop_twist_keyboard.egg-info/requires.txt\n'}
[9.419860] (teleop_twist_keyboard) StdoutLine: {'line': b'writing top-level names to teleop_twist_keyboard.egg-info/top_level.txt\n'}
[9.420331] (teleop_twist_keyboard) StdoutLine: {'line': b"writing manifest file 'teleop_twist_keyboard.egg-info/SOURCES.txt'\n"}
[9.426293] (teleop_twist_keyboard) StdoutLine: {'line': b"reading manifest file 'teleop_twist_keyboard.egg-info/SOURCES.txt'\n"}
[9.428960] (teleop_twist_keyboard) StdoutLine: {'line': b"writing manifest file 'teleop_twist_keyboard.egg-info/SOURCES.txt'\n"}
[9.434438] (teleop_twist_keyboard) StdoutLine: {'line': b'running build_ext\n'}
[9.435432] (teleop_twist_keyboard) StdoutLine: {'line': b'Creating /workspace/install/teleop_twist_keyboard/lib/python3.10/site-packages/teleop-twist-keyboard.egg-link (link to .)\n'}
[9.439026] (teleop_twist_keyboard) StdoutLine: {'line': b'Installing teleop_twist_keyboard script to /workspace/install/teleop_twist_keyboard/lib/teleop_twist_keyboard\n'}
[9.440037] (teleop_twist_keyboard) StdoutLine: {'line': b'\n'}
[9.440532] (teleop_twist_keyboard) StdoutLine: {'line': b'Installed /workspace/build/teleop_twist_keyboard\n'}
[9.441194] (teleop_twist_keyboard) StdoutLine: {'line': b'running symlink_data\n'}
[9.441701] (teleop_twist_keyboard) StdoutLine: {'line': b'creating /workspace/install/teleop_twist_keyboard/share/ament_index\n'}
[9.442317] (teleop_twist_keyboard) StdoutLine: {'line': b'creating /workspace/install/teleop_twist_keyboard/share/ament_index/resource_index\n'}
[9.442839] (teleop_twist_keyboard) StdoutLine: {'line': b'creating /workspace/install/teleop_twist_keyboard/share/ament_index/resource_index/packages\n'}
[9.443299] (teleop_twist_keyboard) StdoutLine: {'line': b'symbolically linking /workspace/build/teleop_twist_keyboard/resource/teleop_twist_keyboard -> /workspace/install/teleop_twist_keyboard/share/ament_index/resource_index/packages\n'}
[9.443737] (teleop_twist_keyboard) StdoutLine: {'line': b'symbolically linking /workspace/build/teleop_twist_keyboard/package.xml -> /workspace/install/teleop_twist_keyboard/share/teleop_twist_keyboard\n'}
[9.455291] (-) TimerEvent: {}
[9.556067] (-) TimerEvent: {}
[9.579243] (teleop_twist_keyboard) CommandEnded: {'returncode': 0}
[9.606217] (rplidar_ros) StdoutLine: {'line': b'-- Found sensor_msgs: 4.9.0 (/opt/ros/humble/share/sensor_msgs/cmake)\n'}
[9.631996] (teleop_twist_keyboard) JobEnded: {'identifier': 'teleop_twist_keyboard', 'rc': 0}
[9.656236] (-) TimerEvent: {}
[9.756797] (-) TimerEvent: {}
[9.792479] (rplidar_ros) StdoutLine: {'line': b'-- Found std_srvs: 4.9.0 (/opt/ros/humble/share/std_srvs/cmake)\n'}
[9.857026] (-) TimerEvent: {}
[9.957696] (-) TimerEvent: {}
[10.058346] (-) TimerEvent: {}
[10.154277] (rplidar_ros) StdoutLine: {'line': b'-- Configuring done\n'}
[10.158470] (-) TimerEvent: {}
[10.238616] (rplidar_ros) StdoutLine: {'line': b'-- Generating done\n'}
[10.258708] (-) TimerEvent: {}
[10.266457] (rplidar_ros) StdoutLine: {'line': b'-- Build files have been written to: /workspace/build/rplidar_ros\n'}
[10.300069] (rplidar_ros) CommandEnded: {'returncode': 0}
[10.301741] (rplidar_ros) JobProgress: {'identifier': 'rplidar_ros', 'progress': 'build'}
[10.302749] (rplidar_ros) Command: {'cmd': ['/usr/bin/cmake', '--build', '/workspace/build/rplidar_ros', '--', '-j4', '-l4'], 'cwd': '/workspace/build/rplidar_ros', 'env': OrderedDict([('HOSTNAME', 'nano'), ('SHLVL', '1'), ('LD_LIBRARY_PATH', '/opt/ros/humble/opt/rviz_ogre_vendor/lib:/opt/ros/humble/lib/aarch64-linux-gnu:/opt/ros/humble/lib'), ('HOME', '/root'), ('ROS_PYTHON_VERSION', '3'), ('ROS_DISTRO', 'humble'), ('_', '/usr/bin/colcon'), ('ROS_VERSION', '2'), ('TERM', 'xterm'), ('ROS_LOCALHOST_ONLY', '0'), ('QT_X11_NO_MITSHM', '1'), ('PATH', '/opt/ros/humble/bin:/usr/local/sbin:/usr/local/bin:/usr/sbin:/usr/bin:/sbin:/bin'), ('DISPLAY', ':0'), ('LANG', 'en_US.UTF-8'), ('XAUTHORITY', '/tmp/.Xauthority'), ('LS_COLORS', 'rs=0:di=01;34:ln=01;36:mh=00:pi=40;33:so=01;35:do=01;35:bd=40;33;01:cd=40;33;01:or=40;31;01:mi=00:su=37;41:sg=30;43:ca=30;41:tw=30;42:ow=34;42:st=37;44:ex=01;32:*.tar=01;31:*.tgz=01;31:*.arc=01;31:*.arj=01;31:*.taz=01;31:*.lha=01;31:*.lz4=01;31:*.lzh=01;31:*.lzma=01;31:*.tlz=01;31:*.txz=01;31:*.tzo=01;31:*.t7z=01;31:*.zip=01;31:*.z=01;31:*.dz=01;31:*.gz=01;31:*.lrz=01;31:*.lz=01;31:*.lzo=01;31:*.xz=01;31:*.zst=01;31:*.tzst=01;31:*.bz2=01;31:*.bz=01;31:*.tbz=01;31:*.tbz2=01;31:*.tz=01;31:*.deb=01;31:*.rpm=01;31:*.jar=01;31:*.war=01;31:*.ear=01;31:*.sar=01;31:*.rar=01;31:*.alz=01;31:*.ace=01;31:*.zoo=01;31:*.cpio=01;31:*.7z=01;31:*.rz=01;31:*.cab=01;31:*.wim=01;31:*.swm=01;31:*.dwm=01;31:*.esd=01;31:*.jpg=01;35:*.jpeg=01;35:*.mjpg=01;35:*.mjpeg=01;35:*.gif=01;35:*.bmp=01;35:*.pbm=01;35:*.pgm=01;35:*.ppm=01;35:*.tga=01;35:*.xbm=01;35:*.xpm=01;35:*.tif=01;35:*.tiff=01;35:*.png=01;35:*.svg=01;35:*.svgz=01;35:*.mng=01;35:*.pcx=01;35:*.mov=01;35:*.mpg=01;35:*.mpeg=01;35:*.m2v=01;35:*.mkv=01;35:*.webm=01;35:*.webp=01;35:*.ogm=01;35:*.mp4=01;35:*.m4v=01;35:*.mp4v=01;35:*.vob=01;35:*.qt=01;35:*.nuv=01;35:*.wmv=01;35:*.asf=01;35:*.rm=01;35:*.rmvb=01;35:*.flc=01;35:*.avi=01;35:*.fli=01;35:*.flv=01;35:*.gl=01;35:*.dl=01;35:*.xcf=01;35:*.xwd=01;35:*.yuv=01;35:*.cgm=01;35:*.emf=01;35:*.ogv=01;35:*.ogx=01;35:*.aac=00;36:*.au=00;36:*.flac=00;36:*.m4a=00;36:*.mid=00;36:*.midi=00;36:*.mka=00;36:*.mp3=00;36:*.mpc=00;36:*.ogg=00;36:*.ra=00;36:*.wav=00;36:*.oga=00;36:*.opus=00;36:*.spx=00;36:*.xspf=00;36:'), ('AMENT_PREFIX_PATH', '/opt/ros/humble'), ('DEBIAN_FRONTEND', 'noninteractive'), ('PWD', '/workspace/build/rplidar_ros'), ('LC_ALL', 'en_US.UTF-8'), ('PYTHONPATH', '/opt/ros/humble/lib/python3.10/site-packages:/opt/ros/humble/local/lib/python3.10/dist-packages'), ('COLCON', '1'), ('CMAKE_PREFIX_PATH', '/opt/ros/humble')]), 'shell': False}
[10.358929] (-) TimerEvent: {}
[10.459411] (rplidar_ros) StdoutLine: {'line': b'[  7%] \x1b[32mBuilding CXX object CMakeFiles/rplidar_node.dir/sdk/src/arch/linux/net_serial.cpp.o\x1b[0m\n'}
[10.460032] (-) TimerEvent: {}
[10.462401] (rplidar_ros) StdoutLine: {'line': b'[  7%] \x1b[32mBuilding CXX object CMakeFiles/rplidar_node.dir/src/rplidar_node.cpp.o\x1b[0m\n'}
[10.462995] (rplidar_ros) StdoutLine: {'line': b'[  7%] \x1b[32mBuilding CXX object CMakeFiles/rplidar_client.dir/src/rplidar_client.cpp.o\x1b[0m\n'}
[10.463421] (rplidar_ros) StdoutLine: {'line': b'[ 10%] \x1b[32mBuilding CXX object CMakeFiles/rplidar_composition.dir/src/rplidar_node.cpp.o\x1b[0m\n'}
[10.560218] (-) TimerEvent: {}
[10.661925] (-) TimerEvent: {}
[10.763742] (-) TimerEvent: {}
[10.865292] (-) TimerEvent: {}
[10.966095] (-) TimerEvent: {}
[11.066848] (-) TimerEvent: {}
[11.167513] (-) TimerEvent: {}
[11.268368] (-) TimerEvent: {}
[11.369916] (-) TimerEvent: {}
[11.470739] (-) TimerEvent: {}
[11.573061] (-) TimerEvent: {}
[11.675197] (-) TimerEvent: {}
[11.777431] (-) TimerEvent: {}
[11.894432] (-) TimerEvent: {}
[11.998346] (-) TimerEvent: {}
[12.099066] (-) TimerEvent: {}
[12.199889] (-) TimerEvent: {}
[12.307810] (-) TimerEvent: {}
[12.410393] (-) TimerEvent: {}
[12.511098] (-) TimerEvent: {}
[12.629859] (-) TimerEvent: {}
[12.730598] (-) TimerEvent: {}
[12.832557] (-) TimerEvent: {}
[12.941390] (-) TimerEvent: {}
[13.042104] (-) TimerEvent: {}
[13.142884] (-) TimerEvent: {}
[13.245147] (-) TimerEvent: {}
[13.347426] (-) TimerEvent: {}
[13.377649] (rplidar_ros) StderrLine: {'line': b'\x1b[01m\x1b[K/workspace/modubot_ws/src/rplidar_ros/sdk/src/arch/linux/net_serial.cpp:\x1b[m\x1b[K In member function \xe2\x80\x98\x1b[01m\x1b[Kbool rp::arch::net::raw_serial::open(const char*, uint32_t, uint32_t)\x1b[m\x1b[K\xe2\x80\x99:\n'}
[13.379189] (rplidar_ros) StderrLine: {'line': b'\x1b[01m\x1b[K/workspace/modubot_ws/src/rplidar_ros/sdk/src/arch/linux/net_serial.cpp:97:74:\x1b[m\x1b[K \x1b[01;35m\x1b[Kwarning: \x1b[m\x1b[Kunused parameter \xe2\x80\x98\x1b[01m\x1b[Kflags\x1b[m\x1b[K\xe2\x80\x99 [\x1b[01;35m\x1b[K-Wunused-parameter\x1b[m\x1b[K]\n'}
[13.379957] (rplidar_ros) StderrLine: {'line': b'   97 | bool raw_serial::open(const char * portname, uint32_t baudrate, \x1b[01;35m\x1b[Kuint32_t flags\x1b[m\x1b[K)\n'}
[13.380653] (rplidar_ros) StderrLine: {'line': b'      |                                                                 \x1b[01;35m\x1b[K~~~~~~~~~^~~~~\x1b[m\x1b[K\n'}
[13.382846] (rplidar_ros) StderrLine: {'line': b'\x1b[01m\x1b[K/workspace/modubot_ws/src/rplidar_ros/sdk/src/arch/linux/net_serial.cpp:\x1b[m\x1b[K In member function \xe2\x80\x98\x1b[01m\x1b[Kvirtual void rp::arch::net::raw_serial::flush(_u32)\x1b[m\x1b[K\xe2\x80\x99:\n'}
[13.383514] (rplidar_ros) StderrLine: {'line': b'\x1b[01m\x1b[K/workspace/modubot_ws/src/rplidar_ros/sdk/src/arch/linux/net_serial.cpp:281:30:\x1b[m\x1b[K \x1b[01;35m\x1b[Kwarning: \x1b[m\x1b[Kunused parameter \xe2\x80\x98\x1b[01m\x1b[Kflags\x1b[m\x1b[K\xe2\x80\x99 [\x1b[01;35m\x1b[K-Wunused-parameter\x1b[m\x1b[K]\n'}
[13.383961] (rplidar_ros) StderrLine: {'line': b'  281 | void raw_serial::flush( \x1b[01;35m\x1b[K_u32 flags\x1b[m\x1b[K)\n'}
[13.384382] (rplidar_ros) StderrLine: {'line': b'      |                         \x1b[01;35m\x1b[K~~~~~^~~~~\x1b[m\x1b[K\n'}
[13.385180] (rplidar_ros) StderrLine: {'line': b'\x1b[01m\x1b[K/workspace/modubot_ws/src/rplidar_ros/sdk/src/arch/linux/net_serial.cpp:\x1b[m\x1b[K In member function \xe2\x80\x98\x1b[01m\x1b[Kvirtual int rp::arch::net::raw_serial::waitforsent(_u32, size_t*)\x1b[m\x1b[K\xe2\x80\x99:\n'}
[13.385672] (rplidar_ros) StderrLine: {'line': b'\x1b[01m\x1b[K/workspace/modubot_ws/src/rplidar_ros/sdk/src/arch/linux/net_serial.cpp:286:34:\x1b[m\x1b[K \x1b[01;35m\x1b[Kwarning: \x1b[m\x1b[Kunused parameter \xe2\x80\x98\x1b[01m\x1b[Ktimeout\x1b[m\x1b[K\xe2\x80\x99 [\x1b[01;35m\x1b[K-Wunused-parameter\x1b[m\x1b[K]\n'}
[13.386136] (rplidar_ros) StderrLine: {'line': b'  286 | int raw_serial::waitforsent(\x1b[01;35m\x1b[K_u32 timeout\x1b[m\x1b[K, size_t * returned_size)\n'}
[13.386653] (rplidar_ros) StderrLine: {'line': b'      |                             \x1b[01;35m\x1b[K~~~~~^~~~~~~\x1b[m\x1b[K\n'}
[13.387133] (rplidar_ros) StderrLine: {'line': b'\x1b[01m\x1b[K/workspace/modubot_ws/src/rplidar_ros/sdk/src/arch/linux/net_serial.cpp:\x1b[m\x1b[K In member function \xe2\x80\x98\x1b[01m\x1b[Kvirtual int rp::arch::net::raw_serial::waitforrecv(_u32, size_t*)\x1b[m\x1b[K\xe2\x80\x99:\n'}
[13.387548] (rplidar_ros) StderrLine: {'line': b'\x1b[01m\x1b[K/workspace/modubot_ws/src/rplidar_ros/sdk/src/arch/linux/net_serial.cpp:292:34:\x1b[m\x1b[K \x1b[01;35m\x1b[Kwarning: \x1b[m\x1b[Kunused parameter \xe2\x80\x98\x1b[01m\x1b[Ktimeout\x1b[m\x1b[K\xe2\x80\x99 [\x1b[01;35m\x1b[K-Wunused-parameter\x1b[m\x1b[K]\n'}
[13.387949] (rplidar_ros) StderrLine: {'line': b'  292 | int raw_serial::waitforrecv(\x1b[01;35m\x1b[K_u32 timeout\x1b[m\x1b[K, size_t * returned_size)\n'}
[13.388698] (rplidar_ros) StderrLine: {'line': b'      |                             \x1b[01;35m\x1b[K~~~~~^~~~~~~\x1b[m\x1b[K\n'}
[13.389745] (rplidar_ros) StderrLine: {'line': b'\x1b[01m\x1b[K/workspace/modubot_ws/src/rplidar_ros/sdk/src/arch/linux/net_serial.cpp:\x1b[m\x1b[K In member function \xe2\x80\x98\x1b[01m\x1b[Kvirtual void rp::arch::net::raw_serial::cancelOperation()\x1b[m\x1b[K\xe2\x80\x99:\n'}
[13.390333] (rplidar_ros) StderrLine: {'line': b'\x1b[01m\x1b[K/workspace/modubot_ws/src/rplidar_ros/sdk/src/arch/linux/net_serial.cpp:427:5:\x1b[m\x1b[K \x1b[01;35m\x1b[Kwarning: \x1b[m\x1b[Kvalue computed is not used [\x1b[01;35m\x1b[K-Wunused-value\x1b[m\x1b[K]\n'}
[13.390851] (rplidar_ros) StderrLine: {'line': b'  427 |     \x1b[01;35m\x1b[K(int)::write(_selfpipe[1], "x", 1)\x1b[m\x1b[K;\n'}
[13.391284] (rplidar_ros) StderrLine: {'line': b'      |     \x1b[01;35m\x1b[K^~~~~~~~~~~~~~~~~~~~~~~~~~~~~~~~~~\x1b[m\x1b[K\n'}
[13.450338] (-) TimerEvent: {}
[13.562361] (-) TimerEvent: {}
[13.666340] (-) TimerEvent: {}
[13.768097] (-) TimerEvent: {}
[13.870312] (-) TimerEvent: {}
[13.974328] (-) TimerEvent: {}
[14.076799] (-) TimerEvent: {}
[14.177593] (-) TimerEvent: {}
[14.278624] (-) TimerEvent: {}
[14.294365] (rplidar_ros) StdoutLine: {'line': b'[ 13%] \x1b[32mBuilding CXX object CMakeFiles/rplidar_node.dir/sdk/src/arch/linux/net_socket.cpp.o\x1b[0m\n'}
[14.379003] (-) TimerEvent: {}
[14.481464] (-) TimerEvent: {}
[14.584085] (-) TimerEvent: {}
[14.743085] (-) TimerEvent: {}
[14.845209] (-) TimerEvent: {}
[14.947584] (-) TimerEvent: {}
[15.050321] (-) TimerEvent: {}
[15.158324] (-) TimerEvent: {}
[15.259038] (-) TimerEvent: {}
[15.362341] (-) TimerEvent: {}
[15.463050] (-) TimerEvent: {}
[15.566418] (-) TimerEvent: {}
[15.668973] (-) TimerEvent: {}
[15.771494] (-) TimerEvent: {}
[15.873815] (-) TimerEvent: {}
[15.974861] (-) TimerEvent: {}
[16.076580] (-) TimerEvent: {}
[16.178325] (-) TimerEvent: {}
[16.280901] (-) TimerEvent: {}
[16.383351] (-) TimerEvent: {}
[16.485809] (-) TimerEvent: {}
[16.587542] (-) TimerEvent: {}
[16.689984] (-) TimerEvent: {}
[16.791884] (-) TimerEvent: {}
[16.834705] (rplidar_ros) StderrLine: {'line': b'In file included from \x1b[01m\x1b[K/workspace/modubot_ws/src/rplidar_ros/sdk/include/rplidar_protocol.h:36\x1b[m\x1b[K,\n'}
[16.835620] (rplidar_ros) StderrLine: {'line': b'                 from \x1b[01m\x1b[K/workspace/modubot_ws/src/rplidar_ros/sdk/include/rplidar.h:39\x1b[m\x1b[K,\n'}
[16.836359] (rplidar_ros) StderrLine: {'line': b'                 from \x1b[01m\x1b[K/workspace/modubot_ws/src/rplidar_ros/sdk/src/sdkcommon.h:49\x1b[m\x1b[K,\n'}
[16.837045] (rplidar_ros) StderrLine: {'line': b'                 from \x1b[01m\x1b[K/workspace/modubot_ws/src/rplidar_ros/sdk/src/arch/linux/net_socket.cpp:10\x1b[m\x1b[K:\n'}
[16.837812] (rplidar_ros) StderrLine: {'line': b'\x1b[01m\x1b[K/workspace/modubot_ws/src/rplidar_ros/sdk/include/sl_lidar_protocol.h:66:16:\x1b[m\x1b[K \x1b[01;35m\x1b[Kwarning: \x1b[m\x1b[KISO C++ forbids zero-size array \xe2\x80\x98\x1b[01m\x1b[Kdata\x1b[m\x1b[K\xe2\x80\x99 [\x1b[01;35m\x1b[K-Wpedantic\x1b[m\x1b[K]\n'}
[16.838590] (rplidar_ros) StderrLine: {'line': b'   66 |     sl_u8 data[\x1b[01;35m\x1b[K0\x1b[m\x1b[K];\n'}
[16.839313] (rplidar_ros) StderrLine: {'line': b'      |                \x1b[01;35m\x1b[K^\x1b[m\x1b[K\n'}
[16.843756] (rplidar_ros) StderrLine: {'line': b'In file included from \x1b[01m\x1b[K/workspace/modubot_ws/src/rplidar_ros/sdk/include/rplidar_cmd.h:36\x1b[m\x1b[K,\n'}
[16.844621] (rplidar_ros) StderrLine: {'line': b'                 from \x1b[01m\x1b[K/workspace/modubot_ws/src/rplidar_ros/sdk/include/rplidar.h:40\x1b[m\x1b[K,\n'}
[16.845382] (rplidar_ros) StderrLine: {'line': b'                 from \x1b[01m\x1b[K/workspace/modubot_ws/src/rplidar_ros/sdk/src/sdkcommon.h:49\x1b[m\x1b[K,\n'}
[16.846143] (rplidar_ros) StderrLine: {'line': b'                 from \x1b[01m\x1b[K/workspace/modubot_ws/src/rplidar_ros/sdk/src/arch/linux/net_socket.cpp:10\x1b[m\x1b[K:\n'}
[16.846957] (rplidar_ros) StderrLine: {'line': b'\x1b[01m\x1b[K/workspace/modubot_ws/src/rplidar_ros/sdk/include/sl_lidar_cmd.h:324:20:\x1b[m\x1b[K \x1b[01;35m\x1b[Kwarning: \x1b[m\x1b[KISO C++ forbids zero-size array \xe2\x80\x98\x1b[01m\x1b[Kpayload\x1b[m\x1b[K\xe2\x80\x99 [\x1b[01;35m\x1b[K-Wpedantic\x1b[m\x1b[K]\n'}
[16.847625] (rplidar_ros) StderrLine: {'line': b'  324 |     sl_u8  payload[\x1b[01;35m\x1b[K0\x1b[m\x1b[K];\n'}
[16.848114] (rplidar_ros) StderrLine: {'line': b'      |                    \x1b[01;35m\x1b[K^\x1b[m\x1b[K\n'}
[16.892068] (-) TimerEvent: {}
[16.994371] (-) TimerEvent: {}
[17.096825] (-) TimerEvent: {}
[17.134644] (rplidar_ros) StderrLine: {'line': b'In file included from \x1b[01m\x1b[K/workspace/modubot_ws/src/rplidar_ros/sdk/src/arch/linux/arch_linux.h:42\x1b[m\x1b[K,\n'}
[17.135274] (rplidar_ros) StderrLine: {'line': b'                 from \x1b[01m\x1b[K/workspace/modubot_ws/src/rplidar_ros/sdk/src/sdkcommon.h:41\x1b[m\x1b[K,\n'}
[17.135777] (rplidar_ros) StderrLine: {'line': b'                 from \x1b[01m\x1b[K/workspace/modubot_ws/src/rplidar_ros/sdk/src/arch/linux/net_socket.cpp:10\x1b[m\x1b[K:\n'}
[17.136227] (rplidar_ros) StderrLine: {'line': b'\x1b[01m\x1b[K/workspace/modubot_ws/src/rplidar_ros/sdk/src/arch/linux/net_socket.cpp:\x1b[m\x1b[K In member function \xe2\x80\x98\x1b[01m\x1b[Kvirtual u_result rp::arch::net::DGramSocketImpl::sendTo(const rp::net::SocketAddress*, const void*, size_t)\x1b[m\x1b[K\xe2\x80\x99:\n'}
[17.136696] (rplidar_ros) StderrLine: {'line': b'\x1b[01m\x1b[K/workspace/modubot_ws/src/rplidar_ros/sdk/src/arch/linux/net_socket.cpp:733:24:\x1b[m\x1b[K \x1b[01;35m\x1b[Kwarning: \x1b[m\x1b[Kcomparison of integer expressions of different signedness: \xe2\x80\x98\x1b[01m\x1b[Kint\x1b[m\x1b[K\xe2\x80\x99 and \xe2\x80\x98\x1b[01m\x1b[Ksize_t\x1b[m\x1b[K\xe2\x80\x99 {aka \xe2\x80\x98\x1b[01m\x1b[Klong unsigned int\x1b[m\x1b[K\xe2\x80\x99} [\x1b[01;35m\x1b[K-Wsign-compare\x1b[m\x1b[K]\n'}
[17.137164] (rplidar_ros) StderrLine: {'line': b'  733 |             assert(\x1b[01;35m\x1b[Kans == len\x1b[m\x1b[K);\n'}
[17.137576] (rplidar_ros) StderrLine: {'line': b'      |                    \x1b[01;35m\x1b[K~~~~^~~~~~\x1b[m\x1b[K\n'}
[17.197002] (-) TimerEvent: {}
[17.298951] (-) TimerEvent: {}
[17.399879] (-) TimerEvent: {}
[17.514307] (-) TimerEvent: {}
[17.614986] (-) TimerEvent: {}
[17.717268] (-) TimerEvent: {}
[17.818060] (-) TimerEvent: {}
[17.920595] (-) TimerEvent: {}
[18.023029] (-) TimerEvent: {}
[18.123969] (-) TimerEvent: {}
[18.210802] (rplidar_ros) StdoutLine: {'line': b'[ 15%] \x1b[32mBuilding CXX object CMakeFiles/rplidar_node.dir/sdk/src/arch/linux/timer.cpp.o\x1b[0m\n'}
[18.224166] (-) TimerEvent: {}
[18.324901] (-) TimerEvent: {}
[18.426288] (-) TimerEvent: {}
[18.527976] (-) TimerEvent: {}
[18.629795] (-) TimerEvent: {}
[18.731478] (-) TimerEvent: {}
[18.833283] (-) TimerEvent: {}
[18.934052] (-) TimerEvent: {}
[19.035727] (-) TimerEvent: {}
[19.137731] (-) TimerEvent: {}
[19.239783] (-) TimerEvent: {}
[19.341538] (-) TimerEvent: {}
[19.444969] (-) TimerEvent: {}
[19.547172] (-) TimerEvent: {}
[19.649396] (-) TimerEvent: {}
[19.750823] (-) TimerEvent: {}
[19.851702] (-) TimerEvent: {}
[19.954150] (-) TimerEvent: {}
[20.056473] (-) TimerEvent: {}
[20.158873] (-) TimerEvent: {}
[20.260570] (-) TimerEvent: {}
[20.354251] (rplidar_ros) StdoutLine: {'line': b'[ 18%] \x1b[32mBuilding CXX object CMakeFiles/rplidar_node.dir/sdk/src/dataunpacker/dataunpacker.cpp.o\x1b[0m\n'}
[20.360765] (-) TimerEvent: {}
[20.461630] (-) TimerEvent: {}
[20.563270] (-) TimerEvent: {}
[20.665405] (-) TimerEvent: {}
[20.767739] (-) TimerEvent: {}
[20.870378] (-) TimerEvent: {}
[20.972219] (-) TimerEvent: {}
[21.078321] (-) TimerEvent: {}
[21.180616] (-) TimerEvent: {}
[21.282331] (-) TimerEvent: {}
[21.384285] (-) TimerEvent: {}
[21.486315] (-) TimerEvent: {}
[21.587226] (-) TimerEvent: {}
[21.690324] (-) TimerEvent: {}
[21.791100] (-) TimerEvent: {}
[21.891858] (-) TimerEvent: {}
[21.994271] (-) TimerEvent: {}
[22.096751] (-) TimerEvent: {}
[22.199333] (-) TimerEvent: {}
[22.301501] (-) TimerEvent: {}
[22.403594] (-) TimerEvent: {}
[22.511656] (-) TimerEvent: {}
[22.612957] (-) TimerEvent: {}
[22.715715] (-) TimerEvent: {}
[22.818149] (-) TimerEvent: {}
[22.920377] (-) TimerEvent: {}
[22.958971] (rplidar_ros) StderrLine: {'line': b'In file included from \x1b[01m\x1b[K/workspace/modubot_ws/src/rplidar_ros/sdk/include/rplidar_protocol.h:36\x1b[m\x1b[K,\n'}
[22.964263] (rplidar_ros) StderrLine: {'line': b'                 from \x1b[01m\x1b[K/workspace/modubot_ws/src/rplidar_ros/sdk/include/rplidar.h:39\x1b[m\x1b[K,\n'}
[22.965300] (rplidar_ros) StderrLine: {'line': b'                 from \x1b[01m\x1b[K/workspace/modubot_ws/src/rplidar_ros/sdk/src/sdkcommon.h:49\x1b[m\x1b[K,\n'}
[22.965848] (rplidar_ros) StderrLine: {'line': b'                 from \x1b[01m\x1b[K/workspace/modubot_ws/src/rplidar_ros/sdk/src/dataunpacker/dataunnpacker_commondef.h:41\x1b[m\x1b[K,\n'}
[22.966365] (rplidar_ros) StderrLine: {'line': b'                 from \x1b[01m\x1b[K/workspace/modubot_ws/src/rplidar_ros/sdk/src/dataunpacker/dataunpacker.cpp:39\x1b[m\x1b[K:\n'}
[22.966814] (rplidar_ros) StderrLine: {'line': b'\x1b[01m\x1b[K/workspace/modubot_ws/src/rplidar_ros/sdk/include/sl_lidar_protocol.h:66:16:\x1b[m\x1b[K \x1b[01;35m\x1b[Kwarning: \x1b[m\x1b[KISO C++ forbids zero-size array \xe2\x80\x98\x1b[01m\x1b[Kdata\x1b[m\x1b[K\xe2\x80\x99 [\x1b[01;35m\x1b[K-Wpedantic\x1b[m\x1b[K]\n'}
[22.967399] (rplidar_ros) StderrLine: {'line': b'   66 |     sl_u8 data[\x1b[01;35m\x1b[K0\x1b[m\x1b[K];\n'}
[22.968145] (rplidar_ros) StderrLine: {'line': b'      |                \x1b[01;35m\x1b[K^\x1b[m\x1b[K\n'}
[22.968627] (rplidar_ros) StderrLine: {'line': b'In file included from \x1b[01m\x1b[K/workspace/modubot_ws/src/rplidar_ros/sdk/include/rplidar_cmd.h:36\x1b[m\x1b[K,\n'}
[22.969074] (rplidar_ros) StderrLine: {'line': b'                 from \x1b[01m\x1b[K/workspace/modubot_ws/src/rplidar_ros/sdk/include/rplidar.h:40\x1b[m\x1b[K,\n'}
[22.969506] (rplidar_ros) StderrLine: {'line': b'                 from \x1b[01m\x1b[K/workspace/modubot_ws/src/rplidar_ros/sdk/src/sdkcommon.h:49\x1b[m\x1b[K,\n'}
[22.969936] (rplidar_ros) StderrLine: {'line': b'                 from \x1b[01m\x1b[K/workspace/modubot_ws/src/rplidar_ros/sdk/src/dataunpacker/dataunnpacker_commondef.h:41\x1b[m\x1b[K,\n'}
[22.970668] (rplidar_ros) StderrLine: {'line': b'                 from \x1b[01m\x1b[K/workspace/modubot_ws/src/rplidar_ros/sdk/src/dataunpacker/dataunpacker.cpp:39\x1b[m\x1b[K:\n'}
[22.971439] (rplidar_ros) StderrLine: {'line': b'\x1b[01m\x1b[K/workspace/modubot_ws/src/rplidar_ros/sdk/include/sl_lidar_cmd.h:324:20:\x1b[m\x1b[K \x1b[01;35m\x1b[Kwarning: \x1b[m\x1b[KISO C++ forbids zero-size array \xe2\x80\x98\x1b[01m\x1b[Kpayload\x1b[m\x1b[K\xe2\x80\x99 [\x1b[01;35m\x1b[K-Wpedantic\x1b[m\x1b[K]\n'}
[22.972211] (rplidar_ros) StderrLine: {'line': b'  324 |     sl_u8  payload[\x1b[01;35m\x1b[K0\x1b[m\x1b[K];\n'}
[22.972965] (rplidar_ros) StderrLine: {'line': b'      |                    \x1b[01;35m\x1b[K^\x1b[m\x1b[K\n'}
[23.020569] (-) TimerEvent: {}
[23.122490] (-) TimerEvent: {}
[23.224776] (-) TimerEvent: {}
[23.327355] (-) TimerEvent: {}
[23.429924] (-) TimerEvent: {}
[23.533373] (-) TimerEvent: {}
[23.635583] (-) TimerEvent: {}
[23.737673] (-) TimerEvent: {}
[23.839767] (-) TimerEvent: {}
[23.941875] (-) TimerEvent: {}
[24.042966] (-) TimerEvent: {}
[24.093226] (rplidar_ros) StderrLine: {'line': b'In file included from \x1b[01m\x1b[K/workspace/modubot_ws/src/rplidar_ros/sdk/src/dataunpacker/dataunpacker.cpp:40\x1b[m\x1b[K:\n'}
[24.094221] (rplidar_ros) StderrLine: {'line': b'\x1b[01m\x1b[K/workspace/modubot_ws/src/rplidar_ros/sdk/src/dataunpacker/dataunpacker.h:\x1b[m\x1b[K In member function \xe2\x80\x98\x1b[01m\x1b[Kvirtual void sl::internal::LIDARSampleDataListener::onCustomSampleDataDecoded(_u8, _u32, const void*, size_t)\x1b[m\x1b[K\xe2\x80\x99:\n'}
[24.095040] (rplidar_ros) StderrLine: {'line': b'\x1b[01m\x1b[K/workspace/modubot_ws/src/rplidar_ros/sdk/src/dataunpacker/dataunpacker.h:54:52:\x1b[m\x1b[K \x1b[01;35m\x1b[Kwarning: \x1b[m\x1b[Kunused parameter \xe2\x80\x98\x1b[01m\x1b[KansType\x1b[m\x1b[K\xe2\x80\x99 [\x1b[01;35m\x1b[K-Wunused-parameter\x1b[m\x1b[K]\n'}
[24.095815] (rplidar_ros) StderrLine: {'line': b'   54 |         virtual void onCustomSampleDataDecoded(\x1b[01;35m\x1b[K_u8 ansType\x1b[m\x1b[K, _u32 customCode, const void* data, size_t size) {}\n'}
[24.096536] (rplidar_ros) StderrLine: {'line': b'      |                                                \x1b[01;35m\x1b[K~~~~^~~~~~~\x1b[m\x1b[K\n'}
[24.097598] (rplidar_ros) StderrLine: {'line': b'\x1b[01m\x1b[K/workspace/modubot_ws/src/rplidar_ros/sdk/src/dataunpacker/dataunpacker.h:54:66:\x1b[m\x1b[K \x1b[01;35m\x1b[Kwarning: \x1b[m\x1b[Kunused parameter \xe2\x80\x98\x1b[01m\x1b[KcustomCode\x1b[m\x1b[K\xe2\x80\x99 [\x1b[01;35m\x1b[K-Wunused-parameter\x1b[m\x1b[K]\n'}
[24.098412] (rplidar_ros) StderrLine: {'line': b'   54 |         virtual void onCustomSampleDataDecoded(_u8 ansType, \x1b[01;35m\x1b[K_u32 customCode\x1b[m\x1b[K, const void* data, size_t size) {}\n'}
[24.099219] (rplidar_ros) StderrLine: {'line': b'      |                                                             \x1b[01;35m\x1b[K~~~~~^~~~~~~~~~\x1b[m\x1b[K\n'}
[24.100127] (rplidar_ros) StderrLine: {'line': b'\x1b[01m\x1b[K/workspace/modubot_ws/src/rplidar_ros/sdk/src/dataunpacker/dataunpacker.h:54:90:\x1b[m\x1b[K \x1b[01;35m\x1b[Kwarning: \x1b[m\x1b[Kunused parameter \xe2\x80\x98\x1b[01m\x1b[Kdata\x1b[m\x1b[K\xe2\x80\x99 [\x1b[01;35m\x1b[K-Wunused-parameter\x1b[m\x1b[K]\n'}
[24.100964] (rplidar_ros) StderrLine: {'line': b'   54 |         virtual void onCustomSampleDataDecoded(_u8 ansType, _u32 customCode, \x1b[01;35m\x1b[Kconst void* data\x1b[m\x1b[K, size_t size) {}\n'}
[24.101800] (rplidar_ros) StderrLine: {'line': b'      |                                                                              \x1b[01;35m\x1b[K~~~~~~~~~~~~^~~~\x1b[m\x1b[K\n'}
[24.102787] (rplidar_ros) StderrLine: {'line': b'\x1b[01m\x1b[K/workspace/modubot_ws/src/rplidar_ros/sdk/src/dataunpacker/dataunpacker.h:54:103:\x1b[m\x1b[K \x1b[01;35m\x1b[Kwarning: \x1b[m\x1b[Kunused parameter \xe2\x80\x98\x1b[01m\x1b[Ksize\x1b[m\x1b[K\xe2\x80\x99 [\x1b[01;35m\x1b[K-Wunused-parameter\x1b[m\x1b[K]\n'}
[24.103571] (rplidar_ros) StderrLine: {'line': b'   54 |         virtual void onCustomSampleDataDecoded(_u8 ansType, _u32 customCode, const void* data, \x1b[01;35m\x1b[Ksize_t size\x1b[m\x1b[K) {}\n'}
[24.104311] (rplidar_ros) StderrLine: {'line': b'      |                                                                                                \x1b[01;35m\x1b[K~~~~~~~^~~~\x1b[m\x1b[K\n'}
[24.105323] (rplidar_ros) StderrLine: {'line': b'\x1b[01m\x1b[K/workspace/modubot_ws/src/rplidar_ros/sdk/src/dataunpacker/dataunpacker.h:\x1b[m\x1b[K In member function \xe2\x80\x98\x1b[01m\x1b[Kvirtual void sl::internal::LIDARSampleDataListener::onDecodingError(int, _u8, const void*, size_t)\x1b[m\x1b[K\xe2\x80\x99:\n'}
[24.106125] (rplidar_ros) StderrLine: {'line': b'\x1b[01m\x1b[K/workspace/modubot_ws/src/rplidar_ros/sdk/src/dataunpacker/dataunpacker.h:56:42:\x1b[m\x1b[K \x1b[01;35m\x1b[Kwarning: \x1b[m\x1b[Kunused parameter \xe2\x80\x98\x1b[01m\x1b[KerrMsg\x1b[m\x1b[K\xe2\x80\x99 [\x1b[01;35m\x1b[K-Wunused-parameter\x1b[m\x1b[K]\n'}
[24.106917] (rplidar_ros) StderrLine: {'line': b'   56 |         virtual void onDecodingError(\x1b[01;35m\x1b[Kint errMsg\x1b[m\x1b[K, _u8 ansType, const void* payload, size_t size) {}\n'}
[24.107859] (rplidar_ros) StderrLine: {'line': b'      |                                      \x1b[01;35m\x1b[K~~~~^~~~~~\x1b[m\x1b[K\n'}
[24.110315] (rplidar_ros) StderrLine: {'line': b'\x1b[01m\x1b[K/workspace/modubot_ws/src/rplidar_ros/sdk/src/dataunpacker/dataunpacker.h:56:54:\x1b[m\x1b[K \x1b[01;35m\x1b[Kwarning: \x1b[m\x1b[Kunused parameter \xe2\x80\x98\x1b[01m\x1b[KansType\x1b[m\x1b[K\xe2\x80\x99 [\x1b[01;35m\x1b[K-Wunused-parameter\x1b[m\x1b[K]\n'}
[24.110924] (rplidar_ros) StderrLine: {'line': b'   56 |         virtual void onDecodingError(int errMsg, \x1b[01;35m\x1b[K_u8 ansType\x1b[m\x1b[K, const void* payload, size_t size) {}\n'}
[24.111389] (rplidar_ros) StderrLine: {'line': b'      |                                                  \x1b[01;35m\x1b[K~~~~^~~~~~~\x1b[m\x1b[K\n'}
[24.111834] (rplidar_ros) StderrLine: {'line': b'\x1b[01m\x1b[K/workspace/modubot_ws/src/rplidar_ros/sdk/src/dataunpacker/dataunpacker.h:56:75:\x1b[m\x1b[K \x1b[01;35m\x1b[Kwarning: \x1b[m\x1b[Kunused parameter \xe2\x80\x98\x1b[01m\x1b[Kpayload\x1b[m\x1b[K\xe2\x80\x99 [\x1b[01;35m\x1b[K-Wunused-parameter\x1b[m\x1b[K]\n'}
[24.112258] (rplidar_ros) StderrLine: {'line': b'   56 |         virtual void onDecodingError(int errMsg, _u8 ansType, \x1b[01;35m\x1b[Kconst void* payload\x1b[m\x1b[K, size_t size) {}\n'}
[24.112684] (rplidar_ros) StderrLine: {'line': b'      |                                                               \x1b[01;35m\x1b[K~~~~~~~~~~~~^~~~~~~\x1b[m\x1b[K\n'}
[24.113123] (rplidar_ros) StderrLine: {'line': b'\x1b[01m\x1b[K/workspace/modubot_ws/src/rplidar_ros/sdk/src/dataunpacker/dataunpacker.h:56:91:\x1b[m\x1b[K \x1b[01;35m\x1b[Kwarning: \x1b[m\x1b[Kunused parameter \xe2\x80\x98\x1b[01m\x1b[Ksize\x1b[m\x1b[K\xe2\x80\x99 [\x1b[01;35m\x1b[K-Wunused-parameter\x1b[m\x1b[K]\n'}
[24.113572] (rplidar_ros) StderrLine: {'line': b'   56 |         virtual void onDecodingError(int errMsg, _u8 ansType, const void* payload, \x1b[01;35m\x1b[Ksize_t size\x1b[m\x1b[K) {}\n'}
[24.114037] (rplidar_ros) StderrLine: {'line': b'      |                                                                                    \x1b[01;35m\x1b[K~~~~~~~^~~~\x1b[m\x1b[K\n'}
[24.150273] (-) TimerEvent: {}
[24.152295] (rplidar_ros) StderrLine: {'line': b'In file included from \x1b[01m\x1b[K/workspace/modubot_ws/src/rplidar_ros/sdk/include/sl_lidar_cmd.h:41\x1b[m\x1b[K,\n'}
[24.153137] (rplidar_ros) StderrLine: {'line': b'                 from \x1b[01m\x1b[K/workspace/modubot_ws/src/rplidar_ros/sdk/include/sl_lidar_driver.h:54\x1b[m\x1b[K,\n'}
[24.153632] (rplidar_ros) StderrLine: {'line': b'                 from \x1b[01m\x1b[K/workspace/modubot_ws/src/rplidar_ros/sdk/include/sl_lidar.h:36\x1b[m\x1b[K,\n'}
[24.154082] (rplidar_ros) StderrLine: {'line': b'                 from \x1b[01m\x1b[K/workspace/modubot_ws/src/rplidar_ros/src/rplidar_node.cpp:38\x1b[m\x1b[K:\n'}
[24.154606] (rplidar_ros) StderrLine: {'line': b'\x1b[01m\x1b[K/workspace/modubot_ws/src/rplidar_ros/sdk/include/sl_lidar_protocol.h:66:16:\x1b[m\x1b[K \x1b[01;35m\x1b[Kwarning: \x1b[m\x1b[KISO C++ forbids zero-size array \xe2\x80\x98\x1b[01m\x1b[Kdata\x1b[m\x1b[K\xe2\x80\x99 [\x1b[01;35m\x1b[K-Wpedantic\x1b[m\x1b[K]\n'}
[24.155047] (rplidar_ros) StderrLine: {'line': b'   66 |     sl_u8 data[\x1b[01;35m\x1b[K0\x1b[m\x1b[K];\n'}
[24.155461] (rplidar_ros) StderrLine: {'line': b'      |                \x1b[01;35m\x1b[K^\x1b[m\x1b[K\n'}
[24.155878] (rplidar_ros) StderrLine: {'line': b'In file included from \x1b[01m\x1b[K/workspace/modubot_ws/src/rplidar_ros/sdk/include/sl_lidar_driver.h:54\x1b[m\x1b[K,\n'}
[24.156289] (rplidar_ros) StderrLine: {'line': b'                 from \x1b[01m\x1b[K/workspace/modubot_ws/src/rplidar_ros/sdk/include/sl_lidar.h:36\x1b[m\x1b[K,\n'}
[24.156709] (rplidar_ros) StderrLine: {'line': b'                 from \x1b[01m\x1b[K/workspace/modubot_ws/src/rplidar_ros/src/rplidar_node.cpp:38\x1b[m\x1b[K:\n'}
[24.157440] (rplidar_ros) StderrLine: {'line': b'\x1b[01m\x1b[K/workspace/modubot_ws/src/rplidar_ros/sdk/include/sl_lidar_cmd.h:324:20:\x1b[m\x1b[K \x1b[01;35m\x1b[Kwarning: \x1b[m\x1b[KISO C++ forbids zero-size array \xe2\x80\x98\x1b[01m\x1b[Kpayload\x1b[m\x1b[K\xe2\x80\x99 [\x1b[01;35m\x1b[K-Wpedantic\x1b[m\x1b[K]\n'}
[24.158225] (rplidar_ros) StderrLine: {'line': b'  324 |     sl_u8  payload[\x1b[01;35m\x1b[K0\x1b[m\x1b[K];\n'}
[24.158969] (rplidar_ros) StderrLine: {'line': b'      |                    \x1b[01;35m\x1b[K^\x1b[m\x1b[K\n'}
[24.250445] (-) TimerEvent: {}
[24.351785] (-) TimerEvent: {}
[24.453838] (-) TimerEvent: {}
[24.546888] (rplidar_ros) StderrLine: {'line': b'In file included from \x1b[01m\x1b[K/workspace/modubot_ws/src/rplidar_ros/sdk/include/sl_lidar_cmd.h:41\x1b[m\x1b[K,\n'}
[24.547793] (rplidar_ros) StderrLine: {'line': b'                 from \x1b[01m\x1b[K/workspace/modubot_ws/src/rplidar_ros/sdk/include/sl_lidar_driver.h:54\x1b[m\x1b[K,\n'}
[24.548626] (rplidar_ros) StderrLine: {'line': b'                 from \x1b[01m\x1b[K/workspace/modubot_ws/src/rplidar_ros/sdk/include/sl_lidar.h:36\x1b[m\x1b[K,\n'}
[24.549417] (rplidar_ros) StderrLine: {'line': b'                 from \x1b[01m\x1b[K/workspace/modubot_ws/src/rplidar_ros/src/rplidar_node.cpp:38\x1b[m\x1b[K:\n'}
[24.550238] (rplidar_ros) StderrLine: {'line': b'\x1b[01m\x1b[K/workspace/modubot_ws/src/rplidar_ros/sdk/include/sl_lidar_protocol.h:66:16:\x1b[m\x1b[K \x1b[01;35m\x1b[Kwarning: \x1b[m\x1b[KISO C++ forbids zero-size array \xe2\x80\x98\x1b[01m\x1b[Kdata\x1b[m\x1b[K\xe2\x80\x99 [\x1b[01;35m\x1b[K-Wpedantic\x1b[m\x1b[K]\n'}
[24.550992] (rplidar_ros) StderrLine: {'line': b'   66 |     sl_u8 data[\x1b[01;35m\x1b[K0\x1b[m\x1b[K];\n'}
[24.551688] (rplidar_ros) StderrLine: {'line': b'      |                \x1b[01;35m\x1b[K^\x1b[m\x1b[K\n'}
[24.554010] (-) TimerEvent: {}
[24.555537] (rplidar_ros) StderrLine: {'line': b'In file included from \x1b[01m\x1b[K/workspace/modubot_ws/src/rplidar_ros/sdk/include/sl_lidar_driver.h:54\x1b[m\x1b[K,\n'}
[24.556434] (rplidar_ros) StderrLine: {'line': b'                 from \x1b[01m\x1b[K/workspace/modubot_ws/src/rplidar_ros/sdk/include/sl_lidar.h:36\x1b[m\x1b[K,\n'}
[24.557212] (rplidar_ros) StderrLine: {'line': b'                 from \x1b[01m\x1b[K/workspace/modubot_ws/src/rplidar_ros/src/rplidar_node.cpp:38\x1b[m\x1b[K:\n'}
[24.557966] (rplidar_ros) StderrLine: {'line': b'\x1b[01m\x1b[K/workspace/modubot_ws/src/rplidar_ros/sdk/include/sl_lidar_cmd.h:324:20:\x1b[m\x1b[K \x1b[01;35m\x1b[Kwarning: \x1b[m\x1b[KISO C++ forbids zero-size array \xe2\x80\x98\x1b[01m\x1b[Kpayload\x1b[m\x1b[K\xe2\x80\x99 [\x1b[01;35m\x1b[K-Wpedantic\x1b[m\x1b[K]\n'}
[24.558744] (rplidar_ros) StderrLine: {'line': b'  324 |     sl_u8  payload[\x1b[01;35m\x1b[K0\x1b[m\x1b[K];\n'}
[24.559482] (rplidar_ros) StderrLine: {'line': b'      |                    \x1b[01;35m\x1b[K^\x1b[m\x1b[K\n'}
[24.654238] (-) TimerEvent: {}
[24.755718] (-) TimerEvent: {}
[24.858119] (-) TimerEvent: {}
[24.960706] (-) TimerEvent: {}
[25.062677] (-) TimerEvent: {}
[25.163437] (-) TimerEvent: {}
[25.264257] (-) TimerEvent: {}
[25.366860] (-) TimerEvent: {}
[25.467575] (-) TimerEvent: {}
[25.569616] (-) TimerEvent: {}
[25.659116] (rplidar_ros) StdoutLine: {'line': b'[ 21%] \x1b[32mBuilding CXX object CMakeFiles/rplidar_node.dir/sdk/src/dataunpacker/unpacker/handler_capsules.cpp.o\x1b[0m\n'}
[25.669815] (-) TimerEvent: {}
[25.772147] (-) TimerEvent: {}
[25.874428] (-) TimerEvent: {}
[25.976640] (-) TimerEvent: {}
[26.079048] (-) TimerEvent: {}
[26.181264] (-) TimerEvent: {}
[26.283327] (-) TimerEvent: {}
[26.385884] (-) TimerEvent: {}
[26.488248] (-) TimerEvent: {}
[26.590545] (-) TimerEvent: {}
[26.692914] (-) TimerEvent: {}
[26.795291] (-) TimerEvent: {}
[26.897902] (-) TimerEvent: {}
[26.999761] (-) TimerEvent: {}
[27.102185] (-) TimerEvent: {}
[27.203072] (-) TimerEvent: {}
[27.304827] (-) TimerEvent: {}
[27.409617] (-) TimerEvent: {}
[27.510868] (-) TimerEvent: {}
[27.613719] (-) TimerEvent: {}
[27.715436] (-) TimerEvent: {}
[27.818766] (-) TimerEvent: {}
[27.922377] (-) TimerEvent: {}
[28.025434] (-) TimerEvent: {}
[28.126464] (-) TimerEvent: {}
[28.229683] (rplidar_ros) StderrLine: {'line': b'In file included from \x1b[01m\x1b[K/workspace/modubot_ws/src/rplidar_ros/sdk/include/rplidar_protocol.h:36\x1b[m\x1b[K,\n'}
[28.230633] (-) TimerEvent: {}
[28.231135] (rplidar_ros) StderrLine: {'line': b'                 from \x1b[01m\x1b[K/workspace/modubot_ws/src/rplidar_ros/sdk/include/rplidar.h:39\x1b[m\x1b[K,\n'}
[28.231658] (rplidar_ros) StderrLine: {'line': b'                 from \x1b[01m\x1b[K/workspace/modubot_ws/src/rplidar_ros/sdk/src/sdkcommon.h:49\x1b[m\x1b[K,\n'}
[28.233118] (rplidar_ros) StderrLine: {'line': b'                 from \x1b[01m\x1b[K/workspace/modubot_ws/src/rplidar_ros/sdk/src/dataunpacker/unpacker/../dataunnpacker_commondef.h:41\x1b[m\x1b[K,\n'}
[28.233815] (rplidar_ros) StderrLine: {'line': b'                 from \x1b[01m\x1b[K/workspace/modubot_ws/src/rplidar_ros/sdk/src/dataunpacker/unpacker/handler_capsules.cpp:39\x1b[m\x1b[K:\n'}
[28.234511] (rplidar_ros) StderrLine: {'line': b'\x1b[01m\x1b[K/workspace/modubot_ws/src/rplidar_ros/sdk/include/sl_lidar_protocol.h:66:16:\x1b[m\x1b[K \x1b[01;35m\x1b[Kwarning: \x1b[m\x1b[KISO C++ forbids zero-size array \xe2\x80\x98\x1b[01m\x1b[Kdata\x1b[m\x1b[K\xe2\x80\x99 [\x1b[01;35m\x1b[K-Wpedantic\x1b[m\x1b[K]\n'}
[28.235130] (rplidar_ros) StderrLine: {'line': b'   66 |     sl_u8 data[\x1b[01;35m\x1b[K0\x1b[m\x1b[K];\n'}
[28.235658] (rplidar_ros) StderrLine: {'line': b'      |                \x1b[01;35m\x1b[K^\x1b[m\x1b[K\n'}
[28.252440] (rplidar_ros) StderrLine: {'line': b'In file included from \x1b[01m\x1b[K/workspace/modubot_ws/src/rplidar_ros/sdk/include/rplidar_cmd.h:36\x1b[m\x1b[K,\n'}
[28.253076] (rplidar_ros) StderrLine: {'line': b'                 from \x1b[01m\x1b[K/workspace/modubot_ws/src/rplidar_ros/sdk/include/rplidar.h:40\x1b[m\x1b[K,\n'}
[28.253486] (rplidar_ros) StderrLine: {'line': b'                 from \x1b[01m\x1b[K/workspace/modubot_ws/src/rplidar_ros/sdk/src/sdkcommon.h:49\x1b[m\x1b[K,\n'}
[28.253910] (rplidar_ros) StderrLine: {'line': b'                 from \x1b[01m\x1b[K/workspace/modubot_ws/src/rplidar_ros/sdk/src/dataunpacker/unpacker/../dataunnpacker_commondef.h:41\x1b[m\x1b[K,\n'}
[28.254746] (rplidar_ros) StderrLine: {'line': b'                 from \x1b[01m\x1b[K/workspace/modubot_ws/src/rplidar_ros/sdk/src/dataunpacker/unpacker/handler_capsules.cpp:39\x1b[m\x1b[K:\n'}
[28.255200] (rplidar_ros) StderrLine: {'line': b'\x1b[01m\x1b[K/workspace/modubot_ws/src/rplidar_ros/sdk/include/sl_lidar_cmd.h:324:20:\x1b[m\x1b[K \x1b[01;35m\x1b[Kwarning: \x1b[m\x1b[KISO C++ forbids zero-size array \xe2\x80\x98\x1b[01m\x1b[Kpayload\x1b[m\x1b[K\xe2\x80\x99 [\x1b[01;35m\x1b[K-Wpedantic\x1b[m\x1b[K]\n'}
[28.255602] (rplidar_ros) StderrLine: {'line': b'  324 |     sl_u8  payload[\x1b[01;35m\x1b[K0\x1b[m\x1b[K];\n'}
[28.255996] (rplidar_ros) StderrLine: {'line': b'      |                    \x1b[01;35m\x1b[K^\x1b[m\x1b[K\n'}
[28.337710] (-) TimerEvent: {}
[28.442320] (-) TimerEvent: {}
[28.543038] (-) TimerEvent: {}
[28.676345] (-) TimerEvent: {}
[28.778816] (-) TimerEvent: {}
[28.879538] (-) TimerEvent: {}
[28.982202] (-) TimerEvent: {}
[29.083904] (-) TimerEvent: {}
[29.190373] (-) TimerEvent: {}
[29.298404] (-) TimerEvent: {}
[29.399233] (-) TimerEvent: {}
[29.500047] (-) TimerEvent: {}
[29.594656] (rplidar_ros) StderrLine: {'line': b'In file included from \x1b[01m\x1b[K/workspace/modubot_ws/src/rplidar_ros/sdk/src/dataunpacker/unpacker/handler_capsules.cpp:40\x1b[m\x1b[K:\n'}
[29.595352] (rplidar_ros) StderrLine: {'line': b'\x1b[01m\x1b[K/workspace/modubot_ws/src/rplidar_ros/sdk/src/dataunpacker/unpacker/../dataunpacker.h:\x1b[m\x1b[K In member function \xe2\x80\x98\x1b[01m\x1b[Kvirtual void sl::internal::LIDARSampleDataListener::onCustomSampleDataDecoded(_u8, _u32, const void*, size_t)\x1b[m\x1b[K\xe2\x80\x99:\n'}
[29.595823] (rplidar_ros) StderrLine: {'line': b'\x1b[01m\x1b[K/workspace/modubot_ws/src/rplidar_ros/sdk/src/dataunpacker/unpacker/../dataunpacker.h:54:52:\x1b[m\x1b[K \x1b[01;35m\x1b[Kwarning: \x1b[m\x1b[Kunused parameter \xe2\x80\x98\x1b[01m\x1b[KansType\x1b[m\x1b[K\xe2\x80\x99 [\x1b[01;35m\x1b[K-Wunused-parameter\x1b[m\x1b[K]\n'}
[29.619410] (rplidar_ros) StderrLine: {'line': b'   54 |         virtual void onCustomSampleDataDecoded(\x1b[01;35m\x1b[K_u8 ansType\x1b[m\x1b[K, _u32 customCode, const void* data, size_t size) {}\n'}
[29.620289] (-) TimerEvent: {}
[29.621874] (rplidar_ros) StderrLine: {'line': b'      |                                                \x1b[01;35m\x1b[K~~~~^~~~~~~\x1b[m\x1b[K\n'}
[29.622482] (rplidar_ros) StderrLine: {'line': b'\x1b[01m\x1b[K/workspace/modubot_ws/src/rplidar_ros/sdk/src/dataunpacker/unpacker/../dataunpacker.h:54:66:\x1b[m\x1b[K \x1b[01;35m\x1b[Kwarning: \x1b[m\x1b[Kunused parameter \xe2\x80\x98\x1b[01m\x1b[KcustomCode\x1b[m\x1b[K\xe2\x80\x99 [\x1b[01;35m\x1b[K-Wunused-parameter\x1b[m\x1b[K]\n'}
[29.622951] (rplidar_ros) StderrLine: {'line': b'   54 |         virtual void onCustomSampleDataDecoded(_u8 ansType, \x1b[01;35m\x1b[K_u32 customCode\x1b[m\x1b[K, const void* data, size_t size) {}\n'}
[29.623365] (rplidar_ros) StderrLine: {'line': b'      |                                                             \x1b[01;35m\x1b[K~~~~~^~~~~~~~~~\x1b[m\x1b[K\n'}
[29.629194] (rplidar_ros) StderrLine: {'line': b'\x1b[01m\x1b[K/workspace/modubot_ws/src/rplidar_ros/sdk/src/dataunpacker/unpacker/../dataunpacker.h:54:90:\x1b[m\x1b[K \x1b[01;35m\x1b[Kwarning: \x1b[m\x1b[Kunused parameter \xe2\x80\x98\x1b[01m\x1b[Kdata\x1b[m\x1b[K\xe2\x80\x99 [\x1b[01;35m\x1b[K-Wunused-parameter\x1b[m\x1b[K]\n'}
[29.630850] (rplidar_ros) StderrLine: {'line': b'   54 |         virtual void onCustomSampleDataDecoded(_u8 ansType, _u32 customCode, \x1b[01;35m\x1b[Kconst void* data\x1b[m\x1b[K, size_t size) {}\n'}
[29.631389] (rplidar_ros) StderrLine: {'line': b'      |                                                                              \x1b[01;35m\x1b[K~~~~~~~~~~~~^~~~\x1b[m\x1b[K\n'}
[29.631879] (rplidar_ros) StderrLine: {'line': b'\x1b[01m\x1b[K/workspace/modubot_ws/src/rplidar_ros/sdk/src/dataunpacker/unpacker/../dataunpacker.h:54:103:\x1b[m\x1b[K \x1b[01;35m\x1b[Kwarning: \x1b[m\x1b[Kunused parameter \xe2\x80\x98\x1b[01m\x1b[Ksize\x1b[m\x1b[K\xe2\x80\x99 [\x1b[01;35m\x1b[K-Wunused-parameter\x1b[m\x1b[K]\n'}
[29.632469] (rplidar_ros) StderrLine: {'line': b'   54 |         virtual void onCustomSampleDataDecoded(_u8 ansType, _u32 customCode, const void* data, \x1b[01;35m\x1b[Ksize_t size\x1b[m\x1b[K) {}\n'}
[29.632985] (rplidar_ros) StderrLine: {'line': b'      |                                                                                                \x1b[01;35m\x1b[K~~~~~~~^~~~\x1b[m\x1b[K\n'}
[29.633488] (rplidar_ros) StderrLine: {'line': b'\x1b[01m\x1b[K/workspace/modubot_ws/src/rplidar_ros/sdk/src/dataunpacker/unpacker/../dataunpacker.h:\x1b[m\x1b[K In member function \xe2\x80\x98\x1b[01m\x1b[Kvirtual void sl::internal::LIDARSampleDataListener::onDecodingError(int, _u8, const void*, size_t)\x1b[m\x1b[K\xe2\x80\x99:\n'}
[29.633967] (rplidar_ros) StderrLine: {'line': b'\x1b[01m\x1b[K/workspace/modubot_ws/src/rplidar_ros/sdk/src/dataunpacker/unpacker/../dataunpacker.h:56:42:\x1b[m\x1b[K \x1b[01;35m\x1b[Kwarning: \x1b[m\x1b[Kunused parameter \xe2\x80\x98\x1b[01m\x1b[KerrMsg\x1b[m\x1b[K\xe2\x80\x99 [\x1b[01;35m\x1b[K-Wunused-parameter\x1b[m\x1b[K]\n'}
[29.635846] (rplidar_ros) StderrLine: {'line': b'   56 |         virtual void onDecodingError(\x1b[01;35m\x1b[Kint errMsg\x1b[m\x1b[K, _u8 ansType, const void* payload, size_t size) {}\n'}
[29.636322] (rplidar_ros) StderrLine: {'line': b'      |                                      \x1b[01;35m\x1b[K~~~~^~~~~~\x1b[m\x1b[K\n'}
[29.637559] (rplidar_ros) StderrLine: {'line': b'\x1b[01m\x1b[K/workspace/modubot_ws/src/rplidar_ros/sdk/src/dataunpacker/unpacker/../dataunpacker.h:56:54:\x1b[m\x1b[K \x1b[01;35m\x1b[Kwarning: \x1b[m\x1b[Kunused parameter \xe2\x80\x98\x1b[01m\x1b[KansType\x1b[m\x1b[K\xe2\x80\x99 [\x1b[01;35m\x1b[K-Wunused-parameter\x1b[m\x1b[K]\n'}
[29.638123] (rplidar_ros) StderrLine: {'line': b'   56 |         virtual void onDecodingError(int errMsg, \x1b[01;35m\x1b[K_u8 ansType\x1b[m\x1b[K, const void* payload, size_t size) {}\n'}
[29.638676] (rplidar_ros) StderrLine: {'line': b'      |                                                  \x1b[01;35m\x1b[K~~~~^~~~~~~\x1b[m\x1b[K\n'}
[29.639106] (rplidar_ros) StderrLine: {'line': b'\x1b[01m\x1b[K/workspace/modubot_ws/src/rplidar_ros/sdk/src/dataunpacker/unpacker/../dataunpacker.h:56:75:\x1b[m\x1b[K \x1b[01;35m\x1b[Kwarning: \x1b[m\x1b[Kunused parameter \xe2\x80\x98\x1b[01m\x1b[Kpayload\x1b[m\x1b[K\xe2\x80\x99 [\x1b[01;35m\x1b[K-Wunused-parameter\x1b[m\x1b[K]\n'}
[29.639761] (rplidar_ros) StderrLine: {'line': b'   56 |         virtual void onDecodingError(int errMsg, _u8 ansType, \x1b[01;35m\x1b[Kconst void* payload\x1b[m\x1b[K, size_t size) {}\n'}
[29.640387] (rplidar_ros) StderrLine: {'line': b'      |                                                               \x1b[01;35m\x1b[K~~~~~~~~~~~~^~~~~~~\x1b[m\x1b[K\n'}
[29.641017] (rplidar_ros) StderrLine: {'line': b'\x1b[01m\x1b[K/workspace/modubot_ws/src/rplidar_ros/sdk/src/dataunpacker/unpacker/../dataunpacker.h:56:91:\x1b[m\x1b[K \x1b[01;35m\x1b[Kwarning: \x1b[m\x1b[Kunused parameter \xe2\x80\x98\x1b[01m\x1b[Ksize\x1b[m\x1b[K\xe2\x80\x99 [\x1b[01;35m\x1b[K-Wunused-parameter\x1b[m\x1b[K]\n'}
[29.641626] (rplidar_ros) StderrLine: {'line': b'   56 |         virtual void onDecodingError(int errMsg, _u8 ansType, const void* payload, \x1b[01;35m\x1b[Ksize_t size\x1b[m\x1b[K) {}\n'}
[29.642364] (rplidar_ros) StderrLine: {'line': b'      |                                                                                    \x1b[01;35m\x1b[K~~~~~~~^~~~\x1b[m\x1b[K\n'}
[29.720526] (-) TimerEvent: {}
[29.777767] (rplidar_ros) StderrLine: {'line': b'\x1b[01m\x1b[K/workspace/modubot_ws/src/rplidar_ros/sdk/src/dataunpacker/unpacker/handler_capsules.cpp:\x1b[m\x1b[K In member function \xe2\x80\x98\x1b[01m\x1b[Kvoid sl::internal::unpacker::UnpackerHandler_DenseCapsuleNode::_onScanNodeDenseCapsuleData(rplidar_response_dense_capsule_measurement_nodes_t&, sl::internal::LIDARSampleDataUnpackerInner*)\x1b[m\x1b[K\xe2\x80\x99:\n'}
[29.779036] (rplidar_ros) StderrLine: {'line': b'\x1b[01m\x1b[K/workspace/modubot_ws/src/rplidar_ros/sdk/src/dataunpacker/unpacker/handler_capsules.cpp:763:30:\x1b[m\x1b[K \x1b[01;35m\x1b[Kwarning: \x1b[m\x1b[Ktype qualifiers ignored on cast result type [\x1b[01;35m\x1b[K-Wignored-qualifiers\x1b[m\x1b[K]\n'}
[29.780071] (rplidar_ros) StderrLine: {'line': b'  763 |             const int dist = \x1b[01;35m\x1b[Kstatic_cast<const int>(_cached_previous_dense_capsuledata.cabins[pos].distance)\x1b[m\x1b[K;\n'}
[29.782603] (rplidar_ros) StderrLine: {'line': b'      |                              \x1b[01;35m\x1b[K^~~~~~~~~~~~~~~~~~~~~~~~~~~~~~~~~~~~~~~~~~~~~~~~~~~~~~~~~~~~~~~~~~~~~~~~~~~~~~~\x1b[m\x1b[K\n'}
[29.820709] (-) TimerEvent: {}
[29.921968] (-) TimerEvent: {}
[30.022838] (-) TimerEvent: {}
[30.125187] (-) TimerEvent: {}
[30.227633] (-) TimerEvent: {}
[30.330065] (-) TimerEvent: {}
[30.432110] (-) TimerEvent: {}
[30.534706] (-) TimerEvent: {}
[30.637858] (-) TimerEvent: {}
[30.740437] (-) TimerEvent: {}
[30.842519] (-) TimerEvent: {}
[30.943407] (-) TimerEvent: {}
[31.045994] (-) TimerEvent: {}
[31.151241] (-) TimerEvent: {}
[31.253318] (-) TimerEvent: {}
[31.354918] (-) TimerEvent: {}
[31.455942] (-) TimerEvent: {}
[31.556701] (-) TimerEvent: {}
[31.657526] (-) TimerEvent: {}
[31.760421] (-) TimerEvent: {}
[31.894314] (-) TimerEvent: {}
[31.896297] (rplidar_ros) StdoutLine: {'line': b'[ 23%] \x1b[32mBuilding CXX object CMakeFiles/rplidar_node.dir/sdk/src/dataunpacker/unpacker/handler_hqnode.cpp.o\x1b[0m\n'}
[31.994498] (-) TimerEvent: {}
[32.096967] (-) TimerEvent: {}
[32.199608] (-) TimerEvent: {}
[32.300471] (-) TimerEvent: {}
[32.401260] (-) TimerEvent: {}
[32.501951] (-) TimerEvent: {}
[32.602678] (-) TimerEvent: {}
[32.703406] (-) TimerEvent: {}
[32.806795] (-) TimerEvent: {}
[32.910216] (-) TimerEvent: {}
[33.012525] (-) TimerEvent: {}
[33.117135] (-) TimerEvent: {}
[33.222318] (-) TimerEvent: {}
[33.322988] (-) TimerEvent: {}
[33.423804] (-) TimerEvent: {}
[33.524612] (-) TimerEvent: {}
[33.625423] (-) TimerEvent: {}
[33.743122] (-) TimerEvent: {}
[33.843806] (-) TimerEvent: {}
[33.944569] (-) TimerEvent: {}
[34.047179] (-) TimerEvent: {}
[34.148867] (-) TimerEvent: {}
[34.251891] (-) TimerEvent: {}
[34.352629] (-) TimerEvent: {}
[34.455555] (-) TimerEvent: {}
[34.556392] (-) TimerEvent: {}
[34.663900] (-) TimerEvent: {}
[34.768549] (-) TimerEvent: {}
[34.870055] (-) TimerEvent: {}
[34.971748] (-) TimerEvent: {}
[35.078319] (-) TimerEvent: {}
[35.180544] (-) TimerEvent: {}
[35.281357] (-) TimerEvent: {}
[35.382303] (-) TimerEvent: {}
[35.486325] (-) TimerEvent: {}
[35.590313] (-) TimerEvent: {}
[35.691079] (-) TimerEvent: {}
[35.794322] (-) TimerEvent: {}
[35.898319] (-) TimerEvent: {}
[35.999124] (-) TimerEvent: {}
[36.101582] (-) TimerEvent: {}
[36.204641] (-) TimerEvent: {}
[36.305404] (-) TimerEvent: {}
[36.407768] (-) TimerEvent: {}
[36.514337] (-) TimerEvent: {}
[36.618331] (-) TimerEvent: {}
[36.719047] (-) TimerEvent: {}
[36.821546] (-) TimerEvent: {}
[36.926945] (-) TimerEvent: {}
[37.027700] (-) TimerEvent: {}
[37.129467] (-) TimerEvent: {}
[37.231114] (-) TimerEvent: {}
[37.331863] (-) TimerEvent: {}
[37.432594] (-) TimerEvent: {}
[37.535549] (-) TimerEvent: {}
[37.637417] (-) TimerEvent: {}
[37.740337] (-) TimerEvent: {}
[37.854323] (-) TimerEvent: {}
[37.966317] (-) TimerEvent: {}
[38.070321] (-) TimerEvent: {}
[38.130714] (rplidar_ros) StderrLine: {'line': b'In file included from \x1b[01m\x1b[K/workspace/modubot_ws/src/rplidar_ros/sdk/include/rplidar_protocol.h:36\x1b[m\x1b[K,\n'}
[38.131503] (rplidar_ros) StderrLine: {'line': b'                 from \x1b[01m\x1b[K/workspace/modubot_ws/src/rplidar_ros/sdk/include/rplidar.h:39\x1b[m\x1b[K,\n'}
[38.131953] (rplidar_ros) StderrLine: {'line': b'                 from \x1b[01m\x1b[K/workspace/modubot_ws/src/rplidar_ros/sdk/src/sdkcommon.h:49\x1b[m\x1b[K,\n'}
[38.132433] (rplidar_ros) StderrLine: {'line': b'                 from \x1b[01m\x1b[K/workspace/modubot_ws/src/rplidar_ros/sdk/src/dataunpacker/unpacker/../dataunnpacker_commondef.h:41\x1b[m\x1b[K,\n'}
[38.132916] (rplidar_ros) StderrLine: {'line': b'                 from \x1b[01m\x1b[K/workspace/modubot_ws/src/rplidar_ros/sdk/src/dataunpacker/unpacker/handler_hqnode.cpp:39\x1b[m\x1b[K:\n'}
[38.133381] (rplidar_ros) StderrLine: {'line': b'\x1b[01m\x1b[K/workspace/modubot_ws/src/rplidar_ros/sdk/include/sl_lidar_protocol.h:66:16:\x1b[m\x1b[K \x1b[01;35m\x1b[Kwarning: \x1b[m\x1b[KISO C++ forbids zero-size array \xe2\x80\x98\x1b[01m\x1b[Kdata\x1b[m\x1b[K\xe2\x80\x99 [\x1b[01;35m\x1b[K-Wpedantic\x1b[m\x1b[K]\n'}
[38.133872] (rplidar_ros) StderrLine: {'line': b'   66 |     sl_u8 data[\x1b[01;35m\x1b[K0\x1b[m\x1b[K];\n'}
[38.134476] (rplidar_ros) StderrLine: {'line': b'      |                \x1b[01;35m\x1b[K^\x1b[m\x1b[K\n'}
[38.134972] (rplidar_ros) StderrLine: {'line': b'In file included from \x1b[01m\x1b[K/workspace/modubot_ws/src/rplidar_ros/sdk/include/rplidar_cmd.h:36\x1b[m\x1b[K,\n'}
[38.135404] (rplidar_ros) StderrLine: {'line': b'                 from \x1b[01m\x1b[K/workspace/modubot_ws/src/rplidar_ros/sdk/include/rplidar.h:40\x1b[m\x1b[K,\n'}
[38.135830] (rplidar_ros) StderrLine: {'line': b'                 from \x1b[01m\x1b[K/workspace/modubot_ws/src/rplidar_ros/sdk/src/sdkcommon.h:49\x1b[m\x1b[K,\n'}
[38.136275] (rplidar_ros) StderrLine: {'line': b'                 from \x1b[01m\x1b[K/workspace/modubot_ws/src/rplidar_ros/sdk/src/dataunpacker/unpacker/../dataunnpacker_commondef.h:41\x1b[m\x1b[K,\n'}
[38.136711] (rplidar_ros) StderrLine: {'line': b'                 from \x1b[01m\x1b[K/workspace/modubot_ws/src/rplidar_ros/sdk/src/dataunpacker/unpacker/handler_hqnode.cpp:39\x1b[m\x1b[K:\n'}
[38.137155] (rplidar_ros) StderrLine: {'line': b'\x1b[01m\x1b[K/workspace/modubot_ws/src/rplidar_ros/sdk/include/sl_lidar_cmd.h:324:20:\x1b[m\x1b[K \x1b[01;35m\x1b[Kwarning: \x1b[m\x1b[KISO C++ forbids zero-size array \xe2\x80\x98\x1b[01m\x1b[Kpayload\x1b[m\x1b[K\xe2\x80\x99 [\x1b[01;35m\x1b[K-Wpedantic\x1b[m\x1b[K]\n'}
[38.145807] (rplidar_ros) StderrLine: {'line': b'  324 |     sl_u8  payload[\x1b[01;35m\x1b[K0\x1b[m\x1b[K];\n'}
[38.146434] (rplidar_ros) StderrLine: {'line': b'      |                    \x1b[01;35m\x1b[K^\x1b[m\x1b[K\n'}
[38.174317] (-) TimerEvent: {}
[38.275565] (-) TimerEvent: {}
[38.377037] (-) TimerEvent: {}
[38.479245] (-) TimerEvent: {}
[38.579946] (-) TimerEvent: {}
[38.687449] (-) TimerEvent: {}
[38.792502] (-) TimerEvent: {}
[38.893700] (-) TimerEvent: {}
[38.997761] (-) TimerEvent: {}
[39.102404] (-) TimerEvent: {}
[39.205017] (-) TimerEvent: {}
[39.307796] (-) TimerEvent: {}
[39.409192] (-) TimerEvent: {}
[39.512131] (-) TimerEvent: {}
[39.613470] (-) TimerEvent: {}
[39.731819] (-) TimerEvent: {}
[39.838317] (-) TimerEvent: {}
[39.942355] (-) TimerEvent: {}
[40.018993] (rplidar_ros) StderrLine: {'line': b'In file included from \x1b[01m\x1b[K/workspace/modubot_ws/src/rplidar_ros/sdk/src/dataunpacker/unpacker/handler_hqnode.cpp:40\x1b[m\x1b[K:\n'}
[40.019719] (rplidar_ros) StderrLine: {'line': b'\x1b[01m\x1b[K/workspace/modubot_ws/src/rplidar_ros/sdk/src/dataunpacker/unpacker/../dataunpacker.h:\x1b[m\x1b[K In member function \xe2\x80\x98\x1b[01m\x1b[Kvirtual void sl::internal::LIDARSampleDataListener::onCustomSampleDataDecoded(_u8, _u32, const void*, size_t)\x1b[m\x1b[K\xe2\x80\x99:\n'}
[40.020270] (rplidar_ros) StderrLine: {'line': b'\x1b[01m\x1b[K/workspace/modubot_ws/src/rplidar_ros/sdk/src/dataunpacker/unpacker/../dataunpacker.h:54:52:\x1b[m\x1b[K \x1b[01;35m\x1b[Kwarning: \x1b[m\x1b[Kunused parameter \xe2\x80\x98\x1b[01m\x1b[KansType\x1b[m\x1b[K\xe2\x80\x99 [\x1b[01;35m\x1b[K-Wunused-parameter\x1b[m\x1b[K]\n'}
[40.020787] (rplidar_ros) StderrLine: {'line': b'   54 |         virtual void onCustomSampleDataDecoded(\x1b[01;35m\x1b[K_u8 ansType\x1b[m\x1b[K, _u32 customCode, const void* data, size_t size) {}\n'}
[40.021247] (rplidar_ros) StderrLine: {'line': b'      |                                                \x1b[01;35m\x1b[K~~~~^~~~~~~\x1b[m\x1b[K\n'}
[40.021683] (rplidar_ros) StderrLine: {'line': b'\x1b[01m\x1b[K/workspace/modubot_ws/src/rplidar_ros/sdk/src/dataunpacker/unpacker/../dataunpacker.h:54:66:\x1b[m\x1b[K \x1b[01;35m\x1b[Kwarning: \x1b[m\x1b[Kunused parameter \xe2\x80\x98\x1b[01m\x1b[KcustomCode\x1b[m\x1b[K\xe2\x80\x99 [\x1b[01;35m\x1b[K-Wunused-parameter\x1b[m\x1b[K]\n'}
[40.022274] (rplidar_ros) StderrLine: {'line': b'   54 |         virtual void onCustomSampleDataDecoded(_u8 ansType, \x1b[01;35m\x1b[K_u32 customCode\x1b[m\x1b[K, const void* data, size_t size) {}\n'}
[40.022786] (rplidar_ros) StderrLine: {'line': b'      |                                                             \x1b[01;35m\x1b[K~~~~~^~~~~~~~~~\x1b[m\x1b[K\n'}
[40.023230] (rplidar_ros) StderrLine: {'line': b'\x1b[01m\x1b[K/workspace/modubot_ws/src/rplidar_ros/sdk/src/dataunpacker/unpacker/../dataunpacker.h:54:90:\x1b[m\x1b[K \x1b[01;35m\x1b[Kwarning: \x1b[m\x1b[Kunused parameter \xe2\x80\x98\x1b[01m\x1b[Kdata\x1b[m\x1b[K\xe2\x80\x99 [\x1b[01;35m\x1b[K-Wunused-parameter\x1b[m\x1b[K]\n'}
[40.023678] (rplidar_ros) StderrLine: {'line': b'   54 |         virtual void onCustomSampleDataDecoded(_u8 ansType, _u32 customCode, \x1b[01;35m\x1b[Kconst void* data\x1b[m\x1b[K, size_t size) {}\n'}
[40.024149] (rplidar_ros) StderrLine: {'line': b'      |                                                                              \x1b[01;35m\x1b[K~~~~~~~~~~~~^~~~\x1b[m\x1b[K\n'}
[40.024628] (rplidar_ros) StderrLine: {'line': b'\x1b[01m\x1b[K/workspace/modubot_ws/src/rplidar_ros/sdk/src/dataunpacker/unpacker/../dataunpacker.h:54:103:\x1b[m\x1b[K \x1b[01;35m\x1b[Kwarning: \x1b[m\x1b[Kunused parameter \xe2\x80\x98\x1b[01m\x1b[Ksize\x1b[m\x1b[K\xe2\x80\x99 [\x1b[01;35m\x1b[K-Wunused-parameter\x1b[m\x1b[K]\n'}
[40.025096] (rplidar_ros) StderrLine: {'line': b'   54 |         virtual void onCustomSampleDataDecoded(_u8 ansType, _u32 customCode, const void* data, \x1b[01;35m\x1b[Ksize_t size\x1b[m\x1b[K) {}\n'}
[40.025530] (rplidar_ros) StderrLine: {'line': b'      |                                                                                                \x1b[01;35m\x1b[K~~~~~~~^~~~\x1b[m\x1b[K\n'}
[40.025996] (rplidar_ros) StderrLine: {'line': b'\x1b[01m\x1b[K/workspace/modubot_ws/src/rplidar_ros/sdk/src/dataunpacker/unpacker/../dataunpacker.h:\x1b[m\x1b[K In member function \xe2\x80\x98\x1b[01m\x1b[Kvirtual void sl::internal::LIDARSampleDataListener::onDecodingError(int, _u8, const void*, size_t)\x1b[m\x1b[K\xe2\x80\x99:\n'}
[40.038739] (rplidar_ros) StderrLine: {'line': b'\x1b[01m\x1b[K/workspace/modubot_ws/src/rplidar_ros/sdk/src/dataunpacker/unpacker/../dataunpacker.h:56:42:\x1b[m\x1b[K \x1b[01;35m\x1b[Kwarning: \x1b[m\x1b[Kunused parameter \xe2\x80\x98\x1b[01m\x1b[KerrMsg\x1b[m\x1b[K\xe2\x80\x99 [\x1b[01;35m\x1b[K-Wunused-parameter\x1b[m\x1b[K]\n'}
[40.039307] (rplidar_ros) StderrLine: {'line': b'   56 |         virtual void onDecodingError(\x1b[01;35m\x1b[Kint errMsg\x1b[m\x1b[K, _u8 ansType, const void* payload, size_t size) {}\n'}
[40.039751] (rplidar_ros) StderrLine: {'line': b'      |                                      \x1b[01;35m\x1b[K~~~~^~~~~~\x1b[m\x1b[K\n'}
[40.040157] (rplidar_ros) StderrLine: {'line': b'\x1b[01m\x1b[K/workspace/modubot_ws/src/rplidar_ros/sdk/src/dataunpacker/unpacker/../dataunpacker.h:56:54:\x1b[m\x1b[K \x1b[01;35m\x1b[Kwarning: \x1b[m\x1b[Kunused parameter \xe2\x80\x98\x1b[01m\x1b[KansType\x1b[m\x1b[K\xe2\x80\x99 [\x1b[01;35m\x1b[K-Wunused-parameter\x1b[m\x1b[K]\n'}
[40.040590] (rplidar_ros) StderrLine: {'line': b'   56 |         virtual void onDecodingError(int errMsg, \x1b[01;35m\x1b[K_u8 ansType\x1b[m\x1b[K, const void* payload, size_t size) {}\n'}
[40.041026] (rplidar_ros) StderrLine: {'line': b'      |                                                  \x1b[01;35m\x1b[K~~~~^~~~~~~\x1b[m\x1b[K\n'}
[40.041451] (rplidar_ros) StderrLine: {'line': b'\x1b[01m\x1b[K/workspace/modubot_ws/src/rplidar_ros/sdk/src/dataunpacker/unpacker/../dataunpacker.h:56:75:\x1b[m\x1b[K \x1b[01;35m\x1b[Kwarning: \x1b[m\x1b[Kunused parameter \xe2\x80\x98\x1b[01m\x1b[Kpayload\x1b[m\x1b[K\xe2\x80\x99 [\x1b[01;35m\x1b[K-Wunused-parameter\x1b[m\x1b[K]\n'}
[40.041890] (rplidar_ros) StderrLine: {'line': b'   56 |         virtual void onDecodingError(int errMsg, _u8 ansType, \x1b[01;35m\x1b[Kconst void* payload\x1b[m\x1b[K, size_t size) {}\n'}
[40.042365] (-) TimerEvent: {}
[40.057495] (rplidar_ros) StderrLine: {'line': b'      |                                                               \x1b[01;35m\x1b[K~~~~~~~~~~~~^~~~~~~\x1b[m\x1b[K\n'}
[40.058193] (rplidar_ros) StderrLine: {'line': b'\x1b[01m\x1b[K/workspace/modubot_ws/src/rplidar_ros/sdk/src/dataunpacker/unpacker/../dataunpacker.h:56:91:\x1b[m\x1b[K \x1b[01;35m\x1b[Kwarning: \x1b[m\x1b[Kunused parameter \xe2\x80\x98\x1b[01m\x1b[Ksize\x1b[m\x1b[K\xe2\x80\x99 [\x1b[01;35m\x1b[K-Wunused-parameter\x1b[m\x1b[K]\n'}
[40.058722] (rplidar_ros) StderrLine: {'line': b'   56 |         virtual void onDecodingError(int errMsg, _u8 ansType, const void* payload, \x1b[01;35m\x1b[Ksize_t size\x1b[m\x1b[K) {}\n'}
[40.059207] (rplidar_ros) StderrLine: {'line': b'      |                                                                                    \x1b[01;35m\x1b[K~~~~~~~^~~~\x1b[m\x1b[K\n'}
[40.142560] (-) TimerEvent: {}
[40.244741] (-) TimerEvent: {}
[40.347327] (-) TimerEvent: {}
[40.450187] (-) TimerEvent: {}
[40.555627] (-) TimerEvent: {}
[40.656347] (-) TimerEvent: {}
[40.759622] (-) TimerEvent: {}
[40.861005] (-) TimerEvent: {}
[40.962801] (-) TimerEvent: {}
[41.065304] (-) TimerEvent: {}
[41.165993] (-) TimerEvent: {}
[41.266883] (-) TimerEvent: {}
[41.369149] (-) TimerEvent: {}
[41.471692] (-) TimerEvent: {}
[41.574019] (-) TimerEvent: {}
[41.676137] (-) TimerEvent: {}
[41.784422] (-) TimerEvent: {}
[41.857766] (rplidar_ros) StdoutLine: {'line': b'[ 26%] \x1b[32mBuilding CXX object CMakeFiles/rplidar_node.dir/sdk/src/dataunpacker/unpacker/handler_normalnode.cpp.o\x1b[0m\n'}
[41.884620] (-) TimerEvent: {}
[41.988368] (-) TimerEvent: {}
[42.091665] (-) TimerEvent: {}
[42.193769] (-) TimerEvent: {}
[42.296458] (-) TimerEvent: {}
[42.397214] (-) TimerEvent: {}
[42.499304] (-) TimerEvent: {}
[42.601227] (-) TimerEvent: {}
[42.703250] (-) TimerEvent: {}
[42.805466] (-) TimerEvent: {}
[42.907969] (-) TimerEvent: {}
[42.947200] (rplidar_ros) StdoutLine: {'line': b'[ 28%] \x1b[32mBuilding CXX object CMakeFiles/rplidar_composition.dir/sdk/src/arch/linux/net_serial.cpp.o\x1b[0m\n'}
[43.008322] (-) TimerEvent: {}
[43.082598] (rplidar_ros) StdoutLine: {'line': b'[ 31%] \x1b[32mBuilding CXX object CMakeFiles/rplidar_node.dir/sdk/src/hal/thread.cpp.o\x1b[0m\n'}
[43.108507] (-) TimerEvent: {}
[43.209197] (-) TimerEvent: {}
[43.310813] (-) TimerEvent: {}
[43.412924] (-) TimerEvent: {}
[43.515447] (-) TimerEvent: {}
[43.617805] (-) TimerEvent: {}
[43.719792] (-) TimerEvent: {}
[43.822303] (-) TimerEvent: {}
[43.924653] (-) TimerEvent: {}
[44.027267] (-) TimerEvent: {}
[44.129726] (-) TimerEvent: {}
[44.230472] (-) TimerEvent: {}
[44.332944] (-) TimerEvent: {}
[44.344645] (rplidar_ros) StderrLine: {'line': b'In file included from \x1b[01m\x1b[K/workspace/modubot_ws/src/rplidar_ros/sdk/include/rplidar_protocol.h:36\x1b[m\x1b[K,\n'}
[44.345299] (rplidar_ros) StderrLine: {'line': b'                 from \x1b[01m\x1b[K/workspace/modubot_ws/src/rplidar_ros/sdk/include/rplidar.h:39\x1b[m\x1b[K,\n'}
[44.345779] (rplidar_ros) StderrLine: {'line': b'                 from \x1b[01m\x1b[K/workspace/modubot_ws/src/rplidar_ros/sdk/src/sdkcommon.h:49\x1b[m\x1b[K,\n'}
[44.346341] (rplidar_ros) StderrLine: {'line': b'                 from \x1b[01m\x1b[K/workspace/modubot_ws/src/rplidar_ros/sdk/src/dataunpacker/unpacker/../dataunnpacker_commondef.h:41\x1b[m\x1b[K,\n'}
[44.346882] (rplidar_ros) StderrLine: {'line': b'                 from \x1b[01m\x1b[K/workspace/modubot_ws/src/rplidar_ros/sdk/src/dataunpacker/unpacker/handler_normalnode.cpp:39\x1b[m\x1b[K:\n'}
[44.347366] (rplidar_ros) StderrLine: {'line': b'\x1b[01m\x1b[K/workspace/modubot_ws/src/rplidar_ros/sdk/include/sl_lidar_protocol.h:66:16:\x1b[m\x1b[K \x1b[01;35m\x1b[Kwarning: \x1b[m\x1b[KISO C++ forbids zero-size array \xe2\x80\x98\x1b[01m\x1b[Kdata\x1b[m\x1b[K\xe2\x80\x99 [\x1b[01;35m\x1b[K-Wpedantic\x1b[m\x1b[K]\n'}
[44.347836] (rplidar_ros) StderrLine: {'line': b'   66 |     sl_u8 data[\x1b[01;35m\x1b[K0\x1b[m\x1b[K];\n'}
[44.348276] (rplidar_ros) StderrLine: {'line': b'      |                \x1b[01;35m\x1b[K^\x1b[m\x1b[K\n'}
[44.349073] (rplidar_ros) StderrLine: {'line': b'In file included from \x1b[01m\x1b[K/workspace/modubot_ws/src/rplidar_ros/sdk/include/rplidar_cmd.h:36\x1b[m\x1b[K,\n'}
[44.349622] (rplidar_ros) StderrLine: {'line': b'                 from \x1b[01m\x1b[K/workspace/modubot_ws/src/rplidar_ros/sdk/include/rplidar.h:40\x1b[m\x1b[K,\n'}
[44.350122] (rplidar_ros) StderrLine: {'line': b'                 from \x1b[01m\x1b[K/workspace/modubot_ws/src/rplidar_ros/sdk/src/sdkcommon.h:49\x1b[m\x1b[K,\n'}
[44.350636] (rplidar_ros) StderrLine: {'line': b'                 from \x1b[01m\x1b[K/workspace/modubot_ws/src/rplidar_ros/sdk/src/dataunpacker/unpacker/../dataunnpacker_commondef.h:41\x1b[m\x1b[K,\n'}
[44.351067] (rplidar_ros) StderrLine: {'line': b'                 from \x1b[01m\x1b[K/workspace/modubot_ws/src/rplidar_ros/sdk/src/dataunpacker/unpacker/handler_normalnode.cpp:39\x1b[m\x1b[K:\n'}
[44.351519] (rplidar_ros) StderrLine: {'line': b'\x1b[01m\x1b[K/workspace/modubot_ws/src/rplidar_ros/sdk/include/sl_lidar_cmd.h:324:20:\x1b[m\x1b[K \x1b[01;35m\x1b[Kwarning: \x1b[m\x1b[KISO C++ forbids zero-size array \xe2\x80\x98\x1b[01m\x1b[Kpayload\x1b[m\x1b[K\xe2\x80\x99 [\x1b[01;35m\x1b[K-Wpedantic\x1b[m\x1b[K]\n'}
[44.351975] (rplidar_ros) StderrLine: {'line': b'  324 |     sl_u8  payload[\x1b[01;35m\x1b[K0\x1b[m\x1b[K];\n'}
[44.352411] (rplidar_ros) StderrLine: {'line': b'      |                    \x1b[01;35m\x1b[K^\x1b[m\x1b[K\n'}
[44.433140] (-) TimerEvent: {}
[44.535475] (-) TimerEvent: {}
[44.637697] (-) TimerEvent: {}
[44.739851] (-) TimerEvent: {}
[44.841733] (-) TimerEvent: {}
[44.943942] (-) TimerEvent: {}
[45.027115] (rplidar_ros) StderrLine: {'line': b'In file included from \x1b[01m\x1b[K/workspace/modubot_ws/src/rplidar_ros/sdk/include/rplidar_protocol.h:36\x1b[m\x1b[K,\n'}
[45.028046] (rplidar_ros) StderrLine: {'line': b'                 from \x1b[01m\x1b[K/workspace/modubot_ws/src/rplidar_ros/sdk/include/rplidar.h:39\x1b[m\x1b[K,\n'}
[45.028881] (rplidar_ros) StderrLine: {'line': b'                 from \x1b[01m\x1b[K/workspace/modubot_ws/src/rplidar_ros/sdk/src/sdkcommon.h:49\x1b[m\x1b[K,\n'}
[45.029689] (rplidar_ros) StderrLine: {'line': b'                 from \x1b[01m\x1b[K/workspace/modubot_ws/src/rplidar_ros/sdk/src/hal/thread.cpp:35\x1b[m\x1b[K:\n'}
[45.030505] (rplidar_ros) StderrLine: {'line': b'\x1b[01m\x1b[K/workspace/modubot_ws/src/rplidar_ros/sdk/include/sl_lidar_protocol.h:66:16:\x1b[m\x1b[K \x1b[01;35m\x1b[Kwarning: \x1b[m\x1b[KISO C++ forbids zero-size array \xe2\x80\x98\x1b[01m\x1b[Kdata\x1b[m\x1b[K\xe2\x80\x99 [\x1b[01;35m\x1b[K-Wpedantic\x1b[m\x1b[K]\n'}
[45.031253] (rplidar_ros) StderrLine: {'line': b'   66 |     sl_u8 data[\x1b[01;35m\x1b[K0\x1b[m\x1b[K];\n'}
[45.031974] (rplidar_ros) StderrLine: {'line': b'      |                \x1b[01;35m\x1b[K^\x1b[m\x1b[K\n'}
[45.035005] (rplidar_ros) StderrLine: {'line': b'In file included from \x1b[01m\x1b[K/workspace/modubot_ws/src/rplidar_ros/sdk/include/rplidar_cmd.h:36\x1b[m\x1b[K,\n'}
[45.035935] (rplidar_ros) StderrLine: {'line': b'                 from \x1b[01m\x1b[K/workspace/modubot_ws/src/rplidar_ros/sdk/include/rplidar.h:40\x1b[m\x1b[K,\n'}
[45.036759] (rplidar_ros) StderrLine: {'line': b'                 from \x1b[01m\x1b[K/workspace/modubot_ws/src/rplidar_ros/sdk/src/sdkcommon.h:49\x1b[m\x1b[K,\n'}
[45.037557] (rplidar_ros) StderrLine: {'line': b'                 from \x1b[01m\x1b[K/workspace/modubot_ws/src/rplidar_ros/sdk/src/hal/thread.cpp:35\x1b[m\x1b[K:\n'}
[45.038419] (rplidar_ros) StderrLine: {'line': b'\x1b[01m\x1b[K/workspace/modubot_ws/src/rplidar_ros/sdk/include/sl_lidar_cmd.h:324:20:\x1b[m\x1b[K \x1b[01;35m\x1b[Kwarning: \x1b[m\x1b[KISO C++ forbids zero-size array \xe2\x80\x98\x1b[01m\x1b[Kpayload\x1b[m\x1b[K\xe2\x80\x99 [\x1b[01;35m\x1b[K-Wpedantic\x1b[m\x1b[K]\n'}
[45.039268] (rplidar_ros) StderrLine: {'line': b'  324 |     sl_u8  payload[\x1b[01;35m\x1b[K0\x1b[m\x1b[K];\n'}
[45.040110] (rplidar_ros) StderrLine: {'line': b'      |                    \x1b[01;35m\x1b[K^\x1b[m\x1b[K\n'}
[45.044137] (-) TimerEvent: {}
[45.145670] (-) TimerEvent: {}
[45.246443] (-) TimerEvent: {}
[45.268407] (rplidar_ros) StderrLine: {'line': b'In file included from \x1b[01m\x1b[K/workspace/modubot_ws/src/rplidar_ros/sdk/src/dataunpacker/unpacker/handler_normalnode.cpp:40\x1b[m\x1b[K:\n'}
[45.269025] (rplidar_ros) StderrLine: {'line': b'\x1b[01m\x1b[K/workspace/modubot_ws/src/rplidar_ros/sdk/src/dataunpacker/unpacker/../dataunpacker.h:\x1b[m\x1b[K In member function \xe2\x80\x98\x1b[01m\x1b[Kvirtual void sl::internal::LIDARSampleDataListener::onCustomSampleDataDecoded(_u8, _u32, const void*, size_t)\x1b[m\x1b[K\xe2\x80\x99:\n'}
[45.269544] (rplidar_ros) StderrLine: {'line': b'\x1b[01m\x1b[K/workspace/modubot_ws/src/rplidar_ros/sdk/src/dataunpacker/unpacker/../dataunpacker.h:54:52:\x1b[m\x1b[K \x1b[01;35m\x1b[Kwarning: \x1b[m\x1b[Kunused parameter \xe2\x80\x98\x1b[01m\x1b[KansType\x1b[m\x1b[K\xe2\x80\x99 [\x1b[01;35m\x1b[K-Wunused-parameter\x1b[m\x1b[K]\n'}
[45.270037] (rplidar_ros) StderrLine: {'line': b'   54 |         virtual void onCustomSampleDataDecoded(\x1b[01;35m\x1b[K_u8 ansType\x1b[m\x1b[K, _u32 customCode, const void* data, size_t size) {}\n'}
[45.270582] (rplidar_ros) StderrLine: {'line': b'      |                                                \x1b[01;35m\x1b[K~~~~^~~~~~~\x1b[m\x1b[K\n'}
[45.271045] (rplidar_ros) StderrLine: {'line': b'\x1b[01m\x1b[K/workspace/modubot_ws/src/rplidar_ros/sdk/src/dataunpacker/unpacker/../dataunpacker.h:54:66:\x1b[m\x1b[K \x1b[01;35m\x1b[Kwarning: \x1b[m\x1b[Kunused parameter \xe2\x80\x98\x1b[01m\x1b[KcustomCode\x1b[m\x1b[K\xe2\x80\x99 [\x1b[01;35m\x1b[K-Wunused-parameter\x1b[m\x1b[K]\n'}
[45.271520] (rplidar_ros) StderrLine: {'line': b'   54 |         virtual void onCustomSampleDataDecoded(_u8 ansType, \x1b[01;35m\x1b[K_u32 customCode\x1b[m\x1b[K, const void* data, size_t size) {}\n'}
[45.271981] (rplidar_ros) StderrLine: {'line': b'      |                                                             \x1b[01;35m\x1b[K~~~~~^~~~~~~~~~\x1b[m\x1b[K\n'}
[45.272428] (rplidar_ros) StderrLine: {'line': b'\x1b[01m\x1b[K/workspace/modubot_ws/src/rplidar_ros/sdk/src/dataunpacker/unpacker/../dataunpacker.h:54:90:\x1b[m\x1b[K \x1b[01;35m\x1b[Kwarning: \x1b[m\x1b[Kunused parameter \xe2\x80\x98\x1b[01m\x1b[Kdata\x1b[m\x1b[K\xe2\x80\x99 [\x1b[01;35m\x1b[K-Wunused-parameter\x1b[m\x1b[K]\n'}
[45.272872] (rplidar_ros) StderrLine: {'line': b'   54 |         virtual void onCustomSampleDataDecoded(_u8 ansType, _u32 customCode, \x1b[01;35m\x1b[Kconst void* data\x1b[m\x1b[K, size_t size) {}\n'}
[45.273323] (rplidar_ros) StderrLine: {'line': b'      |                                                                              \x1b[01;35m\x1b[K~~~~~~~~~~~~^~~~\x1b[m\x1b[K\n'}
[45.273777] (rplidar_ros) StderrLine: {'line': b'\x1b[01m\x1b[K/workspace/modubot_ws/src/rplidar_ros/sdk/src/dataunpacker/unpacker/../dataunpacker.h:54:103:\x1b[m\x1b[K \x1b[01;35m\x1b[Kwarning: \x1b[m\x1b[Kunused parameter \xe2\x80\x98\x1b[01m\x1b[Ksize\x1b[m\x1b[K\xe2\x80\x99 [\x1b[01;35m\x1b[K-Wunused-parameter\x1b[m\x1b[K]\n'}
[45.276203] (rplidar_ros) StderrLine: {'line': b'   54 |         virtual void onCustomSampleDataDecoded(_u8 ansType, _u32 customCode, const void* data, \x1b[01;35m\x1b[Ksize_t size\x1b[m\x1b[K) {}\n'}
[45.276888] (rplidar_ros) StderrLine: {'line': b'      |                                                                                                \x1b[01;35m\x1b[K~~~~~~~^~~~\x1b[m\x1b[K\n'}
[45.277359] (rplidar_ros) StderrLine: {'line': b'\x1b[01m\x1b[K/workspace/modubot_ws/src/rplidar_ros/sdk/src/dataunpacker/unpacker/../dataunpacker.h:\x1b[m\x1b[K In member function \xe2\x80\x98\x1b[01m\x1b[Kvirtual void sl::internal::LIDARSampleDataListener::onDecodingError(int, _u8, const void*, size_t)\x1b[m\x1b[K\xe2\x80\x99:\n'}
[45.278134] (rplidar_ros) StderrLine: {'line': b'\x1b[01m\x1b[K/workspace/modubot_ws/src/rplidar_ros/sdk/src/dataunpacker/unpacker/../dataunpacker.h:56:42:\x1b[m\x1b[K \x1b[01;35m\x1b[Kwarning: \x1b[m\x1b[Kunused parameter \xe2\x80\x98\x1b[01m\x1b[KerrMsg\x1b[m\x1b[K\xe2\x80\x99 [\x1b[01;35m\x1b[K-Wunused-parameter\x1b[m\x1b[K]\n'}
[45.278785] (rplidar_ros) StderrLine: {'line': b'   56 |         virtual void onDecodingError(\x1b[01;35m\x1b[Kint errMsg\x1b[m\x1b[K, _u8 ansType, const void* payload, size_t size) {}\n'}
[45.279341] (rplidar_ros) StderrLine: {'line': b'      |                                      \x1b[01;35m\x1b[K~~~~^~~~~~\x1b[m\x1b[K\n'}
[45.279853] (rplidar_ros) StderrLine: {'line': b'\x1b[01m\x1b[K/workspace/modubot_ws/src/rplidar_ros/sdk/src/dataunpacker/unpacker/../dataunpacker.h:56:54:\x1b[m\x1b[K \x1b[01;35m\x1b[Kwarning: \x1b[m\x1b[Kunused parameter \xe2\x80\x98\x1b[01m\x1b[KansType\x1b[m\x1b[K\xe2\x80\x99 [\x1b[01;35m\x1b[K-Wunused-parameter\x1b[m\x1b[K]\n'}
[45.280368] (rplidar_ros) StderrLine: {'line': b'   56 |         virtual void onDecodingError(int errMsg, \x1b[01;35m\x1b[K_u8 ansType\x1b[m\x1b[K, const void* payload, size_t size) {}\n'}
[45.280823] (rplidar_ros) StderrLine: {'line': b'      |                                                  \x1b[01;35m\x1b[K~~~~^~~~~~~\x1b[m\x1b[K\n'}
[45.286479] (rplidar_ros) StderrLine: {'line': b'\x1b[01m\x1b[K/workspace/modubot_ws/src/rplidar_ros/sdk/src/dataunpacker/unpacker/../dataunpacker.h:56:75:\x1b[m\x1b[K \x1b[01;35m\x1b[Kwarning: \x1b[m\x1b[Kunused parameter \xe2\x80\x98\x1b[01m\x1b[Kpayload\x1b[m\x1b[K\xe2\x80\x99 [\x1b[01;35m\x1b[K-Wunused-parameter\x1b[m\x1b[K]\n'}
[45.287080] (rplidar_ros) StderrLine: {'line': b'   56 |         virtual void onDecodingError(int errMsg, _u8 ansType, \x1b[01;35m\x1b[Kconst void* payload\x1b[m\x1b[K, size_t size) {}\n'}
[45.287553] (rplidar_ros) StderrLine: {'line': b'      |                                                               \x1b[01;35m\x1b[K~~~~~~~~~~~~^~~~~~~\x1b[m\x1b[K\n'}
[45.287972] (rplidar_ros) StderrLine: {'line': b'\x1b[01m\x1b[K/workspace/modubot_ws/src/rplidar_ros/sdk/src/dataunpacker/unpacker/../dataunpacker.h:56:91:\x1b[m\x1b[K \x1b[01;35m\x1b[Kwarning: \x1b[m\x1b[Kunused parameter \xe2\x80\x98\x1b[01m\x1b[Ksize\x1b[m\x1b[K\xe2\x80\x99 [\x1b[01;35m\x1b[K-Wunused-parameter\x1b[m\x1b[K]\n'}
[45.288396] (rplidar_ros) StderrLine: {'line': b'   56 |         virtual void onDecodingError(int errMsg, _u8 ansType, const void* payload, \x1b[01;35m\x1b[Ksize_t size\x1b[m\x1b[K) {}\n'}
[45.288832] (rplidar_ros) StderrLine: {'line': b'      |                                                                                    \x1b[01;35m\x1b[K~~~~~~~^~~~\x1b[m\x1b[K\n'}
[45.294525] (rplidar_ros) StderrLine: {'line': b'In file included from \x1b[01m\x1b[K/workspace/modubot_ws/src/rplidar_ros/sdk/src/hal/thread.cpp:43\x1b[m\x1b[K:\n'}
[45.295176] (rplidar_ros) StderrLine: {'line': b'\x1b[01m\x1b[K/workspace/modubot_ws/src/rplidar_ros/sdk/src/arch/linux/thread.hpp:\x1b[m\x1b[K In static member function \xe2\x80\x98\x1b[01m\x1b[Kstatic rp::hal::Thread rp::hal::Thread::create(thread_proc_t, void*)\x1b[m\x1b[K\xe2\x80\x99:\n'}
[45.295662] (rplidar_ros) StderrLine: {'line': b'\x1b[01m\x1b[K/workspace/modubot_ws/src/rplidar_ros/sdk/src/arch/linux/thread.hpp:52:57:\x1b[m\x1b[K \x1b[01;35m\x1b[Kwarning: \x1b[m\x1b[Kcast between incompatible function types from \xe2\x80\x98\x1b[01m\x1b[Kthread_proc_t\x1b[m\x1b[K\xe2\x80\x99 {aka \xe2\x80\x98\x1b[01m\x1b[Klong unsigned int (*)(void*)\x1b[m\x1b[K\xe2\x80\x99} to \xe2\x80\x98\x1b[01m\x1b[Kvoid* (*)(void*)\x1b[m\x1b[K\xe2\x80\x99 [\x1b[01;35m\x1b[K-Wcast-function-type\x1b[m\x1b[K]\n'}
[45.296158] (rplidar_ros) StderrLine: {'line': b'   52 |     pthread_create((pthread_t *)&newborn._handle, NULL, \x1b[01;35m\x1b[K(void * (*)(void *))proc\x1b[m\x1b[K, data);\n'}
[45.296598] (rplidar_ros) StderrLine: {'line': b'      |                                                         \x1b[01;35m\x1b[K^~~~~~~~~~~~~~~~~~~~~~~~\x1b[m\x1b[K\n'}
[45.300867] (rplidar_ros) StderrLine: {'line': b'\x1b[01m\x1b[K/workspace/modubot_ws/src/rplidar_ros/sdk/src/arch/linux/thread.hpp:\x1b[m\x1b[K In member function \xe2\x80\x98\x1b[01m\x1b[Ku_result rp::hal::Thread::join(long unsigned int)\x1b[m\x1b[K\xe2\x80\x99:\n'}
[45.301520] (rplidar_ros) StderrLine: {'line': b'\x1b[01m\x1b[K/workspace/modubot_ws/src/rplidar_ros/sdk/src/arch/linux/thread.hpp:176:37:\x1b[m\x1b[K \x1b[01;35m\x1b[Kwarning: \x1b[m\x1b[Kunused parameter \xe2\x80\x98\x1b[01m\x1b[Ktimeout\x1b[m\x1b[K\xe2\x80\x99 [\x1b[01;35m\x1b[K-Wunused-parameter\x1b[m\x1b[K]\n'}
[45.302102] (rplidar_ros) StderrLine: {'line': b'  176 | u_result Thread::join(\x1b[01;35m\x1b[Kunsigned long timeout\x1b[m\x1b[K)\n'}
[45.302637] (rplidar_ros) StderrLine: {'line': b'      |                       \x1b[01;35m\x1b[K~~~~~~~~~~~~~~^~~~~~~\x1b[m\x1b[K\n'}
[45.346619] (-) TimerEvent: {}
[45.447324] (-) TimerEvent: {}
[45.545110] (rplidar_ros) StderrLine: {'line': b'\x1b[01m\x1b[K/workspace/modubot_ws/src/rplidar_ros/sdk/src/arch/linux/net_serial.cpp:\x1b[m\x1b[K In member function \xe2\x80\x98\x1b[01m\x1b[Kbool rp::arch::net::raw_serial::open(const char*, uint32_t, uint32_t)\x1b[m\x1b[K\xe2\x80\x99:\n'}
[45.546030] (rplidar_ros) StderrLine: {'line': b'\x1b[01m\x1b[K/workspace/modubot_ws/src/rplidar_ros/sdk/src/arch/linux/net_serial.cpp:97:74:\x1b[m\x1b[K \x1b[01;35m\x1b[Kwarning: \x1b[m\x1b[Kunused parameter \xe2\x80\x98\x1b[01m\x1b[Kflags\x1b[m\x1b[K\xe2\x80\x99 [\x1b[01;35m\x1b[K-Wunused-parameter\x1b[m\x1b[K]\n'}
[45.546903] (rplidar_ros) StderrLine: {'line': b'   97 | bool raw_serial::open(const char * portname, uint32_t baudrate, \x1b[01;35m\x1b[Kuint32_t flags\x1b[m\x1b[K)\n'}
[45.547435] (-) TimerEvent: {}
[45.549269] (rplidar_ros) StderrLine: {'line': b'      |                                                                 \x1b[01;35m\x1b[K~~~~~~~~~^~~~~\x1b[m\x1b[K\n'}
[45.552735] (rplidar_ros) StderrLine: {'line': b'\x1b[01m\x1b[K/workspace/modubot_ws/src/rplidar_ros/sdk/src/arch/linux/net_serial.cpp:\x1b[m\x1b[K In member function \xe2\x80\x98\x1b[01m\x1b[Kvirtual void rp::arch::net::raw_serial::flush(_u32)\x1b[m\x1b[K\xe2\x80\x99:\n'}
[45.553639] (rplidar_ros) StderrLine: {'line': b'\x1b[01m\x1b[K/workspace/modubot_ws/src/rplidar_ros/sdk/src/arch/linux/net_serial.cpp:281:30:\x1b[m\x1b[K \x1b[01;35m\x1b[Kwarning: \x1b[m\x1b[Kunused parameter \xe2\x80\x98\x1b[01m\x1b[Kflags\x1b[m\x1b[K\xe2\x80\x99 [\x1b[01;35m\x1b[K-Wunused-parameter\x1b[m\x1b[K]\n'}
[45.554454] (rplidar_ros) StderrLine: {'line': b'  281 | void raw_serial::flush( \x1b[01;35m\x1b[K_u32 flags\x1b[m\x1b[K)\n'}
[45.555249] (rplidar_ros) StderrLine: {'line': b'      |                         \x1b[01;35m\x1b[K~~~~~^~~~~\x1b[m\x1b[K\n'}
[45.556520] (rplidar_ros) StderrLine: {'line': b'\x1b[01m\x1b[K/workspace/modubot_ws/src/rplidar_ros/sdk/src/arch/linux/net_serial.cpp:\x1b[m\x1b[K In member function \xe2\x80\x98\x1b[01m\x1b[Kvirtual int rp::arch::net::raw_serial::waitforsent(_u32, size_t*)\x1b[m\x1b[K\xe2\x80\x99:\n'}
[45.557374] (rplidar_ros) StderrLine: {'line': b'\x1b[01m\x1b[K/workspace/modubot_ws/src/rplidar_ros/sdk/src/arch/linux/net_serial.cpp:286:34:\x1b[m\x1b[K \x1b[01;35m\x1b[Kwarning: \x1b[m\x1b[Kunused parameter \xe2\x80\x98\x1b[01m\x1b[Ktimeout\x1b[m\x1b[K\xe2\x80\x99 [\x1b[01;35m\x1b[K-Wunused-parameter\x1b[m\x1b[K]\n'}
[45.558198] (rplidar_ros) StderrLine: {'line': b'  286 | int raw_serial::waitforsent(\x1b[01;35m\x1b[K_u32 timeout\x1b[m\x1b[K, size_t * returned_size)\n'}
[45.559006] (rplidar_ros) StderrLine: {'line': b'      |                             \x1b[01;35m\x1b[K~~~~~^~~~~~~\x1b[m\x1b[K\n'}
[45.561009] (rplidar_ros) StderrLine: {'line': b'\x1b[01m\x1b[K/workspace/modubot_ws/src/rplidar_ros/sdk/src/arch/linux/net_serial.cpp:\x1b[m\x1b[K In member function \xe2\x80\x98\x1b[01m\x1b[Kvirtual int rp::arch::net::raw_serial::waitforrecv(_u32, size_t*)\x1b[m\x1b[K\xe2\x80\x99:\n'}
[45.561880] (rplidar_ros) StderrLine: {'line': b'\x1b[01m\x1b[K/workspace/modubot_ws/src/rplidar_ros/sdk/src/arch/linux/net_serial.cpp:292:34:\x1b[m\x1b[K \x1b[01;35m\x1b[Kwarning: \x1b[m\x1b[Kunused parameter \xe2\x80\x98\x1b[01m\x1b[Ktimeout\x1b[m\x1b[K\xe2\x80\x99 [\x1b[01;35m\x1b[K-Wunused-parameter\x1b[m\x1b[K]\n'}
[45.562796] (rplidar_ros) StderrLine: {'line': b'  292 | int raw_serial::waitforrecv(\x1b[01;35m\x1b[K_u32 timeout\x1b[m\x1b[K, size_t * returned_size)\n'}
[45.564509] (rplidar_ros) StderrLine: {'line': b'      |                             \x1b[01;35m\x1b[K~~~~~^~~~~~~\x1b[m\x1b[K\n'}
[45.571721] (rplidar_ros) StderrLine: {'line': b'\x1b[01m\x1b[K/workspace/modubot_ws/src/rplidar_ros/sdk/src/arch/linux/net_serial.cpp:\x1b[m\x1b[K In member function \xe2\x80\x98\x1b[01m\x1b[Kvirtual void rp::arch::net::raw_serial::cancelOperation()\x1b[m\x1b[K\xe2\x80\x99:\n'}
[45.572351] (rplidar_ros) StderrLine: {'line': b'\x1b[01m\x1b[K/workspace/modubot_ws/src/rplidar_ros/sdk/src/arch/linux/net_serial.cpp:427:5:\x1b[m\x1b[K \x1b[01;35m\x1b[Kwarning: \x1b[m\x1b[Kvalue computed is not used [\x1b[01;35m\x1b[K-Wunused-value\x1b[m\x1b[K]\n'}
[45.572836] (rplidar_ros) StderrLine: {'line': b'  427 |     \x1b[01;35m\x1b[K(int)::write(_selfpipe[1], "x", 1)\x1b[m\x1b[K;\n'}
[45.573337] (rplidar_ros) StderrLine: {'line': b'      |     \x1b[01;35m\x1b[K^~~~~~~~~~~~~~~~~~~~~~~~~~~~~~~~~~\x1b[m\x1b[K\n'}
[45.647632] (-) TimerEvent: {}
[45.704106] (rplidar_ros) StdoutLine: {'line': b'[ 34%] \x1b[32mBuilding CXX object CMakeFiles/rplidar_node.dir/sdk/src/rplidar_driver.cpp.o\x1b[0m\n'}
[45.747814] (-) TimerEvent: {}
[45.837634] (rplidar_ros) StdoutLine: {'line': b'[ 36%] \x1b[32mBuilding CXX object CMakeFiles/rplidar_node.dir/sdk/src/sl_async_transceiver.cpp.o\x1b[0m\n'}
[45.847995] (-) TimerEvent: {}
[45.950076] (-) TimerEvent: {}
[46.051865] (-) TimerEvent: {}
[46.070321] (rplidar_ros) StdoutLine: {'line': b'[ 39%] \x1b[32mBuilding CXX object CMakeFiles/rplidar_composition.dir/sdk/src/arch/linux/net_socket.cpp.o\x1b[0m\n'}
[46.152051] (-) TimerEvent: {}
[46.253660] (-) TimerEvent: {}
[46.355186] (-) TimerEvent: {}
[46.456686] (-) TimerEvent: {}
[46.559069] (-) TimerEvent: {}
[46.661239] (-) TimerEvent: {}
[46.763501] (-) TimerEvent: {}
[46.864289] (-) TimerEvent: {}
[46.965061] (-) TimerEvent: {}
[47.066457] (-) TimerEvent: {}
[47.168525] (-) TimerEvent: {}
[47.269248] (-) TimerEvent: {}
[47.369960] (-) TimerEvent: {}
[47.470718] (-) TimerEvent: {}
[47.574311] (-) TimerEvent: {}
[47.578001] (rplidar_ros) StderrLine: {'line': b'In file included from \x1b[01m\x1b[K/workspace/modubot_ws/src/rplidar_ros/sdk/include/rplidar_protocol.h:36\x1b[m\x1b[K,\n'}
[47.578684] (rplidar_ros) StderrLine: {'line': b'                 from \x1b[01m\x1b[K/workspace/modubot_ws/src/rplidar_ros/sdk/include/rplidar.h:39\x1b[m\x1b[K,\n'}
[47.579151] (rplidar_ros) StderrLine: {'line': b'                 from \x1b[01m\x1b[K/workspace/modubot_ws/src/rplidar_ros/sdk/src/sdkcommon.h:49\x1b[m\x1b[K,\n'}
[47.579595] (rplidar_ros) StderrLine: {'line': b'                 from \x1b[01m\x1b[K/workspace/modubot_ws/src/rplidar_ros/sdk/src/rplidar_driver.cpp:33\x1b[m\x1b[K:\n'}
[47.580051] (rplidar_ros) StderrLine: {'line': b'\x1b[01m\x1b[K/workspace/modubot_ws/src/rplidar_ros/sdk/include/sl_lidar_protocol.h:66:16:\x1b[m\x1b[K \x1b[01;35m\x1b[Kwarning: \x1b[m\x1b[KISO C++ forbids zero-size array \xe2\x80\x98\x1b[01m\x1b[Kdata\x1b[m\x1b[K\xe2\x80\x99 [\x1b[01;35m\x1b[K-Wpedantic\x1b[m\x1b[K]\n'}
[47.580516] (rplidar_ros) StderrLine: {'line': b'   66 |     sl_u8 data[\x1b[01;35m\x1b[K0\x1b[m\x1b[K];\n'}
[47.582038] (rplidar_ros) StderrLine: {'line': b'      |                \x1b[01;35m\x1b[K^\x1b[m\x1b[K\n'}
[47.584495] (rplidar_ros) StderrLine: {'line': b'In file included from \x1b[01m\x1b[K/workspace/modubot_ws/src/rplidar_ros/sdk/include/rplidar_cmd.h:36\x1b[m\x1b[K,\n'}
[47.585067] (rplidar_ros) StderrLine: {'line': b'                 from \x1b[01m\x1b[K/workspace/modubot_ws/src/rplidar_ros/sdk/include/rplidar.h:40\x1b[m\x1b[K,\n'}
[47.586048] (rplidar_ros) StderrLine: {'line': b'                 from \x1b[01m\x1b[K/workspace/modubot_ws/src/rplidar_ros/sdk/src/sdkcommon.h:49\x1b[m\x1b[K,\n'}
[47.586655] (rplidar_ros) StderrLine: {'line': b'                 from \x1b[01m\x1b[K/workspace/modubot_ws/src/rplidar_ros/sdk/src/rplidar_driver.cpp:33\x1b[m\x1b[K:\n'}
[47.587126] (rplidar_ros) StderrLine: {'line': b'\x1b[01m\x1b[K/workspace/modubot_ws/src/rplidar_ros/sdk/include/sl_lidar_cmd.h:324:20:\x1b[m\x1b[K \x1b[01;35m\x1b[Kwarning: \x1b[m\x1b[KISO C++ forbids zero-size array \xe2\x80\x98\x1b[01m\x1b[Kpayload\x1b[m\x1b[K\xe2\x80\x99 [\x1b[01;35m\x1b[K-Wpedantic\x1b[m\x1b[K]\n'}
[47.587613] (rplidar_ros) StderrLine: {'line': b'  324 |     sl_u8  payload[\x1b[01;35m\x1b[K0\x1b[m\x1b[K];\n'}
[47.588026] (rplidar_ros) StderrLine: {'line': b'      |                    \x1b[01;35m\x1b[K^\x1b[m\x1b[K\n'}
[47.674480] (-) TimerEvent: {}
[47.778357] (-) TimerEvent: {}
[47.886316] (-) TimerEvent: {}
[47.963198] (rplidar_ros) StderrLine: {'line': b'In file included from \x1b[01m\x1b[K/workspace/modubot_ws/src/rplidar_ros/sdk/include/rplidar_protocol.h:36\x1b[m\x1b[K,\n'}
[47.964084] (rplidar_ros) StderrLine: {'line': b'                 from \x1b[01m\x1b[K/workspace/modubot_ws/src/rplidar_ros/sdk/include/rplidar.h:39\x1b[m\x1b[K,\n'}
[47.964762] (rplidar_ros) StderrLine: {'line': b'                 from \x1b[01m\x1b[K/workspace/modubot_ws/src/rplidar_ros/sdk/src/sdkcommon.h:49\x1b[m\x1b[K,\n'}
[47.965392] (rplidar_ros) StderrLine: {'line': b'                 from \x1b[01m\x1b[K/workspace/modubot_ws/src/rplidar_ros/sdk/src/sl_async_transceiver.cpp:35\x1b[m\x1b[K:\n'}
[47.966020] (rplidar_ros) StderrLine: {'line': b'\x1b[01m\x1b[K/workspace/modubot_ws/src/rplidar_ros/sdk/include/sl_lidar_protocol.h:66:16:\x1b[m\x1b[K \x1b[01;35m\x1b[Kwarning: \x1b[m\x1b[KISO C++ forbids zero-size array \xe2\x80\x98\x1b[01m\x1b[Kdata\x1b[m\x1b[K\xe2\x80\x99 [\x1b[01;35m\x1b[K-Wpedantic\x1b[m\x1b[K]\n'}
[47.966746] (rplidar_ros) StderrLine: {'line': b'   66 |     sl_u8 data[\x1b[01;35m\x1b[K0\x1b[m\x1b[K];\n'}
[47.967437] (rplidar_ros) StderrLine: {'line': b'      |                \x1b[01;35m\x1b[K^\x1b[m\x1b[K\n'}
[47.970111] (rplidar_ros) StderrLine: {'line': b'In file included from \x1b[01m\x1b[K/workspace/modubot_ws/src/rplidar_ros/sdk/include/rplidar_cmd.h:36\x1b[m\x1b[K,\n'}
[47.970885] (rplidar_ros) StderrLine: {'line': b'                 from \x1b[01m\x1b[K/workspace/modubot_ws/src/rplidar_ros/sdk/include/rplidar.h:40\x1b[m\x1b[K,\n'}
[47.971526] (rplidar_ros) StderrLine: {'line': b'                 from \x1b[01m\x1b[K/workspace/modubot_ws/src/rplidar_ros/sdk/src/sdkcommon.h:49\x1b[m\x1b[K,\n'}
[47.972200] (rplidar_ros) StderrLine: {'line': b'                 from \x1b[01m\x1b[K/workspace/modubot_ws/src/rplidar_ros/sdk/src/sl_async_transceiver.cpp:35\x1b[m\x1b[K:\n'}
[47.972935] (rplidar_ros) StderrLine: {'line': b'\x1b[01m\x1b[K/workspace/modubot_ws/src/rplidar_ros/sdk/include/sl_lidar_cmd.h:324:20:\x1b[m\x1b[K \x1b[01;35m\x1b[Kwarning: \x1b[m\x1b[KISO C++ forbids zero-size array \xe2\x80\x98\x1b[01m\x1b[Kpayload\x1b[m\x1b[K\xe2\x80\x99 [\x1b[01;35m\x1b[K-Wpedantic\x1b[m\x1b[K]\n'}
[47.973621] (rplidar_ros) StderrLine: {'line': b'  324 |     sl_u8  payload[\x1b[01;35m\x1b[K0\x1b[m\x1b[K];\n'}
[47.974303] (rplidar_ros) StderrLine: {'line': b'      |                    \x1b[01;35m\x1b[K^\x1b[m\x1b[K\n'}
[47.986484] (-) TimerEvent: {}
[48.088906] (-) TimerEvent: {}
[48.191194] (-) TimerEvent: {}
[48.274890] (rplidar_ros) StderrLine: {'line': b'In file included from \x1b[01m\x1b[K/workspace/modubot_ws/src/rplidar_ros/sdk/include/rplidar_protocol.h:36\x1b[m\x1b[K,\n'}
[48.275473] (rplidar_ros) StderrLine: {'line': b'                 from \x1b[01m\x1b[K/workspace/modubot_ws/src/rplidar_ros/sdk/include/rplidar.h:39\x1b[m\x1b[K,\n'}
[48.275890] (rplidar_ros) StderrLine: {'line': b'                 from \x1b[01m\x1b[K/workspace/modubot_ws/src/rplidar_ros/sdk/src/sdkcommon.h:49\x1b[m\x1b[K,\n'}
[48.276264] (rplidar_ros) StderrLine: {'line': b'                 from \x1b[01m\x1b[K/workspace/modubot_ws/src/rplidar_ros/sdk/src/arch/linux/net_socket.cpp:10\x1b[m\x1b[K:\n'}
[48.276712] (rplidar_ros) StderrLine: {'line': b'\x1b[01m\x1b[K/workspace/modubot_ws/src/rplidar_ros/sdk/include/sl_lidar_protocol.h:66:16:\x1b[m\x1b[K \x1b[01;35m\x1b[Kwarning: \x1b[m\x1b[KISO C++ forbids zero-size array \xe2\x80\x98\x1b[01m\x1b[Kdata\x1b[m\x1b[K\xe2\x80\x99 [\x1b[01;35m\x1b[K-Wpedantic\x1b[m\x1b[K]\n'}
[48.277183] (rplidar_ros) StderrLine: {'line': b'   66 |     sl_u8 data[\x1b[01;35m\x1b[K0\x1b[m\x1b[K];\n'}
[48.277572] (rplidar_ros) StderrLine: {'line': b'      |                \x1b[01;35m\x1b[K^\x1b[m\x1b[K\n'}
[48.278283] (rplidar_ros) StderrLine: {'line': b'In file included from \x1b[01m\x1b[K/workspace/modubot_ws/src/rplidar_ros/sdk/include/rplidar_cmd.h:36\x1b[m\x1b[K,\n'}
[48.278771] (rplidar_ros) StderrLine: {'line': b'                 from \x1b[01m\x1b[K/workspace/modubot_ws/src/rplidar_ros/sdk/include/rplidar.h:40\x1b[m\x1b[K,\n'}
[48.279233] (rplidar_ros) StderrLine: {'line': b'                 from \x1b[01m\x1b[K/workspace/modubot_ws/src/rplidar_ros/sdk/src/sdkcommon.h:49\x1b[m\x1b[K,\n'}
[48.279670] (rplidar_ros) StderrLine: {'line': b'                 from \x1b[01m\x1b[K/workspace/modubot_ws/src/rplidar_ros/sdk/src/arch/linux/net_socket.cpp:10\x1b[m\x1b[K:\n'}
[48.280086] (rplidar_ros) StderrLine: {'line': b'\x1b[01m\x1b[K/workspace/modubot_ws/src/rplidar_ros/sdk/include/sl_lidar_cmd.h:324:20:\x1b[m\x1b[K \x1b[01;35m\x1b[Kwarning: \x1b[m\x1b[KISO C++ forbids zero-size array \xe2\x80\x98\x1b[01m\x1b[Kpayload\x1b[m\x1b[K\xe2\x80\x99 [\x1b[01;35m\x1b[K-Wpedantic\x1b[m\x1b[K]\n'}
[48.280466] (rplidar_ros) StderrLine: {'line': b'  324 |     sl_u8  payload[\x1b[01;35m\x1b[K0\x1b[m\x1b[K];\n'}
[48.281059] (rplidar_ros) StderrLine: {'line': b'      |                    \x1b[01;35m\x1b[K^\x1b[m\x1b[K\n'}
[48.291377] (-) TimerEvent: {}
[48.392463] (-) TimerEvent: {}
[48.493140] (-) TimerEvent: {}
[48.539323] (rplidar_ros) StderrLine: {'line': b'In file included from \x1b[01m\x1b[K/workspace/modubot_ws/src/rplidar_ros/sdk/src/sl_async_transceiver.cpp:44\x1b[m\x1b[K:\n'}
[48.540136] (rplidar_ros) StderrLine: {'line': b'\x1b[01m\x1b[K/workspace/modubot_ws/src/rplidar_ros/sdk/src/sl_async_transceiver.h:\x1b[m\x1b[K In member function \xe2\x80\x98\x1b[01m\x1b[Kvirtual void sl::internal::IAsyncProtocolCodec::onChannelError(u_result)\x1b[m\x1b[K\xe2\x80\x99:\n'}
[48.540775] (rplidar_ros) StderrLine: {'line': b'\x1b[01m\x1b[K/workspace/modubot_ws/src/rplidar_ros/sdk/src/sl_async_transceiver.h:90:48:\x1b[m\x1b[K \x1b[01;35m\x1b[Kwarning: \x1b[m\x1b[Kunused parameter \xe2\x80\x98\x1b[01m\x1b[KerrCode\x1b[m\x1b[K\xe2\x80\x99 [\x1b[01;35m\x1b[K-Wunused-parameter\x1b[m\x1b[K]\n'}
[48.541369] (rplidar_ros) StderrLine: {'line': b'   90 |         virtual void   onChannelError(\x1b[01;35m\x1b[Ku_result errCode\x1b[m\x1b[K) {}\n'}
[48.541918] (rplidar_ros) StderrLine: {'line': b'      |                                       \x1b[01;35m\x1b[K~~~~~~~~~^~~~~~~\x1b[m\x1b[K\n'}
[48.593315] (-) TimerEvent: {}
[48.614471] (rplidar_ros) StderrLine: {'line': b'\x1b[01m\x1b[K/workspace/modubot_ws/src/rplidar_ros/sdk/src/rplidar_driver.cpp:\x1b[m\x1b[K In member function \xe2\x80\x98\x1b[01m\x1b[Ku_result rp::standalone::rplidar::RPlidarDriver::connect(const char*, _u32, _u32)\x1b[m\x1b[K\xe2\x80\x99:\n'}
[48.615213] (rplidar_ros) StderrLine: {'line': b'\x1b[01m\x1b[K/workspace/modubot_ws/src/rplidar_ros/sdk/src/rplidar_driver.cpp:67:77:\x1b[m\x1b[K \x1b[01;35m\x1b[Kwarning: \x1b[m\x1b[Kunused parameter \xe2\x80\x98\x1b[01m\x1b[Kflag\x1b[m\x1b[K\xe2\x80\x99 [\x1b[01;35m\x1b[K-Wunused-parameter\x1b[m\x1b[K]\n'}
[48.615609] (rplidar_ros) StderrLine: {'line': b'   67 | lt RPlidarDriver::connect(const char *path, _u32 portOrBaud, \x1b[01;35m\x1b[K_u32 flag\x1b[m\x1b[K)\n'}
[48.615960] (rplidar_ros) StderrLine: {'line': b'      |                                                              \x1b[01;35m\x1b[K~~~~~^~~~\x1b[m\x1b[K\n'}
[48.616294] (rplidar_ros) StderrLine: {'line': b'\n'}
[48.616828] (rplidar_ros) StderrLine: {'line': b'\x1b[01m\x1b[K/workspace/modubot_ws/src/rplidar_ros/sdk/src/rplidar_driver.cpp:\x1b[m\x1b[K In member function \xe2\x80\x98\x1b[01m\x1b[Ku_result rp::standalone::rplidar::RPlidarDriver::reset(_u32)\x1b[m\x1b[K\xe2\x80\x99:\n'}
[48.617225] (rplidar_ros) StderrLine: {'line': b'\x1b[01m\x1b[K/workspace/modubot_ws/src/rplidar_ros/sdk/src/rplidar_driver.cpp:101:40:\x1b[m\x1b[K \x1b[01;35m\x1b[Kwarning: \x1b[m\x1b[Kunused parameter \xe2\x80\x98\x1b[01m\x1b[Ktimeout\x1b[m\x1b[K\xe2\x80\x99 [\x1b[01;35m\x1b[K-Wunused-parameter\x1b[m\x1b[K]\n'}
[48.617604] (rplidar_ros) StderrLine: {'line': b'  101 |     u_result RPlidarDriver::reset(\x1b[01;35m\x1b[K_u32 timeout\x1b[m\x1b[K)\n'}
[48.617930] (rplidar_ros) StderrLine: {'line': b'      |                                   \x1b[01;35m\x1b[K~~~~~^~~~~~~\x1b[m\x1b[K\n'}
[48.618696] (rplidar_ros) StderrLine: {'line': b'\x1b[01m\x1b[K/workspace/modubot_ws/src/rplidar_ros/sdk/src/rplidar_driver.cpp:\x1b[m\x1b[K In member function \xe2\x80\x98\x1b[01m\x1b[Ku_result rp::standalone::rplidar::RPlidarDriver::getScanDataWithInterval(rplidar_response_measurement_node_t*, size_t&)\x1b[m\x1b[K\xe2\x80\x99:\n'}
[48.619460] (rplidar_ros) StderrLine: {'line': b'\x1b[01m\x1b[K/workspace/modubot_ws/src/rplidar_ros/sdk/src/rplidar_driver.cpp:180:91:\x1b[m\x1b[K \x1b[01;35m\x1b[Kwarning: \x1b[m\x1b[Kunused parameter \xe2\x80\x98\x1b[01m\x1b[Knodebuffer\x1b[m\x1b[K\xe2\x80\x99 [\x1b[01;35m\x1b[K-Wunused-parameter\x1b[m\x1b[K]\n'}
[48.620156] (rplidar_ros) StderrLine: {'line': b'  180 | tScanDataWithInterval(\x1b[01;35m\x1b[Krplidar_response_measurement_node_t * nodebuffer\x1b[m\x1b[K, size_t & count)\n'}
[48.620894] (rplidar_ros) StderrLine: {'line': b'      |                       \x1b[01;35m\x1b[K~~~~~~~~~~~~~~~~~~~~~~~~~~~~~~~~~~~~~~^~~~~~~~~~\x1b[m\x1b[K\n'}
[48.621540] (rplidar_ros) StderrLine: {'line': b'\n'}
[48.622414] (rplidar_ros) StderrLine: {'line': b'\x1b[01m\x1b[K/workspace/modubot_ws/src/rplidar_ros/sdk/src/rplidar_driver.cpp:180:112:\x1b[m\x1b[K \x1b[01;35m\x1b[Kwarning: \x1b[m\x1b[Kunused parameter \xe2\x80\x98\x1b[01m\x1b[Kcount\x1b[m\x1b[K\xe2\x80\x99 [\x1b[01;35m\x1b[K-Wunused-parameter\x1b[m\x1b[K]\n'}
[48.623184] (rplidar_ros) StderrLine: {'line': b'  180 | erval(rplidar_response_measurement_node_t * nodebuffer, \x1b[01;35m\x1b[Ksize_t & count\x1b[m\x1b[K)\n'}
[48.623666] (rplidar_ros) StderrLine: {'line': b'      |                                                         \x1b[01;35m\x1b[K~~~~~~~~~^~~~~\x1b[m\x1b[K\n'}
[48.624080] (rplidar_ros) StderrLine: {'line': b'\n'}
[48.693491] (-) TimerEvent: {}
[48.696165] (rplidar_ros) StderrLine: {'line': b'In file included from \x1b[01m\x1b[K/workspace/modubot_ws/src/rplidar_ros/sdk/src/arch/linux/arch_linux.h:42\x1b[m\x1b[K,\n'}
[48.696735] (rplidar_ros) StderrLine: {'line': b'                 from \x1b[01m\x1b[K/workspace/modubot_ws/src/rplidar_ros/sdk/src/sdkcommon.h:41\x1b[m\x1b[K,\n'}
[48.697146] (rplidar_ros) StderrLine: {'line': b'                 from \x1b[01m\x1b[K/workspace/modubot_ws/src/rplidar_ros/sdk/src/arch/linux/net_socket.cpp:10\x1b[m\x1b[K:\n'}
[48.697532] (rplidar_ros) StderrLine: {'line': b'\x1b[01m\x1b[K/workspace/modubot_ws/src/rplidar_ros/sdk/src/arch/linux/net_socket.cpp:\x1b[m\x1b[K In member function \xe2\x80\x98\x1b[01m\x1b[Kvirtual u_result rp::arch::net::DGramSocketImpl::sendTo(const rp::net::SocketAddress*, const void*, size_t)\x1b[m\x1b[K\xe2\x80\x99:\n'}
[48.697959] (rplidar_ros) StderrLine: {'line': b'\x1b[01m\x1b[K/workspace/modubot_ws/src/rplidar_ros/sdk/src/arch/linux/net_socket.cpp:733:24:\x1b[m\x1b[K \x1b[01;35m\x1b[Kwarning: \x1b[m\x1b[Kcomparison of integer expressions of different signedness: \xe2\x80\x98\x1b[01m\x1b[Kint\x1b[m\x1b[K\xe2\x80\x99 and \xe2\x80\x98\x1b[01m\x1b[Ksize_t\x1b[m\x1b[K\xe2\x80\x99 {aka \xe2\x80\x98\x1b[01m\x1b[Klong unsigned int\x1b[m\x1b[K\xe2\x80\x99} [\x1b[01;35m\x1b[K-Wsign-compare\x1b[m\x1b[K]\n'}
[48.698426] (rplidar_ros) StderrLine: {'line': b'  733 |             assert(\x1b[01;35m\x1b[Kans == len\x1b[m\x1b[K);\n'}
[48.698845] (rplidar_ros) StderrLine: {'line': b'      |                    \x1b[01;35m\x1b[K~~~~^~~~~~\x1b[m\x1b[K\n'}
[48.793810] (-) TimerEvent: {}
[48.895686] (-) TimerEvent: {}
[48.997528] (-) TimerEvent: {}
[49.099715] (-) TimerEvent: {}
[49.177689] (rplidar_ros) StdoutLine: {'line': b'[ 42%] \x1b[32mBuilding CXX object CMakeFiles/rplidar_node.dir/sdk/src/sl_crc.cpp.o\x1b[0m\n'}
[49.199899] (-) TimerEvent: {}
[49.300601] (-) TimerEvent: {}
[49.353069] (rplidar_ros) StderrLine: {'line': b'In file included from \x1b[01m\x1b[K/workspace/modubot_ws/src/rplidar_ros/sdk/include/sl_lidar_cmd.h:41\x1b[m\x1b[K,\n'}
[49.353632] (rplidar_ros) StderrLine: {'line': b'                 from \x1b[01m\x1b[K/workspace/modubot_ws/src/rplidar_ros/sdk/include/sl_crc.h:36\x1b[m\x1b[K,\n'}
[49.354016] (rplidar_ros) StderrLine: {'line': b'                 from \x1b[01m\x1b[K/workspace/modubot_ws/src/rplidar_ros/sdk/src/sl_crc.cpp:33\x1b[m\x1b[K:\n'}
[49.354457] (rplidar_ros) StderrLine: {'line': b'\x1b[01m\x1b[K/workspace/modubot_ws/src/rplidar_ros/sdk/include/sl_lidar_protocol.h:66:16:\x1b[m\x1b[K \x1b[01;35m\x1b[Kwarning: \x1b[m\x1b[KISO C++ forbids zero-size array \xe2\x80\x98\x1b[01m\x1b[Kdata\x1b[m\x1b[K\xe2\x80\x99 [\x1b[01;35m\x1b[K-Wpedantic\x1b[m\x1b[K]\n'}
[49.354799] (rplidar_ros) StderrLine: {'line': b'   66 |     sl_u8 data[\x1b[01;35m\x1b[K0\x1b[m\x1b[K];\n'}
[49.355588] (rplidar_ros) StderrLine: {'line': b'      |                \x1b[01;35m\x1b[K^\x1b[m\x1b[K\n'}
[49.356209] (rplidar_ros) StderrLine: {'line': b'In file included from \x1b[01m\x1b[K/workspace/modubot_ws/src/rplidar_ros/sdk/include/sl_crc.h:36\x1b[m\x1b[K,\n'}
[49.356634] (rplidar_ros) StderrLine: {'line': b'                 from \x1b[01m\x1b[K/workspace/modubot_ws/src/rplidar_ros/sdk/src/sl_crc.cpp:33\x1b[m\x1b[K:\n'}
[49.357000] (rplidar_ros) StderrLine: {'line': b'\x1b[01m\x1b[K/workspace/modubot_ws/src/rplidar_ros/sdk/include/sl_lidar_cmd.h:324:20:\x1b[m\x1b[K \x1b[01;35m\x1b[Kwarning: \x1b[m\x1b[KISO C++ forbids zero-size array \xe2\x80\x98\x1b[01m\x1b[Kpayload\x1b[m\x1b[K\xe2\x80\x99 [\x1b[01;35m\x1b[K-Wpedantic\x1b[m\x1b[K]\n'}
[49.357429] (rplidar_ros) StderrLine: {'line': b'  324 |     sl_u8  payload[\x1b[01;35m\x1b[K0\x1b[m\x1b[K];\n'}
[49.357866] (rplidar_ros) StderrLine: {'line': b'      |                    \x1b[01;35m\x1b[K^\x1b[m\x1b[K\n'}
[49.400782] (-) TimerEvent: {}
[49.497757] (rplidar_ros) StdoutLine: {'line': b'[ 44%] \x1b[32mBuilding CXX object CMakeFiles/rplidar_node.dir/sdk/src/sl_lidar_driver.cpp.o\x1b[0m\n'}
[49.501209] (-) TimerEvent: {}
[49.530524] (rplidar_ros) StdoutLine: {'line': b'[ 47%] \x1b[32mBuilding CXX object CMakeFiles/rplidar_composition.dir/sdk/src/arch/linux/timer.cpp.o\x1b[0m\n'}
[49.601489] (-) TimerEvent: {}
[49.663165] (rplidar_ros) StdoutLine: {'line': b'[ 50%] \x1b[32mBuilding CXX object CMakeFiles/rplidar_node.dir/sdk/src/sl_lidarprotocol_codec.cpp.o\x1b[0m\n'}
[49.701680] (-) TimerEvent: {}
[49.802952] (-) TimerEvent: {}
[49.903666] (-) TimerEvent: {}
[50.004313] (-) TimerEvent: {}
[50.105017] (-) TimerEvent: {}
[50.207212] (-) TimerEvent: {}
[50.309332] (-) TimerEvent: {}
[50.409985] (-) TimerEvent: {}
[50.512502] (-) TimerEvent: {}
[50.614841] (-) TimerEvent: {}
[50.716413] (-) TimerEvent: {}
[50.817101] (-) TimerEvent: {}
[50.919246] (-) TimerEvent: {}
[51.021156] (-) TimerEvent: {}
[51.122801] (-) TimerEvent: {}
[51.224681] (-) TimerEvent: {}
[51.326458] (-) TimerEvent: {}
[51.427157] (-) TimerEvent: {}
[51.528613] (-) TimerEvent: {}
[51.630697] (-) TimerEvent: {}
[51.699624] (rplidar_ros) StderrLine: {'line': b'In file included from \x1b[01m\x1b[K/workspace/modubot_ws/src/rplidar_ros/sdk/include/rplidar_protocol.h:36\x1b[m\x1b[K,\n'}
[51.700476] (rplidar_ros) StderrLine: {'line': b'                 from \x1b[01m\x1b[K/workspace/modubot_ws/src/rplidar_ros/sdk/include/rplidar.h:39\x1b[m\x1b[K,\n'}
[51.701216] (rplidar_ros) StderrLine: {'line': b'                 from \x1b[01m\x1b[K/workspace/modubot_ws/src/rplidar_ros/sdk/src/sdkcommon.h:49\x1b[m\x1b[K,\n'}
[51.701951] (rplidar_ros) StderrLine: {'line': b'                 from \x1b[01m\x1b[K/workspace/modubot_ws/src/rplidar_ros/sdk/src/sl_lidar_driver.cpp:33\x1b[m\x1b[K:\n'}
[51.702805] (rplidar_ros) StderrLine: {'line': b'\x1b[01m\x1b[K/workspace/modubot_ws/src/rplidar_ros/sdk/include/sl_lidar_protocol.h:66:16:\x1b[m\x1b[K \x1b[01;35m\x1b[Kwarning: \x1b[m\x1b[KISO C++ forbids zero-size array \xe2\x80\x98\x1b[01m\x1b[Kdata\x1b[m\x1b[K\xe2\x80\x99 [\x1b[01;35m\x1b[K-Wpedantic\x1b[m\x1b[K]\n'}
[51.706924] (rplidar_ros) StderrLine: {'line': b'   66 |     sl_u8 data[\x1b[01;35m\x1b[K0\x1b[m\x1b[K];\n'}
[51.707426] (rplidar_ros) StderrLine: {'line': b'      |                \x1b[01;35m\x1b[K^\x1b[m\x1b[K\n'}
[51.708604] (rplidar_ros) StderrLine: {'line': b'In file included from \x1b[01m\x1b[K/workspace/modubot_ws/src/rplidar_ros/sdk/include/rplidar_cmd.h:36\x1b[m\x1b[K,\n'}
[51.709205] (rplidar_ros) StderrLine: {'line': b'                 from \x1b[01m\x1b[K/workspace/modubot_ws/src/rplidar_ros/sdk/include/rplidar.h:40\x1b[m\x1b[K,\n'}
[51.710952] (rplidar_ros) StderrLine: {'line': b'                 from \x1b[01m\x1b[K/workspace/modubot_ws/src/rplidar_ros/sdk/src/sdkcommon.h:49\x1b[m\x1b[K,\n'}
[51.711472] (rplidar_ros) StderrLine: {'line': b'                 from \x1b[01m\x1b[K/workspace/modubot_ws/src/rplidar_ros/sdk/src/sl_lidar_driver.cpp:33\x1b[m\x1b[K:\n'}
[51.711910] (rplidar_ros) StderrLine: {'line': b'\x1b[01m\x1b[K/workspace/modubot_ws/src/rplidar_ros/sdk/include/sl_lidar_cmd.h:324:20:\x1b[m\x1b[K \x1b[01;35m\x1b[Kwarning: \x1b[m\x1b[KISO C++ forbids zero-size array \xe2\x80\x98\x1b[01m\x1b[Kpayload\x1b[m\x1b[K\xe2\x80\x99 [\x1b[01;35m\x1b[K-Wpedantic\x1b[m\x1b[K]\n'}
[51.712326] (rplidar_ros) StderrLine: {'line': b'  324 |     sl_u8  payload[\x1b[01;35m\x1b[K0\x1b[m\x1b[K];\n'}
[51.712742] (rplidar_ros) StderrLine: {'line': b'      |                    \x1b[01;35m\x1b[K^\x1b[m\x1b[K\n'}
[51.730995] (-) TimerEvent: {}
[51.831794] (-) TimerEvent: {}
[51.934034] (-) TimerEvent: {}
[51.947354] (rplidar_ros) StdoutLine: {'line': b'[ 52%] \x1b[32mBuilding CXX object CMakeFiles/rplidar_composition.dir/sdk/src/dataunpacker/dataunpacker.cpp.o\x1b[0m\n'}
[52.034262] (-) TimerEvent: {}
[52.055778] (rplidar_ros) StderrLine: {'line': b'In file included from \x1b[01m\x1b[K/workspace/modubot_ws/src/rplidar_ros/sdk/include/rplidar_protocol.h:36\x1b[m\x1b[K,\n'}
[52.056617] (rplidar_ros) StderrLine: {'line': b'                 from \x1b[01m\x1b[K/workspace/modubot_ws/src/rplidar_ros/sdk/include/rplidar.h:39\x1b[m\x1b[K,\n'}
[52.057340] (rplidar_ros) StderrLine: {'line': b'                 from \x1b[01m\x1b[K/workspace/modubot_ws/src/rplidar_ros/sdk/src/sdkcommon.h:49\x1b[m\x1b[K,\n'}
[52.057993] (rplidar_ros) StderrLine: {'line': b'                 from \x1b[01m\x1b[K/workspace/modubot_ws/src/rplidar_ros/sdk/src/sl_lidarprotocol_codec.cpp:35\x1b[m\x1b[K:\n'}
[52.058774] (rplidar_ros) StderrLine: {'line': b'\x1b[01m\x1b[K/workspace/modubot_ws/src/rplidar_ros/sdk/include/sl_lidar_protocol.h:66:16:\x1b[m\x1b[K \x1b[01;35m\x1b[Kwarning: \x1b[m\x1b[KISO C++ forbids zero-size array \xe2\x80\x98\x1b[01m\x1b[Kdata\x1b[m\x1b[K\xe2\x80\x99 [\x1b[01;35m\x1b[K-Wpedantic\x1b[m\x1b[K]\n'}
[52.059453] (rplidar_ros) StderrLine: {'line': b'   66 |     sl_u8 data[\x1b[01;35m\x1b[K0\x1b[m\x1b[K];\n'}
[52.060131] (rplidar_ros) StderrLine: {'line': b'      |                \x1b[01;35m\x1b[K^\x1b[m\x1b[K\n'}
[52.067967] (rplidar_ros) StderrLine: {'line': b'In file included from \x1b[01m\x1b[K/workspace/modubot_ws/src/rplidar_ros/sdk/include/rplidar_cmd.h:36\x1b[m\x1b[K,\n'}
[52.068602] (rplidar_ros) StderrLine: {'line': b'                 from \x1b[01m\x1b[K/workspace/modubot_ws/src/rplidar_ros/sdk/include/rplidar.h:40\x1b[m\x1b[K,\n'}
[52.069097] (rplidar_ros) StderrLine: {'line': b'                 from \x1b[01m\x1b[K/workspace/modubot_ws/src/rplidar_ros/sdk/src/sdkcommon.h:49\x1b[m\x1b[K,\n'}
[52.069839] (rplidar_ros) StderrLine: {'line': b'                 from \x1b[01m\x1b[K/workspace/modubot_ws/src/rplidar_ros/sdk/src/sl_lidarprotocol_codec.cpp:35\x1b[m\x1b[K:\n'}
[52.070406] (rplidar_ros) StderrLine: {'line': b'\x1b[01m\x1b[K/workspace/modubot_ws/src/rplidar_ros/sdk/include/sl_lidar_cmd.h:324:20:\x1b[m\x1b[K \x1b[01;35m\x1b[Kwarning: \x1b[m\x1b[KISO C++ forbids zero-size array \xe2\x80\x98\x1b[01m\x1b[Kpayload\x1b[m\x1b[K\xe2\x80\x99 [\x1b[01;35m\x1b[K-Wpedantic\x1b[m\x1b[K]\n'}
[52.070869] (rplidar_ros) StderrLine: {'line': b'  324 |     sl_u8  payload[\x1b[01;35m\x1b[K0\x1b[m\x1b[K];\n'}
[52.071310] (rplidar_ros) StderrLine: {'line': b'      |                    \x1b[01;35m\x1b[K^\x1b[m\x1b[K\n'}
[52.134431] (-) TimerEvent: {}
[52.235130] (-) TimerEvent: {}
[52.335869] (-) TimerEvent: {}
[52.438009] (-) TimerEvent: {}
[52.540416] (-) TimerEvent: {}
[52.642515] (-) TimerEvent: {}
[52.744625] (-) TimerEvent: {}
[52.772726] (rplidar_ros) StderrLine: {'line': b'In file included from \x1b[01m\x1b[K/workspace/modubot_ws/src/rplidar_ros/sdk/src/sl_lidar_driver.cpp:50\x1b[m\x1b[K:\n'}
[52.773338] (rplidar_ros) StderrLine: {'line': b'\x1b[01m\x1b[K/workspace/modubot_ws/src/rplidar_ros/sdk/src/dataunpacker/dataunpacker.h:\x1b[m\x1b[K In member function \xe2\x80\x98\x1b[01m\x1b[Kvirtual void sl::internal::LIDARSampleDataListener::onCustomSampleDataDecoded(_u8, _u32, const void*, size_t)\x1b[m\x1b[K\xe2\x80\x99:\n'}
[52.773869] (rplidar_ros) StderrLine: {'line': b'\x1b[01m\x1b[K/workspace/modubot_ws/src/rplidar_ros/sdk/src/dataunpacker/dataunpacker.h:54:52:\x1b[m\x1b[K \x1b[01;35m\x1b[Kwarning: \x1b[m\x1b[Kunused parameter \xe2\x80\x98\x1b[01m\x1b[KansType\x1b[m\x1b[K\xe2\x80\x99 [\x1b[01;35m\x1b[K-Wunused-parameter\x1b[m\x1b[K]\n'}
[52.774430] (rplidar_ros) StderrLine: {'line': b'   54 |         virtual void onCustomSampleDataDecoded(\x1b[01;35m\x1b[K_u8 ansType\x1b[m\x1b[K, _u32 customCode, const void* data, size_t size) {}\n'}
[52.774933] (rplidar_ros) StderrLine: {'line': b'      |                                                \x1b[01;35m\x1b[K~~~~^~~~~~~\x1b[m\x1b[K\n'}
[52.775420] (rplidar_ros) StderrLine: {'line': b'\x1b[01m\x1b[K/workspace/modubot_ws/src/rplidar_ros/sdk/src/dataunpacker/dataunpacker.h:54:66:\x1b[m\x1b[K \x1b[01;35m\x1b[Kwarning: \x1b[m\x1b[Kunused parameter \xe2\x80\x98\x1b[01m\x1b[KcustomCode\x1b[m\x1b[K\xe2\x80\x99 [\x1b[01;35m\x1b[K-Wunused-parameter\x1b[m\x1b[K]\n'}
[52.775947] (rplidar_ros) StderrLine: {'line': b'   54 |    virtual void onCustomSampleDataDecoded(_u8 ansType, \x1b[01;35m\x1b[K_u32 customCode\x1b[m\x1b[K, const void* data, size_t size) {}\n'}
[52.776392] (rplidar_ros) StderrLine: {'line': b'      |                                                        \x1b[01;35m\x1b[K~~~~~^~~~~~~~~~\x1b[m\x1b[K\n'}
[52.776850] (rplidar_ros) StderrLine: {'line': b'\n'}
[52.777296] (rplidar_ros) StderrLine: {'line': b'\x1b[01m\x1b[K/workspace/modubot_ws/src/rplidar_ros/sdk/src/dataunpacker/dataunpacker.h:54:90:\x1b[m\x1b[K \x1b[01;35m\x1b[Kwarning: \x1b[m\x1b[Kunused parameter \xe2\x80\x98\x1b[01m\x1b[Kdata\x1b[m\x1b[K\xe2\x80\x99 [\x1b[01;35m\x1b[K-Wunused-parameter\x1b[m\x1b[K]\n'}
[52.777757] (rplidar_ros) StderrLine: {'line': b'   54 | SampleDataDecoded(_u8 ansType, _u32 customCode, \x1b[01;35m\x1b[Kconst void* data\x1b[m\x1b[K, size_t size) {}\n'}
[52.778256] (rplidar_ros) StderrLine: {'line': b'      |                                                 \x1b[01;35m\x1b[K~~~~~~~~~~~~^~~~\x1b[m\x1b[K\n'}
[52.778736] (rplidar_ros) StderrLine: {'line': b'\n'}
[52.779144] (rplidar_ros) StderrLine: {'line': b'\x1b[01m\x1b[K/workspace/modubot_ws/src/rplidar_ros/sdk/src/dataunpacker/dataunpacker.h:54:103:\x1b[m\x1b[K \x1b[01;35m\x1b[Kwarning: \x1b[m\x1b[Kunused parameter \xe2\x80\x98\x1b[01m\x1b[Ksize\x1b[m\x1b[K\xe2\x80\x99 [\x1b[01;35m\x1b[K-Wunused-parameter\x1b[m\x1b[K]\n'}
[52.779574] (rplidar_ros) StderrLine: {'line': b'   54 | Decoded(_u8 ansType, _u32 customCode, const void* data, \x1b[01;35m\x1b[Ksize_t size\x1b[m\x1b[K) {}\n'}
[52.780028] (rplidar_ros) StderrLine: {'line': b'      |                                                         \x1b[01;35m\x1b[K~~~~~~~^~~~\x1b[m\x1b[K\n'}
[52.780481] (rplidar_ros) StderrLine: {'line': b'\n'}
[52.781391] (rplidar_ros) StderrLine: {'line': b'\x1b[01m\x1b[K/workspace/modubot_ws/src/rplidar_ros/sdk/src/dataunpacker/dataunpacker.h:\x1b[m\x1b[K In member function \xe2\x80\x98\x1b[01m\x1b[Kvirtual void sl::internal::LIDARSampleDataListener::onDecodingError(int, _u8, const void*, size_t)\x1b[m\x1b[K\xe2\x80\x99:\n'}
[52.781878] (rplidar_ros) StderrLine: {'line': b'\x1b[01m\x1b[K/workspace/modubot_ws/src/rplidar_ros/sdk/src/dataunpacker/dataunpacker.h:56:42:\x1b[m\x1b[K \x1b[01;35m\x1b[Kwarning: \x1b[m\x1b[Kunused parameter \xe2\x80\x98\x1b[01m\x1b[KerrMsg\x1b[m\x1b[K\xe2\x80\x99 [\x1b[01;35m\x1b[K-Wunused-parameter\x1b[m\x1b[K]\n'}
[52.782381] (rplidar_ros) StderrLine: {'line': b'   56 |         virtual void onDecodingError(\x1b[01;35m\x1b[Kint errMsg\x1b[m\x1b[K, _u8 ansType, const void* payload, size_t size) {}\n'}
[52.782856] (rplidar_ros) StderrLine: {'line': b'      |                                      \x1b[01;35m\x1b[K~~~~^~~~~~\x1b[m\x1b[K\n'}
[52.783330] (rplidar_ros) StderrLine: {'line': b'\x1b[01m\x1b[K/workspace/modubot_ws/src/rplidar_ros/sdk/src/dataunpacker/dataunpacker.h:56:54:\x1b[m\x1b[K \x1b[01;35m\x1b[Kwarning: \x1b[m\x1b[Kunused parameter \xe2\x80\x98\x1b[01m\x1b[KansType\x1b[m\x1b[K\xe2\x80\x99 [\x1b[01;35m\x1b[K-Wunused-parameter\x1b[m\x1b[K]\n'}
[52.783807] (rplidar_ros) StderrLine: {'line': b'   56 |         virtual void onDecodingError(int errMsg, \x1b[01;35m\x1b[K_u8 ansType\x1b[m\x1b[K, const void* payload, size_t size) {}\n'}
[52.784251] (rplidar_ros) StderrLine: {'line': b'      |                                                  \x1b[01;35m\x1b[K~~~~^~~~~~~\x1b[m\x1b[K\n'}
[52.784695] (rplidar_ros) StderrLine: {'line': b'\x1b[01m\x1b[K/workspace/modubot_ws/src/rplidar_ros/sdk/src/dataunpacker/dataunpacker.h:56:75:\x1b[m\x1b[K \x1b[01;35m\x1b[Kwarning: \x1b[m\x1b[Kunused parameter \xe2\x80\x98\x1b[01m\x1b[Kpayload\x1b[m\x1b[K\xe2\x80\x99 [\x1b[01;35m\x1b[K-Wunused-parameter\x1b[m\x1b[K]\n'}
[52.785130] (rplidar_ros) StderrLine: {'line': b'   56 | l void onDecodingError(int errMsg, _u8 ansType, \x1b[01;35m\x1b[Kconst void* payload\x1b[m\x1b[K, size_t size) {}\n'}
[52.785566] (rplidar_ros) StderrLine: {'line': b'      |                                                 \x1b[01;35m\x1b[K~~~~~~~~~~~~^~~~~~~\x1b[m\x1b[K\n'}
[52.786049] (rplidar_ros) StderrLine: {'line': b'\n'}
[52.786608] (rplidar_ros) StderrLine: {'line': b'\x1b[01m\x1b[K/workspace/modubot_ws/src/rplidar_ros/sdk/src/dataunpacker/dataunpacker.h:56:91:\x1b[m\x1b[K \x1b[01;35m\x1b[Kwarning: \x1b[m\x1b[Kunused parameter \xe2\x80\x98\x1b[01m\x1b[Ksize\x1b[m\x1b[K\xe2\x80\x99 [\x1b[01;35m\x1b[K-Wunused-parameter\x1b[m\x1b[K]\n'}
[52.787099] (rplidar_ros) StderrLine: {'line': b'   56 | dingError(int errMsg, _u8 ansType, const void* payload, \x1b[01;35m\x1b[Ksize_t size\x1b[m\x1b[K) {}\n'}
[52.787583] (rplidar_ros) StderrLine: {'line': b'      |                                                         \x1b[01;35m\x1b[K~~~~~~~^~~~\x1b[m\x1b[K\n'}
[52.788001] (rplidar_ros) StderrLine: {'line': b'\n'}
[52.817098] (rplidar_ros) StderrLine: {'line': b'In file included from \x1b[01m\x1b[K/workspace/modubot_ws/src/rplidar_ros/sdk/src/sl_lidar_driver.cpp:51\x1b[m\x1b[K:\n'}
[52.817885] (rplidar_ros) StderrLine: {'line': b'\x1b[01m\x1b[K/workspace/modubot_ws/src/rplidar_ros/sdk/src/sl_async_transceiver.h:\x1b[m\x1b[K In member function \xe2\x80\x98\x1b[01m\x1b[Kvirtual void sl::internal::IAsyncProtocolCodec::onChannelError(u_result)\x1b[m\x1b[K\xe2\x80\x99:\n'}
[52.818445] (rplidar_ros) StderrLine: {'line': b'\x1b[01m\x1b[K/workspace/modubot_ws/src/rplidar_ros/sdk/src/sl_async_transceiver.h:90:48:\x1b[m\x1b[K \x1b[01;35m\x1b[Kwarning: \x1b[m\x1b[Kunused parameter \xe2\x80\x98\x1b[01m\x1b[KerrCode\x1b[m\x1b[K\xe2\x80\x99 [\x1b[01;35m\x1b[K-Wunused-parameter\x1b[m\x1b[K]\n'}
[52.818905] (rplidar_ros) StderrLine: {'line': b'   90 |         virtual void   onChannelError(\x1b[01;35m\x1b[Ku_result errCode\x1b[m\x1b[K) {}\n'}
[52.819361] (rplidar_ros) StderrLine: {'line': b'      |                                       \x1b[01;35m\x1b[K~~~~~~~~~^~~~~~~\x1b[m\x1b[K\n'}
[52.844814] (-) TimerEvent: {}
[52.928985] (rplidar_ros) StderrLine: {'line': b'\x1b[01m\x1b[K/workspace/modubot_ws/src/rplidar_ros/sdk/src/sl_lidar_driver.cpp:\x1b[m\x1b[K In member function \xe2\x80\x98\x1b[01m\x1b[Kvirtual sl_result sl::SlamtecLidarDriver::reset(sl_u32)\x1b[m\x1b[K\xe2\x80\x99:\n'}
[52.929641] (rplidar_ros) StderrLine: {'line': b'\x1b[01m\x1b[K/workspace/modubot_ws/src/rplidar_ros/sdk/src/sl_lidar_driver.cpp:511:32:\x1b[m\x1b[K \x1b[01;35m\x1b[Kwarning: \x1b[m\x1b[Kunused parameter \xe2\x80\x98\x1b[01m\x1b[KtimeoutInMs\x1b[m\x1b[K\xe2\x80\x99 [\x1b[01;35m\x1b[K-Wunused-parameter\x1b[m\x1b[K]\n'}
[52.930193] (rplidar_ros) StderrLine: {'line': b'  511 |         sl_result reset(\x1b[01;35m\x1b[Ksl_u32 timeoutInMs = DEFAULT_TIMEOUT\x1b[m\x1b[K)\n'}
[52.930671] (rplidar_ros) StderrLine: {'line': b'      |                         \x1b[01;35m\x1b[K~~~~~~~^~~~~~~~~~~~~~~~~~~~~~~~~~~~~\x1b[m\x1b[K\n'}
[52.945008] (-) TimerEvent: {}
[52.949866] (rplidar_ros) StderrLine: {'line': b'\x1b[01m\x1b[K/workspace/modubot_ws/src/rplidar_ros/sdk/src/sl_lidar_driver.cpp:\x1b[m\x1b[K In member function \xe2\x80\x98\x1b[01m\x1b[Kvirtual sl_result sl::SlamtecLidarDriver::startScan(bool, bool, sl_u32, sl::LidarScanMode*)\x1b[m\x1b[K\xe2\x80\x99:\n'}
[52.950520] (rplidar_ros) StderrLine: {'line': b'\x1b[01m\x1b[K/workspace/modubot_ws/src/rplidar_ros/sdk/src/sl_lidar_driver.cpp:586:69:\x1b[m\x1b[K \x1b[01;35m\x1b[Kwarning: \x1b[m\x1b[Kunused parameter \xe2\x80\x98\x1b[01m\x1b[Koptions\x1b[m\x1b[K\xe2\x80\x99 [\x1b[01;35m\x1b[K-Wunused-parameter\x1b[m\x1b[K]\n'}
[52.950950] (rplidar_ros) StderrLine: {'line': b'  586 | sl_result startScan(bool force, bool useTypicalScan, \x1b[01;35m\x1b[Ksl_u32 options = 0\x1b[m\x1b[K, LidarScanMode* outUsedScanMode = nullptr)\n'}
[52.951345] (rplidar_ros) StderrLine: {'line': b'      |                                                      \x1b[01;35m\x1b[K~~~~~~~^~~~~~~~~~~\x1b[m\x1b[K\n'}
[52.951738] (rplidar_ros) StderrLine: {'line': b'\n'}
[52.959594] (rplidar_ros) StderrLine: {'line': b'\x1b[01m\x1b[K/workspace/modubot_ws/src/rplidar_ros/sdk/src/sl_lidar_driver.cpp:\x1b[m\x1b[K In member function \xe2\x80\x98\x1b[01m\x1b[Kvirtual sl_result sl::SlamtecLidarDriver::stop(sl_u32)\x1b[m\x1b[K\xe2\x80\x99:\n'}
[52.960511] (rplidar_ros) StderrLine: {'line': b'\x1b[01m\x1b[K/workspace/modubot_ws/src/rplidar_ros/sdk/src/sl_lidar_driver.cpp:763:31:\x1b[m\x1b[K \x1b[01;35m\x1b[Kwarning: \x1b[m\x1b[Kunused parameter \xe2\x80\x98\x1b[01m\x1b[Ktimeout\x1b[m\x1b[K\xe2\x80\x99 [\x1b[01;35m\x1b[K-Wunused-parameter\x1b[m\x1b[K]\n'}
[52.961058] (rplidar_ros) StderrLine: {'line': b'  763 |         sl_result stop(\x1b[01;35m\x1b[Ksl_u32 timeout = DEFAULT_TIMEOUT\x1b[m\x1b[K)\n'}
[52.961534] (rplidar_ros) StderrLine: {'line': b'      |                        \x1b[01;35m\x1b[K~~~~~~~^~~~~~~~~~~~~~~~~~~~~~~~~\x1b[m\x1b[K\n'}
[52.968729] (rplidar_ros) StderrLine: {'line': b'\x1b[01m\x1b[K/workspace/modubot_ws/src/rplidar_ros/sdk/src/sl_lidar_driver.cpp:\x1b[m\x1b[K In member function \xe2\x80\x98\x1b[01m\x1b[Kvirtual sl_result sl::SlamtecLidarDriver::getFrequency(const sl::LidarScanMode&, const sl_lidar_response_measurement_node_hq_t*, size_t, float&)\x1b[m\x1b[K\xe2\x80\x99:\n'}
[52.969355] (rplidar_ros) StderrLine: {'line': b'\x1b[01m\x1b[K/workspace/modubot_ws/src/rplidar_ros/sdk/src/sl_lidar_driver.cpp:880:110:\x1b[m\x1b[K \x1b[01;35m\x1b[Kwarning: \x1b[m\x1b[Kunused parameter \xe2\x80\x98\x1b[01m\x1b[Knodes\x1b[m\x1b[K\xe2\x80\x99 [\x1b[01;35m\x1b[K-Wunused-parameter\x1b[m\x1b[K]\n'}
[52.969798] (rplidar_ros) StderrLine: {'line': b'  880 | e& scanMode, \x1b[01;35m\x1b[Kconst sl_lidar_response_measurement_node_hq_t* nodes\x1b[m\x1b[K, size_t count, float& frequency)\n'}
[52.970253] (rplidar_ros) StderrLine: {'line': b'      |              \x1b[01;35m\x1b[K~~~~~~~~~~~~~~~~~~~~~~~~~~~~~~~~~~~~~~~~~~~~~~~^~~~~\x1b[m\x1b[K\n'}
[52.970678] (rplidar_ros) StderrLine: {'line': b'\n'}
[52.982276] (rplidar_ros) StderrLine: {'line': b'\x1b[01m\x1b[K/workspace/modubot_ws/src/rplidar_ros/sdk/src/sl_lidar_driver.cpp:\x1b[m\x1b[K In member function \xe2\x80\x98\x1b[01m\x1b[Kvirtual sl_result sl::SlamtecLidarDriver::getMotorInfo(sl::LidarMotorInfo&, sl_u32)\x1b[m\x1b[K\xe2\x80\x99:\n'}
[52.983415] (rplidar_ros) StderrLine: {'line': b'\x1b[01m\x1b[K/workspace/modubot_ws/src/rplidar_ros/sdk/src/sl_lidar_driver.cpp:1023:66:\x1b[m\x1b[K \x1b[01;35m\x1b[Kwarning: \x1b[m\x1b[Kunused parameter \xe2\x80\x98\x1b[01m\x1b[KtimeoutInMs\x1b[m\x1b[K\xe2\x80\x99 [\x1b[01;35m\x1b[K-Wunused-parameter\x1b[m\x1b[K]\n'}
[52.983959] (rplidar_ros) StderrLine: {'line': b' 1023 |    sl_result getMotorInfo(LidarMotorInfo &motorInfo, \x1b[01;35m\x1b[Ksl_u32 timeoutInMs\x1b[m\x1b[K)\n'}
[52.984374] (rplidar_ros) StderrLine: {'line': b'      |                                                      \x1b[01;35m\x1b[K~~~~~~~^~~~~~~~~~~\x1b[m\x1b[K\n'}
[52.984761] (rplidar_ros) StderrLine: {'line': b'\n'}
[52.989069] (rplidar_ros) StderrLine: {'line': b'\x1b[01m\x1b[K/workspace/modubot_ws/src/rplidar_ros/sdk/src/sl_lidar_driver.cpp:\x1b[m\x1b[K In member function \xe2\x80\x98\x1b[01m\x1b[Ku_result sl::SlamtecLidarDriver::getScanModeCount(sl_u16&, sl_u32)\x1b[m\x1b[K\xe2\x80\x99:\n'}
[52.989983] (rplidar_ros) StderrLine: {'line': b'\x1b[01m\x1b[K/workspace/modubot_ws/src/rplidar_ros/sdk/src/sl_lidar_driver.cpp:1199:61:\x1b[m\x1b[K \x1b[01;35m\x1b[Kwarning: \x1b[m\x1b[Kunused parameter \xe2\x80\x98\x1b[01m\x1b[KtimeoutInMs\x1b[m\x1b[K\xe2\x80\x99 [\x1b[01;35m\x1b[K-Wunused-parameter\x1b[m\x1b[K]\n'}
[52.990933] (rplidar_ros) StderrLine: {'line': b' 1199 |         u_result getScanModeCount(sl_u16& modeCount, \x1b[01;35m\x1b[Ksl_u32 timeoutInMs = DEFAULT_TIMEOUT\x1b[m\x1b[K)\n'}
[52.991442] (rplidar_ros) StderrLine: {'line': b'      |                                                      \x1b[01;35m\x1b[K~~~~~~~^~~~~~~~~~~~~~~~~~~~~~~~~~~~~\x1b[m\x1b[K\n'}
[53.002361] (rplidar_ros) StderrLine: {'line': b'In file included from \x1b[01m\x1b[K/workspace/modubot_ws/src/rplidar_ros/sdk/src/sl_lidarprotocol_codec.cpp:49\x1b[m\x1b[K:\n'}
[53.002981] (rplidar_ros) StderrLine: {'line': b'\x1b[01m\x1b[K/workspace/modubot_ws/src/rplidar_ros/sdk/src/sl_async_transceiver.h:\x1b[m\x1b[K In member function \xe2\x80\x98\x1b[01m\x1b[Kvirtual void sl::internal::IAsyncProtocolCodec::onChannelError(u_result)\x1b[m\x1b[K\xe2\x80\x99:\n'}
[53.003700] (rplidar_ros) StderrLine: {'line': b'\x1b[01m\x1b[K/workspace/modubot_ws/src/rplidar_ros/sdk/src/sl_async_transceiver.h:90:48:\x1b[m\x1b[K \x1b[01;35m\x1b[Kwarning: \x1b[m\x1b[Kunused parameter \xe2\x80\x98\x1b[01m\x1b[KerrCode\x1b[m\x1b[K\xe2\x80\x99 [\x1b[01;35m\x1b[K-Wunused-parameter\x1b[m\x1b[K]\n'}
[53.004202] (rplidar_ros) StderrLine: {'line': b'   90 |         virtual void   onChannelError(\x1b[01;35m\x1b[Ku_result errCode\x1b[m\x1b[K) {}\n'}
[53.004669] (rplidar_ros) StderrLine: {'line': b'      |                                       \x1b[01;35m\x1b[K~~~~~~~~~^~~~~~~\x1b[m\x1b[K\n'}
[53.045204] (-) TimerEvent: {}
[53.145915] (-) TimerEvent: {}
[53.194514] (rplidar_ros) StderrLine: {'line': b'/workspace/modubot_ws/src/rplidar_ros/sdk/src/sl_lidar_driver.cpp: In instantiation of \xe2\x80\x98\x1b[01m\x1b[Kvoid sl::RawSampleNodeHolder<T>::pushNode(_u64, const T*) [with T = sl_lidar_response_measurement_node_hq_t; _u64 = long unsigned int]\x1b[m\x1b[K\xe2\x80\x99:\n'}
[53.195467] (rplidar_ros) StderrLine: {'line': b'\x1b[01m\x1b[K/workspace/modubot_ws/src/rplidar_ros/sdk/src/sl_lidar_driver.cpp:1648:42:\x1b[m\x1b[K   required from here\n'}
[53.196017] (rplidar_ros) StderrLine: {'line': b'\x1b[01m\x1b[K/workspace/modubot_ws/src/rplidar_ros/sdk/src/sl_lidar_driver.cpp:202:28:\x1b[m\x1b[K \x1b[01;35m\x1b[Kwarning: \x1b[m\x1b[Kunused parameter \xe2\x80\x98\x1b[01m\x1b[Ktimestamp_uS\x1b[m\x1b[K\xe2\x80\x99 [\x1b[01;35m\x1b[K-Wunused-parameter\x1b[m\x1b[K]\n'}
[53.196435] (rplidar_ros) StderrLine: {'line': b'  202 |         void pushNode(\x1b[01;35m\x1b[K_u64 timestamp_uS\x1b[m\x1b[K, const T* node)\n'}
[53.196862] (rplidar_ros) StderrLine: {'line': b'      |                       \x1b[01;35m\x1b[K~~~~~^~~~~~~~~~~~\x1b[m\x1b[K\n'}
[53.246106] (-) TimerEvent: {}
[53.348174] (-) TimerEvent: {}
[53.450473] (-) TimerEvent: {}
[53.513397] (rplidar_ros) StdoutLine: {'line': b'[ 55%] \x1b[32mBuilding CXX object CMakeFiles/rplidar_node.dir/sdk/src/sl_serial_channel.cpp.o\x1b[0m\n'}
[53.550649] (-) TimerEvent: {}
[53.653090] (-) TimerEvent: {}
[53.755522] (-) TimerEvent: {}
[53.756384] (rplidar_ros) StderrLine: {'line': b'\x1b[01m\x1b[K/workspace/modubot_ws/src/rplidar_ros/sdk/src/sl_lidar_driver.cpp:\x1b[m\x1b[K At global scope:\n'}
[53.757292] (rplidar_ros) StderrLine: {'line': b'\x1b[01m\x1b[K/workspace/modubot_ws/src/rplidar_ros/sdk/src/sl_lidar_driver.cpp:83:17:\x1b[m\x1b[K \x1b[01;35m\x1b[Kwarning: \x1b[m\x1b[K\xe2\x80\x98\x1b[01m\x1b[Kvoid sl::convert(const sl_lidar_response_measurement_node_hq_t&, sl_lidar_response_measurement_node_t&)\x1b[m\x1b[K\xe2\x80\x99 defined but not used [\x1b[01;35m\x1b[K-Wunused-function\x1b[m\x1b[K]\n'}
[53.757867] (rplidar_ros) StderrLine: {'line': b'   83 |     static void \x1b[01;35m\x1b[Kconvert\x1b[m\x1b[K(const sl_lidar_response_measurement_node_hq_t& from, sl_lidar_response_measurement_node_t& to)\n'}
[53.758514] (rplidar_ros) StderrLine: {'line': b'      |                 \x1b[01;35m\x1b[K^~~~~~~\x1b[m\x1b[K\n'}
[53.759029] (rplidar_ros) StderrLine: {'line': b'\x1b[01m\x1b[K/workspace/modubot_ws/src/rplidar_ros/sdk/src/sl_lidar_driver.cpp:75:17:\x1b[m\x1b[K \x1b[01;35m\x1b[Kwarning: \x1b[m\x1b[K\xe2\x80\x98\x1b[01m\x1b[Kvoid sl::convert(const sl_lidar_response_measurement_node_t&, sl_lidar_response_measurement_node_hq_t&)\x1b[m\x1b[K\xe2\x80\x99 defined but not used [\x1b[01;35m\x1b[K-Wunused-function\x1b[m\x1b[K]\n'}
[53.759519] (rplidar_ros) StderrLine: {'line': b'   75 |     static void \x1b[01;35m\x1b[Kconvert\x1b[m\x1b[K(const sl_lidar_response_measurement_node_t& from, sl_lidar_response_measurement_node_hq_t& to)\n'}
[53.759979] (rplidar_ros) StderrLine: {'line': b'      |                 \x1b[01;35m\x1b[K^~~~~~~\x1b[m\x1b[K\n'}
[53.760439] (rplidar_ros) StderrLine: {'line': b'\x1b[01m\x1b[K/workspace/modubot_ws/src/rplidar_ros/sdk/src/sl_lidar_driver.cpp:70:17:\x1b[m\x1b[K \x1b[01;35m\x1b[Kwarning: \x1b[m\x1b[K\xe2\x80\x98\x1b[01m\x1b[Kvoid sl::printDeprecationWarn(const char*, const char*)\x1b[m\x1b[K\xe2\x80\x99 defined but not used [\x1b[01;35m\x1b[K-Wunused-function\x1b[m\x1b[K]\n'}
[53.760909] (rplidar_ros) StderrLine: {'line': b'   70 |     static void \x1b[01;35m\x1b[KprintDeprecationWarn\x1b[m\x1b[K(const char* fn, const char* replacement)\n'}
[53.761372] (rplidar_ros) StderrLine: {'line': b'      |                 \x1b[01;35m\x1b[K^~~~~~~~~~~~~~~~~~~~\x1b[m\x1b[K\n'}
[53.855707] (-) TimerEvent: {}
[53.940811] (rplidar_ros) StderrLine: {'line': b'In file included from \x1b[01m\x1b[K/workspace/modubot_ws/src/rplidar_ros/sdk/include/rplidar_protocol.h:36\x1b[m\x1b[K,\n'}
[53.941708] (rplidar_ros) StderrLine: {'line': b'                 from \x1b[01m\x1b[K/workspace/modubot_ws/src/rplidar_ros/sdk/include/rplidar.h:39\x1b[m\x1b[K,\n'}
[53.942555] (rplidar_ros) StderrLine: {'line': b'                 from \x1b[01m\x1b[K/workspace/modubot_ws/src/rplidar_ros/sdk/src/sdkcommon.h:49\x1b[m\x1b[K,\n'}
[53.943360] (rplidar_ros) StderrLine: {'line': b'                 from \x1b[01m\x1b[K/workspace/modubot_ws/src/rplidar_ros/sdk/src/dataunpacker/dataunnpacker_commondef.h:41\x1b[m\x1b[K,\n'}
[53.944113] (rplidar_ros) StderrLine: {'line': b'                 from \x1b[01m\x1b[K/workspace/modubot_ws/src/rplidar_ros/sdk/src/dataunpacker/dataunpacker.cpp:39\x1b[m\x1b[K:\n'}
[53.944821] (rplidar_ros) StderrLine: {'line': b'\x1b[01m\x1b[K/workspace/modubot_ws/src/rplidar_ros/sdk/include/sl_lidar_protocol.h:66:16:\x1b[m\x1b[K \x1b[01;35m\x1b[Kwarning: \x1b[m\x1b[KISO C++ forbids zero-size array \xe2\x80\x98\x1b[01m\x1b[Kdata\x1b[m\x1b[K\xe2\x80\x99 [\x1b[01;35m\x1b[K-Wpedantic\x1b[m\x1b[K]\n'}
[53.945548] (rplidar_ros) StderrLine: {'line': b'   66 |     sl_u8 data[\x1b[01;35m\x1b[K0\x1b[m\x1b[K];\n'}
[53.946347] (rplidar_ros) StderrLine: {'line': b'      |                \x1b[01;35m\x1b[K^\x1b[m\x1b[K\n'}
[53.949325] (rplidar_ros) StderrLine: {'line': b'In file included from \x1b[01m\x1b[K/workspace/modubot_ws/src/rplidar_ros/sdk/include/rplidar_cmd.h:36\x1b[m\x1b[K,\n'}
[53.950278] (rplidar_ros) StderrLine: {'line': b'                 from \x1b[01m\x1b[K/workspace/modubot_ws/src/rplidar_ros/sdk/include/rplidar.h:40\x1b[m\x1b[K,\n'}
[53.951148] (rplidar_ros) StderrLine: {'line': b'                 from \x1b[01m\x1b[K/workspace/modubot_ws/src/rplidar_ros/sdk/src/sdkcommon.h:49\x1b[m\x1b[K,\n'}
[53.951684] (rplidar_ros) StderrLine: {'line': b'                 from \x1b[01m\x1b[K/workspace/modubot_ws/src/rplidar_ros/sdk/src/dataunpacker/dataunnpacker_commondef.h:41\x1b[m\x1b[K,\n'}
[53.952127] (rplidar_ros) StderrLine: {'line': b'                 from \x1b[01m\x1b[K/workspace/modubot_ws/src/rplidar_ros/sdk/src/dataunpacker/dataunpacker.cpp:39\x1b[m\x1b[K:\n'}
[53.952520] (rplidar_ros) StderrLine: {'line': b'\x1b[01m\x1b[K/workspace/modubot_ws/src/rplidar_ros/sdk/include/sl_lidar_cmd.h:324:20:\x1b[m\x1b[K \x1b[01;35m\x1b[Kwarning: \x1b[m\x1b[KISO C++ forbids zero-size array \xe2\x80\x98\x1b[01m\x1b[Kpayload\x1b[m\x1b[K\xe2\x80\x99 [\x1b[01;35m\x1b[K-Wpedantic\x1b[m\x1b[K]\n'}
[53.952915] (rplidar_ros) StderrLine: {'line': b'  324 |     sl_u8  payload[\x1b[01;35m\x1b[K0\x1b[m\x1b[K];\n'}
[53.953319] (rplidar_ros) StderrLine: {'line': b'      |                    \x1b[01;35m\x1b[K^\x1b[m\x1b[K\n'}
[53.955898] (-) TimerEvent: {}
[54.058247] (-) TimerEvent: {}
[54.160014] (-) TimerEvent: {}
[54.262234] (-) TimerEvent: {}
[54.365588] (-) TimerEvent: {}
[54.466299] (-) TimerEvent: {}
[54.567086] (-) TimerEvent: {}
[54.668193] (-) TimerEvent: {}
[54.763848] (rplidar_ros) StderrLine: {'line': b'In file included from \x1b[01m\x1b[K/workspace/modubot_ws/src/rplidar_ros/sdk/include/sl_lidar_cmd.h:41\x1b[m\x1b[K,\n'}
[54.764735] (rplidar_ros) StderrLine: {'line': b'                 from \x1b[01m\x1b[K/workspace/modubot_ws/src/rplidar_ros/sdk/include/sl_lidar_driver.h:54\x1b[m\x1b[K,\n'}
[54.765520] (rplidar_ros) StderrLine: {'line': b'                 from \x1b[01m\x1b[K/workspace/modubot_ws/src/rplidar_ros/sdk/src/sl_serial_channel.cpp:33\x1b[m\x1b[K:\n'}
[54.766345] (rplidar_ros) StderrLine: {'line': b'\x1b[01m\x1b[K/workspace/modubot_ws/src/rplidar_ros/sdk/include/sl_lidar_protocol.h:66:16:\x1b[m\x1b[K \x1b[01;35m\x1b[Kwarning: \x1b[m\x1b[KISO C++ forbids zero-size array \xe2\x80\x98\x1b[01m\x1b[Kdata\x1b[m\x1b[K\xe2\x80\x99 [\x1b[01;35m\x1b[K-Wpedantic\x1b[m\x1b[K]\n'}
[54.767145] (rplidar_ros) StderrLine: {'line': b'   66 |     sl_u8 data[\x1b[01;35m\x1b[K0\x1b[m\x1b[K];\n'}
[54.767998] (rplidar_ros) StderrLine: {'line': b'      |                \x1b[01;35m\x1b[K^\x1b[m\x1b[K\n'}
[54.768532] (-) TimerEvent: {}
[54.773348] (rplidar_ros) StderrLine: {'line': b'In file included from \x1b[01m\x1b[K/workspace/modubot_ws/src/rplidar_ros/sdk/include/sl_lidar_driver.h:54\x1b[m\x1b[K,\n'}
[54.774258] (rplidar_ros) StderrLine: {'line': b'                 from \x1b[01m\x1b[K/workspace/modubot_ws/src/rplidar_ros/sdk/src/sl_serial_channel.cpp:33\x1b[m\x1b[K:\n'}
[54.775079] (rplidar_ros) StderrLine: {'line': b'\x1b[01m\x1b[K/workspace/modubot_ws/src/rplidar_ros/sdk/include/sl_lidar_cmd.h:324:20:\x1b[m\x1b[K \x1b[01;35m\x1b[Kwarning: \x1b[m\x1b[KISO C++ forbids zero-size array \xe2\x80\x98\x1b[01m\x1b[Kpayload\x1b[m\x1b[K\xe2\x80\x99 [\x1b[01;35m\x1b[K-Wpedantic\x1b[m\x1b[K]\n'}
[54.775853] (rplidar_ros) StderrLine: {'line': b'  324 |     sl_u8  payload[\x1b[01;35m\x1b[K0\x1b[m\x1b[K];\n'}
[54.776605] (rplidar_ros) StderrLine: {'line': b'      |                    \x1b[01;35m\x1b[K^\x1b[m\x1b[K\n'}
[54.868754] (-) TimerEvent: {}
[54.925438] (rplidar_ros) StderrLine: {'line': b'In file included from \x1b[01m\x1b[K/workspace/modubot_ws/src/rplidar_ros/sdk/src/dataunpacker/dataunpacker.cpp:40\x1b[m\x1b[K:\n'}
[54.926070] (rplidar_ros) StderrLine: {'line': b'\x1b[01m\x1b[K/workspace/modubot_ws/src/rplidar_ros/sdk/src/dataunpacker/dataunpacker.h:\x1b[m\x1b[K In member function \xe2\x80\x98\x1b[01m\x1b[Kvirtual void sl::internal::LIDARSampleDataListener::onCustomSampleDataDecoded(_u8, _u32, const void*, size_t)\x1b[m\x1b[K\xe2\x80\x99:\n'}
[54.926818] (rplidar_ros) StderrLine: {'line': b'\x1b[01m\x1b[K/workspace/modubot_ws/src/rplidar_ros/sdk/src/dataunpacker/dataunpacker.h:54:52:\x1b[m\x1b[K \x1b[01;35m\x1b[Kwarning: \x1b[m\x1b[Kunused parameter \xe2\x80\x98\x1b[01m\x1b[KansType\x1b[m\x1b[K\xe2\x80\x99 [\x1b[01;35m\x1b[K-Wunused-parameter\x1b[m\x1b[K]\n'}
[54.927326] (rplidar_ros) StderrLine: {'line': b'   54 |         virtual void onCustomSampleDataDecoded(\x1b[01;35m\x1b[K_u8 ansType\x1b[m\x1b[K, _u32 customCode, const void* data, size_t size) {}\n'}
[54.927790] (rplidar_ros) StderrLine: {'line': b'      |                                                \x1b[01;35m\x1b[K~~~~^~~~~~~\x1b[m\x1b[K\n'}
[54.928193] (rplidar_ros) StderrLine: {'line': b'\x1b[01m\x1b[K/workspace/modubot_ws/src/rplidar_ros/sdk/src/dataunpacker/dataunpacker.h:54:66:\x1b[m\x1b[K \x1b[01;35m\x1b[Kwarning: \x1b[m\x1b[Kunused parameter \xe2\x80\x98\x1b[01m\x1b[KcustomCode\x1b[m\x1b[K\xe2\x80\x99 [\x1b[01;35m\x1b[K-Wunused-parameter\x1b[m\x1b[K]\n'}
[54.928633] (rplidar_ros) StderrLine: {'line': b'   54 |         virtual void onCustomSampleDataDecoded(_u8 ansType, \x1b[01;35m\x1b[K_u32 customCode\x1b[m\x1b[K, const void* data, size_t size) {}\n'}
[54.929069] (rplidar_ros) StderrLine: {'line': b'      |                                                             \x1b[01;35m\x1b[K~~~~~^~~~~~~~~~\x1b[m\x1b[K\n'}
[54.929498] (rplidar_ros) StderrLine: {'line': b'\x1b[01m\x1b[K/workspace/modubot_ws/src/rplidar_ros/sdk/src/dataunpacker/dataunpacker.h:54:90:\x1b[m\x1b[K \x1b[01;35m\x1b[Kwarning: \x1b[m\x1b[Kunused parameter \xe2\x80\x98\x1b[01m\x1b[Kdata\x1b[m\x1b[K\xe2\x80\x99 [\x1b[01;35m\x1b[K-Wunused-parameter\x1b[m\x1b[K]\n'}
[54.929927] (rplidar_ros) StderrLine: {'line': b'   54 |         virtual void onCustomSampleDataDecoded(_u8 ansType, _u32 customCode, \x1b[01;35m\x1b[Kconst void* data\x1b[m\x1b[K, size_t size) {}\n'}
[54.930420] (rplidar_ros) StderrLine: {'line': b'      |                                                                              \x1b[01;35m\x1b[K~~~~~~~~~~~~^~~~\x1b[m\x1b[K\n'}
[54.931041] (rplidar_ros) StderrLine: {'line': b'\x1b[01m\x1b[K/workspace/modubot_ws/src/rplidar_ros/sdk/src/dataunpacker/dataunpacker.h:54:103:\x1b[m\x1b[K \x1b[01;35m\x1b[Kwarning: \x1b[m\x1b[Kunused parameter \xe2\x80\x98\x1b[01m\x1b[Ksize\x1b[m\x1b[K\xe2\x80\x99 [\x1b[01;35m\x1b[K-Wunused-parameter\x1b[m\x1b[K]\n'}
[54.931624] (rplidar_ros) StderrLine: {'line': b'   54 |         virtual void onCustomSampleDataDecoded(_u8 ansType, _u32 customCode, const void* data, \x1b[01;35m\x1b[Ksize_t size\x1b[m\x1b[K) {}\n'}
[54.932108] (rplidar_ros) StderrLine: {'line': b'      |                                                                                                \x1b[01;35m\x1b[K~~~~~~~^~~~\x1b[m\x1b[K\n'}
[54.932586] (rplidar_ros) StderrLine: {'line': b'\x1b[01m\x1b[K/workspace/modubot_ws/src/rplidar_ros/sdk/src/dataunpacker/dataunpacker.h:\x1b[m\x1b[K In member function \xe2\x80\x98\x1b[01m\x1b[Kvirtual void sl::internal::LIDARSampleDataListener::onDecodingError(int, _u8, const void*, size_t)\x1b[m\x1b[K\xe2\x80\x99:\n'}
[54.933104] (rplidar_ros) StderrLine: {'line': b'\x1b[01m\x1b[K/workspace/modubot_ws/src/rplidar_ros/sdk/src/dataunpacker/dataunpacker.h:56:42:\x1b[m\x1b[K \x1b[01;35m\x1b[Kwarning: \x1b[m\x1b[Kunused parameter \xe2\x80\x98\x1b[01m\x1b[KerrMsg\x1b[m\x1b[K\xe2\x80\x99 [\x1b[01;35m\x1b[K-Wunused-parameter\x1b[m\x1b[K]\n'}
[54.933534] (rplidar_ros) StderrLine: {'line': b'   56 |         virtual void onDecodingError(\x1b[01;35m\x1b[Kint errMsg\x1b[m\x1b[K, _u8 ansType, const void* payload, size_t size) {}\n'}
[54.933931] (rplidar_ros) StderrLine: {'line': b'      |                                      \x1b[01;35m\x1b[K~~~~^~~~~~\x1b[m\x1b[K\n'}
[54.934449] (rplidar_ros) StderrLine: {'line': b'\x1b[01m\x1b[K/workspace/modubot_ws/src/rplidar_ros/sdk/src/dataunpacker/dataunpacker.h:56:54:\x1b[m\x1b[K \x1b[01;35m\x1b[Kwarning: \x1b[m\x1b[Kunused parameter \xe2\x80\x98\x1b[01m\x1b[KansType\x1b[m\x1b[K\xe2\x80\x99 [\x1b[01;35m\x1b[K-Wunused-parameter\x1b[m\x1b[K]\n'}
[54.934875] (rplidar_ros) StderrLine: {'line': b'   56 |         virtual void onDecodingError(int errMsg, \x1b[01;35m\x1b[K_u8 ansType\x1b[m\x1b[K, const void* payload, size_t size) {}\n'}
[54.935291] (rplidar_ros) StderrLine: {'line': b'      |                                                  \x1b[01;35m\x1b[K~~~~^~~~~~~\x1b[m\x1b[K\n'}
[54.935736] (rplidar_ros) StderrLine: {'line': b'\x1b[01m\x1b[K/workspace/modubot_ws/src/rplidar_ros/sdk/src/dataunpacker/dataunpacker.h:56:75:\x1b[m\x1b[K \x1b[01;35m\x1b[Kwarning: \x1b[m\x1b[Kunused parameter \xe2\x80\x98\x1b[01m\x1b[Kpayload\x1b[m\x1b[K\xe2\x80\x99 [\x1b[01;35m\x1b[K-Wunused-parameter\x1b[m\x1b[K]\n'}
[54.936202] (rplidar_ros) StderrLine: {'line': b'   56 |         virtual void onDecodingError(int errMsg, _u8 ansType, \x1b[01;35m\x1b[Kconst void* payload\x1b[m\x1b[K, size_t size) {}\n'}
[54.936625] (rplidar_ros) StderrLine: {'line': b'      |                                                               \x1b[01;35m\x1b[K~~~~~~~~~~~~^~~~~~~\x1b[m\x1b[K\n'}
[54.942615] (rplidar_ros) StderrLine: {'line': b'\x1b[01m\x1b[K/workspace/modubot_ws/src/rplidar_ros/sdk/src/dataunpacker/dataunpacker.h:56:91:\x1b[m\x1b[K \x1b[01;35m\x1b[Kwarning: \x1b[m\x1b[Kunused parameter \xe2\x80\x98\x1b[01m\x1b[Ksize\x1b[m\x1b[K\xe2\x80\x99 [\x1b[01;35m\x1b[K-Wunused-parameter\x1b[m\x1b[K]\n'}
[54.943141] (rplidar_ros) StderrLine: {'line': b'   56 |         virtual void onDecodingError(int errMsg, _u8 ansType, const void* payload, \x1b[01;35m\x1b[Ksize_t size\x1b[m\x1b[K) {}\n'}
[54.943616] (rplidar_ros) StderrLine: {'line': b'      |                                                                                    \x1b[01;35m\x1b[K~~~~~~~^~~~\x1b[m\x1b[K\n'}
[54.968924] (-) TimerEvent: {}
[55.071917] (-) TimerEvent: {}
[55.173875] (-) TimerEvent: {}
[55.209749] (rplidar_ros) StdoutLine: {'line': b'[ 57%] \x1b[32mBuilding CXX object CMakeFiles/rplidar_node.dir/sdk/src/sl_tcp_channel.cpp.o\x1b[0m\n'}
[55.274059] (-) TimerEvent: {}
[55.374758] (-) TimerEvent: {}
[55.476440] (-) TimerEvent: {}
[55.578650] (-) TimerEvent: {}
[55.620072] (rplidar_ros) StdoutLine: {'line': b'[ 60%] \x1b[32mBuilding CXX object CMakeFiles/rplidar_node.dir/sdk/src/sl_udp_channel.cpp.o\x1b[0m\n'}
[55.678846] (-) TimerEvent: {}
[55.781100] (-) TimerEvent: {}
[55.883426] (-) TimerEvent: {}
[55.933184] (rplidar_ros) StdoutLine: {'line': b'[ 63%] \x1b[32mBuilding CXX object CMakeFiles/rplidar_composition.dir/sdk/src/dataunpacker/unpacker/handler_capsules.cpp.o\x1b[0m\n'}
[55.983601] (-) TimerEvent: {}
[56.085631] (-) TimerEvent: {}
[56.187837] (-) TimerEvent: {}
[56.290085] (-) TimerEvent: {}
[56.357833] (rplidar_ros) StderrLine: {'line': b'In file included from \x1b[01m\x1b[K/workspace/modubot_ws/src/rplidar_ros/sdk/include/sl_lidar_cmd.h:41\x1b[m\x1b[K,\n'}
[56.358452] (rplidar_ros) StderrLine: {'line': b'                 from \x1b[01m\x1b[K/workspace/modubot_ws/src/rplidar_ros/sdk/include/sl_lidar_driver.h:54\x1b[m\x1b[K,\n'}
[56.358853] (rplidar_ros) StderrLine: {'line': b'                 from \x1b[01m\x1b[K/workspace/modubot_ws/src/rplidar_ros/sdk/src/sl_tcp_channel.cpp:33\x1b[m\x1b[K:\n'}
[56.359208] (rplidar_ros) StderrLine: {'line': b'\x1b[01m\x1b[K/workspace/modubot_ws/src/rplidar_ros/sdk/include/sl_lidar_protocol.h:66:16:\x1b[m\x1b[K \x1b[01;35m\x1b[Kwarning: \x1b[m\x1b[KISO C++ forbids zero-size array \xe2\x80\x98\x1b[01m\x1b[Kdata\x1b[m\x1b[K\xe2\x80\x99 [\x1b[01;35m\x1b[K-Wpedantic\x1b[m\x1b[K]\n'}
[56.359567] (rplidar_ros) StderrLine: {'line': b'   66 |     sl_u8 data[\x1b[01;35m\x1b[K0\x1b[m\x1b[K];\n'}
[56.359954] (rplidar_ros) StderrLine: {'line': b'      |                \x1b[01;35m\x1b[K^\x1b[m\x1b[K\n'}
[56.360530] (rplidar_ros) StderrLine: {'line': b'In file included from \x1b[01m\x1b[K/workspace/modubot_ws/src/rplidar_ros/sdk/include/sl_lidar_driver.h:54\x1b[m\x1b[K,\n'}
[56.360935] (rplidar_ros) StderrLine: {'line': b'                 from \x1b[01m\x1b[K/workspace/modubot_ws/src/rplidar_ros/sdk/src/sl_tcp_channel.cpp:33\x1b[m\x1b[K:\n'}
[56.361308] (rplidar_ros) StderrLine: {'line': b'\x1b[01m\x1b[K/workspace/modubot_ws/src/rplidar_ros/sdk/include/sl_lidar_cmd.h:324:20:\x1b[m\x1b[K \x1b[01;35m\x1b[Kwarning: \x1b[m\x1b[KISO C++ forbids zero-size array \xe2\x80\x98\x1b[01m\x1b[Kpayload\x1b[m\x1b[K\xe2\x80\x99 [\x1b[01;35m\x1b[K-Wpedantic\x1b[m\x1b[K]\n'}
[56.361657] (rplidar_ros) StderrLine: {'line': b'  324 |     sl_u8  payload[\x1b[01;35m\x1b[K0\x1b[m\x1b[K];\n'}
[56.362029] (rplidar_ros) StderrLine: {'line': b'      |                    \x1b[01;35m\x1b[K^\x1b[m\x1b[K\n'}
[56.378049] (rplidar_ros) StderrLine: {'line': b'\x1b[01m\x1b[K/workspace/modubot_ws/src/rplidar_ros/sdk/src/sl_tcp_channel.cpp:\x1b[m\x1b[K In member function \xe2\x80\x98\x1b[01m\x1b[Kvoid sl::TcpChannel::setStatus(_u32)\x1b[m\x1b[K\xe2\x80\x99:\n'}
[56.378947] (rplidar_ros) StderrLine: {'line': b'\x1b[01m\x1b[K/workspace/modubot_ws/src/rplidar_ros/sdk/src/sl_tcp_channel.cpp:109:29:\x1b[m\x1b[K \x1b[01;35m\x1b[Kwarning: \x1b[m\x1b[Kunused parameter \xe2\x80\x98\x1b[01m\x1b[Kflag\x1b[m\x1b[K\xe2\x80\x99 [\x1b[01;35m\x1b[K-Wunused-parameter\x1b[m\x1b[K]\n'}
[56.379626] (rplidar_ros) StderrLine: {'line': b'  109 |         void setStatus(\x1b[01;35m\x1b[K_u32 flag\x1b[m\x1b[K){}\n'}
[56.380276] (rplidar_ros) StderrLine: {'line': b'      |                        \x1b[01;35m\x1b[K~~~~~^~~~\x1b[m\x1b[K\n'}
[56.390294] (-) TimerEvent: {}
[56.491707] (-) TimerEvent: {}
[56.592652] (-) TimerEvent: {}
[56.620749] (rplidar_ros) StdoutLine: {'line': b'[ 65%] \x1b[32mBuilding CXX object CMakeFiles/rplidar_composition.dir/sdk/src/dataunpacker/unpacker/handler_hqnode.cpp.o\x1b[0m\n'}
[56.692840] (-) TimerEvent: {}
[56.774679] (rplidar_ros) StderrLine: {'line': b'In file included from \x1b[01m\x1b[K/workspace/modubot_ws/src/rplidar_ros/sdk/include/sl_lidar_cmd.h:41\x1b[m\x1b[K,\n'}
[56.785790] (rplidar_ros) StderrLine: {'line': b'                 from \x1b[01m\x1b[K/workspace/modubot_ws/src/rplidar_ros/sdk/include/sl_lidar_driver.h:54\x1b[m\x1b[K,\n'}
[56.786288] (rplidar_ros) StderrLine: {'line': b'                 from \x1b[01m\x1b[K/workspace/modubot_ws/src/rplidar_ros/sdk/src/sl_udp_channel.cpp:33\x1b[m\x1b[K:\n'}
[56.786743] (rplidar_ros) StderrLine: {'line': b'\x1b[01m\x1b[K/workspace/modubot_ws/src/rplidar_ros/sdk/include/sl_lidar_protocol.h:66:16:\x1b[m\x1b[K \x1b[01;35m\x1b[Kwarning: \x1b[m\x1b[KISO C++ forbids zero-size array \xe2\x80\x98\x1b[01m\x1b[Kdata\x1b[m\x1b[K\xe2\x80\x99 [\x1b[01;35m\x1b[K-Wpedantic\x1b[m\x1b[K]\n'}
[56.787362] (rplidar_ros) StderrLine: {'line': b'   66 |     sl_u8 data[\x1b[01;35m\x1b[K0\x1b[m\x1b[K];\n'}
[56.787734] (rplidar_ros) StderrLine: {'line': b'      |                \x1b[01;35m\x1b[K^\x1b[m\x1b[K\n'}
[56.788077] (rplidar_ros) StderrLine: {'line': b'In file included from \x1b[01m\x1b[K/workspace/modubot_ws/src/rplidar_ros/sdk/include/sl_lidar_driver.h:54\x1b[m\x1b[K,\n'}
[56.788500] (rplidar_ros) StderrLine: {'line': b'                 from \x1b[01m\x1b[K/workspace/modubot_ws/src/rplidar_ros/sdk/src/sl_udp_channel.cpp:33\x1b[m\x1b[K:\n'}
[56.788865] (rplidar_ros) StderrLine: {'line': b'\x1b[01m\x1b[K/workspace/modubot_ws/src/rplidar_ros/sdk/include/sl_lidar_cmd.h:324:20:\x1b[m\x1b[K \x1b[01;35m\x1b[Kwarning: \x1b[m\x1b[KISO C++ forbids zero-size array \xe2\x80\x98\x1b[01m\x1b[Kpayload\x1b[m\x1b[K\xe2\x80\x99 [\x1b[01;35m\x1b[K-Wpedantic\x1b[m\x1b[K]\n'}
[56.789223] (rplidar_ros) StderrLine: {'line': b'  324 |     sl_u8  payload[\x1b[01;35m\x1b[K0\x1b[m\x1b[K];\n'}
[56.789577] (rplidar_ros) StderrLine: {'line': b'      |                    \x1b[01;35m\x1b[K^\x1b[m\x1b[K\n'}
[56.793010] (-) TimerEvent: {}
[56.796266] (rplidar_ros) StderrLine: {'line': b'\x1b[01m\x1b[K/workspace/modubot_ws/src/rplidar_ros/sdk/src/sl_udp_channel.cpp:\x1b[m\x1b[K In member function \xe2\x80\x98\x1b[01m\x1b[Kvoid sl::UdpChannel::setStatus(_u32)\x1b[m\x1b[K\xe2\x80\x99:\n'}
[56.797060] (rplidar_ros) StderrLine: {'line': b'\x1b[01m\x1b[K/workspace/modubot_ws/src/rplidar_ros/sdk/src/sl_udp_channel.cpp:112:29:\x1b[m\x1b[K \x1b[01;35m\x1b[Kwarning: \x1b[m\x1b[Kunused parameter \xe2\x80\x98\x1b[01m\x1b[Kflag\x1b[m\x1b[K\xe2\x80\x99 [\x1b[01;35m\x1b[K-Wunused-parameter\x1b[m\x1b[K]\n'}
[56.797705] (rplidar_ros) StderrLine: {'line': b'  112 |         void setStatus(\x1b[01;35m\x1b[K_u32 flag\x1b[m\x1b[K){}\n'}
[56.798370] (rplidar_ros) StderrLine: {'line': b'      |                        \x1b[01;35m\x1b[K~~~~~^~~~\x1b[m\x1b[K\n'}
[56.893202] (-) TimerEvent: {}
[56.994324] (-) TimerEvent: {}
[57.029421] (rplidar_ros) StdoutLine: {'line': b'[ 68%] \x1b[32m\x1b[1mLinking CXX executable rplidar_node\x1b[0m\n'}
[57.094495] (-) TimerEvent: {}
[57.195654] (-) TimerEvent: {}
[57.296360] (-) TimerEvent: {}
[57.397164] (-) TimerEvent: {}
[57.498578] (-) TimerEvent: {}
[57.599394] (-) TimerEvent: {}
[57.700153] (-) TimerEvent: {}
[57.800896] (-) TimerEvent: {}
[57.901595] (-) TimerEvent: {}
[57.957032] (rplidar_ros) StderrLine: {'line': b'In file included from \x1b[01m\x1b[K/workspace/modubot_ws/src/rplidar_ros/sdk/include/rplidar_protocol.h:36\x1b[m\x1b[K,\n'}
[57.957658] (rplidar_ros) StderrLine: {'line': b'                 from \x1b[01m\x1b[K/workspace/modubot_ws/src/rplidar_ros/sdk/include/rplidar.h:39\x1b[m\x1b[K,\n'}
[57.958146] (rplidar_ros) StderrLine: {'line': b'                 from \x1b[01m\x1b[K/workspace/modubot_ws/src/rplidar_ros/sdk/src/sdkcommon.h:49\x1b[m\x1b[K,\n'}
[57.958677] (rplidar_ros) StderrLine: {'line': b'                 from \x1b[01m\x1b[K/workspace/modubot_ws/src/rplidar_ros/sdk/src/dataunpacker/unpacker/../dataunnpacker_commondef.h:41\x1b[m\x1b[K,\n'}
[57.959381] (rplidar_ros) StderrLine: {'line': b'                 from \x1b[01m\x1b[K/workspace/modubot_ws/src/rplidar_ros/sdk/src/dataunpacker/unpacker/handler_capsules.cpp:39\x1b[m\x1b[K:\n'}
[57.959882] (rplidar_ros) StderrLine: {'line': b'\x1b[01m\x1b[K/workspace/modubot_ws/src/rplidar_ros/sdk/include/sl_lidar_protocol.h:66:16:\x1b[m\x1b[K \x1b[01;35m\x1b[Kwarning: \x1b[m\x1b[KISO C++ forbids zero-size array \xe2\x80\x98\x1b[01m\x1b[Kdata\x1b[m\x1b[K\xe2\x80\x99 [\x1b[01;35m\x1b[K-Wpedantic\x1b[m\x1b[K]\n'}
[57.960328] (rplidar_ros) StderrLine: {'line': b'   66 |     sl_u8 data[\x1b[01;35m\x1b[K0\x1b[m\x1b[K];\n'}
[57.960766] (rplidar_ros) StderrLine: {'line': b'      |                \x1b[01;35m\x1b[K^\x1b[m\x1b[K\n'}
[57.961543] (rplidar_ros) StderrLine: {'line': b'In file included from \x1b[01m\x1b[K/workspace/modubot_ws/src/rplidar_ros/sdk/include/rplidar_cmd.h:36\x1b[m\x1b[K,\n'}
[57.962076] (rplidar_ros) StderrLine: {'line': b'                 from \x1b[01m\x1b[K/workspace/modubot_ws/src/rplidar_ros/sdk/include/rplidar.h:40\x1b[m\x1b[K,\n'}
[57.962673] (rplidar_ros) StderrLine: {'line': b'                 from \x1b[01m\x1b[K/workspace/modubot_ws/src/rplidar_ros/sdk/src/sdkcommon.h:49\x1b[m\x1b[K,\n'}
[57.963233] (rplidar_ros) StderrLine: {'line': b'                 from \x1b[01m\x1b[K/workspace/modubot_ws/src/rplidar_ros/sdk/src/dataunpacker/unpacker/../dataunnpacker_commondef.h:41\x1b[m\x1b[K,\n'}
[57.963722] (rplidar_ros) StderrLine: {'line': b'                 from \x1b[01m\x1b[K/workspace/modubot_ws/src/rplidar_ros/sdk/src/dataunpacker/unpacker/handler_capsules.cpp:39\x1b[m\x1b[K:\n'}
[57.964186] (rplidar_ros) StderrLine: {'line': b'\x1b[01m\x1b[K/workspace/modubot_ws/src/rplidar_ros/sdk/include/sl_lidar_cmd.h:324:20:\x1b[m\x1b[K \x1b[01;35m\x1b[Kwarning: \x1b[m\x1b[KISO C++ forbids zero-size array \xe2\x80\x98\x1b[01m\x1b[Kpayload\x1b[m\x1b[K\xe2\x80\x99 [\x1b[01;35m\x1b[K-Wpedantic\x1b[m\x1b[K]\n'}
[57.964660] (rplidar_ros) StderrLine: {'line': b'  324 |     sl_u8  payload[\x1b[01;35m\x1b[K0\x1b[m\x1b[K];\n'}
[57.965109] (rplidar_ros) StderrLine: {'line': b'      |                    \x1b[01;35m\x1b[K^\x1b[m\x1b[K\n'}
[58.001795] (-) TimerEvent: {}
[58.104208] (-) TimerEvent: {}
[58.205999] (-) TimerEvent: {}
[58.306736] (-) TimerEvent: {}
[58.399500] (rplidar_ros) StdoutLine: {'line': b'[ 71%] \x1b[32m\x1b[1mLinking CXX executable rplidar_client\x1b[0m\n'}
[58.406911] (-) TimerEvent: {}
[58.508938] (-) TimerEvent: {}
[58.609904] (-) TimerEvent: {}
[58.709263] (rplidar_ros) StderrLine: {'line': b'In file included from \x1b[01m\x1b[K/workspace/modubot_ws/src/rplidar_ros/sdk/include/rplidar_protocol.h:36\x1b[m\x1b[K,\n'}
[58.709894] (-) TimerEvent: {}
[58.711741] (rplidar_ros) StderrLine: {'line': b'                 from \x1b[01m\x1b[K/workspace/modubot_ws/src/rplidar_ros/sdk/include/rplidar.h:39\x1b[m\x1b[K,\n'}
[58.712828] (rplidar_ros) StderrLine: {'line': b'                 from \x1b[01m\x1b[K/workspace/modubot_ws/src/rplidar_ros/sdk/src/sdkcommon.h:49\x1b[m\x1b[K,\n'}
[58.713858] (rplidar_ros) StderrLine: {'line': b'                 from \x1b[01m\x1b[K/workspace/modubot_ws/src/rplidar_ros/sdk/src/dataunpacker/unpacker/../dataunnpacker_commondef.h:41\x1b[m\x1b[K,\n'}
[58.714932] (rplidar_ros) StderrLine: {'line': b'                 from \x1b[01m\x1b[K/workspace/modubot_ws/src/rplidar_ros/sdk/src/dataunpacker/unpacker/handler_hqnode.cpp:39\x1b[m\x1b[K:\n'}
[58.715843] (rplidar_ros) StderrLine: {'line': b'\x1b[01m\x1b[K/workspace/modubot_ws/src/rplidar_ros/sdk/include/sl_lidar_protocol.h:66:16:\x1b[m\x1b[K \x1b[01;35m\x1b[Kwarning: \x1b[m\x1b[KISO C++ forbids zero-size array \xe2\x80\x98\x1b[01m\x1b[Kdata\x1b[m\x1b[K\xe2\x80\x99 [\x1b[01;35m\x1b[K-Wpedantic\x1b[m\x1b[K]\n'}
[58.716791] (rplidar_ros) StderrLine: {'line': b'   66 |     sl_u8 data[\x1b[01;35m\x1b[K0\x1b[m\x1b[K];\n'}
[58.717714] (rplidar_ros) StderrLine: {'line': b'      |                \x1b[01;35m\x1b[K^\x1b[m\x1b[K\n'}
[58.721516] (rplidar_ros) StderrLine: {'line': b'In file included from \x1b[01m\x1b[K/workspace/modubot_ws/src/rplidar_ros/sdk/include/rplidar_cmd.h:36\x1b[m\x1b[K,\n'}
[58.722587] (rplidar_ros) StderrLine: {'line': b'                 from \x1b[01m\x1b[K/workspace/modubot_ws/src/rplidar_ros/sdk/include/rplidar.h:40\x1b[m\x1b[K,\n'}
[58.723473] (rplidar_ros) StderrLine: {'line': b'                 from \x1b[01m\x1b[K/workspace/modubot_ws/src/rplidar_ros/sdk/src/sdkcommon.h:49\x1b[m\x1b[K,\n'}
[58.724363] (rplidar_ros) StderrLine: {'line': b'                 from \x1b[01m\x1b[K/workspace/modubot_ws/src/rplidar_ros/sdk/src/dataunpacker/unpacker/../dataunnpacker_commondef.h:41\x1b[m\x1b[K,\n'}
[58.725255] (rplidar_ros) StderrLine: {'line': b'                 from \x1b[01m\x1b[K/workspace/modubot_ws/src/rplidar_ros/sdk/src/dataunpacker/unpacker/handler_hqnode.cpp:39\x1b[m\x1b[K:\n'}
[58.726054] (rplidar_ros) StderrLine: {'line': b'\x1b[01m\x1b[K/workspace/modubot_ws/src/rplidar_ros/sdk/include/sl_lidar_cmd.h:324:20:\x1b[m\x1b[K \x1b[01;35m\x1b[Kwarning: \x1b[m\x1b[KISO C++ forbids zero-size array \xe2\x80\x98\x1b[01m\x1b[Kpayload\x1b[m\x1b[K\xe2\x80\x99 [\x1b[01;35m\x1b[K-Wpedantic\x1b[m\x1b[K]\n'}
[58.726919] (rplidar_ros) StderrLine: {'line': b'  324 |     sl_u8  payload[\x1b[01;35m\x1b[K0\x1b[m\x1b[K];\n'}
[58.727721] (rplidar_ros) StderrLine: {'line': b'      |                    \x1b[01;35m\x1b[K^\x1b[m\x1b[K\n'}
[58.810129] (-) TimerEvent: {}
[58.914107] (-) TimerEvent: {}
[58.927441] (rplidar_ros) StderrLine: {'line': b'In file included from \x1b[01m\x1b[K/workspace/modubot_ws/src/rplidar_ros/sdk/src/dataunpacker/unpacker/handler_capsules.cpp:40\x1b[m\x1b[K:\n'}
[58.928236] (rplidar_ros) StderrLine: {'line': b'\x1b[01m\x1b[K/workspace/modubot_ws/src/rplidar_ros/sdk/src/dataunpacker/unpacker/../dataunpacker.h:\x1b[m\x1b[K In member function \xe2\x80\x98\x1b[01m\x1b[Kvirtual void sl::internal::LIDARSampleDataListener::onCustomSampleDataDecoded(_u8, _u32, const void*, size_t)\x1b[m\x1b[K\xe2\x80\x99:\n'}
[58.928797] (rplidar_ros) StderrLine: {'line': b'\x1b[01m\x1b[K/workspace/modubot_ws/src/rplidar_ros/sdk/src/dataunpacker/unpacker/../dataunpacker.h:54:52:\x1b[m\x1b[K \x1b[01;35m\x1b[Kwarning: \x1b[m\x1b[Kunused parameter \xe2\x80\x98\x1b[01m\x1b[KansType\x1b[m\x1b[K\xe2\x80\x99 [\x1b[01;35m\x1b[K-Wunused-parameter\x1b[m\x1b[K]\n'}
[58.929305] (rplidar_ros) StderrLine: {'line': b'   54 |         virtual void onCustomSampleDataDecoded(\x1b[01;35m\x1b[K_u8 ansType\x1b[m\x1b[K, _u32 customCode, const void* data, size_t size) {}\n'}
[58.929784] (rplidar_ros) StderrLine: {'line': b'      |                                                \x1b[01;35m\x1b[K~~~~^~~~~~~\x1b[m\x1b[K\n'}
[58.931117] (rplidar_ros) StderrLine: {'line': b'\x1b[01m\x1b[K/workspace/modubot_ws/src/rplidar_ros/sdk/src/dataunpacker/unpacker/../dataunpacker.h:54:66:\x1b[m\x1b[K \x1b[01;35m\x1b[Kwarning: \x1b[m\x1b[Kunused parameter \xe2\x80\x98\x1b[01m\x1b[KcustomCode\x1b[m\x1b[K\xe2\x80\x99 [\x1b[01;35m\x1b[K-Wunused-parameter\x1b[m\x1b[K]\n'}
[58.931754] (rplidar_ros) StderrLine: {'line': b'   54 |         virtual void onCustomSampleDataDecoded(_u8 ansType, \x1b[01;35m\x1b[K_u32 customCode\x1b[m\x1b[K, const void* data, size_t size) {}\n'}
[58.932346] (rplidar_ros) StderrLine: {'line': b'      |                                                             \x1b[01;35m\x1b[K~~~~~^~~~~~~~~~\x1b[m\x1b[K\n'}
[58.932900] (rplidar_ros) StderrLine: {'line': b'\x1b[01m\x1b[K/workspace/modubot_ws/src/rplidar_ros/sdk/src/dataunpacker/unpacker/../dataunpacker.h:54:90:\x1b[m\x1b[K \x1b[01;35m\x1b[Kwarning: \x1b[m\x1b[Kunused parameter \xe2\x80\x98\x1b[01m\x1b[Kdata\x1b[m\x1b[K\xe2\x80\x99 [\x1b[01;35m\x1b[K-Wunused-parameter\x1b[m\x1b[K]\n'}
[58.933444] (rplidar_ros) StderrLine: {'line': b'   54 |         virtual void onCustomSampleDataDecoded(_u8 ansType, _u32 customCode, \x1b[01;35m\x1b[Kconst void* data\x1b[m\x1b[K, size_t size) {}\n'}
[58.933952] (rplidar_ros) StderrLine: {'line': b'      |                                                                              \x1b[01;35m\x1b[K~~~~~~~~~~~~^~~~\x1b[m\x1b[K\n'}
[58.934589] (rplidar_ros) StderrLine: {'line': b'\x1b[01m\x1b[K/workspace/modubot_ws/src/rplidar_ros/sdk/src/dataunpacker/unpacker/../dataunpacker.h:54:103:\x1b[m\x1b[K \x1b[01;35m\x1b[Kwarning: \x1b[m\x1b[Kunused parameter \xe2\x80\x98\x1b[01m\x1b[Ksize\x1b[m\x1b[K\xe2\x80\x99 [\x1b[01;35m\x1b[K-Wunused-parameter\x1b[m\x1b[K]\n'}
[58.935111] (rplidar_ros) StderrLine: {'line': b'   54 |         virtual void onCustomSampleDataDecoded(_u8 ansType, _u32 customCode, const void* data, \x1b[01;35m\x1b[Ksize_t size\x1b[m\x1b[K) {}\n'}
[58.935647] (rplidar_ros) StderrLine: {'line': b'      |                                                                                                \x1b[01;35m\x1b[K~~~~~~~^~~~\x1b[m\x1b[K\n'}
[58.936189] (rplidar_ros) StderrLine: {'line': b'\x1b[01m\x1b[K/workspace/modubot_ws/src/rplidar_ros/sdk/src/dataunpacker/unpacker/../dataunpacker.h:\x1b[m\x1b[K In member function \xe2\x80\x98\x1b[01m\x1b[Kvirtual void sl::internal::LIDARSampleDataListener::onDecodingError(int, _u8, const void*, size_t)\x1b[m\x1b[K\xe2\x80\x99:\n'}
[58.936749] (rplidar_ros) StderrLine: {'line': b'\x1b[01m\x1b[K/workspace/modubot_ws/src/rplidar_ros/sdk/src/dataunpacker/unpacker/../dataunpacker.h:56:42:\x1b[m\x1b[K \x1b[01;35m\x1b[Kwarning: \x1b[m\x1b[Kunused parameter \xe2\x80\x98\x1b[01m\x1b[KerrMsg\x1b[m\x1b[K\xe2\x80\x99 [\x1b[01;35m\x1b[K-Wunused-parameter\x1b[m\x1b[K]\n'}
[58.937289] (rplidar_ros) StderrLine: {'line': b'   56 |         virtual void onDecodingError(\x1b[01;35m\x1b[Kint errMsg\x1b[m\x1b[K, _u8 ansType, const void* payload, size_t size) {}\n'}
[58.937780] (rplidar_ros) StderrLine: {'line': b'      |                                      \x1b[01;35m\x1b[K~~~~^~~~~~\x1b[m\x1b[K\n'}
[58.938352] (rplidar_ros) StderrLine: {'line': b'\x1b[01m\x1b[K/workspace/modubot_ws/src/rplidar_ros/sdk/src/dataunpacker/unpacker/../dataunpacker.h:56:54:\x1b[m\x1b[K \x1b[01;35m\x1b[Kwarning: \x1b[m\x1b[Kunused parameter \xe2\x80\x98\x1b[01m\x1b[KansType\x1b[m\x1b[K\xe2\x80\x99 [\x1b[01;35m\x1b[K-Wunused-parameter\x1b[m\x1b[K]\n'}
[58.938984] (rplidar_ros) StderrLine: {'line': b'   56 |         virtual void onDecodingError(int errMsg, \x1b[01;35m\x1b[K_u8 ansType\x1b[m\x1b[K, const void* payload, size_t size) {}\n'}
[58.939631] (rplidar_ros) StderrLine: {'line': b'      |                                                  \x1b[01;35m\x1b[K~~~~^~~~~~~\x1b[m\x1b[K\n'}
[58.940227] (rplidar_ros) StderrLine: {'line': b'\x1b[01m\x1b[K/workspace/modubot_ws/src/rplidar_ros/sdk/src/dataunpacker/unpacker/../dataunpacker.h:56:75:\x1b[m\x1b[K \x1b[01;35m\x1b[Kwarning: \x1b[m\x1b[Kunused parameter \xe2\x80\x98\x1b[01m\x1b[Kpayload\x1b[m\x1b[K\xe2\x80\x99 [\x1b[01;35m\x1b[K-Wunused-parameter\x1b[m\x1b[K]\n'}
[58.940834] (rplidar_ros) StderrLine: {'line': b'   56 |         virtual void onDecodingError(int errMsg, _u8 ansType, \x1b[01;35m\x1b[Kconst void* payload\x1b[m\x1b[K, size_t size) {}\n'}
[58.941375] (rplidar_ros) StderrLine: {'line': b'      |                                                               \x1b[01;35m\x1b[K~~~~~~~~~~~~^~~~~~~\x1b[m\x1b[K\n'}
[58.941855] (rplidar_ros) StderrLine: {'line': b'\x1b[01m\x1b[K/workspace/modubot_ws/src/rplidar_ros/sdk/src/dataunpacker/unpacker/../dataunpacker.h:56:91:\x1b[m\x1b[K \x1b[01;35m\x1b[Kwarning: \x1b[m\x1b[Kunused parameter \xe2\x80\x98\x1b[01m\x1b[Ksize\x1b[m\x1b[K\xe2\x80\x99 [\x1b[01;35m\x1b[K-Wunused-parameter\x1b[m\x1b[K]\n'}
[58.950781] (rplidar_ros) StderrLine: {'line': b'   56 |         virtual void onDecodingError(int errMsg, _u8 ansType, const void* payload, \x1b[01;35m\x1b[Ksize_t size\x1b[m\x1b[K) {}\n'}
[58.951316] (rplidar_ros) StderrLine: {'line': b'      |                                                                                    \x1b[01;35m\x1b[K~~~~~~~^~~~\x1b[m\x1b[K\n'}
[58.951808] (rplidar_ros) StdoutLine: {'line': b'[ 71%] Built target rplidar_node\n'}
[58.966037] (rplidar_ros) StdoutLine: {'line': b'[ 73%] \x1b[32mBuilding CXX object CMakeFiles/rplidar_composition.dir/sdk/src/dataunpacker/unpacker/handler_normalnode.cpp.o\x1b[0m\n'}
[59.000754] (rplidar_ros) StderrLine: {'line': b'\x1b[01m\x1b[K/workspace/modubot_ws/src/rplidar_ros/sdk/src/dataunpacker/unpacker/handler_capsules.cpp:\x1b[m\x1b[K In member function \xe2\x80\x98\x1b[01m\x1b[Kvoid sl::internal::unpacker::UnpackerHandler_DenseCapsuleNode::_onScanNodeDenseCapsuleData(rplidar_response_dense_capsule_measurement_nodes_t&, sl::internal::LIDARSampleDataUnpackerInner*)\x1b[m\x1b[K\xe2\x80\x99:\n'}
[59.001462] (rplidar_ros) StderrLine: {'line': b'\x1b[01m\x1b[K/workspace/modubot_ws/src/rplidar_ros/sdk/src/dataunpacker/unpacker/handler_capsules.cpp:763:30:\x1b[m\x1b[K \x1b[01;35m\x1b[Kwarning: \x1b[m\x1b[Ktype qualifiers ignored on cast result type [\x1b[01;35m\x1b[K-Wignored-qualifiers\x1b[m\x1b[K]\n'}
[59.001981] (rplidar_ros) StderrLine: {'line': b'  763 |             const int dist = \x1b[01;35m\x1b[Kstatic_cast<const int>(_cached_previous_dense_capsuledata.cabins[pos].distance)\x1b[m\x1b[K;\n'}
[59.002579] (rplidar_ros) StderrLine: {'line': b'      |                              \x1b[01;35m\x1b[K^~~~~~~~~~~~~~~~~~~~~~~~~~~~~~~~~~~~~~~~~~~~~~~~~~~~~~~~~~~~~~~~~~~~~~~~~~~~~~~\x1b[m\x1b[K\n'}
[59.014335] (-) TimerEvent: {}
[59.115083] (-) TimerEvent: {}
[59.216997] (-) TimerEvent: {}
[59.318555] (-) TimerEvent: {}
[59.419497] (-) TimerEvent: {}
[59.520898] (-) TimerEvent: {}
[59.622463] (-) TimerEvent: {}
[59.724462] (-) TimerEvent: {}
[59.747021] (rplidar_ros) StderrLine: {'line': b'In file included from \x1b[01m\x1b[K/workspace/modubot_ws/src/rplidar_ros/sdk/src/dataunpacker/unpacker/handler_hqnode.cpp:40\x1b[m\x1b[K:\n'}
[59.747808] (rplidar_ros) StderrLine: {'line': b'\x1b[01m\x1b[K/workspace/modubot_ws/src/rplidar_ros/sdk/src/dataunpacker/unpacker/../dataunpacker.h:\x1b[m\x1b[K In member function \xe2\x80\x98\x1b[01m\x1b[Kvirtual void sl::internal::LIDARSampleDataListener::onCustomSampleDataDecoded(_u8, _u32, const void*, size_t)\x1b[m\x1b[K\xe2\x80\x99:\n'}
[59.748399] (rplidar_ros) StderrLine: {'line': b'\x1b[01m\x1b[K/workspace/modubot_ws/src/rplidar_ros/sdk/src/dataunpacker/unpacker/../dataunpacker.h:54:52:\x1b[m\x1b[K \x1b[01;35m\x1b[Kwarning: \x1b[m\x1b[Kunused parameter \xe2\x80\x98\x1b[01m\x1b[KansType\x1b[m\x1b[K\xe2\x80\x99 [\x1b[01;35m\x1b[K-Wunused-parameter\x1b[m\x1b[K]\n'}
[59.748952] (rplidar_ros) StderrLine: {'line': b'   54 |         virtual void onCustomSampleDataDecoded(\x1b[01;35m\x1b[K_u8 ansType\x1b[m\x1b[K, _u32 customCode, const void* data, size_t size) {}\n'}
[59.749462] (rplidar_ros) StderrLine: {'line': b'      |                                                \x1b[01;35m\x1b[K~~~~^~~~~~~\x1b[m\x1b[K\n'}
[59.750094] (rplidar_ros) StderrLine: {'line': b'\x1b[01m\x1b[K/workspace/modubot_ws/src/rplidar_ros/sdk/src/dataunpacker/unpacker/../dataunpacker.h:54:66:\x1b[m\x1b[K \x1b[01;35m\x1b[Kwarning: \x1b[m\x1b[Kunused parameter \xe2\x80\x98\x1b[01m\x1b[KcustomCode\x1b[m\x1b[K\xe2\x80\x99 [\x1b[01;35m\x1b[K-Wunused-parameter\x1b[m\x1b[K]\n'}
[59.750745] (rplidar_ros) StderrLine: {'line': b'   54 |         virtual void onCustomSampleDataDecoded(_u8 ansType, \x1b[01;35m\x1b[K_u32 customCode\x1b[m\x1b[K, const void* data, size_t size) {}\n'}
[59.751280] (rplidar_ros) StderrLine: {'line': b'      |                                                             \x1b[01;35m\x1b[K~~~~~^~~~~~~~~~\x1b[m\x1b[K\n'}
[59.752081] (rplidar_ros) StderrLine: {'line': b'\x1b[01m\x1b[K/workspace/modubot_ws/src/rplidar_ros/sdk/src/dataunpacker/unpacker/../dataunpacker.h:54:90:\x1b[m\x1b[K \x1b[01;35m\x1b[Kwarning: \x1b[m\x1b[Kunused parameter \xe2\x80\x98\x1b[01m\x1b[Kdata\x1b[m\x1b[K\xe2\x80\x99 [\x1b[01;35m\x1b[K-Wunused-parameter\x1b[m\x1b[K]\n'}
[59.752756] (rplidar_ros) StderrLine: {'line': b'   54 |         virtual void onCustomSampleDataDecoded(_u8 ansType, _u32 customCode, \x1b[01;35m\x1b[Kconst void* data\x1b[m\x1b[K, size_t size) {}\n'}
[59.753644] (rplidar_ros) StderrLine: {'line': b'      |                                                                              \x1b[01;35m\x1b[K~~~~~~~~~~~~^~~~\x1b[m\x1b[K\n'}
[59.754416] (rplidar_ros) StderrLine: {'line': b'\x1b[01m\x1b[K/workspace/modubot_ws/src/rplidar_ros/sdk/src/dataunpacker/unpacker/../dataunpacker.h:54:103:\x1b[m\x1b[K \x1b[01;35m\x1b[Kwarning: \x1b[m\x1b[Kunused parameter \xe2\x80\x98\x1b[01m\x1b[Ksize\x1b[m\x1b[K\xe2\x80\x99 [\x1b[01;35m\x1b[K-Wunused-parameter\x1b[m\x1b[K]\n'}
[59.755008] (rplidar_ros) StderrLine: {'line': b'   54 |         virtual void onCustomSampleDataDecoded(_u8 ansType, _u32 customCode, const void* data, \x1b[01;35m\x1b[Ksize_t size\x1b[m\x1b[K) {}\n'}
[59.755548] (rplidar_ros) StderrLine: {'line': b'      |                                                                                                \x1b[01;35m\x1b[K~~~~~~~^~~~\x1b[m\x1b[K\n'}
[59.756294] (rplidar_ros) StderrLine: {'line': b'\x1b[01m\x1b[K/workspace/modubot_ws/src/rplidar_ros/sdk/src/dataunpacker/unpacker/../dataunpacker.h:\x1b[m\x1b[K In member function \xe2\x80\x98\x1b[01m\x1b[Kvirtual void sl::internal::LIDARSampleDataListener::onDecodingError(int, _u8, const void*, size_t)\x1b[m\x1b[K\xe2\x80\x99:\n'}
[59.756858] (rplidar_ros) StderrLine: {'line': b'\x1b[01m\x1b[K/workspace/modubot_ws/src/rplidar_ros/sdk/src/dataunpacker/unpacker/../dataunpacker.h:56:42:\x1b[m\x1b[K \x1b[01;35m\x1b[Kwarning: \x1b[m\x1b[Kunused parameter \xe2\x80\x98\x1b[01m\x1b[KerrMsg\x1b[m\x1b[K\xe2\x80\x99 [\x1b[01;35m\x1b[K-Wunused-parameter\x1b[m\x1b[K]\n'}
[59.757389] (rplidar_ros) StderrLine: {'line': b'   56 |         virtual void onDecodingError(\x1b[01;35m\x1b[Kint errMsg\x1b[m\x1b[K, _u8 ansType, const void* payload, size_t size) {}\n'}
[59.757903] (rplidar_ros) StderrLine: {'line': b'      |                                      \x1b[01;35m\x1b[K~~~~^~~~~~\x1b[m\x1b[K\n'}
[59.758565] (rplidar_ros) StderrLine: {'line': b'\x1b[01m\x1b[K/workspace/modubot_ws/src/rplidar_ros/sdk/src/dataunpacker/unpacker/../dataunpacker.h:56:54:\x1b[m\x1b[K \x1b[01;35m\x1b[Kwarning: \x1b[m\x1b[Kunused parameter \xe2\x80\x98\x1b[01m\x1b[KansType\x1b[m\x1b[K\xe2\x80\x99 [\x1b[01;35m\x1b[K-Wunused-parameter\x1b[m\x1b[K]\n'}
[59.759149] (rplidar_ros) StderrLine: {'line': b'   56 |         virtual void onDecodingError(int errMsg, \x1b[01;35m\x1b[K_u8 ansType\x1b[m\x1b[K, const void* payload, size_t size) {}\n'}
[59.759666] (rplidar_ros) StderrLine: {'line': b'      |                                                  \x1b[01;35m\x1b[K~~~~^~~~~~~\x1b[m\x1b[K\n'}
[59.760265] (rplidar_ros) StderrLine: {'line': b'\x1b[01m\x1b[K/workspace/modubot_ws/src/rplidar_ros/sdk/src/dataunpacker/unpacker/../dataunpacker.h:56:75:\x1b[m\x1b[K \x1b[01;35m\x1b[Kwarning: \x1b[m\x1b[Kunused parameter \xe2\x80\x98\x1b[01m\x1b[Kpayload\x1b[m\x1b[K\xe2\x80\x99 [\x1b[01;35m\x1b[K-Wunused-parameter\x1b[m\x1b[K]\n'}
[59.761042] (rplidar_ros) StderrLine: {'line': b'   56 |         virtual void onDecodingError(int errMsg, _u8 ansType, \x1b[01;35m\x1b[Kconst void* payload\x1b[m\x1b[K, size_t size) {}\n'}
[59.762330] (rplidar_ros) StderrLine: {'line': b'      |                                                               \x1b[01;35m\x1b[K~~~~~~~~~~~~^~~~~~~\x1b[m\x1b[K\n'}
[59.764565] (rplidar_ros) StderrLine: {'line': b'\x1b[01m\x1b[K/workspace/modubot_ws/src/rplidar_ros/sdk/src/dataunpacker/unpacker/../dataunpacker.h:56:91:\x1b[m\x1b[K \x1b[01;35m\x1b[Kwarning: \x1b[m\x1b[Kunused parameter \xe2\x80\x98\x1b[01m\x1b[Ksize\x1b[m\x1b[K\xe2\x80\x99 [\x1b[01;35m\x1b[K-Wunused-parameter\x1b[m\x1b[K]\n'}
[59.765103] (rplidar_ros) StderrLine: {'line': b'   56 |         virtual void onDecodingError(int errMsg, _u8 ansType, const void* payload, \x1b[01;35m\x1b[Ksize_t size\x1b[m\x1b[K) {}\n'}
[59.765436] (rplidar_ros) StderrLine: {'line': b'      |                                                                                    \x1b[01;35m\x1b[K~~~~~~~^~~~\x1b[m\x1b[K\n'}
[59.824714] (-) TimerEvent: {}
[59.927139] (-) TimerEvent: {}
[60.029435] (-) TimerEvent: {}
[60.132082] (-) TimerEvent: {}
[60.234773] (-) TimerEvent: {}
[60.335489] (-) TimerEvent: {}
[60.423059] (rplidar_ros) StdoutLine: {'line': b'[ 73%] Built target rplidar_client\n'}
[60.435646] (-) TimerEvent: {}
[60.536263] (-) TimerEvent: {}
[60.636941] (-) TimerEvent: {}
[60.737634] (-) TimerEvent: {}
[60.763655] (rplidar_ros) StderrLine: {'line': b'In file included from \x1b[01m\x1b[K/workspace/modubot_ws/src/rplidar_ros/sdk/include/rplidar_protocol.h:36\x1b[m\x1b[K,\n'}
[60.764160] (rplidar_ros) StderrLine: {'line': b'                 from \x1b[01m\x1b[K/workspace/modubot_ws/src/rplidar_ros/sdk/include/rplidar.h:39\x1b[m\x1b[K,\n'}
[60.764530] (rplidar_ros) StderrLine: {'line': b'                 from \x1b[01m\x1b[K/workspace/modubot_ws/src/rplidar_ros/sdk/src/sdkcommon.h:49\x1b[m\x1b[K,\n'}
[60.764918] (rplidar_ros) StderrLine: {'line': b'                 from \x1b[01m\x1b[K/workspace/modubot_ws/src/rplidar_ros/sdk/src/dataunpacker/unpacker/../dataunnpacker_commondef.h:41\x1b[m\x1b[K,\n'}
[60.765262] (rplidar_ros) StderrLine: {'line': b'                 from \x1b[01m\x1b[K/workspace/modubot_ws/src/rplidar_ros/sdk/src/dataunpacker/unpacker/handler_normalnode.cpp:39\x1b[m\x1b[K:\n'}
[60.766004] (rplidar_ros) StderrLine: {'line': b'\x1b[01m\x1b[K/workspace/modubot_ws/src/rplidar_ros/sdk/include/sl_lidar_protocol.h:66:16:\x1b[m\x1b[K \x1b[01;35m\x1b[Kwarning: \x1b[m\x1b[KISO C++ forbids zero-size array \xe2\x80\x98\x1b[01m\x1b[Kdata\x1b[m\x1b[K\xe2\x80\x99 [\x1b[01;35m\x1b[K-Wpedantic\x1b[m\x1b[K]\n'}
[60.766658] (rplidar_ros) StderrLine: {'line': b'   66 |     sl_u8 data[\x1b[01;35m\x1b[K0\x1b[m\x1b[K];\n'}
[60.767281] (rplidar_ros) StderrLine: {'line': b'      |                \x1b[01;35m\x1b[K^\x1b[m\x1b[K\n'}
[60.767704] (rplidar_ros) StderrLine: {'line': b'In file included from \x1b[01m\x1b[K/workspace/modubot_ws/src/rplidar_ros/sdk/include/rplidar_cmd.h:36\x1b[m\x1b[K,\n'}
[60.768151] (rplidar_ros) StderrLine: {'line': b'                 from \x1b[01m\x1b[K/workspace/modubot_ws/src/rplidar_ros/sdk/include/rplidar.h:40\x1b[m\x1b[K,\n'}
[60.768579] (rplidar_ros) StderrLine: {'line': b'                 from \x1b[01m\x1b[K/workspace/modubot_ws/src/rplidar_ros/sdk/src/sdkcommon.h:49\x1b[m\x1b[K,\n'}
[60.769014] (rplidar_ros) StderrLine: {'line': b'                 from \x1b[01m\x1b[K/workspace/modubot_ws/src/rplidar_ros/sdk/src/dataunpacker/unpacker/../dataunnpacker_commondef.h:41\x1b[m\x1b[K,\n'}
[60.769418] (rplidar_ros) StderrLine: {'line': b'                 from \x1b[01m\x1b[K/workspace/modubot_ws/src/rplidar_ros/sdk/src/dataunpacker/unpacker/handler_normalnode.cpp:39\x1b[m\x1b[K:\n'}
[60.769818] (rplidar_ros) StderrLine: {'line': b'\x1b[01m\x1b[K/workspace/modubot_ws/src/rplidar_ros/sdk/include/sl_lidar_cmd.h:324:20:\x1b[m\x1b[K \x1b[01;35m\x1b[Kwarning: \x1b[m\x1b[KISO C++ forbids zero-size array \xe2\x80\x98\x1b[01m\x1b[Kpayload\x1b[m\x1b[K\xe2\x80\x99 [\x1b[01;35m\x1b[K-Wpedantic\x1b[m\x1b[K]\n'}
[60.770314] (rplidar_ros) StderrLine: {'line': b'  324 |     sl_u8  payload[\x1b[01;35m\x1b[K0\x1b[m\x1b[K];\n'}
[60.770726] (rplidar_ros) StderrLine: {'line': b'      |                    \x1b[01;35m\x1b[K^\x1b[m\x1b[K\n'}
[60.837904] (-) TimerEvent: {}
[60.938690] (-) TimerEvent: {}
[61.039364] (-) TimerEvent: {}
[61.140073] (-) TimerEvent: {}
[61.240740] (-) TimerEvent: {}
[61.341427] (-) TimerEvent: {}
[61.442111] (-) TimerEvent: {}
[61.443450] (rplidar_ros) StderrLine: {'line': b'In file included from \x1b[01m\x1b[K/workspace/modubot_ws/src/rplidar_ros/sdk/src/dataunpacker/unpacker/handler_normalnode.cpp:40\x1b[m\x1b[K:\n'}
[61.444037] (rplidar_ros) StderrLine: {'line': b'\x1b[01m\x1b[K/workspace/modubot_ws/src/rplidar_ros/sdk/src/dataunpacker/unpacker/../dataunpacker.h:\x1b[m\x1b[K In member function \xe2\x80\x98\x1b[01m\x1b[Kvirtual void sl::internal::LIDARSampleDataListener::onCustomSampleDataDecoded(_u8, _u32, const void*, size_t)\x1b[m\x1b[K\xe2\x80\x99:\n'}
[61.444902] (rplidar_ros) StderrLine: {'line': b'\x1b[01m\x1b[K/workspace/modubot_ws/src/rplidar_ros/sdk/src/dataunpacker/unpacker/../dataunpacker.h:54:52:\x1b[m\x1b[K \x1b[01;35m\x1b[Kwarning: \x1b[m\x1b[Kunused parameter \xe2\x80\x98\x1b[01m\x1b[KansType\x1b[m\x1b[K\xe2\x80\x99 [\x1b[01;35m\x1b[K-Wunused-parameter\x1b[m\x1b[K]\n'}
[61.445266] (rplidar_ros) StderrLine: {'line': b'   54 |         virtual void onCustomSampleDataDecoded(\x1b[01;35m\x1b[K_u8 ansType\x1b[m\x1b[K, _u32 customCode, const void* data, size_t size) {}\n'}
[61.445589] (rplidar_ros) StderrLine: {'line': b'      |                                                \x1b[01;35m\x1b[K~~~~^~~~~~~\x1b[m\x1b[K\n'}
[61.445901] (rplidar_ros) StderrLine: {'line': b'\x1b[01m\x1b[K/workspace/modubot_ws/src/rplidar_ros/sdk/src/dataunpacker/unpacker/../dataunpacker.h:54:66:\x1b[m\x1b[K \x1b[01;35m\x1b[Kwarning: \x1b[m\x1b[Kunused parameter \xe2\x80\x98\x1b[01m\x1b[KcustomCode\x1b[m\x1b[K\xe2\x80\x99 [\x1b[01;35m\x1b[K-Wunused-parameter\x1b[m\x1b[K]\n'}
[61.446308] (rplidar_ros) StderrLine: {'line': b'   54 |         virtual void onCustomSampleDataDecoded(_u8 ansType, \x1b[01;35m\x1b[K_u32 customCode\x1b[m\x1b[K, const void* data, size_t size) {}\n'}
[61.446678] (rplidar_ros) StderrLine: {'line': b'      |                                                             \x1b[01;35m\x1b[K~~~~~^~~~~~~~~~\x1b[m\x1b[K\n'}
[61.446991] (rplidar_ros) StderrLine: {'line': b'\x1b[01m\x1b[K/workspace/modubot_ws/src/rplidar_ros/sdk/src/dataunpacker/unpacker/../dataunpacker.h:54:90:\x1b[m\x1b[K \x1b[01;35m\x1b[Kwarning: \x1b[m\x1b[Kunused parameter \xe2\x80\x98\x1b[01m\x1b[Kdata\x1b[m\x1b[K\xe2\x80\x99 [\x1b[01;35m\x1b[K-Wunused-parameter\x1b[m\x1b[K]\n'}
[61.447302] (rplidar_ros) StderrLine: {'line': b'   54 |         virtual void onCustomSampleDataDecoded(_u8 ansType, _u32 customCode, \x1b[01;35m\x1b[Kconst void* data\x1b[m\x1b[K, size_t size) {}\n'}
[61.447606] (rplidar_ros) StderrLine: {'line': b'      |                                                                              \x1b[01;35m\x1b[K~~~~~~~~~~~~^~~~\x1b[m\x1b[K\n'}
[61.447915] (rplidar_ros) StderrLine: {'line': b'\x1b[01m\x1b[K/workspace/modubot_ws/src/rplidar_ros/sdk/src/dataunpacker/unpacker/../dataunpacker.h:54:103:\x1b[m\x1b[K \x1b[01;35m\x1b[Kwarning: \x1b[m\x1b[Kunused parameter \xe2\x80\x98\x1b[01m\x1b[Ksize\x1b[m\x1b[K\xe2\x80\x99 [\x1b[01;35m\x1b[K-Wunused-parameter\x1b[m\x1b[K]\n'}
[61.448228] (rplidar_ros) StderrLine: {'line': b'   54 |         virtual void onCustomSampleDataDecoded(_u8 ansType, _u32 customCode, const void* data, \x1b[01;35m\x1b[Ksize_t size\x1b[m\x1b[K) {}\n'}
[61.448531] (rplidar_ros) StderrLine: {'line': b'      |                                                                                                \x1b[01;35m\x1b[K~~~~~~~^~~~\x1b[m\x1b[K\n'}
[61.448826] (rplidar_ros) StderrLine: {'line': b'\x1b[01m\x1b[K/workspace/modubot_ws/src/rplidar_ros/sdk/src/dataunpacker/unpacker/../dataunpacker.h:\x1b[m\x1b[K In member function \xe2\x80\x98\x1b[01m\x1b[Kvirtual void sl::internal::LIDARSampleDataListener::onDecodingError(int, _u8, const void*, size_t)\x1b[m\x1b[K\xe2\x80\x99:\n'}
[61.449126] (rplidar_ros) StderrLine: {'line': b'\x1b[01m\x1b[K/workspace/modubot_ws/src/rplidar_ros/sdk/src/dataunpacker/unpacker/../dataunpacker.h:56:42:\x1b[m\x1b[K \x1b[01;35m\x1b[Kwarning: \x1b[m\x1b[Kunused parameter \xe2\x80\x98\x1b[01m\x1b[KerrMsg\x1b[m\x1b[K\xe2\x80\x99 [\x1b[01;35m\x1b[K-Wunused-parameter\x1b[m\x1b[K]\n'}
[61.449418] (rplidar_ros) StderrLine: {'line': b'   56 |         virtual void onDecodingError(\x1b[01;35m\x1b[Kint errMsg\x1b[m\x1b[K, _u8 ansType, const void* payload, size_t size) {}\n'}
[61.449739] (rplidar_ros) StderrLine: {'line': b'      |                                      \x1b[01;35m\x1b[K~~~~^~~~~~\x1b[m\x1b[K\n'}
[61.450042] (rplidar_ros) StderrLine: {'line': b'\x1b[01m\x1b[K/workspace/modubot_ws/src/rplidar_ros/sdk/src/dataunpacker/unpacker/../dataunpacker.h:56:54:\x1b[m\x1b[K \x1b[01;35m\x1b[Kwarning: \x1b[m\x1b[Kunused parameter \xe2\x80\x98\x1b[01m\x1b[KansType\x1b[m\x1b[K\xe2\x80\x99 [\x1b[01;35m\x1b[K-Wunused-parameter\x1b[m\x1b[K]\n'}
[61.450446] (rplidar_ros) StderrLine: {'line': b'   56 |         virtual void onDecodingError(int errMsg, \x1b[01;35m\x1b[K_u8 ansType\x1b[m\x1b[K, const void* payload, size_t size) {}\n'}
[61.450769] (rplidar_ros) StderrLine: {'line': b'      |                                                  \x1b[01;35m\x1b[K~~~~^~~~~~~\x1b[m\x1b[K\n'}
[61.451074] (rplidar_ros) StderrLine: {'line': b'\x1b[01m\x1b[K/workspace/modubot_ws/src/rplidar_ros/sdk/src/dataunpacker/unpacker/../dataunpacker.h:56:75:\x1b[m\x1b[K \x1b[01;35m\x1b[Kwarning: \x1b[m\x1b[Kunused parameter \xe2\x80\x98\x1b[01m\x1b[Kpayload\x1b[m\x1b[K\xe2\x80\x99 [\x1b[01;35m\x1b[K-Wunused-parameter\x1b[m\x1b[K]\n'}
[61.451370] (rplidar_ros) StderrLine: {'line': b'   56 |         virtual void onDecodingError(int errMsg, _u8 ansType, \x1b[01;35m\x1b[Kconst void* payload\x1b[m\x1b[K, size_t size) {}\n'}
[61.451657] (rplidar_ros) StderrLine: {'line': b'      |                                                               \x1b[01;35m\x1b[K~~~~~~~~~~~~^~~~~~~\x1b[m\x1b[K\n'}
[61.451947] (rplidar_ros) StderrLine: {'line': b'\x1b[01m\x1b[K/workspace/modubot_ws/src/rplidar_ros/sdk/src/dataunpacker/unpacker/../dataunpacker.h:56:91:\x1b[m\x1b[K \x1b[01;35m\x1b[Kwarning: \x1b[m\x1b[Kunused parameter \xe2\x80\x98\x1b[01m\x1b[Ksize\x1b[m\x1b[K\xe2\x80\x99 [\x1b[01;35m\x1b[K-Wunused-parameter\x1b[m\x1b[K]\n'}
[61.452241] (rplidar_ros) StderrLine: {'line': b'   56 |         virtual void onDecodingError(int errMsg, _u8 ansType, const void* payload, \x1b[01;35m\x1b[Ksize_t size\x1b[m\x1b[K) {}\n'}
[61.452573] (rplidar_ros) StderrLine: {'line': b'      |                                                                                    \x1b[01;35m\x1b[K~~~~~~~^~~~\x1b[m\x1b[K\n'}
[61.542333] (-) TimerEvent: {}
[61.643007] (-) TimerEvent: {}
[61.743667] (-) TimerEvent: {}
[61.844330] (-) TimerEvent: {}
[61.912169] (rplidar_ros) StdoutLine: {'line': b'[ 76%] \x1b[32mBuilding CXX object CMakeFiles/rplidar_composition.dir/sdk/src/sl_async_transceiver.cpp.o\x1b[0m\n'}
[61.944555] (-) TimerEvent: {}
[62.045219] (-) TimerEvent: {}
[62.145868] (-) TimerEvent: {}
[62.246575] (-) TimerEvent: {}
[62.347166] (-) TimerEvent: {}
[62.447809] (-) TimerEvent: {}
[62.548445] (-) TimerEvent: {}
[62.649108] (-) TimerEvent: {}
[62.749765] (-) TimerEvent: {}
[62.850412] (-) TimerEvent: {}
[62.951013] (-) TimerEvent: {}
[63.051656] (-) TimerEvent: {}
[63.152336] (-) TimerEvent: {}
[63.252998] (-) TimerEvent: {}
[63.353684] (-) TimerEvent: {}
[63.435393] (rplidar_ros) StderrLine: {'line': b'In file included from \x1b[01m\x1b[K/workspace/modubot_ws/src/rplidar_ros/sdk/include/rplidar_protocol.h:36\x1b[m\x1b[K,\n'}
[63.435906] (rplidar_ros) StderrLine: {'line': b'                 from \x1b[01m\x1b[K/workspace/modubot_ws/src/rplidar_ros/sdk/include/rplidar.h:39\x1b[m\x1b[K,\n'}
[63.436224] (rplidar_ros) StderrLine: {'line': b'                 from \x1b[01m\x1b[K/workspace/modubot_ws/src/rplidar_ros/sdk/src/sdkcommon.h:49\x1b[m\x1b[K,\n'}
[63.436514] (rplidar_ros) StderrLine: {'line': b'                 from \x1b[01m\x1b[K/workspace/modubot_ws/src/rplidar_ros/sdk/src/sl_async_transceiver.cpp:35\x1b[m\x1b[K:\n'}
[63.436829] (rplidar_ros) StderrLine: {'line': b'\x1b[01m\x1b[K/workspace/modubot_ws/src/rplidar_ros/sdk/include/sl_lidar_protocol.h:66:16:\x1b[m\x1b[K \x1b[01;35m\x1b[Kwarning: \x1b[m\x1b[KISO C++ forbids zero-size array \xe2\x80\x98\x1b[01m\x1b[Kdata\x1b[m\x1b[K\xe2\x80\x99 [\x1b[01;35m\x1b[K-Wpedantic\x1b[m\x1b[K]\n'}
[63.437439] (rplidar_ros) StderrLine: {'line': b'   66 |     sl_u8 data[\x1b[01;35m\x1b[K0\x1b[m\x1b[K];\n'}
[63.437769] (rplidar_ros) StderrLine: {'line': b'      |                \x1b[01;35m\x1b[K^\x1b[m\x1b[K\n'}
[63.438080] (rplidar_ros) StderrLine: {'line': b'In file included from \x1b[01m\x1b[K/workspace/modubot_ws/src/rplidar_ros/sdk/include/rplidar_cmd.h:36\x1b[m\x1b[K,\n'}
[63.438513] (rplidar_ros) StderrLine: {'line': b'                 from \x1b[01m\x1b[K/workspace/modubot_ws/src/rplidar_ros/sdk/include/rplidar.h:40\x1b[m\x1b[K,\n'}
[63.438846] (rplidar_ros) StderrLine: {'line': b'                 from \x1b[01m\x1b[K/workspace/modubot_ws/src/rplidar_ros/sdk/src/sdkcommon.h:49\x1b[m\x1b[K,\n'}
[63.439223] (rplidar_ros) StderrLine: {'line': b'                 from \x1b[01m\x1b[K/workspace/modubot_ws/src/rplidar_ros/sdk/src/sl_async_transceiver.cpp:35\x1b[m\x1b[K:\n'}
[63.439573] (rplidar_ros) StderrLine: {'line': b'\x1b[01m\x1b[K/workspace/modubot_ws/src/rplidar_ros/sdk/include/sl_lidar_cmd.h:324:20:\x1b[m\x1b[K \x1b[01;35m\x1b[Kwarning: \x1b[m\x1b[KISO C++ forbids zero-size array \xe2\x80\x98\x1b[01m\x1b[Kpayload\x1b[m\x1b[K\xe2\x80\x99 [\x1b[01;35m\x1b[K-Wpedantic\x1b[m\x1b[K]\n'}
[63.439884] (rplidar_ros) StderrLine: {'line': b'  324 |     sl_u8  payload[\x1b[01;35m\x1b[K0\x1b[m\x1b[K];\n'}
[63.440174] (rplidar_ros) StderrLine: {'line': b'      |                    \x1b[01;35m\x1b[K^\x1b[m\x1b[K\n'}
[63.453902] (-) TimerEvent: {}
[63.554603] (-) TimerEvent: {}
[63.655213] (-) TimerEvent: {}
[63.755823] (-) TimerEvent: {}
[63.813416] (rplidar_ros) StderrLine: {'line': b'In file included from \x1b[01m\x1b[K/workspace/modubot_ws/src/rplidar_ros/sdk/src/sl_async_transceiver.cpp:44\x1b[m\x1b[K:\n'}
[63.813944] (rplidar_ros) StderrLine: {'line': b'\x1b[01m\x1b[K/workspace/modubot_ws/src/rplidar_ros/sdk/src/sl_async_transceiver.h:\x1b[m\x1b[K In member function \xe2\x80\x98\x1b[01m\x1b[Kvirtual void sl::internal::IAsyncProtocolCodec::onChannelError(u_result)\x1b[m\x1b[K\xe2\x80\x99:\n'}
[63.814681] (rplidar_ros) StderrLine: {'line': b'\x1b[01m\x1b[K/workspace/modubot_ws/src/rplidar_ros/sdk/src/sl_async_transceiver.h:90:48:\x1b[m\x1b[K \x1b[01;35m\x1b[Kwarning: \x1b[m\x1b[Kunused parameter \xe2\x80\x98\x1b[01m\x1b[KerrCode\x1b[m\x1b[K\xe2\x80\x99 [\x1b[01;35m\x1b[K-Wunused-parameter\x1b[m\x1b[K]\n'}
[63.815014] (rplidar_ros) StderrLine: {'line': b'   90 |         virtual void   onChannelError(\x1b[01;35m\x1b[Ku_result errCode\x1b[m\x1b[K) {}\n'}
[63.815333] (rplidar_ros) StderrLine: {'line': b'      |                                       \x1b[01;35m\x1b[K~~~~~~~~~^~~~~~~\x1b[m\x1b[K\n'}
[63.855988] (-) TimerEvent: {}
[63.956650] (-) TimerEvent: {}
[64.057370] (-) TimerEvent: {}
[64.158104] (-) TimerEvent: {}
[64.259353] (-) TimerEvent: {}
[64.360847] (-) TimerEvent: {}
[64.384397] (rplidar_ros) StdoutLine: {'line': b'[ 78%] \x1b[32mBuilding CXX object CMakeFiles/rplidar_composition.dir/sdk/src/sl_crc.cpp.o\x1b[0m\n'}
[64.457432] (rplidar_ros) StderrLine: {'line': b'In file included from \x1b[01m\x1b[K/workspace/modubot_ws/src/rplidar_ros/sdk/include/sl_lidar_cmd.h:41\x1b[m\x1b[K,\n'}
[64.457946] (rplidar_ros) StderrLine: {'line': b'                 from \x1b[01m\x1b[K/workspace/modubot_ws/src/rplidar_ros/sdk/include/sl_crc.h:36\x1b[m\x1b[K,\n'}
[64.459658] (rplidar_ros) StderrLine: {'line': b'                 from \x1b[01m\x1b[K/workspace/modubot_ws/src/rplidar_ros/sdk/src/sl_crc.cpp:33\x1b[m\x1b[K:\n'}
[64.460328] (rplidar_ros) StderrLine: {'line': b'\x1b[01m\x1b[K/workspace/modubot_ws/src/rplidar_ros/sdk/include/sl_lidar_protocol.h:66:16:\x1b[m\x1b[K \x1b[01;35m\x1b[Kwarning: \x1b[m\x1b[KISO C++ forbids zero-size array \xe2\x80\x98\x1b[01m\x1b[Kdata\x1b[m\x1b[K\xe2\x80\x99 [\x1b[01;35m\x1b[K-Wpedantic\x1b[m\x1b[K]\n'}
[64.460701] (rplidar_ros) StderrLine: {'line': b'   66 |     sl_u8 data[\x1b[01;35m\x1b[K0\x1b[m\x1b[K];\n'}
[64.461025] (-) TimerEvent: {}
[64.461357] (rplidar_ros) StderrLine: {'line': b'      |                \x1b[01;35m\x1b[K^\x1b[m\x1b[K\n'}
[64.461797] (rplidar_ros) StderrLine: {'line': b'In file included from \x1b[01m\x1b[K/workspace/modubot_ws/src/rplidar_ros/sdk/include/sl_crc.h:36\x1b[m\x1b[K,\n'}
[64.462482] (rplidar_ros) StderrLine: {'line': b'                 from \x1b[01m\x1b[K/workspace/modubot_ws/src/rplidar_ros/sdk/src/sl_crc.cpp:33\x1b[m\x1b[K:\n'}
[64.462836] (rplidar_ros) StderrLine: {'line': b'\x1b[01m\x1b[K/workspace/modubot_ws/src/rplidar_ros/sdk/include/sl_lidar_cmd.h:324:20:\x1b[m\x1b[K \x1b[01;35m\x1b[Kwarning: \x1b[m\x1b[KISO C++ forbids zero-size array \xe2\x80\x98\x1b[01m\x1b[Kpayload\x1b[m\x1b[K\xe2\x80\x99 [\x1b[01;35m\x1b[K-Wpedantic\x1b[m\x1b[K]\n'}
[64.463189] (rplidar_ros) StderrLine: {'line': b'  324 |     sl_u8  payload[\x1b[01;35m\x1b[K0\x1b[m\x1b[K];\n'}
[64.463515] (rplidar_ros) StderrLine: {'line': b'      |                    \x1b[01;35m\x1b[K^\x1b[m\x1b[K\n'}
[64.521314] (rplidar_ros) StdoutLine: {'line': b'[ 81%] \x1b[32mBuilding CXX object CMakeFiles/rplidar_composition.dir/sdk/src/sl_lidar_driver.cpp.o\x1b[0m\n'}
[64.561273] (-) TimerEvent: {}
[64.661940] (-) TimerEvent: {}
[64.762713] (-) TimerEvent: {}
[64.863426] (-) TimerEvent: {}
[64.964145] (-) TimerEvent: {}
[65.064873] (-) TimerEvent: {}
[65.165633] (-) TimerEvent: {}
[65.266343] (-) TimerEvent: {}
[65.367062] (-) TimerEvent: {}
[65.467717] (-) TimerEvent: {}
[65.549269] (rplidar_ros) StdoutLine: {'line': b'[ 84%] \x1b[32mBuilding CXX object CMakeFiles/rplidar_composition.dir/sdk/src/sl_lidarprotocol_codec.cpp.o\x1b[0m\n'}
[65.567893] (-) TimerEvent: {}
[65.668666] (-) TimerEvent: {}
[65.769351] (-) TimerEvent: {}
[65.870050] (-) TimerEvent: {}
[65.970761] (-) TimerEvent: {}
[66.071376] (-) TimerEvent: {}
[66.119348] (rplidar_ros) StderrLine: {'line': b'In file included from \x1b[01m\x1b[K/workspace/modubot_ws/src/rplidar_ros/sdk/include/rplidar_protocol.h:36\x1b[m\x1b[K,\n'}
[66.119884] (rplidar_ros) StderrLine: {'line': b'                 from \x1b[01m\x1b[K/workspace/modubot_ws/src/rplidar_ros/sdk/include/rplidar.h:39\x1b[m\x1b[K,\n'}
[66.120217] (rplidar_ros) StderrLine: {'line': b'                 from \x1b[01m\x1b[K/workspace/modubot_ws/src/rplidar_ros/sdk/src/sdkcommon.h:49\x1b[m\x1b[K,\n'}
[66.120545] (rplidar_ros) StderrLine: {'line': b'                 from \x1b[01m\x1b[K/workspace/modubot_ws/src/rplidar_ros/sdk/src/sl_lidar_driver.cpp:33\x1b[m\x1b[K:\n'}
[66.120889] (rplidar_ros) StderrLine: {'line': b'\x1b[01m\x1b[K/workspace/modubot_ws/src/rplidar_ros/sdk/include/sl_lidar_protocol.h:66:16:\x1b[m\x1b[K \x1b[01;35m\x1b[Kwarning: \x1b[m\x1b[KISO C++ forbids zero-size array \xe2\x80\x98\x1b[01m\x1b[Kdata\x1b[m\x1b[K\xe2\x80\x99 [\x1b[01;35m\x1b[K-Wpedantic\x1b[m\x1b[K]\n'}
[66.121561] (rplidar_ros) StderrLine: {'line': b'   66 |     sl_u8 data[\x1b[01;35m\x1b[K0\x1b[m\x1b[K];\n'}
[66.121930] (rplidar_ros) StderrLine: {'line': b'      |                \x1b[01;35m\x1b[K^\x1b[m\x1b[K\n'}
[66.122401] (rplidar_ros) StderrLine: {'line': b'In file included from \x1b[01m\x1b[K/workspace/modubot_ws/src/rplidar_ros/sdk/include/rplidar_cmd.h:36\x1b[m\x1b[K,\n'}
[66.122771] (rplidar_ros) StderrLine: {'line': b'                 from \x1b[01m\x1b[K/workspace/modubot_ws/src/rplidar_ros/sdk/include/rplidar.h:40\x1b[m\x1b[K,\n'}
[66.123090] (rplidar_ros) StderrLine: {'line': b'                 from \x1b[01m\x1b[K/workspace/modubot_ws/src/rplidar_ros/sdk/src/sdkcommon.h:49\x1b[m\x1b[K,\n'}
[66.123453] (rplidar_ros) StderrLine: {'line': b'                 from \x1b[01m\x1b[K/workspace/modubot_ws/src/rplidar_ros/sdk/src/sl_lidar_driver.cpp:33\x1b[m\x1b[K:\n'}
[66.123808] (rplidar_ros) StderrLine: {'line': b'\x1b[01m\x1b[K/workspace/modubot_ws/src/rplidar_ros/sdk/include/sl_lidar_cmd.h:324:20:\x1b[m\x1b[K \x1b[01;35m\x1b[Kwarning: \x1b[m\x1b[KISO C++ forbids zero-size array \xe2\x80\x98\x1b[01m\x1b[Kpayload\x1b[m\x1b[K\xe2\x80\x99 [\x1b[01;35m\x1b[K-Wpedantic\x1b[m\x1b[K]\n'}
[66.124137] (rplidar_ros) StderrLine: {'line': b'  324 |     sl_u8  payload[\x1b[01;35m\x1b[K0\x1b[m\x1b[K];\n'}
[66.124436] (rplidar_ros) StderrLine: {'line': b'      |                    \x1b[01;35m\x1b[K^\x1b[m\x1b[K\n'}
[66.171604] (-) TimerEvent: {}
[66.272324] (-) TimerEvent: {}
[66.373010] (-) TimerEvent: {}
[66.473760] (-) TimerEvent: {}
[66.574472] (-) TimerEvent: {}
[66.578248] (rplidar_ros) StdoutLine: {'line': b'[ 86%] \x1b[32mBuilding CXX object CMakeFiles/rplidar_composition.dir/sdk/src/rplidar_driver.cpp.o\x1b[0m\n'}
[66.674739] (-) TimerEvent: {}
[66.775428] (-) TimerEvent: {}
[66.878788] (-) TimerEvent: {}
[66.986479] (-) TimerEvent: {}
[66.991160] (rplidar_ros) StderrLine: {'line': b'In file included from \x1b[01m\x1b[K/workspace/modubot_ws/src/rplidar_ros/sdk/src/sl_lidar_driver.cpp:50\x1b[m\x1b[K:\n'}
[66.991722] (rplidar_ros) StderrLine: {'line': b'\x1b[01m\x1b[K/workspace/modubot_ws/src/rplidar_ros/sdk/src/dataunpacker/dataunpacker.h:\x1b[m\x1b[K In member function \xe2\x80\x98\x1b[01m\x1b[Kvirtual void sl::internal::LIDARSampleDataListener::onCustomSampleDataDecoded(_u8, _u32, const void*, size_t)\x1b[m\x1b[K\xe2\x80\x99:\n'}
[66.992141] (rplidar_ros) StderrLine: {'line': b'\x1b[01m\x1b[K/workspace/modubot_ws/src/rplidar_ros/sdk/src/dataunpacker/dataunpacker.h:54:52:\x1b[m\x1b[K \x1b[01;35m\x1b[Kwarning: \x1b[m\x1b[Kunused parameter \xe2\x80\x98\x1b[01m\x1b[KansType\x1b[m\x1b[K\xe2\x80\x99 [\x1b[01;35m\x1b[K-Wunused-parameter\x1b[m\x1b[K]\n'}
[66.992557] (rplidar_ros) StderrLine: {'line': b'   54 |         virtual void onCustomSampleDataDecoded(\x1b[01;35m\x1b[K_u8 ansType\x1b[m\x1b[K, _u32 customCode, const void* data, size_t size) {}\n'}
[66.992968] (rplidar_ros) StderrLine: {'line': b'      |                                                \x1b[01;35m\x1b[K~~~~^~~~~~~\x1b[m\x1b[K\n'}
[66.993385] (rplidar_ros) StderrLine: {'line': b'\x1b[01m\x1b[K/workspace/modubot_ws/src/rplidar_ros/sdk/src/dataunpacker/dataunpacker.h:54:66:\x1b[m\x1b[K \x1b[01;35m\x1b[Kwarning: \x1b[m\x1b[Kunused parameter \xe2\x80\x98\x1b[01m\x1b[KcustomCode\x1b[m\x1b[K\xe2\x80\x99 [\x1b[01;35m\x1b[K-Wunused-parameter\x1b[m\x1b[K]\n'}
[66.993773] (rplidar_ros) StderrLine: {'line': b'   54 |         virtual void onCustomSampleDataDecoded(_u8 ansType, \x1b[01;35m\x1b[K_u32 customCode\x1b[m\x1b[K, const void* data, size_t size) {}\n'}
[66.994246] (rplidar_ros) StderrLine: {'line': b'      |                                                             \x1b[01;35m\x1b[K~~~~~^~~~~~~~~~\x1b[m\x1b[K\n'}
[66.994830] (rplidar_ros) StderrLine: {'line': b'\x1b[01m\x1b[K/workspace/modubot_ws/src/rplidar_ros/sdk/src/dataunpacker/dataunpacker.h:54:90:\x1b[m\x1b[K \x1b[01;35m\x1b[Kwarning: \x1b[m\x1b[Kunused parameter \xe2\x80\x98\x1b[01m\x1b[Kdata\x1b[m\x1b[K\xe2\x80\x99 [\x1b[01;35m\x1b[K-Wunused-parameter\x1b[m\x1b[K]\n'}
[66.995217] (rplidar_ros) StderrLine: {'line': b'   54 |         virtual void onCustomSampleDataDecoded(_u8 ansType, _u32 customCode, \x1b[01;35m\x1b[Kconst void* data\x1b[m\x1b[K, size_t size) {}\n'}
[66.995573] (rplidar_ros) StderrLine: {'line': b'      |                                                                              \x1b[01;35m\x1b[K~~~~~~~~~~~~^~~~\x1b[m\x1b[K\n'}
[66.995900] (rplidar_ros) StderrLine: {'line': b'\x1b[01m\x1b[K/workspace/modubot_ws/src/rplidar_ros/sdk/src/dataunpacker/dataunpacker.h:54:103:\x1b[m\x1b[K \x1b[01;35m\x1b[Kwarning: \x1b[m\x1b[Kunused parameter \xe2\x80\x98\x1b[01m\x1b[Ksize\x1b[m\x1b[K\xe2\x80\x99 [\x1b[01;35m\x1b[K-Wunused-parameter\x1b[m\x1b[K]\n'}
[66.996245] (rplidar_ros) StderrLine: {'line': b'   54 |         virtual void onCustomSampleDataDecoded(_u8 ansType, _u32 customCode, const void* data, \x1b[01;35m\x1b[Ksize_t size\x1b[m\x1b[K) {}\n'}
[66.996569] (rplidar_ros) StderrLine: {'line': b'      |                                                                                                \x1b[01;35m\x1b[K~~~~~~~^~~~\x1b[m\x1b[K\n'}
[66.996900] (rplidar_ros) StderrLine: {'line': b'\x1b[01m\x1b[K/workspace/modubot_ws/src/rplidar_ros/sdk/src/dataunpacker/dataunpacker.h:\x1b[m\x1b[K In member function \xe2\x80\x98\x1b[01m\x1b[Kvirtual void sl::internal::LIDARSampleDataListener::onDecodingError(int, _u8, const void*, size_t)\x1b[m\x1b[K\xe2\x80\x99:\n'}
[66.997248] (rplidar_ros) StderrLine: {'line': b'\x1b[01m\x1b[K/workspace/modubot_ws/src/rplidar_ros/sdk/src/dataunpacker/dataunpacker.h:56:42:\x1b[m\x1b[K \x1b[01;35m\x1b[Kwarning: \x1b[m\x1b[Kunused parameter \xe2\x80\x98\x1b[01m\x1b[KerrMsg\x1b[m\x1b[K\xe2\x80\x99 [\x1b[01;35m\x1b[K-Wunused-parameter\x1b[m\x1b[K]\n'}
[66.997639] (rplidar_ros) StderrLine: {'line': b'   56 |         virtual void onDecodingError(\x1b[01;35m\x1b[Kint errMsg\x1b[m\x1b[K, _u8 ansType, const void* payload, size_t size) {}\n'}
[66.998306] (rplidar_ros) StderrLine: {'line': b'      |                                      \x1b[01;35m\x1b[K~~~~^~~~~~\x1b[m\x1b[K\n'}
[66.999452] (rplidar_ros) StderrLine: {'line': b'\x1b[01m\x1b[K/workspace/modubot_ws/src/rplidar_ros/sdk/src/dataunpacker/dataunpacker.h:56:54:\x1b[m\x1b[K \x1b[01;35m\x1b[Kwarning: \x1b[m\x1b[Kunused parameter \xe2\x80\x98\x1b[01m\x1b[KansType\x1b[m\x1b[K\xe2\x80\x99 [\x1b[01;35m\x1b[K-Wunused-parameter\x1b[m\x1b[K]\n'}
[67.000228] (rplidar_ros) StderrLine: {'line': b'   56 |         virtual void onDecodingError(int errMsg, \x1b[01;35m\x1b[K_u8 ansType\x1b[m\x1b[K, const void* payload, size_t size) {}\n'}
[67.000767] (rplidar_ros) StderrLine: {'line': b'      |                                                  \x1b[01;35m\x1b[K~~~~^~~~~~~\x1b[m\x1b[K\n'}
[67.001211] (rplidar_ros) StderrLine: {'line': b'\x1b[01m\x1b[K/workspace/modubot_ws/src/rplidar_ros/sdk/src/dataunpacker/dataunpacker.h:56:75:\x1b[m\x1b[K \x1b[01;35m\x1b[Kwarning: \x1b[m\x1b[Kunused parameter \xe2\x80\x98\x1b[01m\x1b[Kpayload\x1b[m\x1b[K\xe2\x80\x99 [\x1b[01;35m\x1b[K-Wunused-parameter\x1b[m\x1b[K]\n'}
[67.001642] (rplidar_ros) StderrLine: {'line': b'   56 |         virtual void onDecodingError(int errMsg, _u8 ansType, \x1b[01;35m\x1b[Kconst void* payload\x1b[m\x1b[K, size_t size) {}\n'}
[67.002009] (rplidar_ros) StderrLine: {'line': b'      |                                                               \x1b[01;35m\x1b[K~~~~~~~~~~~~^~~~~~~\x1b[m\x1b[K\n'}
[67.002518] (rplidar_ros) StderrLine: {'line': b'\x1b[01m\x1b[K/workspace/modubot_ws/src/rplidar_ros/sdk/src/dataunpacker/dataunpacker.h:56:91:\x1b[m\x1b[K \x1b[01;35m\x1b[Kwarning: \x1b[m\x1b[Kunused parameter \xe2\x80\x98\x1b[01m\x1b[Ksize\x1b[m\x1b[K\xe2\x80\x99 [\x1b[01;35m\x1b[K-Wunused-parameter\x1b[m\x1b[K]\n'}
[67.002919] (rplidar_ros) StderrLine: {'line': b'   56 |         virtual void onDecodingError(int errMsg, _u8 ansType, const void* payload, \x1b[01;35m\x1b[Ksize_t size\x1b[m\x1b[K) {}\n'}
[67.003279] (rplidar_ros) StderrLine: {'line': b'      |                                                                                    \x1b[01;35m\x1b[K~~~~~~~^~~~\x1b[m\x1b[K\n'}
[67.030373] (rplidar_ros) StderrLine: {'line': b'In file included from \x1b[01m\x1b[K/workspace/modubot_ws/src/rplidar_ros/sdk/src/sl_lidar_driver.cpp:51\x1b[m\x1b[K:\n'}
[67.030932] (rplidar_ros) StderrLine: {'line': b'\x1b[01m\x1b[K/workspace/modubot_ws/src/rplidar_ros/sdk/src/sl_async_transceiver.h:\x1b[m\x1b[K In member function \xe2\x80\x98\x1b[01m\x1b[Kvirtual void sl::internal::IAsyncProtocolCodec::onChannelError(u_result)\x1b[m\x1b[K\xe2\x80\x99:\n'}
[67.031541] (rplidar_ros) StderrLine: {'line': b'\x1b[01m\x1b[K/workspace/modubot_ws/src/rplidar_ros/sdk/src/sl_async_transceiver.h:90:48:\x1b[m\x1b[K \x1b[01;35m\x1b[Kwarning: \x1b[m\x1b[Kunused parameter \xe2\x80\x98\x1b[01m\x1b[KerrCode\x1b[m\x1b[K\xe2\x80\x99 [\x1b[01;35m\x1b[K-Wunused-parameter\x1b[m\x1b[K]\n'}
[67.032113] (rplidar_ros) StderrLine: {'line': b'   90 |         virtual void   onChannelError(\x1b[01;35m\x1b[Ku_result errCode\x1b[m\x1b[K) {}\n'}
[67.032660] (rplidar_ros) StderrLine: {'line': b'      |                                       \x1b[01;35m\x1b[K~~~~~~~~~^~~~~~~\x1b[m\x1b[K\n'}
[67.086643] (-) TimerEvent: {}
[67.124945] (rplidar_ros) StderrLine: {'line': b'\x1b[01m\x1b[K/workspace/modubot_ws/src/rplidar_ros/sdk/src/sl_lidar_driver.cpp:\x1b[m\x1b[K In member function \xe2\x80\x98\x1b[01m\x1b[Kvirtual sl_result sl::SlamtecLidarDriver::reset(sl_u32)\x1b[m\x1b[K\xe2\x80\x99:\n'}
[67.125521] (rplidar_ros) StderrLine: {'line': b'\x1b[01m\x1b[K/workspace/modubot_ws/src/rplidar_ros/sdk/src/sl_lidar_driver.cpp:511:32:\x1b[m\x1b[K \x1b[01;35m\x1b[Kwarning: \x1b[m\x1b[Kunused parameter \xe2\x80\x98\x1b[01m\x1b[KtimeoutInMs\x1b[m\x1b[K\xe2\x80\x99 [\x1b[01;35m\x1b[K-Wunused-parameter\x1b[m\x1b[K]\n'}
[67.125967] (rplidar_ros) StderrLine: {'line': b'  511 |         sl_result reset(\x1b[01;35m\x1b[Ksl_u32 timeoutInMs = DEFAULT_TIMEOUT\x1b[m\x1b[K)\n'}
[67.126461] (rplidar_ros) StderrLine: {'line': b'      |                         \x1b[01;35m\x1b[K~~~~~~~^~~~~~~~~~~~~~~~~~~~~~~~~~~~~\x1b[m\x1b[K\n'}
[67.141235] (rplidar_ros) StderrLine: {'line': b'\x1b[01m\x1b[K/workspace/modubot_ws/src/rplidar_ros/sdk/src/sl_lidar_driver.cpp:\x1b[m\x1b[K In member function \xe2\x80\x98\x1b[01m\x1b[Kvirtual sl_result sl::SlamtecLidarDriver::startScan(bool, bool, sl_u32, sl::LidarScanMode*)\x1b[m\x1b[K\xe2\x80\x99:\n'}
[67.141773] (rplidar_ros) StderrLine: {'line': b'\x1b[01m\x1b[K/workspace/modubot_ws/src/rplidar_ros/sdk/src/sl_lidar_driver.cpp:586:69:\x1b[m\x1b[K \x1b[01;35m\x1b[Kwarning: \x1b[m\x1b[Kunused parameter \xe2\x80\x98\x1b[01m\x1b[Koptions\x1b[m\x1b[K\xe2\x80\x99 [\x1b[01;35m\x1b[K-Wunused-parameter\x1b[m\x1b[K]\n'}
[67.142145] (rplidar_ros) StderrLine: {'line': b'  586 |         sl_result startScan(bool force, bool useTypicalScan, \x1b[01;35m\x1b[Ksl_u32 options = 0\x1b[m\x1b[K, LidarScanMode* outUsedScanMode = nullptr)\n'}
[67.142670] (rplidar_ros) StderrLine: {'line': b'      |                                                              \x1b[01;35m\x1b[K~~~~~~~^~~~~~~~~~~\x1b[m\x1b[K\n'}
[67.149853] (rplidar_ros) StderrLine: {'line': b'\x1b[01m\x1b[K/workspace/modubot_ws/src/rplidar_ros/sdk/src/sl_lidar_driver.cpp:\x1b[m\x1b[K In member function \xe2\x80\x98\x1b[01m\x1b[Kvirtual sl_result sl::SlamtecLidarDriver::stop(sl_u32)\x1b[m\x1b[K\xe2\x80\x99:\n'}
[67.150687] (rplidar_ros) StderrLine: {'line': b'\x1b[01m\x1b[K/workspace/modubot_ws/src/rplidar_ros/sdk/src/sl_lidar_driver.cpp:763:31:\x1b[m\x1b[K \x1b[01;35m\x1b[Kwarning: \x1b[m\x1b[Kunused parameter \xe2\x80\x98\x1b[01m\x1b[Ktimeout\x1b[m\x1b[K\xe2\x80\x99 [\x1b[01;35m\x1b[K-Wunused-parameter\x1b[m\x1b[K]\n'}
[67.151129] (rplidar_ros) StderrLine: {'line': b'  763 |         sl_result stop(\x1b[01;35m\x1b[Ksl_u32 timeout = DEFAULT_TIMEOUT\x1b[m\x1b[K)\n'}
[67.151526] (rplidar_ros) StderrLine: {'line': b'      |                        \x1b[01;35m\x1b[K~~~~~~~^~~~~~~~~~~~~~~~~~~~~~~~~\x1b[m\x1b[K\n'}
[67.157274] (rplidar_ros) StderrLine: {'line': b'\x1b[01m\x1b[K/workspace/modubot_ws/src/rplidar_ros/sdk/src/sl_lidar_driver.cpp:\x1b[m\x1b[K In member function \xe2\x80\x98\x1b[01m\x1b[Kvirtual sl_result sl::SlamtecLidarDriver::getFrequency(const sl::LidarScanMode&, const sl_lidar_response_measurement_node_hq_t*, size_t, float&)\x1b[m\x1b[K\xe2\x80\x99:\n'}
[67.157824] (rplidar_ros) StderrLine: {'line': b'\x1b[01m\x1b[K/workspace/modubot_ws/src/rplidar_ros/sdk/src/sl_lidar_driver.cpp:880:110:\x1b[m\x1b[K \x1b[01;35m\x1b[Kwarning: \x1b[m\x1b[Kunused parameter \xe2\x80\x98\x1b[01m\x1b[Knodes\x1b[m\x1b[K\xe2\x80\x99 [\x1b[01;35m\x1b[K-Wunused-parameter\x1b[m\x1b[K]\n'}
[67.158289] (rplidar_ros) StderrLine: {'line': b'  880 |         sl_result getFrequency(const LidarScanMode& scanMode, \x1b[01;35m\x1b[Kconst sl_lidar_response_measurement_node_hq_t* nodes\x1b[m\x1b[K, size_t count, float& frequency)\n'}
[67.158692] (rplidar_ros) StderrLine: {'line': b'      |                                                               \x1b[01;35m\x1b[K~~~~~~~~~~~~~~~~~~~~~~~~~~~~~~~~~~~~~~~~~~~~~~~^~~~~\x1b[m\x1b[K\n'}
[67.168357] (rplidar_ros) StderrLine: {'line': b'\x1b[01m\x1b[K/workspace/modubot_ws/src/rplidar_ros/sdk/src/sl_lidar_driver.cpp:\x1b[m\x1b[K In member function \xe2\x80\x98\x1b[01m\x1b[Kvirtual sl_result sl::SlamtecLidarDriver::getMotorInfo(sl::LidarMotorInfo&, sl_u32)\x1b[m\x1b[K\xe2\x80\x99:\n'}
[67.168953] (rplidar_ros) StderrLine: {'line': b'\x1b[01m\x1b[K/workspace/modubot_ws/src/rplidar_ros/sdk/src/sl_lidar_driver.cpp:1023:66:\x1b[m\x1b[K \x1b[01;35m\x1b[Kwarning: \x1b[m\x1b[Kunused parameter \xe2\x80\x98\x1b[01m\x1b[KtimeoutInMs\x1b[m\x1b[K\xe2\x80\x99 [\x1b[01;35m\x1b[K-Wunused-parameter\x1b[m\x1b[K]\n'}
[67.169363] (rplidar_ros) StderrLine: {'line': b' 1023 |         sl_result getMotorInfo(LidarMotorInfo &motorInfo, \x1b[01;35m\x1b[Ksl_u32 timeoutInMs\x1b[m\x1b[K)\n'}
[67.169708] (rplidar_ros) StderrLine: {'line': b'      |                                                           \x1b[01;35m\x1b[K~~~~~~~^~~~~~~~~~~\x1b[m\x1b[K\n'}
[67.173882] (rplidar_ros) StderrLine: {'line': b'\x1b[01m\x1b[K/workspace/modubot_ws/src/rplidar_ros/sdk/src/sl_lidar_driver.cpp:\x1b[m\x1b[K In member function \xe2\x80\x98\x1b[01m\x1b[Ku_result sl::SlamtecLidarDriver::getScanModeCount(sl_u16&, sl_u32)\x1b[m\x1b[K\xe2\x80\x99:\n'}
[67.174500] (rplidar_ros) StderrLine: {'line': b'\x1b[01m\x1b[K/workspace/modubot_ws/src/rplidar_ros/sdk/src/sl_lidar_driver.cpp:1199:61:\x1b[m\x1b[K \x1b[01;35m\x1b[Kwarning: \x1b[m\x1b[Kunused parameter \xe2\x80\x98\x1b[01m\x1b[KtimeoutInMs\x1b[m\x1b[K\xe2\x80\x99 [\x1b[01;35m\x1b[K-Wunused-parameter\x1b[m\x1b[K]\n'}
[67.174944] (rplidar_ros) StderrLine: {'line': b' 1199 |         u_result getScanModeCount(sl_u16& modeCount, \x1b[01;35m\x1b[Ksl_u32 timeoutInMs = DEFAULT_TIMEOUT\x1b[m\x1b[K)\n'}
[67.175334] (rplidar_ros) StderrLine: {'line': b'      |                                                      \x1b[01;35m\x1b[K~~~~~~~^~~~~~~~~~~~~~~~~~~~~~~~~~~~~\x1b[m\x1b[K\n'}
[67.186875] (-) TimerEvent: {}
[67.240846] (rplidar_ros) StderrLine: {'line': b'In file included from \x1b[01m\x1b[K/workspace/modubot_ws/src/rplidar_ros/sdk/include/rplidar_protocol.h:36\x1b[m\x1b[K,\n'}
[67.241399] (rplidar_ros) StderrLine: {'line': b'                 from \x1b[01m\x1b[K/workspace/modubot_ws/src/rplidar_ros/sdk/include/rplidar.h:39\x1b[m\x1b[K,\n'}
[67.241875] (rplidar_ros) StderrLine: {'line': b'                 from \x1b[01m\x1b[K/workspace/modubot_ws/src/rplidar_ros/sdk/src/sdkcommon.h:49\x1b[m\x1b[K,\n'}
[67.242420] (rplidar_ros) StderrLine: {'line': b'                 from \x1b[01m\x1b[K/workspace/modubot_ws/src/rplidar_ros/sdk/src/sl_lidarprotocol_codec.cpp:35\x1b[m\x1b[K:\n'}
[67.243146] (rplidar_ros) StderrLine: {'line': b'\x1b[01m\x1b[K/workspace/modubot_ws/src/rplidar_ros/sdk/include/sl_lidar_protocol.h:66:16:\x1b[m\x1b[K \x1b[01;35m\x1b[Kwarning: \x1b[m\x1b[KISO C++ forbids zero-size array \xe2\x80\x98\x1b[01m\x1b[Kdata\x1b[m\x1b[K\xe2\x80\x99 [\x1b[01;35m\x1b[K-Wpedantic\x1b[m\x1b[K]\n'}
[67.243561] (rplidar_ros) StderrLine: {'line': b'   66 |     sl_u8 data[\x1b[01;35m\x1b[K0\x1b[m\x1b[K];\n'}
[67.243923] (rplidar_ros) StderrLine: {'line': b'      |                \x1b[01;35m\x1b[K^\x1b[m\x1b[K\n'}
[67.244276] (rplidar_ros) StderrLine: {'line': b'In file included from \x1b[01m\x1b[K/workspace/modubot_ws/src/rplidar_ros/sdk/include/rplidar_cmd.h:36\x1b[m\x1b[K,\n'}
[67.244621] (rplidar_ros) StderrLine: {'line': b'                 from \x1b[01m\x1b[K/workspace/modubot_ws/src/rplidar_ros/sdk/include/rplidar.h:40\x1b[m\x1b[K,\n'}
[67.244985] (rplidar_ros) StderrLine: {'line': b'                 from \x1b[01m\x1b[K/workspace/modubot_ws/src/rplidar_ros/sdk/src/sdkcommon.h:49\x1b[m\x1b[K,\n'}
[67.245653] (rplidar_ros) StderrLine: {'line': b'                 from \x1b[01m\x1b[K/workspace/modubot_ws/src/rplidar_ros/sdk/src/sl_lidarprotocol_codec.cpp:35\x1b[m\x1b[K:\n'}
[67.246066] (rplidar_ros) StderrLine: {'line': b'\x1b[01m\x1b[K/workspace/modubot_ws/src/rplidar_ros/sdk/include/sl_lidar_cmd.h:324:20:\x1b[m\x1b[K \x1b[01;35m\x1b[Kwarning: \x1b[m\x1b[KISO C++ forbids zero-size array \xe2\x80\x98\x1b[01m\x1b[Kpayload\x1b[m\x1b[K\xe2\x80\x99 [\x1b[01;35m\x1b[K-Wpedantic\x1b[m\x1b[K]\n'}
[67.246673] (rplidar_ros) StderrLine: {'line': b'  324 |     sl_u8  payload[\x1b[01;35m\x1b[K0\x1b[m\x1b[K];\n'}
[67.247065] (rplidar_ros) StderrLine: {'line': b'      |                    \x1b[01;35m\x1b[K^\x1b[m\x1b[K\n'}
[67.287042] (-) TimerEvent: {}
[67.359550] (rplidar_ros) StderrLine: {'line': b'/workspace/modubot_ws/src/rplidar_ros/sdk/src/sl_lidar_driver.cpp: In instantiation of \xe2\x80\x98\x1b[01m\x1b[Kvoid sl::RawSampleNodeHolder<T>::pushNode(_u64, const T*) [with T = sl_lidar_response_measurement_node_hq_t; _u64 = long unsigned int]\x1b[m\x1b[K\xe2\x80\x99:\n'}
[67.360167] (rplidar_ros) StderrLine: {'line': b'\x1b[01m\x1b[K/workspace/modubot_ws/src/rplidar_ros/sdk/src/sl_lidar_driver.cpp:1648:42:\x1b[m\x1b[K   required from here\n'}
[67.360623] (rplidar_ros) StderrLine: {'line': b'\x1b[01m\x1b[K/workspace/modubot_ws/src/rplidar_ros/sdk/src/sl_lidar_driver.cpp:202:28:\x1b[m\x1b[K \x1b[01;35m\x1b[Kwarning: \x1b[m\x1b[Kunused parameter \xe2\x80\x98\x1b[01m\x1b[Ktimestamp_uS\x1b[m\x1b[K\xe2\x80\x99 [\x1b[01;35m\x1b[K-Wunused-parameter\x1b[m\x1b[K]\n'}
[67.361041] (rplidar_ros) StderrLine: {'line': b'  202 |         void pushNode(\x1b[01;35m\x1b[K_u64 timestamp_uS\x1b[m\x1b[K, const T* node)\n'}
[67.361458] (rplidar_ros) StderrLine: {'line': b'      |                       \x1b[01;35m\x1b[K~~~~~^~~~~~~~~~~~\x1b[m\x1b[K\n'}
[67.387214] (-) TimerEvent: {}
[67.489595] (-) TimerEvent: {}
[67.590287] (-) TimerEvent: {}
[67.614340] (rplidar_ros) StdoutLine: {'line': b'[ 89%] \x1b[32mBuilding CXX object CMakeFiles/rplidar_composition.dir/sdk/src/hal/thread.cpp.o\x1b[0m\n'}
[67.690463] (-) TimerEvent: {}
[67.791163] (-) TimerEvent: {}
[67.885508] (rplidar_ros) StderrLine: {'line': b'\x1b[01m\x1b[K/workspace/modubot_ws/src/rplidar_ros/sdk/src/sl_lidar_driver.cpp:\x1b[m\x1b[K At global scope:\n'}
[67.886461] (rplidar_ros) StderrLine: {'line': b'\x1b[01m\x1b[K/workspace/modubot_ws/src/rplidar_ros/sdk/src/sl_lidar_driver.cpp:83:17:\x1b[m\x1b[K \x1b[01;35m\x1b[Kwarning: \x1b[m\x1b[K\xe2\x80\x98\x1b[01m\x1b[Kvoid sl::convert(const sl_lidar_response_measurement_node_hq_t&, sl_lidar_response_measurement_node_t&)\x1b[m\x1b[K\xe2\x80\x99 defined but not used [\x1b[01;35m\x1b[K-Wunused-function\x1b[m\x1b[K]\n'}
[67.887297] (rplidar_ros) StderrLine: {'line': b'   83 |     static void \x1b[01;35m\x1b[Kconvert\x1b[m\x1b[K(const sl_lidar_response_measurement_node_hq_t& from, sl_lidar_response_measurement_node_t& to)\n'}
[67.888077] (rplidar_ros) StderrLine: {'line': b'      |                 \x1b[01;35m\x1b[K^~~~~~~\x1b[m\x1b[K\n'}
[67.888971] (rplidar_ros) StderrLine: {'line': b'\x1b[01m\x1b[K/workspace/modubot_ws/src/rplidar_ros/sdk/src/sl_lidar_driver.cpp:75:17:\x1b[m\x1b[K \x1b[01;35m\x1b[Kwarning: \x1b[m\x1b[K\xe2\x80\x98\x1b[01m\x1b[Kvoid sl::convert(const sl_lidar_response_measurement_node_t&, sl_lidar_response_measurement_node_hq_t&)\x1b[m\x1b[K\xe2\x80\x99 defined but not used [\x1b[01;35m\x1b[K-Wunused-function\x1b[m\x1b[K]\n'}
[67.889749] (rplidar_ros) StderrLine: {'line': b'   75 |     static void \x1b[01;35m\x1b[Kconvert\x1b[m\x1b[K(const sl_lidar_response_measurement_node_t& from, sl_lidar_response_measurement_node_hq_t& to)\n'}
[67.890512] (rplidar_ros) StderrLine: {'line': b'      |                 \x1b[01;35m\x1b[K^~~~~~~\x1b[m\x1b[K\n'}
[67.891321] (-) TimerEvent: {}
[67.893361] (rplidar_ros) StderrLine: {'line': b'\x1b[01m\x1b[K/workspace/modubot_ws/src/rplidar_ros/sdk/src/sl_lidar_driver.cpp:70:17:\x1b[m\x1b[K \x1b[01;35m\x1b[Kwarning: \x1b[m\x1b[K\xe2\x80\x98\x1b[01m\x1b[Kvoid sl::printDeprecationWarn(const char*, const char*)\x1b[m\x1b[K\xe2\x80\x99 defined but not used [\x1b[01;35m\x1b[K-Wunused-function\x1b[m\x1b[K]\n'}
[67.894133] (rplidar_ros) StderrLine: {'line': b'   70 |     static void \x1b[01;35m\x1b[KprintDeprecationWarn\x1b[m\x1b[K(const char* fn, const char* replacement)\n'}
[67.894876] (rplidar_ros) StderrLine: {'line': b'      |                 \x1b[01;35m\x1b[K^~~~~~~~~~~~~~~~~~~~\x1b[m\x1b[K\n'}
[67.991518] (-) TimerEvent: {}
[68.093411] (-) TimerEvent: {}
[68.123801] (rplidar_ros) StderrLine: {'line': b'In file included from \x1b[01m\x1b[K/workspace/modubot_ws/src/rplidar_ros/sdk/src/sl_lidarprotocol_codec.cpp:49\x1b[m\x1b[K:\n'}
[68.124636] (rplidar_ros) StderrLine: {'line': b'\x1b[01m\x1b[K/workspace/modubot_ws/src/rplidar_ros/sdk/src/sl_async_transceiver.h:\x1b[m\x1b[K In member function \xe2\x80\x98\x1b[01m\x1b[Kvirtual void sl::internal::IAsyncProtocolCodec::onChannelError(u_result)\x1b[m\x1b[K\xe2\x80\x99:\n'}
[68.125346] (rplidar_ros) StderrLine: {'line': b'\x1b[01m\x1b[K/workspace/modubot_ws/src/rplidar_ros/sdk/src/sl_async_transceiver.h:90:48:\x1b[m\x1b[K \x1b[01;35m\x1b[Kwarning: \x1b[m\x1b[Kunused parameter \xe2\x80\x98\x1b[01m\x1b[KerrCode\x1b[m\x1b[K\xe2\x80\x99 [\x1b[01;35m\x1b[K-Wunused-parameter\x1b[m\x1b[K]\n'}
[68.126072] (rplidar_ros) StderrLine: {'line': b'   90 |         virtual void   onChannelError(\x1b[01;35m\x1b[Ku_result errCode\x1b[m\x1b[K) {}\n'}
[68.126808] (rplidar_ros) StderrLine: {'line': b'      |                                       \x1b[01;35m\x1b[K~~~~~~~~~^~~~~~~\x1b[m\x1b[K\n'}
[68.193601] (-) TimerEvent: {}
[68.294893] (-) TimerEvent: {}
[68.344922] (rplidar_ros) StderrLine: {'line': b'In file included from \x1b[01m\x1b[K/workspace/modubot_ws/src/rplidar_ros/sdk/include/rplidar_protocol.h:36\x1b[m\x1b[K,\n'}
[68.345776] (rplidar_ros) StderrLine: {'line': b'                 from \x1b[01m\x1b[K/workspace/modubot_ws/src/rplidar_ros/sdk/include/rplidar.h:39\x1b[m\x1b[K,\n'}
[68.346513] (rplidar_ros) StderrLine: {'line': b'                 from \x1b[01m\x1b[K/workspace/modubot_ws/src/rplidar_ros/sdk/src/sdkcommon.h:49\x1b[m\x1b[K,\n'}
[68.347295] (rplidar_ros) StderrLine: {'line': b'                 from \x1b[01m\x1b[K/workspace/modubot_ws/src/rplidar_ros/sdk/src/rplidar_driver.cpp:33\x1b[m\x1b[K:\n'}
[68.348024] (rplidar_ros) StderrLine: {'line': b'\x1b[01m\x1b[K/workspace/modubot_ws/src/rplidar_ros/sdk/include/sl_lidar_protocol.h:66:16:\x1b[m\x1b[K \x1b[01;35m\x1b[Kwarning: \x1b[m\x1b[KISO C++ forbids zero-size array \xe2\x80\x98\x1b[01m\x1b[Kdata\x1b[m\x1b[K\xe2\x80\x99 [\x1b[01;35m\x1b[K-Wpedantic\x1b[m\x1b[K]\n'}
[68.348712] (rplidar_ros) StderrLine: {'line': b'   66 |     sl_u8 data[\x1b[01;35m\x1b[K0\x1b[m\x1b[K];\n'}
[68.349499] (rplidar_ros) StderrLine: {'line': b'      |                \x1b[01;35m\x1b[K^\x1b[m\x1b[K\n'}
[68.352360] (rplidar_ros) StderrLine: {'line': b'In file included from \x1b[01m\x1b[K/workspace/modubot_ws/src/rplidar_ros/sdk/include/rplidar_cmd.h:36\x1b[m\x1b[K,\n'}
[68.353171] (rplidar_ros) StderrLine: {'line': b'                 from \x1b[01m\x1b[K/workspace/modubot_ws/src/rplidar_ros/sdk/include/rplidar.h:40\x1b[m\x1b[K,\n'}
[68.353850] (rplidar_ros) StderrLine: {'line': b'                 from \x1b[01m\x1b[K/workspace/modubot_ws/src/rplidar_ros/sdk/src/sdkcommon.h:49\x1b[m\x1b[K,\n'}
[68.354634] (rplidar_ros) StderrLine: {'line': b'                 from \x1b[01m\x1b[K/workspace/modubot_ws/src/rplidar_ros/sdk/src/rplidar_driver.cpp:33\x1b[m\x1b[K:\n'}
[68.355357] (rplidar_ros) StderrLine: {'line': b'\x1b[01m\x1b[K/workspace/modubot_ws/src/rplidar_ros/sdk/include/sl_lidar_cmd.h:324:20:\x1b[m\x1b[K \x1b[01;35m\x1b[Kwarning: \x1b[m\x1b[KISO C++ forbids zero-size array \xe2\x80\x98\x1b[01m\x1b[Kpayload\x1b[m\x1b[K\xe2\x80\x99 [\x1b[01;35m\x1b[K-Wpedantic\x1b[m\x1b[K]\n'}
[68.356023] (rplidar_ros) StderrLine: {'line': b'  324 |     sl_u8  payload[\x1b[01;35m\x1b[K0\x1b[m\x1b[K];\n'}
[68.356660] (rplidar_ros) StderrLine: {'line': b'      |                    \x1b[01;35m\x1b[K^\x1b[m\x1b[K\n'}
[68.395079] (-) TimerEvent: {}
[68.497158] (-) TimerEvent: {}
[68.599275] (-) TimerEvent: {}
[68.656657] (rplidar_ros) StdoutLine: {'line': b'[ 92%] \x1b[32mBuilding CXX object CMakeFiles/rplidar_composition.dir/sdk/src/sl_serial_channel.cpp.o\x1b[0m\n'}
[68.699460] (-) TimerEvent: {}
[68.801014] (-) TimerEvent: {}
[68.902951] (-) TimerEvent: {}
[69.004606] (-) TimerEvent: {}
[69.049471] (rplidar_ros) StderrLine: {'line': b'\x1b[01m\x1b[K/workspace/modubot_ws/src/rplidar_ros/sdk/src/rplidar_driver.cpp:\x1b[m\x1b[K In member function \xe2\x80\x98\x1b[01m\x1b[Ku_result rp::standalone::rplidar::RPlidarDriver::connect(const char*, _u32, _u32)\x1b[m\x1b[K\xe2\x80\x99:\n'}
[69.050106] (rplidar_ros) StderrLine: {'line': b'\x1b[01m\x1b[K/workspace/modubot_ws/src/rplidar_ros/sdk/src/rplidar_driver.cpp:67:77:\x1b[m\x1b[K \x1b[01;35m\x1b[Kwarning: \x1b[m\x1b[Kunused parameter \xe2\x80\x98\x1b[01m\x1b[Kflag\x1b[m\x1b[K\xe2\x80\x99 [\x1b[01;35m\x1b[K-Wunused-parameter\x1b[m\x1b[K]\n'}
[69.050715] (rplidar_ros) StderrLine: {'line': b'   67 |     u_result RPlidarDriver::connect(const char *path, _u32 portOrBaud, \x1b[01;35m\x1b[K_u32 flag\x1b[m\x1b[K)\n'}
[69.051239] (rplidar_ros) StderrLine: {'line': b'      |                                                                        \x1b[01;35m\x1b[K~~~~~^~~~\x1b[m\x1b[K\n'}
[69.052971] (rplidar_ros) StderrLine: {'line': b'\x1b[01m\x1b[K/workspace/modubot_ws/src/rplidar_ros/sdk/src/rplidar_driver.cpp:\x1b[m\x1b[K In member function \xe2\x80\x98\x1b[01m\x1b[Ku_result rp::standalone::rplidar::RPlidarDriver::reset(_u32)\x1b[m\x1b[K\xe2\x80\x99:\n'}
[69.053574] (rplidar_ros) StderrLine: {'line': b'\x1b[01m\x1b[K/workspace/modubot_ws/src/rplidar_ros/sdk/src/rplidar_driver.cpp:101:40:\x1b[m\x1b[K \x1b[01;35m\x1b[Kwarning: \x1b[m\x1b[Kunused parameter \xe2\x80\x98\x1b[01m\x1b[Ktimeout\x1b[m\x1b[K\xe2\x80\x99 [\x1b[01;35m\x1b[K-Wunused-parameter\x1b[m\x1b[K]\n'}
[69.054041] (rplidar_ros) StderrLine: {'line': b'  101 |     u_result RPlidarDriver::reset(\x1b[01;35m\x1b[K_u32 timeout\x1b[m\x1b[K)\n'}
[69.054833] (rplidar_ros) StderrLine: {'line': b'      |                                   \x1b[01;35m\x1b[K~~~~~^~~~~~~\x1b[m\x1b[K\n'}
[69.057248] (rplidar_ros) StderrLine: {'line': b'\x1b[01m\x1b[K/workspace/modubot_ws/src/rplidar_ros/sdk/src/rplidar_driver.cpp:\x1b[m\x1b[K In member function \xe2\x80\x98\x1b[01m\x1b[Ku_result rp::standalone::rplidar::RPlidarDriver::getScanDataWithInterval(rplidar_response_measurement_node_t*, size_t&)\x1b[m\x1b[K\xe2\x80\x99:\n'}
[69.058369] (rplidar_ros) StderrLine: {'line': b'\x1b[01m\x1b[K/workspace/modubot_ws/src/rplidar_ros/sdk/src/rplidar_driver.cpp:180:91:\x1b[m\x1b[K \x1b[01;35m\x1b[Kwarning: \x1b[m\x1b[Kunused parameter \xe2\x80\x98\x1b[01m\x1b[Knodebuffer\x1b[m\x1b[K\xe2\x80\x99 [\x1b[01;35m\x1b[K-Wunused-parameter\x1b[m\x1b[K]\n'}
[69.058984] (rplidar_ros) StderrLine: {'line': b'  180 |     u_result RPlidarDriver::getScanDataWithInterval(\x1b[01;35m\x1b[Krplidar_response_measurement_node_t * nodebuffer\x1b[m\x1b[K, size_t & count)\n'}
[69.059493] (rplidar_ros) StderrLine: {'line': b'      |                                                     \x1b[01;35m\x1b[K~~~~~~~~~~~~~~~~~~~~~~~~~~~~~~~~~~~~~~^~~~~~~~~~\x1b[m\x1b[K\n'}
[69.059976] (rplidar_ros) StderrLine: {'line': b'\x1b[01m\x1b[K/workspace/modubot_ws/src/rplidar_ros/sdk/src/rplidar_driver.cpp:180:112:\x1b[m\x1b[K \x1b[01;35m\x1b[Kwarning: \x1b[m\x1b[Kunused parameter \xe2\x80\x98\x1b[01m\x1b[Kcount\x1b[m\x1b[K\xe2\x80\x99 [\x1b[01;35m\x1b[K-Wunused-parameter\x1b[m\x1b[K]\n'}
[69.060436] (rplidar_ros) StderrLine: {'line': b'  180 |     u_result RPlidarDriver::getScanDataWithInterval(rplidar_response_measurement_node_t * nodebuffer, \x1b[01;35m\x1b[Ksize_t & count\x1b[m\x1b[K)\n'}
[69.060877] (rplidar_ros) StderrLine: {'line': b'      |                                                                                                       \x1b[01;35m\x1b[K~~~~~~~~~^~~~~\x1b[m\x1b[K\n'}
[69.104804] (-) TimerEvent: {}
[69.205529] (-) TimerEvent: {}
[69.307263] (-) TimerEvent: {}
[69.409607] (-) TimerEvent: {}
[69.465677] (rplidar_ros) StderrLine: {'line': b'In file included from \x1b[01m\x1b[K/workspace/modubot_ws/src/rplidar_ros/sdk/include/rplidar_protocol.h:36\x1b[m\x1b[K,\n'}
[69.466562] (rplidar_ros) StderrLine: {'line': b'                 from \x1b[01m\x1b[K/workspace/modubot_ws/src/rplidar_ros/sdk/include/rplidar.h:39\x1b[m\x1b[K,\n'}
[69.467301] (rplidar_ros) StderrLine: {'line': b'                 from \x1b[01m\x1b[K/workspace/modubot_ws/src/rplidar_ros/sdk/src/sdkcommon.h:49\x1b[m\x1b[K,\n'}
[69.468204] (rplidar_ros) StderrLine: {'line': b'                 from \x1b[01m\x1b[K/workspace/modubot_ws/src/rplidar_ros/sdk/src/hal/thread.cpp:35\x1b[m\x1b[K:\n'}
[69.469044] (rplidar_ros) StderrLine: {'line': b'\x1b[01m\x1b[K/workspace/modubot_ws/src/rplidar_ros/sdk/include/sl_lidar_protocol.h:66:16:\x1b[m\x1b[K \x1b[01;35m\x1b[Kwarning: \x1b[m\x1b[KISO C++ forbids zero-size array \xe2\x80\x98\x1b[01m\x1b[Kdata\x1b[m\x1b[K\xe2\x80\x99 [\x1b[01;35m\x1b[K-Wpedantic\x1b[m\x1b[K]\n'}
[69.469791] (rplidar_ros) StderrLine: {'line': b'   66 |     sl_u8 data[\x1b[01;35m\x1b[K0\x1b[m\x1b[K];\n'}
[69.470570] (rplidar_ros) StderrLine: {'line': b'      |                \x1b[01;35m\x1b[K^\x1b[m\x1b[K\n'}
[69.473434] (rplidar_ros) StderrLine: {'line': b'In file included from \x1b[01m\x1b[K/workspace/modubot_ws/src/rplidar_ros/sdk/include/rplidar_cmd.h:36\x1b[m\x1b[K,\n'}
[69.474305] (rplidar_ros) StderrLine: {'line': b'                 from \x1b[01m\x1b[K/workspace/modubot_ws/src/rplidar_ros/sdk/include/rplidar.h:40\x1b[m\x1b[K,\n'}
[69.475286] (rplidar_ros) StderrLine: {'line': b'                 from \x1b[01m\x1b[K/workspace/modubot_ws/src/rplidar_ros/sdk/src/sdkcommon.h:49\x1b[m\x1b[K,\n'}
[69.475789] (rplidar_ros) StderrLine: {'line': b'                 from \x1b[01m\x1b[K/workspace/modubot_ws/src/rplidar_ros/sdk/src/hal/thread.cpp:35\x1b[m\x1b[K:\n'}
[69.476240] (rplidar_ros) StderrLine: {'line': b'\x1b[01m\x1b[K/workspace/modubot_ws/src/rplidar_ros/sdk/include/sl_lidar_cmd.h:324:20:\x1b[m\x1b[K \x1b[01;35m\x1b[Kwarning: \x1b[m\x1b[KISO C++ forbids zero-size array \xe2\x80\x98\x1b[01m\x1b[Kpayload\x1b[m\x1b[K\xe2\x80\x99 [\x1b[01;35m\x1b[K-Wpedantic\x1b[m\x1b[K]\n'}
[69.476670] (rplidar_ros) StderrLine: {'line': b'  324 |     sl_u8  payload[\x1b[01;35m\x1b[K0\x1b[m\x1b[K];\n'}
[69.477050] (rplidar_ros) StderrLine: {'line': b'      |                    \x1b[01;35m\x1b[K^\x1b[m\x1b[K\n'}
[69.509794] (-) TimerEvent: {}
[69.550304] (rplidar_ros) StdoutLine: {'line': b'[ 94%] \x1b[32mBuilding CXX object CMakeFiles/rplidar_composition.dir/sdk/src/sl_tcp_channel.cpp.o\x1b[0m\n'}
[69.609984] (-) TimerEvent: {}
[69.691965] (rplidar_ros) StderrLine: {'line': b'In file included from \x1b[01m\x1b[K/workspace/modubot_ws/src/rplidar_ros/sdk/src/hal/thread.cpp:43\x1b[m\x1b[K:\n'}
[69.692555] (rplidar_ros) StderrLine: {'line': b'\x1b[01m\x1b[K/workspace/modubot_ws/src/rplidar_ros/sdk/src/arch/linux/thread.hpp:\x1b[m\x1b[K In static member function \xe2\x80\x98\x1b[01m\x1b[Kstatic rp::hal::Thread rp::hal::Thread::create(thread_proc_t, void*)\x1b[m\x1b[K\xe2\x80\x99:\n'}
[69.692975] (rplidar_ros) StderrLine: {'line': b'\x1b[01m\x1b[K/workspace/modubot_ws/src/rplidar_ros/sdk/src/arch/linux/thread.hpp:52:57:\x1b[m\x1b[K \x1b[01;35m\x1b[Kwarning: \x1b[m\x1b[Kcast between incompatible function types from \xe2\x80\x98\x1b[01m\x1b[Kthread_proc_t\x1b[m\x1b[K\xe2\x80\x99 {aka \xe2\x80\x98\x1b[01m\x1b[Klong unsigned int (*)(void*)\x1b[m\x1b[K\xe2\x80\x99} to \xe2\x80\x98\x1b[01m\x1b[Kvoid* (*)(void*)\x1b[m\x1b[K\xe2\x80\x99 [\x1b[01;35m\x1b[K-Wcast-function-type\x1b[m\x1b[K]\n'}
[69.693392] (rplidar_ros) StderrLine: {'line': b'   52 |     pthread_create((pthread_t *)&newborn._handle, NULL, \x1b[01;35m\x1b[K(void * (*)(void *))proc\x1b[m\x1b[K, data);\n'}
[69.693802] (rplidar_ros) StderrLine: {'line': b'      |                                                         \x1b[01;35m\x1b[K^~~~~~~~~~~~~~~~~~~~~~~~\x1b[m\x1b[K\n'}
[69.695653] (rplidar_ros) StderrLine: {'line': b'\x1b[01m\x1b[K/workspace/modubot_ws/src/rplidar_ros/sdk/src/arch/linux/thread.hpp:\x1b[m\x1b[K In member function \xe2\x80\x98\x1b[01m\x1b[Ku_result rp::hal::Thread::join(long unsigned int)\x1b[m\x1b[K\xe2\x80\x99:\n'}
[69.696239] (rplidar_ros) StderrLine: {'line': b'\x1b[01m\x1b[K/workspace/modubot_ws/src/rplidar_ros/sdk/src/arch/linux/thread.hpp:176:37:\x1b[m\x1b[K \x1b[01;35m\x1b[Kwarning: \x1b[m\x1b[Kunused parameter \xe2\x80\x98\x1b[01m\x1b[Ktimeout\x1b[m\x1b[K\xe2\x80\x99 [\x1b[01;35m\x1b[K-Wunused-parameter\x1b[m\x1b[K]\n'}
[69.696688] (rplidar_ros) StderrLine: {'line': b'  176 | u_result Thread::join(\x1b[01;35m\x1b[Kunsigned long timeout\x1b[m\x1b[K)\n'}
[69.697090] (rplidar_ros) StderrLine: {'line': b'      |                       \x1b[01;35m\x1b[K~~~~~~~~~~~~~~^~~~~~~\x1b[m\x1b[K\n'}
[69.710217] (-) TimerEvent: {}
[69.756014] (rplidar_ros) StdoutLine: {'line': b'[ 97%] \x1b[32mBuilding CXX object CMakeFiles/rplidar_composition.dir/sdk/src/sl_udp_channel.cpp.o\x1b[0m\n'}
[69.810347] (-) TimerEvent: {}
[69.870988] (rplidar_ros) StderrLine: {'line': b'In file included from \x1b[01m\x1b[K/workspace/modubot_ws/src/rplidar_ros/sdk/include/sl_lidar_cmd.h:41\x1b[m\x1b[K,\n'}
[69.871558] (rplidar_ros) StderrLine: {'line': b'                 from \x1b[01m\x1b[K/workspace/modubot_ws/src/rplidar_ros/sdk/include/sl_lidar_driver.h:54\x1b[m\x1b[K,\n'}
[69.871919] (rplidar_ros) StderrLine: {'line': b'                 from \x1b[01m\x1b[K/workspace/modubot_ws/src/rplidar_ros/sdk/src/sl_serial_channel.cpp:33\x1b[m\x1b[K:\n'}
[69.872275] (rplidar_ros) StderrLine: {'line': b'\x1b[01m\x1b[K/workspace/modubot_ws/src/rplidar_ros/sdk/include/sl_lidar_protocol.h:66:16:\x1b[m\x1b[K \x1b[01;35m\x1b[Kwarning: \x1b[m\x1b[KISO C++ forbids zero-size array \xe2\x80\x98\x1b[01m\x1b[Kdata\x1b[m\x1b[K\xe2\x80\x99 [\x1b[01;35m\x1b[K-Wpedantic\x1b[m\x1b[K]\n'}
[69.872621] (rplidar_ros) StderrLine: {'line': b'   66 |     sl_u8 data[\x1b[01;35m\x1b[K0\x1b[m\x1b[K];\n'}
[69.872979] (rplidar_ros) StderrLine: {'line': b'      |                \x1b[01;35m\x1b[K^\x1b[m\x1b[K\n'}
[69.873582] (rplidar_ros) StderrLine: {'line': b'In file included from \x1b[01m\x1b[K/workspace/modubot_ws/src/rplidar_ros/sdk/include/sl_lidar_driver.h:54\x1b[m\x1b[K,\n'}
[69.873996] (rplidar_ros) StderrLine: {'line': b'                 from \x1b[01m\x1b[K/workspace/modubot_ws/src/rplidar_ros/sdk/src/sl_serial_channel.cpp:33\x1b[m\x1b[K:\n'}
[69.874419] (rplidar_ros) StderrLine: {'line': b'\x1b[01m\x1b[K/workspace/modubot_ws/src/rplidar_ros/sdk/include/sl_lidar_cmd.h:324:20:\x1b[m\x1b[K \x1b[01;35m\x1b[Kwarning: \x1b[m\x1b[KISO C++ forbids zero-size array \xe2\x80\x98\x1b[01m\x1b[Kpayload\x1b[m\x1b[K\xe2\x80\x99 [\x1b[01;35m\x1b[K-Wpedantic\x1b[m\x1b[K]\n'}
[69.874795] (rplidar_ros) StderrLine: {'line': b'  324 |     sl_u8  payload[\x1b[01;35m\x1b[K0\x1b[m\x1b[K];\n'}
[69.875163] (rplidar_ros) StderrLine: {'line': b'      |                    \x1b[01;35m\x1b[K^\x1b[m\x1b[K\n'}
[69.910519] (-) TimerEvent: {}
[70.011250] (-) TimerEvent: {}
[70.113228] (-) TimerEvent: {}
[70.213935] (-) TimerEvent: {}
[70.314675] (-) TimerEvent: {}
[70.415307] (-) TimerEvent: {}
[70.515937] (-) TimerEvent: {}
[70.616634] (-) TimerEvent: {}
[70.626931] (rplidar_ros) StderrLine: {'line': b'In file included from \x1b[01m\x1b[K/workspace/modubot_ws/src/rplidar_ros/sdk/include/sl_lidar_cmd.h:41\x1b[m\x1b[K,\n'}
[70.627454] (rplidar_ros) StderrLine: {'line': b'                 from \x1b[01m\x1b[K/workspace/modubot_ws/src/rplidar_ros/sdk/include/sl_lidar_driver.h:54\x1b[m\x1b[K,\n'}
[70.627799] (rplidar_ros) StderrLine: {'line': b'                 from \x1b[01m\x1b[K/workspace/modubot_ws/src/rplidar_ros/sdk/src/sl_tcp_channel.cpp:33\x1b[m\x1b[K:\n'}
[70.628188] (rplidar_ros) StderrLine: {'line': b'\x1b[01m\x1b[K/workspace/modubot_ws/src/rplidar_ros/sdk/include/sl_lidar_protocol.h:66:16:\x1b[m\x1b[K \x1b[01;35m\x1b[Kwarning: \x1b[m\x1b[KISO C++ forbids zero-size array \xe2\x80\x98\x1b[01m\x1b[Kdata\x1b[m\x1b[K\xe2\x80\x99 [\x1b[01;35m\x1b[K-Wpedantic\x1b[m\x1b[K]\n'}
[70.628580] (rplidar_ros) StderrLine: {'line': b'   66 |     sl_u8 data[\x1b[01;35m\x1b[K0\x1b[m\x1b[K];\n'}
[70.629157] (rplidar_ros) StderrLine: {'line': b'      |                \x1b[01;35m\x1b[K^\x1b[m\x1b[K\n'}
[70.629517] (rplidar_ros) StderrLine: {'line': b'In file included from \x1b[01m\x1b[K/workspace/modubot_ws/src/rplidar_ros/sdk/include/sl_lidar_driver.h:54\x1b[m\x1b[K,\n'}
[70.629845] (rplidar_ros) StderrLine: {'line': b'                 from \x1b[01m\x1b[K/workspace/modubot_ws/src/rplidar_ros/sdk/src/sl_tcp_channel.cpp:33\x1b[m\x1b[K:\n'}
[70.630308] (rplidar_ros) StderrLine: {'line': b'\x1b[01m\x1b[K/workspace/modubot_ws/src/rplidar_ros/sdk/include/sl_lidar_cmd.h:324:20:\x1b[m\x1b[K \x1b[01;35m\x1b[Kwarning: \x1b[m\x1b[KISO C++ forbids zero-size array \xe2\x80\x98\x1b[01m\x1b[Kpayload\x1b[m\x1b[K\xe2\x80\x99 [\x1b[01;35m\x1b[K-Wpedantic\x1b[m\x1b[K]\n'}
[70.630765] (rplidar_ros) StderrLine: {'line': b'  324 |     sl_u8  payload[\x1b[01;35m\x1b[K0\x1b[m\x1b[K];\n'}
[70.631144] (rplidar_ros) StderrLine: {'line': b'      |                    \x1b[01;35m\x1b[K^\x1b[m\x1b[K\n'}
[70.645396] (rplidar_ros) StderrLine: {'line': b'\x1b[01m\x1b[K/workspace/modubot_ws/src/rplidar_ros/sdk/src/sl_tcp_channel.cpp:\x1b[m\x1b[K In member function \xe2\x80\x98\x1b[01m\x1b[Kvoid sl::TcpChannel::setStatus(_u32)\x1b[m\x1b[K\xe2\x80\x99:\n'}
[70.646557] (rplidar_ros) StderrLine: {'line': b'\x1b[01m\x1b[K/workspace/modubot_ws/src/rplidar_ros/sdk/src/sl_tcp_channel.cpp:109:29:\x1b[m\x1b[K \x1b[01;35m\x1b[Kwarning: \x1b[m\x1b[Kunused parameter \xe2\x80\x98\x1b[01m\x1b[Kflag\x1b[m\x1b[K\xe2\x80\x99 [\x1b[01;35m\x1b[K-Wunused-parameter\x1b[m\x1b[K]\n'}
[70.647182] (rplidar_ros) StderrLine: {'line': b'  109 |         void setStatus(\x1b[01;35m\x1b[K_u32 flag\x1b[m\x1b[K){}\n'}
[70.647657] (rplidar_ros) StderrLine: {'line': b'      |                        \x1b[01;35m\x1b[K~~~~~^~~~\x1b[m\x1b[K\n'}
[70.716872] (-) TimerEvent: {}
[70.817572] (-) TimerEvent: {}
[70.840346] (rplidar_ros) StderrLine: {'line': b'In file included from \x1b[01m\x1b[K/workspace/modubot_ws/src/rplidar_ros/sdk/include/sl_lidar_cmd.h:41\x1b[m\x1b[K,\n'}
[70.840856] (rplidar_ros) StderrLine: {'line': b'                 from \x1b[01m\x1b[K/workspace/modubot_ws/src/rplidar_ros/sdk/include/sl_lidar_driver.h:54\x1b[m\x1b[K,\n'}
[70.841171] (rplidar_ros) StderrLine: {'line': b'                 from \x1b[01m\x1b[K/workspace/modubot_ws/src/rplidar_ros/sdk/src/sl_udp_channel.cpp:33\x1b[m\x1b[K:\n'}
[70.841471] (rplidar_ros) StderrLine: {'line': b'\x1b[01m\x1b[K/workspace/modubot_ws/src/rplidar_ros/sdk/include/sl_lidar_protocol.h:66:16:\x1b[m\x1b[K \x1b[01;35m\x1b[Kwarning: \x1b[m\x1b[KISO C++ forbids zero-size array \xe2\x80\x98\x1b[01m\x1b[Kdata\x1b[m\x1b[K\xe2\x80\x99 [\x1b[01;35m\x1b[K-Wpedantic\x1b[m\x1b[K]\n'}
[70.841784] (rplidar_ros) StderrLine: {'line': b'   66 |     sl_u8 data[\x1b[01;35m\x1b[K0\x1b[m\x1b[K];\n'}
[70.842369] (rplidar_ros) StderrLine: {'line': b'      |                \x1b[01;35m\x1b[K^\x1b[m\x1b[K\n'}
[70.842714] (rplidar_ros) StderrLine: {'line': b'In file included from \x1b[01m\x1b[K/workspace/modubot_ws/src/rplidar_ros/sdk/include/sl_lidar_driver.h:54\x1b[m\x1b[K,\n'}
[70.843024] (rplidar_ros) StderrLine: {'line': b'                 from \x1b[01m\x1b[K/workspace/modubot_ws/src/rplidar_ros/sdk/src/sl_udp_channel.cpp:33\x1b[m\x1b[K:\n'}
[70.843333] (rplidar_ros) StderrLine: {'line': b'\x1b[01m\x1b[K/workspace/modubot_ws/src/rplidar_ros/sdk/include/sl_lidar_cmd.h:324:20:\x1b[m\x1b[K \x1b[01;35m\x1b[Kwarning: \x1b[m\x1b[KISO C++ forbids zero-size array \xe2\x80\x98\x1b[01m\x1b[Kpayload\x1b[m\x1b[K\xe2\x80\x99 [\x1b[01;35m\x1b[K-Wpedantic\x1b[m\x1b[K]\n'}
[70.843637] (rplidar_ros) StderrLine: {'line': b'  324 |     sl_u8  payload[\x1b[01;35m\x1b[K0\x1b[m\x1b[K];\n'}
[70.843946] (rplidar_ros) StderrLine: {'line': b'      |                    \x1b[01;35m\x1b[K^\x1b[m\x1b[K\n'}
[70.859825] (rplidar_ros) StderrLine: {'line': b'\x1b[01m\x1b[K/workspace/modubot_ws/src/rplidar_ros/sdk/src/sl_udp_channel.cpp:\x1b[m\x1b[K In member function \xe2\x80\x98\x1b[01m\x1b[Kvoid sl::UdpChannel::setStatus(_u32)\x1b[m\x1b[K\xe2\x80\x99:\n'}
[70.860352] (rplidar_ros) StderrLine: {'line': b'\x1b[01m\x1b[K/workspace/modubot_ws/src/rplidar_ros/sdk/src/sl_udp_channel.cpp:112:29:\x1b[m\x1b[K \x1b[01;35m\x1b[Kwarning: \x1b[m\x1b[Kunused parameter \xe2\x80\x98\x1b[01m\x1b[Kflag\x1b[m\x1b[K\xe2\x80\x99 [\x1b[01;35m\x1b[K-Wunused-parameter\x1b[m\x1b[K]\n'}
[70.860734] (rplidar_ros) StderrLine: {'line': b'  112 |         void setStatus(\x1b[01;35m\x1b[K_u32 flag\x1b[m\x1b[K){}\n'}
[70.861064] (rplidar_ros) StderrLine: {'line': b'      |                        \x1b[01;35m\x1b[K~~~~~^~~~\x1b[m\x1b[K\n'}
[70.917756] (-) TimerEvent: {}
[71.018496] (-) TimerEvent: {}
[71.056138] (rplidar_ros) StdoutLine: {'line': b'[100%] \x1b[32m\x1b[1mLinking CXX executable rplidar_composition\x1b[0m\n'}
[71.118719] (-) TimerEvent: {}
[71.219415] (-) TimerEvent: {}
[71.320184] (-) TimerEvent: {}
[71.420963] (-) TimerEvent: {}
[71.521732] (-) TimerEvent: {}
[71.622583] (-) TimerEvent: {}
[71.723216] (-) TimerEvent: {}
[71.823831] (-) TimerEvent: {}
[71.924497] (-) TimerEvent: {}
[72.025219] (-) TimerEvent: {}
[72.125896] (-) TimerEvent: {}
[72.226636] (-) TimerEvent: {}
[72.313939] (rplidar_ros) StdoutLine: {'line': b'[100%] Built target rplidar_composition\n'}
[72.326796] (-) TimerEvent: {}
[72.363935] (rplidar_ros) CommandEnded: {'returncode': 0}
[72.372080] (rplidar_ros) JobProgress: {'identifier': 'rplidar_ros', 'progress': 'install'}
[72.373750] (rplidar_ros) Command: {'cmd': ['/usr/bin/cmake', '--install', '/workspace/build/rplidar_ros'], 'cwd': '/workspace/build/rplidar_ros', 'env': OrderedDict([('HOSTNAME', 'nano'), ('SHLVL', '1'), ('LD_LIBRARY_PATH', '/opt/ros/humble/opt/rviz_ogre_vendor/lib:/opt/ros/humble/lib/aarch64-linux-gnu:/opt/ros/humble/lib'), ('HOME', '/root'), ('ROS_PYTHON_VERSION', '3'), ('ROS_DISTRO', 'humble'), ('_', '/usr/bin/colcon'), ('ROS_VERSION', '2'), ('TERM', 'xterm'), ('ROS_LOCALHOST_ONLY', '0'), ('QT_X11_NO_MITSHM', '1'), ('PATH', '/opt/ros/humble/bin:/usr/local/sbin:/usr/local/bin:/usr/sbin:/usr/bin:/sbin:/bin'), ('DISPLAY', ':0'), ('LANG', 'en_US.UTF-8'), ('XAUTHORITY', '/tmp/.Xauthority'), ('LS_COLORS', 'rs=0:di=01;34:ln=01;36:mh=00:pi=40;33:so=01;35:do=01;35:bd=40;33;01:cd=40;33;01:or=40;31;01:mi=00:su=37;41:sg=30;43:ca=30;41:tw=30;42:ow=34;42:st=37;44:ex=01;32:*.tar=01;31:*.tgz=01;31:*.arc=01;31:*.arj=01;31:*.taz=01;31:*.lha=01;31:*.lz4=01;31:*.lzh=01;31:*.lzma=01;31:*.tlz=01;31:*.txz=01;31:*.tzo=01;31:*.t7z=01;31:*.zip=01;31:*.z=01;31:*.dz=01;31:*.gz=01;31:*.lrz=01;31:*.lz=01;31:*.lzo=01;31:*.xz=01;31:*.zst=01;31:*.tzst=01;31:*.bz2=01;31:*.bz=01;31:*.tbz=01;31:*.tbz2=01;31:*.tz=01;31:*.deb=01;31:*.rpm=01;31:*.jar=01;31:*.war=01;31:*.ear=01;31:*.sar=01;31:*.rar=01;31:*.alz=01;31:*.ace=01;31:*.zoo=01;31:*.cpio=01;31:*.7z=01;31:*.rz=01;31:*.cab=01;31:*.wim=01;31:*.swm=01;31:*.dwm=01;31:*.esd=01;31:*.jpg=01;35:*.jpeg=01;35:*.mjpg=01;35:*.mjpeg=01;35:*.gif=01;35:*.bmp=01;35:*.pbm=01;35:*.pgm=01;35:*.ppm=01;35:*.tga=01;35:*.xbm=01;35:*.xpm=01;35:*.tif=01;35:*.tiff=01;35:*.png=01;35:*.svg=01;35:*.svgz=01;35:*.mng=01;35:*.pcx=01;35:*.mov=01;35:*.mpg=01;35:*.mpeg=01;35:*.m2v=01;35:*.mkv=01;35:*.webm=01;35:*.webp=01;35:*.ogm=01;35:*.mp4=01;35:*.m4v=01;35:*.mp4v=01;35:*.vob=01;35:*.qt=01;35:*.nuv=01;35:*.wmv=01;35:*.asf=01;35:*.rm=01;35:*.rmvb=01;35:*.flc=01;35:*.avi=01;35:*.fli=01;35:*.flv=01;35:*.gl=01;35:*.dl=01;35:*.xcf=01;35:*.xwd=01;35:*.yuv=01;35:*.cgm=01;35:*.emf=01;35:*.ogv=01;35:*.ogx=01;35:*.aac=00;36:*.au=00;36:*.flac=00;36:*.m4a=00;36:*.mid=00;36:*.midi=00;36:*.mka=00;36:*.mp3=00;36:*.mpc=00;36:*.ogg=00;36:*.ra=00;36:*.wav=00;36:*.oga=00;36:*.opus=00;36:*.spx=00;36:*.xspf=00;36:'), ('AMENT_PREFIX_PATH', '/opt/ros/humble'), ('DEBIAN_FRONTEND', 'noninteractive'), ('PWD', '/workspace/build/rplidar_ros'), ('LC_ALL', 'en_US.UTF-8'), ('PYTHONPATH', '/opt/ros/humble/lib/python3.10/site-packages:/opt/ros/humble/local/lib/python3.10/dist-packages'), ('COLCON', '1'), ('CMAKE_PREFIX_PATH', '/opt/ros/humble')]), 'shell': False}
[72.399132] (rplidar_ros) StdoutLine: {'line': b'-- Install configuration: ""\n'}
[72.402856] (rplidar_ros) StdoutLine: {'line': b'-- Execute custom install script\n'}
[72.410982] (rplidar_ros) StdoutLine: {'line': b'-- Symlinking: /workspace/install/rplidar_ros/share/rplidar_ros/launch/rplidar_a1_launch.py\n'}
[72.426963] (-) TimerEvent: {}
[72.435281] (rplidar_ros) StdoutLine: {'line': b'-- Symlinking: /workspace/install/rplidar_ros/share/rplidar_ros/launch/rplidar_a2m12_launch.py\n'}
[72.459961] (rplidar_ros) StdoutLine: {'line': b'-- Symlinking: /workspace/install/rplidar_ros/share/rplidar_ros/launch/rplidar_a2m7_launch.py\n'}
[72.484437] (rplidar_ros) StdoutLine: {'line': b'-- Symlinking: /workspace/install/rplidar_ros/share/rplidar_ros/launch/rplidar_a2m8_launch.py\n'}
[72.508896] (rplidar_ros) StdoutLine: {'line': b'-- Symlinking: /workspace/install/rplidar_ros/share/rplidar_ros/launch/rplidar_a3_launch.py\n'}
[72.527128] (-) TimerEvent: {}
[72.535807] (rplidar_ros) StdoutLine: {'line': b'-- Symlinking: /workspace/install/rplidar_ros/share/rplidar_ros/launch/rplidar_c1_launch.py\n'}
[72.560016] (rplidar_ros) StdoutLine: {'line': b'-- Symlinking: /workspace/install/rplidar_ros/share/rplidar_ros/launch/rplidar_s1_launch.py\n'}
[72.585457] (rplidar_ros) StdoutLine: {'line': b'-- Symlinking: /workspace/install/rplidar_ros/share/rplidar_ros/launch/rplidar_s1_tcp_launch.py\n'}
[72.609550] (rplidar_ros) StdoutLine: {'line': b'-- Symlinking: /workspace/install/rplidar_ros/share/rplidar_ros/launch/rplidar_s2_launch.py\n'}
[72.627300] (-) TimerEvent: {}
[72.634383] (rplidar_ros) StdoutLine: {'line': b'-- Symlinking: /workspace/install/rplidar_ros/share/rplidar_ros/launch/rplidar_s2e_launch.py\n'}
[72.658831] (rplidar_ros) StdoutLine: {'line': b'-- Symlinking: /workspace/install/rplidar_ros/share/rplidar_ros/launch/rplidar_s3_launch.py\n'}
[72.683545] (rplidar_ros) StdoutLine: {'line': b'-- Symlinking: /workspace/install/rplidar_ros/share/rplidar_ros/launch/rplidar_t1_launch.py\n'}
[72.707901] (rplidar_ros) StdoutLine: {'line': b'-- Symlinking: /workspace/install/rplidar_ros/share/rplidar_ros/launch/view_rplidar_a1_launch.py\n'}
[72.727467] (-) TimerEvent: {}
[72.733787] (rplidar_ros) StdoutLine: {'line': b'-- Symlinking: /workspace/install/rplidar_ros/share/rplidar_ros/launch/view_rplidar_a2m12_launch.py\n'}
[72.759979] (rplidar_ros) StdoutLine: {'line': b'-- Symlinking: /workspace/install/rplidar_ros/share/rplidar_ros/launch/view_rplidar_a2m7_launch.py\n'}
[72.785500] (rplidar_ros) StdoutLine: {'line': b'-- Symlinking: /workspace/install/rplidar_ros/share/rplidar_ros/launch/view_rplidar_a2m8_launch.py\n'}
[72.810223] (rplidar_ros) StdoutLine: {'line': b'-- Symlinking: /workspace/install/rplidar_ros/share/rplidar_ros/launch/view_rplidar_a3_launch.py\n'}
[72.827693] (-) TimerEvent: {}
[72.834586] (rplidar_ros) StdoutLine: {'line': b'-- Symlinking: /workspace/install/rplidar_ros/share/rplidar_ros/launch/view_rplidar_c1_launch.py\n'}
[72.859391] (rplidar_ros) StdoutLine: {'line': b'-- Symlinking: /workspace/install/rplidar_ros/share/rplidar_ros/launch/view_rplidar_s1_launch.py\n'}
[72.884711] (rplidar_ros) StdoutLine: {'line': b'-- Symlinking: /workspace/install/rplidar_ros/share/rplidar_ros/launch/view_rplidar_s1_tcp_launch.py\n'}
[72.908918] (rplidar_ros) StdoutLine: {'line': b'-- Symlinking: /workspace/install/rplidar_ros/share/rplidar_ros/launch/view_rplidar_s2_launch.py\n'}
[72.927922] (-) TimerEvent: {}
[72.934057] (rplidar_ros) StdoutLine: {'line': b'-- Symlinking: /workspace/install/rplidar_ros/share/rplidar_ros/launch/view_rplidar_s2e_launch.py\n'}
[72.958688] (rplidar_ros) StdoutLine: {'line': b'-- Symlinking: /workspace/install/rplidar_ros/share/rplidar_ros/launch/view_rplidar_s3_launch.py\n'}
[72.983333] (rplidar_ros) StdoutLine: {'line': b'-- Symlinking: /workspace/install/rplidar_ros/share/rplidar_ros/launch/view_rplidar_t1_launch.py\n'}
[73.009759] (rplidar_ros) StdoutLine: {'line': b'-- Symlinking: /workspace/install/rplidar_ros/share/rplidar_ros/rviz/rplidar_ros.rviz\n'}
[73.028161] (-) TimerEvent: {}
[73.036122] (rplidar_ros) StdoutLine: {'line': b'-- Symlinking: /workspace/install/rplidar_ros/lib/rplidar_ros/rplidar_node\n'}
[73.060676] (rplidar_ros) StdoutLine: {'line': b'-- Symlinking: /workspace/install/rplidar_ros/lib/rplidar_ros/rplidar_composition\n'}
[73.085972] (rplidar_ros) StdoutLine: {'line': b'-- Symlinking: /workspace/install/rplidar_ros/lib/rplidar_ros/rplidar_client\n'}
[73.114452] (rplidar_ros) StdoutLine: {'line': b'-- Symlinking: /workspace/install/rplidar_ros/share/ament_index/resource_index/package_run_dependencies/rplidar_ros\n'}
[73.128395] (-) TimerEvent: {}
[73.141324] (rplidar_ros) StdoutLine: {'line': b'-- Symlinking: /workspace/install/rplidar_ros/share/ament_index/resource_index/parent_prefix_path/rplidar_ros\n'}
[73.182653] (rplidar_ros) StdoutLine: {'line': b'-- Symlinking: /workspace/install/rplidar_ros/share/rplidar_ros/environment/ament_prefix_path.sh\n'}
[73.211104] (rplidar_ros) StdoutLine: {'line': b'-- Symlinking: /workspace/install/rplidar_ros/share/rplidar_ros/environment/ament_prefix_path.dsv\n'}
[73.228646] (-) TimerEvent: {}
[73.238526] (rplidar_ros) StdoutLine: {'line': b'-- Symlinking: /workspace/install/rplidar_ros/share/rplidar_ros/environment/path.sh\n'}
[73.264320] (rplidar_ros) StdoutLine: {'line': b'-- Symlinking: /workspace/install/rplidar_ros/share/rplidar_ros/environment/path.dsv\n'}
[73.289451] (rplidar_ros) StdoutLine: {'line': b'-- Symlinking: /workspace/install/rplidar_ros/share/rplidar_ros/local_setup.bash\n'}
[73.313810] (rplidar_ros) StdoutLine: {'line': b'-- Symlinking: /workspace/install/rplidar_ros/share/rplidar_ros/local_setup.sh\n'}
[73.328889] (-) TimerEvent: {}
[73.338772] (rplidar_ros) StdoutLine: {'line': b'-- Symlinking: /workspace/install/rplidar_ros/share/rplidar_ros/local_setup.zsh\n'}
[73.363865] (rplidar_ros) StdoutLine: {'line': b'-- Symlinking: /workspace/install/rplidar_ros/share/rplidar_ros/local_setup.dsv\n'}
[73.388660] (rplidar_ros) StdoutLine: {'line': b'-- Symlinking: /workspace/install/rplidar_ros/share/rplidar_ros/package.dsv\n'}
[73.429058] (-) TimerEvent: {}
[73.437194] (rplidar_ros) StdoutLine: {'line': b'-- Symlinking: /workspace/install/rplidar_ros/share/ament_index/resource_index/packages/rplidar_ros\n'}
[73.470061] (rplidar_ros) StdoutLine: {'line': b'-- Symlinking: /workspace/install/rplidar_ros/share/rplidar_ros/cmake/ament_cmake_export_dependencies-extras.cmake\n'}
[73.495653] (rplidar_ros) StdoutLine: {'line': b'-- Symlinking: /workspace/install/rplidar_ros/share/rplidar_ros/cmake/ament_cmake_export_include_directories-extras.cmake\n'}
[73.521153] (rplidar_ros) StdoutLine: {'line': b'-- Symlinking: /workspace/install/rplidar_ros/share/rplidar_ros/cmake/rplidar_rosConfig.cmake\n'}
[73.529339] (-) TimerEvent: {}
[73.545340] (rplidar_ros) StdoutLine: {'line': b'-- Symlinking: /workspace/install/rplidar_ros/share/rplidar_ros/cmake/rplidar_rosConfig-version.cmake\n'}
[73.570930] (rplidar_ros) StdoutLine: {'line': b'-- Symlinking: /workspace/install/rplidar_ros/share/rplidar_ros/package.xml\n'}
[73.601711] (rplidar_ros) CommandEnded: {'returncode': 0}
[73.629860] (-) TimerEvent: {}
[73.683950] (rplidar_ros) JobEnded: {'identifier': 'rplidar_ros', 'rc': 0}
[73.696585] (-) EventReactorShutdown: {}
